tag,liq_volume,diameter,ss_distance,p_abs,area_calc,thick_proxy,des_temp,sk_height,leg_height,has_skirt,has_legs
P11,0.0424115008234622,0.3,0.6,201.3,0.6715154297048183,60.39,-10.0,0.0,0.5,0,1
P12,0.0424115008234622,0.3,0.6,201.3,0.6715154297048183,60.39,-10.0,0.0,1.0,0,1
P13,0.0424115008234622,0.3,0.6,201.3,0.6715154297048183,60.39,-10.0,0.0,1.5,0,1
P14,0.0424115008234622,0.3,0.6,201.3,0.6715154297048183,60.39,-10.0,0.0,2.0,0,1
P15,0.0424115008234622,0.3,0.6,201.3,0.6715154297048183,60.39,60.0,0.0,0.5,0,1
P16,0.0424115008234622,0.3,0.6,201.3,0.6715154297048183,60.39,60.0,0.0,1.0,0,1
P17,0.0424115008234622,0.3,0.6,201.3,0.6715154297048183,60.39,60.0,0.0,1.5,0,1
P18,0.0424115008234622,0.3,0.6,201.3,0.6715154297048183,60.39,60.0,0.0,2.0,0,1
P19,0.0424115008234622,0.3,0.6,201.3,0.6715154297048183,60.39,130.0,0.0,0.5,0,1
P20,0.0424115008234622,0.3,0.6,201.3,0.6715154297048183,60.39,130.0,0.0,1.0,0,1
P21,0.0424115008234622,0.3,0.6,201.3,0.6715154297048183,60.39,130.0,0.0,1.5,0,1
P22,0.0424115008234622,0.3,0.6,201.3,0.6715154297048183,60.39,130.0,0.0,2.0,0,1
P23,0.0424115008234622,0.3,0.6,201.3,0.6715154297048183,60.39,200.0,0.0,0.5,0,1
P24,0.0424115008234622,0.3,0.6,201.3,0.6715154297048183,60.39,200.0,0.0,1.0,0,1
P25,0.0424115008234622,0.3,0.6,201.3,0.6715154297048183,60.39,200.0,0.0,1.5,0,1
P26,0.0424115008234622,0.3,0.6,201.3,0.6715154297048183,60.39,200.0,0.0,2.0,0,1
P27,0.0424115008234622,0.3,0.6,426.3,0.6715154297048183,127.89,-10.0,0.0,0.5,0,1
P28,0.0424115008234622,0.3,0.6,426.3,0.6715154297048183,127.89,-10.0,0.0,1.0,0,1
P29,0.0424115008234622,0.3,0.6,426.3,0.6715154297048183,127.89,-10.0,0.0,1.5,0,1
P30,0.0424115008234622,0.3,0.6,426.3,0.6715154297048183,127.89,-10.0,0.0,2.0,0,1
P31,0.0424115008234622,0.3,0.6,426.3,0.6715154297048183,127.89,60.0,0.0,0.5,0,1
P32,0.0424115008234622,0.3,0.6,426.3,0.6715154297048183,127.89,60.0,0.0,1.0,0,1
P33,0.0424115008234622,0.3,0.6,426.3,0.6715154297048183,127.89,60.0,0.0,1.5,0,1
P34,0.0424115008234622,0.3,0.6,426.3,0.6715154297048183,127.89,60.0,0.0,2.0,0,1
P35,0.0424115008234622,0.3,0.6,426.3,0.6715154297048183,127.89,130.0,0.0,0.5,0,1
P36,0.0424115008234622,0.3,0.6,426.3,0.6715154297048183,127.89,130.0,0.0,1.0,0,1
P37,0.0424115008234622,0.3,0.6,426.3,0.6715154297048183,127.89,130.0,0.0,1.5,0,1
P38,0.0424115008234622,0.3,0.6,426.3,0.6715154297048183,127.89,130.0,0.0,2.0,0,1
P39,0.0424115008234622,0.3,0.6,426.3,0.6715154297048183,127.89,200.0,0.0,0.5,0,1
P40,0.0424115008234622,0.3,0.6,426.3,0.6715154297048183,127.89,200.0,0.0,1.0,0,1
P41,0.0424115008234622,0.3,0.6,426.3,0.6715154297048183,127.89,200.0,0.0,1.5,0,1
P42,0.0424115008234622,0.3,0.6,426.3,0.6715154297048183,127.89,200.0,0.0,2.0,0,1
P43,0.0424115008234622,0.3,0.6,651.3,0.6715154297048183,195.39,-10.0,0.0,0.5,0,1
P44,0.0424115008234622,0.3,0.6,651.3,0.6715154297048183,195.39,-10.0,0.0,1.0,0,1
P45,0.0424115008234622,0.3,0.6,651.3,0.6715154297048183,195.39,-10.0,0.0,1.5,0,1
P46,0.0424115008234622,0.3,0.6,651.3,0.6715154297048183,195.39,-10.0,0.0,2.0,0,1
P47,0.0424115008234622,0.3,0.6,651.3,0.6715154297048183,195.39,60.0,0.0,0.5,0,1
P48,0.0424115008234622,0.3,0.6,651.3,0.6715154297048183,195.39,60.0,0.0,1.0,0,1
P49,0.0424115008234622,0.3,0.6,651.3,0.6715154297048183,195.39,60.0,0.0,1.5,0,1
P50,0.0424115008234622,0.3,0.6,651.3,0.6715154297048183,195.39,60.0,0.0,2.0,0,1
P51,0.0424115008234622,0.3,0.6,651.3,0.6715154297048183,195.39,130.0,0.0,0.5,0,1
P52,0.0424115008234622,0.3,0.6,651.3,0.6715154297048183,195.39,130.0,0.0,1.0,0,1
P53,0.0424115008234622,0.3,0.6,651.3,0.6715154297048183,195.39,130.0,0.0,1.5,0,1
P54,0.0424115008234622,0.3,0.6,651.3,0.6715154297048183,195.39,130.0,0.0,2.0,0,1
P55,0.0424115008234622,0.3,0.6,651.3,0.6715154297048183,195.39,200.0,0.0,0.5,0,1
P56,0.0424115008234622,0.3,0.6,651.3,0.6715154297048183,195.39,200.0,0.0,1.0,0,1
P57,0.0424115008234622,0.3,0.6,651.3,0.6715154297048183,195.39,200.0,0.0,1.5,0,1
P58,0.0424115008234622,0.3,0.6,651.3,0.6715154297048183,195.39,200.0,0.0,2.0,0,1
P59,0.0424115008234622,0.3,0.6,876.3,0.6715154297048183,262.89,-10.0,0.0,0.5,0,1
P60,0.0424115008234622,0.3,0.6,876.3,0.6715154297048183,262.89,-10.0,0.0,1.0,0,1
P61,0.0424115008234622,0.3,0.6,876.3,0.6715154297048183,262.89,-10.0,0.0,1.5,0,1
P62,0.0424115008234622,0.3,0.6,876.3,0.6715154297048183,262.89,-10.0,0.0,2.0,0,1
P63,0.0424115008234622,0.3,0.6,876.3,0.6715154297048183,262.89,60.0,0.0,0.5,0,1
P64,0.0424115008234622,0.3,0.6,876.3,0.6715154297048183,262.89,60.0,0.0,1.0,0,1
P65,0.0424115008234622,0.3,0.6,876.3,0.6715154297048183,262.89,60.0,0.0,1.5,0,1
P66,0.0424115008234622,0.3,0.6,876.3,0.6715154297048183,262.89,60.0,0.0,2.0,0,1
P67,0.0424115008234622,0.3,0.6,876.3,0.6715154297048183,262.89,130.0,0.0,0.5,0,1
P68,0.0424115008234622,0.3,0.6,876.3,0.6715154297048183,262.89,130.0,0.0,1.0,0,1
P69,0.0424115008234622,0.3,0.6,876.3,0.6715154297048183,262.89,130.0,0.0,1.5,0,1
P70,0.0424115008234622,0.3,0.6,876.3,0.6715154297048183,262.89,130.0,0.0,2.0,0,1
P71,0.0424115008234622,0.3,0.6,876.3,0.6715154297048183,262.89,200.0,0.0,0.5,0,1
P72,0.0424115008234622,0.3,0.6,876.3,0.6715154297048183,262.89,200.0,0.0,1.0,0,1
P73,0.0424115008234622,0.3,0.6,876.3,0.6715154297048183,262.89,200.0,0.0,1.5,0,1
P74,0.0424115008234622,0.3,0.6,876.3,0.6715154297048183,262.89,200.0,0.0,2.0,0,1
P75,0.0424115008234622,0.3,0.6,1101.3,0.6715154297048183,330.39,-10.0,0.0,0.5,0,1
P76,0.0424115008234622,0.3,0.6,1101.3,0.6715154297048183,330.39,-10.0,0.0,1.0,0,1
P77,0.0424115008234622,0.3,0.6,1101.3,0.6715154297048183,330.39,-10.0,0.0,1.5,0,1
P78,0.0424115008234622,0.3,0.6,1101.3,0.6715154297048183,330.39,-10.0,0.0,2.0,0,1
P79,0.0424115008234622,0.3,0.6,1101.3,0.6715154297048183,330.39,60.0,0.0,0.5,0,1
P80,0.0424115008234622,0.3,0.6,1101.3,0.6715154297048183,330.39,60.0,0.0,1.0,0,1
P81,0.0424115008234622,0.3,0.6,1101.3,0.6715154297048183,330.39,60.0,0.0,1.5,0,1
P82,0.0424115008234622,0.3,0.6,1101.3,0.6715154297048183,330.39,60.0,0.0,2.0,0,1
P83,0.0424115008234622,0.3,0.6,1101.3,0.6715154297048183,330.39,130.0,0.0,0.5,0,1
P84,0.0424115008234622,0.3,0.6,1101.3,0.6715154297048183,330.39,130.0,0.0,1.0,0,1
P85,0.0424115008234622,0.3,0.6,1101.3,0.6715154297048183,330.39,130.0,0.0,1.5,0,1
P86,0.0424115008234622,0.3,0.6,1101.3,0.6715154297048183,330.39,130.0,0.0,2.0,0,1
P87,0.0424115008234622,0.3,0.6,1101.3,0.6715154297048183,330.39,200.0,0.0,0.5,0,1
P88,0.0424115008234622,0.3,0.6,1101.3,0.6715154297048183,330.39,200.0,0.0,1.0,0,1
P89,0.0424115008234622,0.3,0.6,1101.3,0.6715154297048183,330.39,200.0,0.0,1.5,0,1
P90,0.0424115008234622,0.3,0.6,1101.3,0.6715154297048183,330.39,200.0,0.0,2.0,0,1
P91,0.0848230016469244,0.3,1.2,201.3,1.2370021073509812,60.39,-10.0,0.0,0.5,0,1
P92,0.0848230016469244,0.3,1.2,201.3,1.2370021073509812,60.39,-10.0,0.0,1.0,0,1
P93,0.0848230016469244,0.3,1.2,201.3,1.2370021073509812,60.39,-10.0,0.0,1.5,0,1
P94,0.0848230016469244,0.3,1.2,201.3,1.2370021073509812,60.39,-10.0,0.0,2.0,0,1
P95,0.0848230016469244,0.3,1.2,201.3,1.2370021073509812,60.39,60.0,0.0,0.5,0,1
P96,0.0848230016469244,0.3,1.2,201.3,1.2370021073509812,60.39,60.0,0.0,1.0,0,1
P97,0.0848230016469244,0.3,1.2,201.3,1.2370021073509812,60.39,60.0,0.0,1.5,0,1
P98,0.0848230016469244,0.3,1.2,201.3,1.2370021073509812,60.39,60.0,0.0,2.0,0,1
P99,0.0848230016469244,0.3,1.2,201.3,1.2370021073509812,60.39,130.0,0.0,0.5,0,1
P100,0.0848230016469244,0.3,1.2,201.3,1.2370021073509812,60.39,130.0,0.0,1.0,0,1
P101,0.0848230016469244,0.3,1.2,201.3,1.2370021073509812,60.39,130.0,0.0,1.5,0,1
P102,0.0848230016469244,0.3,1.2,201.3,1.2370021073509812,60.39,130.0,0.0,2.0,0,1
P103,0.0848230016469244,0.3,1.2,201.3,1.2370021073509812,60.39,200.0,0.0,0.5,0,1
P104,0.0848230016469244,0.3,1.2,201.3,1.2370021073509812,60.39,200.0,0.0,1.0,0,1
P105,0.0848230016469244,0.3,1.2,201.3,1.2370021073509812,60.39,200.0,0.0,1.5,0,1
P106,0.0848230016469244,0.3,1.2,201.3,1.2370021073509812,60.39,200.0,0.0,2.0,0,1
P107,0.0848230016469244,0.3,1.2,426.3,1.2370021073509812,127.89,-10.0,0.0,0.5,0,1
P108,0.0848230016469244,0.3,1.2,426.3,1.2370021073509812,127.89,-10.0,0.0,1.0,0,1
P109,0.0848230016469244,0.3,1.2,426.3,1.2370021073509812,127.89,-10.0,0.0,1.5,0,1
P110,0.0848230016469244,0.3,1.2,426.3,1.2370021073509812,127.89,-10.0,0.0,2.0,0,1
P111,0.0848230016469244,0.3,1.2,426.3,1.2370021073509812,127.89,60.0,0.0,0.5,0,1
P112,0.0848230016469244,0.3,1.2,426.3,1.2370021073509812,127.89,60.0,0.0,1.0,0,1
P113,0.0848230016469244,0.3,1.2,426.3,1.2370021073509812,127.89,60.0,0.0,1.5,0,1
P114,0.0848230016469244,0.3,1.2,426.3,1.2370021073509812,127.89,60.0,0.0,2.0,0,1
P115,0.0848230016469244,0.3,1.2,426.3,1.2370021073509812,127.89,130.0,0.0,0.5,0,1
P116,0.0848230016469244,0.3,1.2,426.3,1.2370021073509812,127.89,130.0,0.0,1.0,0,1
P117,0.0848230016469244,0.3,1.2,426.3,1.2370021073509812,127.89,130.0,0.0,1.5,0,1
P118,0.0848230016469244,0.3,1.2,426.3,1.2370021073509812,127.89,130.0,0.0,2.0,0,1
P119,0.0848230016469244,0.3,1.2,426.3,1.2370021073509812,127.89,200.0,0.0,0.5,0,1
P120,0.0848230016469244,0.3,1.2,426.3,1.2370021073509812,127.89,200.0,0.0,1.0,0,1
P121,0.0848230016469244,0.3,1.2,426.3,1.2370021073509812,127.89,200.0,0.0,1.5,0,1
P122,0.0848230016469244,0.3,1.2,426.3,1.2370021073509812,127.89,200.0,0.0,2.0,0,1
P123,0.0848230016469244,0.3,1.2,651.3,1.2370021073509812,195.39,-10.0,0.0,0.5,0,1
P124,0.0848230016469244,0.3,1.2,651.3,1.2370021073509812,195.39,-10.0,0.0,1.0,0,1
P125,0.0848230016469244,0.3,1.2,651.3,1.2370021073509812,195.39,-10.0,0.0,1.5,0,1
P126,0.0848230016469244,0.3,1.2,651.3,1.2370021073509812,195.39,-10.0,0.0,2.0,0,1
P127,0.0848230016469244,0.3,1.2,651.3,1.2370021073509812,195.39,60.0,0.0,0.5,0,1
P128,0.0848230016469244,0.3,1.2,651.3,1.2370021073509812,195.39,60.0,0.0,1.0,0,1
P129,0.0848230016469244,0.3,1.2,651.3,1.2370021073509812,195.39,60.0,0.0,1.5,0,1
P130,0.0848230016469244,0.3,1.2,651.3,1.2370021073509812,195.39,60.0,0.0,2.0,0,1
P131,0.0848230016469244,0.3,1.2,651.3,1.2370021073509812,195.39,130.0,0.0,0.5,0,1
P132,0.0848230016469244,0.3,1.2,651.3,1.2370021073509812,195.39,130.0,0.0,1.0,0,1
P133,0.0848230016469244,0.3,1.2,651.3,1.2370021073509812,195.39,130.0,0.0,1.5,0,1
P134,0.0848230016469244,0.3,1.2,651.3,1.2370021073509812,195.39,130.0,0.0,2.0,0,1
P135,0.0848230016469244,0.3,1.2,651.3,1.2370021073509812,195.39,200.0,0.0,0.5,0,1
P136,0.0848230016469244,0.3,1.2,651.3,1.2370021073509812,195.39,200.0,0.0,1.0,0,1
P137,0.0848230016469244,0.3,1.2,651.3,1.2370021073509812,195.39,200.0,0.0,1.5,0,1
P138,0.0848230016469244,0.3,1.2,651.3,1.2370021073509812,195.39,200.0,0.0,2.0,0,1
P139,0.0848230016469244,0.3,1.2,876.3,1.2370021073509812,262.89,-10.0,0.0,0.5,0,1
P140,0.0848230016469244,0.3,1.2,876.3,1.2370021073509812,262.89,-10.0,0.0,1.0,0,1
P141,0.0848230016469244,0.3,1.2,876.3,1.2370021073509812,262.89,-10.0,0.0,1.5,0,1
P142,0.0848230016469244,0.3,1.2,876.3,1.2370021073509812,262.89,-10.0,0.0,2.0,0,1
P143,0.0848230016469244,0.3,1.2,876.3,1.2370021073509812,262.89,60.0,0.0,0.5,0,1
P144,0.0848230016469244,0.3,1.2,876.3,1.2370021073509812,262.89,60.0,0.0,1.0,0,1
P145,0.0848230016469244,0.3,1.2,876.3,1.2370021073509812,262.89,60.0,0.0,1.5,0,1
P146,0.0848230016469244,0.3,1.2,876.3,1.2370021073509812,262.89,60.0,0.0,2.0,0,1
P147,0.0848230016469244,0.3,1.2,876.3,1.2370021073509812,262.89,130.0,0.0,0.5,0,1
P148,0.0848230016469244,0.3,1.2,876.3,1.2370021073509812,262.89,130.0,0.0,1.0,0,1
P149,0.0848230016469244,0.3,1.2,876.3,1.2370021073509812,262.89,130.0,0.0,1.5,0,1
P150,0.0848230016469244,0.3,1.2,876.3,1.2370021073509812,262.89,130.0,0.0,2.0,0,1
P151,0.0848230016469244,0.3,1.2,876.3,1.2370021073509812,262.89,200.0,0.0,0.5,0,1
P152,0.0848230016469244,0.3,1.2,876.3,1.2370021073509812,262.89,200.0,0.0,1.0,0,1
P153,0.0848230016469244,0.3,1.2,876.3,1.2370021073509812,262.89,200.0,0.0,1.5,0,1
P154,0.0848230016469244,0.3,1.2,876.3,1.2370021073509812,262.89,200.0,0.0,2.0,0,1
P155,0.0848230016469244,0.3,1.2,1101.3,1.2370021073509812,330.39,-10.0,0.0,0.5,0,1
P156,0.0848230016469244,0.3,1.2,1101.3,1.2370021073509812,330.39,-10.0,0.0,1.0,0,1
P157,0.0848230016469244,0.3,1.2,1101.3,1.2370021073509812,330.39,-10.0,0.0,1.5,0,1
P158,0.0848230016469244,0.3,1.2,1101.3,1.2370021073509812,330.39,-10.0,0.0,2.0,0,1
P159,0.0848230016469244,0.3,1.2,1101.3,1.2370021073509812,330.39,60.0,0.0,0.5,0,1
P160,0.0848230016469244,0.3,1.2,1101.3,1.2370021073509812,330.39,60.0,0.0,1.0,0,1
P161,0.0848230016469244,0.3,1.2,1101.3,1.2370021073509812,330.39,60.0,0.0,1.5,0,1
P162,0.0848230016469244,0.3,1.2,1101.3,1.2370021073509812,330.39,60.0,0.0,2.0,0,1
P163,0.0848230016469244,0.3,1.2,1101.3,1.2370021073509812,330.39,130.0,0.0,0.5,0,1
P164,0.0848230016469244,0.3,1.2,1101.3,1.2370021073509812,330.39,130.0,0.0,1.0,0,1
P165,0.0848230016469244,0.3,1.2,1101.3,1.2370021073509812,330.39,130.0,0.0,1.5,0,1
P166,0.0848230016469244,0.3,1.2,1101.3,1.2370021073509812,330.39,130.0,0.0,2.0,0,1
P167,0.0848230016469244,0.3,1.2,1101.3,1.2370021073509812,330.39,200.0,0.0,0.5,0,1
P168,0.0848230016469244,0.3,1.2,1101.3,1.2370021073509812,330.39,200.0,0.0,1.0,0,1
P169,0.0848230016469244,0.3,1.2,1101.3,1.2370021073509812,330.39,200.0,0.0,1.5,0,1
P170,0.0848230016469244,0.3,1.2,1101.3,1.2370021073509812,330.39,200.0,0.0,2.0,0,1
P171,0.1272345024703866,0.3,1.8,201.3,1.8024887849971438,60.39,-10.0,0.0,0.5,0,1
P172,0.1272345024703866,0.3,1.8,201.3,1.8024887849971438,60.39,-10.0,0.0,1.0,0,1
P173,0.1272345024703866,0.3,1.8,201.3,1.8024887849971438,60.39,-10.0,0.0,1.5,0,1
P174,0.1272345024703866,0.3,1.8,201.3,1.8024887849971438,60.39,-10.0,0.0,2.0,0,1
P175,0.1272345024703866,0.3,1.8,201.3,1.8024887849971438,60.39,60.0,0.0,0.5,0,1
P176,0.1272345024703866,0.3,1.8,201.3,1.8024887849971438,60.39,60.0,0.0,1.0,0,1
P177,0.1272345024703866,0.3,1.8,201.3,1.8024887849971438,60.39,60.0,0.0,1.5,0,1
P178,0.1272345024703866,0.3,1.8,201.3,1.8024887849971438,60.39,60.0,0.0,2.0,0,1
P179,0.1272345024703866,0.3,1.8,201.3,1.8024887849971438,60.39,130.0,0.0,0.5,0,1
P180,0.1272345024703866,0.3,1.8,201.3,1.8024887849971438,60.39,130.0,0.0,1.0,0,1
P181,0.1272345024703866,0.3,1.8,201.3,1.8024887849971438,60.39,130.0,0.0,1.5,0,1
P182,0.1272345024703866,0.3,1.8,201.3,1.8024887849971438,60.39,130.0,0.0,2.0,0,1
P183,0.1272345024703866,0.3,1.8,201.3,1.8024887849971438,60.39,200.0,0.0,0.5,0,1
P184,0.1272345024703866,0.3,1.8,201.3,1.8024887849971438,60.39,200.0,0.0,1.0,0,1
P185,0.1272345024703866,0.3,1.8,201.3,1.8024887849971438,60.39,200.0,0.0,1.5,0,1
P186,0.1272345024703866,0.3,1.8,201.3,1.8024887849971438,60.39,200.0,0.0,2.0,0,1
P187,0.1272345024703866,0.3,1.8,426.3,1.8024887849971438,127.89,-10.0,0.0,0.5,0,1
P188,0.1272345024703866,0.3,1.8,426.3,1.8024887849971438,127.89,-10.0,0.0,1.0,0,1
P189,0.1272345024703866,0.3,1.8,426.3,1.8024887849971438,127.89,-10.0,0.0,1.5,0,1
P190,0.1272345024703866,0.3,1.8,426.3,1.8024887849971438,127.89,-10.0,0.0,2.0,0,1
P191,0.1272345024703866,0.3,1.8,426.3,1.8024887849971438,127.89,60.0,0.0,0.5,0,1
P192,0.1272345024703866,0.3,1.8,426.3,1.8024887849971438,127.89,60.0,0.0,1.0,0,1
P193,0.1272345024703866,0.3,1.8,426.3,1.8024887849971438,127.89,60.0,0.0,1.5,0,1
P194,0.1272345024703866,0.3,1.8,426.3,1.8024887849971438,127.89,60.0,0.0,2.0,0,1
P195,0.1272345024703866,0.3,1.8,426.3,1.8024887849971438,127.89,130.0,0.0,0.5,0,1
P196,0.1272345024703866,0.3,1.8,426.3,1.8024887849971438,127.89,130.0,0.0,1.0,0,1
P197,0.1272345024703866,0.3,1.8,426.3,1.8024887849971438,127.89,130.0,0.0,1.5,0,1
P198,0.1272345024703866,0.3,1.8,426.3,1.8024887849971438,127.89,130.0,0.0,2.0,0,1
P199,0.1272345024703866,0.3,1.8,426.3,1.8024887849971438,127.89,200.0,0.0,0.5,0,1
P200,0.1272345024703866,0.3,1.8,426.3,1.8024887849971438,127.89,200.0,0.0,1.0,0,1
P201,0.1272345024703866,0.3,1.8,426.3,1.8024887849971438,127.89,200.0,0.0,1.5,0,1
P202,0.1272345024703866,0.3,1.8,426.3,1.8024887849971438,127.89,200.0,0.0,2.0,0,1
P203,0.1272345024703866,0.3,1.8,651.3,1.8024887849971438,195.39,-10.0,0.0,0.5,0,1
P204,0.1272345024703866,0.3,1.8,651.3,1.8024887849971438,195.39,-10.0,0.0,1.0,0,1
P205,0.1272345024703866,0.3,1.8,651.3,1.8024887849971438,195.39,-10.0,0.0,1.5,0,1
P206,0.1272345024703866,0.3,1.8,651.3,1.8024887849971438,195.39,-10.0,0.0,2.0,0,1
P207,0.1272345024703866,0.3,1.8,651.3,1.8024887849971438,195.39,60.0,0.0,0.5,0,1
P208,0.1272345024703866,0.3,1.8,651.3,1.8024887849971438,195.39,60.0,0.0,1.0,0,1
P209,0.1272345024703866,0.3,1.8,651.3,1.8024887849971438,195.39,60.0,0.0,1.5,0,1
P210,0.1272345024703866,0.3,1.8,651.3,1.8024887849971438,195.39,60.0,0.0,2.0,0,1
P211,0.1272345024703866,0.3,1.8,651.3,1.8024887849971438,195.39,130.0,0.0,0.5,0,1
P212,0.1272345024703866,0.3,1.8,651.3,1.8024887849971438,195.39,130.0,0.0,1.0,0,1
P213,0.1272345024703866,0.3,1.8,651.3,1.8024887849971438,195.39,130.0,0.0,1.5,0,1
P214,0.1272345024703866,0.3,1.8,651.3,1.8024887849971438,195.39,130.0,0.0,2.0,0,1
P215,0.1272345024703866,0.3,1.8,651.3,1.8024887849971438,195.39,200.0,0.0,0.5,0,1
P216,0.1272345024703866,0.3,1.8,651.3,1.8024887849971438,195.39,200.0,0.0,1.0,0,1
P217,0.1272345024703866,0.3,1.8,651.3,1.8024887849971438,195.39,200.0,0.0,1.5,0,1
P218,0.1272345024703866,0.3,1.8,651.3,1.8024887849971438,195.39,200.0,0.0,2.0,0,1
P219,0.1272345024703866,0.3,1.8,876.3,1.8024887849971438,262.89,-10.0,0.0,0.5,0,1
P220,0.1272345024703866,0.3,1.8,876.3,1.8024887849971438,262.89,-10.0,0.0,1.0,0,1
P221,0.1272345024703866,0.3,1.8,876.3,1.8024887849971438,262.89,-10.0,0.0,1.5,0,1
P222,0.1272345024703866,0.3,1.8,876.3,1.8024887849971438,262.89,-10.0,0.0,2.0,0,1
P223,0.1272345024703866,0.3,1.8,876.3,1.8024887849971438,262.89,60.0,0.0,0.5,0,1
P224,0.1272345024703866,0.3,1.8,876.3,1.8024887849971438,262.89,60.0,0.0,1.0,0,1
P225,0.1272345024703866,0.3,1.8,876.3,1.8024887849971438,262.89,60.0,0.0,1.5,0,1
P226,0.1272345024703866,0.3,1.8,876.3,1.8024887849971438,262.89,60.0,0.0,2.0,0,1
P227,0.1272345024703866,0.3,1.8,876.3,1.8024887849971438,262.89,130.0,0.0,0.5,0,1
P228,0.1272345024703866,0.3,1.8,876.3,1.8024887849971438,262.89,130.0,0.0,1.0,0,1
P229,0.1272345024703866,0.3,1.8,876.3,1.8024887849971438,262.89,130.0,0.0,1.5,0,1
P230,0.1272345024703866,0.3,1.8,876.3,1.8024887849971438,262.89,130.0,0.0,2.0,0,1
P231,0.1272345024703866,0.3,1.8,876.3,1.8024887849971438,262.89,200.0,0.0,0.5,0,1
P232,0.1272345024703866,0.3,1.8,876.3,1.8024887849971438,262.89,200.0,0.0,1.0,0,1
P233,0.1272345024703866,0.3,1.8,876.3,1.8024887849971438,262.89,200.0,0.0,1.5,0,1
P234,0.1272345024703866,0.3,1.8,876.3,1.8024887849971438,262.89,200.0,0.0,2.0,0,1
P235,0.1272345024703866,0.3,1.8,1101.3,1.8024887849971438,330.39,-10.0,0.0,0.5,0,1
P236,0.1272345024703866,0.3,1.8,1101.3,1.8024887849971438,330.39,-10.0,0.0,1.0,0,1
P237,0.1272345024703866,0.3,1.8,1101.3,1.8024887849971438,330.39,-10.0,0.0,1.5,0,1
P238,0.1272345024703866,0.3,1.8,1101.3,1.8024887849971438,330.39,-10.0,0.0,2.0,0,1
P239,0.1272345024703866,0.3,1.8,1101.3,1.8024887849971438,330.39,60.0,0.0,0.5,0,1
P240,0.1272345024703866,0.3,1.8,1101.3,1.8024887849971438,330.39,60.0,0.0,1.0,0,1
P241,0.1272345024703866,0.3,1.8,1101.3,1.8024887849971438,330.39,60.0,0.0,1.5,0,1
P242,0.1272345024703866,0.3,1.8,1101.3,1.8024887849971438,330.39,60.0,0.0,2.0,0,1
P243,0.1272345024703866,0.3,1.8,1101.3,1.8024887849971438,330.39,130.0,0.0,0.5,0,1
P244,0.1272345024703866,0.3,1.8,1101.3,1.8024887849971438,330.39,130.0,0.0,1.0,0,1
P245,0.1272345024703866,0.3,1.8,1101.3,1.8024887849971438,330.39,130.0,0.0,1.5,0,1
P246,0.1272345024703866,0.3,1.8,1101.3,1.8024887849971438,330.39,130.0,0.0,2.0,0,1
P247,0.1272345024703866,0.3,1.8,1101.3,1.8024887849971438,330.39,200.0,0.0,0.5,0,1
P248,0.1272345024703866,0.3,1.8,1101.3,1.8024887849971438,330.39,200.0,0.0,1.0,0,1
P249,0.1272345024703866,0.3,1.8,1101.3,1.8024887849971438,330.39,200.0,0.0,1.5,0,1
P250,0.1272345024703866,0.3,1.8,1101.3,1.8024887849971438,330.39,200.0,0.0,2.0,0,1
P251,0.1696460032938488,0.3,2.4,201.3,2.3679754626433067,60.39,-10.0,0.0,0.5,0,1
P252,0.1696460032938488,0.3,2.4,201.3,2.3679754626433067,60.39,-10.0,0.0,1.0,0,1
P253,0.1696460032938488,0.3,2.4,201.3,2.3679754626433067,60.39,-10.0,0.0,1.5,0,1
P254,0.1696460032938488,0.3,2.4,201.3,2.3679754626433067,60.39,-10.0,0.0,2.0,0,1
P255,0.1696460032938488,0.3,2.4,201.3,2.3679754626433067,60.39,60.0,0.0,0.5,0,1
P256,0.1696460032938488,0.3,2.4,201.3,2.3679754626433067,60.39,60.0,0.0,1.0,0,1
P257,0.1696460032938488,0.3,2.4,201.3,2.3679754626433067,60.39,60.0,0.0,1.5,0,1
P258,0.1696460032938488,0.3,2.4,201.3,2.3679754626433067,60.39,60.0,0.0,2.0,0,1
P259,0.1696460032938488,0.3,2.4,201.3,2.3679754626433067,60.39,130.0,0.0,0.5,0,1
P260,0.1696460032938488,0.3,2.4,201.3,2.3679754626433067,60.39,130.0,0.0,1.0,0,1
P261,0.1696460032938488,0.3,2.4,201.3,2.3679754626433067,60.39,130.0,0.0,1.5,0,1
P262,0.1696460032938488,0.3,2.4,201.3,2.3679754626433067,60.39,130.0,0.0,2.0,0,1
P263,0.1696460032938488,0.3,2.4,201.3,2.3679754626433067,60.39,200.0,0.0,0.5,0,1
P264,0.1696460032938488,0.3,2.4,201.3,2.3679754626433067,60.39,200.0,0.0,1.0,0,1
P265,0.1696460032938488,0.3,2.4,201.3,2.3679754626433067,60.39,200.0,0.0,1.5,0,1
P266,0.1696460032938488,0.3,2.4,201.3,2.3679754626433067,60.39,200.0,0.0,2.0,0,1
P267,0.1696460032938488,0.3,2.4,426.3,2.3679754626433067,127.89,-10.0,0.0,0.5,0,1
P268,0.1696460032938488,0.3,2.4,426.3,2.3679754626433067,127.89,-10.0,0.0,1.0,0,1
P269,0.1696460032938488,0.3,2.4,426.3,2.3679754626433067,127.89,-10.0,0.0,1.5,0,1
P270,0.1696460032938488,0.3,2.4,426.3,2.3679754626433067,127.89,-10.0,0.0,2.0,0,1
P271,0.1696460032938488,0.3,2.4,426.3,2.3679754626433067,127.89,60.0,0.0,0.5,0,1
P272,0.1696460032938488,0.3,2.4,426.3,2.3679754626433067,127.89,60.0,0.0,1.0,0,1
P273,0.1696460032938488,0.3,2.4,426.3,2.3679754626433067,127.89,60.0,0.0,1.5,0,1
P274,0.1696460032938488,0.3,2.4,426.3,2.3679754626433067,127.89,60.0,0.0,2.0,0,1
P275,0.1696460032938488,0.3,2.4,426.3,2.3679754626433067,127.89,130.0,0.0,0.5,0,1
P276,0.1696460032938488,0.3,2.4,426.3,2.3679754626433067,127.89,130.0,0.0,1.0,0,1
P277,0.1696460032938488,0.3,2.4,426.3,2.3679754626433067,127.89,130.0,0.0,1.5,0,1
P278,0.1696460032938488,0.3,2.4,426.3,2.3679754626433067,127.89,130.0,0.0,2.0,0,1
P279,0.1696460032938488,0.3,2.4,426.3,2.3679754626433067,127.89,200.0,0.0,0.5,0,1
P280,0.1696460032938488,0.3,2.4,426.3,2.3679754626433067,127.89,200.0,0.0,1.0,0,1
P281,0.1696460032938488,0.3,2.4,426.3,2.3679754626433067,127.89,200.0,0.0,1.5,0,1
P282,0.1696460032938488,0.3,2.4,426.3,2.3679754626433067,127.89,200.0,0.0,2.0,0,1
P283,0.1696460032938488,0.3,2.4,651.3,2.3679754626433067,195.39,-10.0,0.0,0.5,0,1
P284,0.1696460032938488,0.3,2.4,651.3,2.3679754626433067,195.39,-10.0,0.0,1.0,0,1
P285,0.1696460032938488,0.3,2.4,651.3,2.3679754626433067,195.39,-10.0,0.0,1.5,0,1
P286,0.1696460032938488,0.3,2.4,651.3,2.3679754626433067,195.39,-10.0,0.0,2.0,0,1
P287,0.1696460032938488,0.3,2.4,651.3,2.3679754626433067,195.39,60.0,0.0,0.5,0,1
P288,0.1696460032938488,0.3,2.4,651.3,2.3679754626433067,195.39,60.0,0.0,1.0,0,1
P289,0.1696460032938488,0.3,2.4,651.3,2.3679754626433067,195.39,60.0,0.0,1.5,0,1
P290,0.1696460032938488,0.3,2.4,651.3,2.3679754626433067,195.39,60.0,0.0,2.0,0,1
P291,0.1696460032938488,0.3,2.4,651.3,2.3679754626433067,195.39,130.0,0.0,0.5,0,1
P292,0.1696460032938488,0.3,2.4,651.3,2.3679754626433067,195.39,130.0,0.0,1.0,0,1
P293,0.1696460032938488,0.3,2.4,651.3,2.3679754626433067,195.39,130.0,0.0,1.5,0,1
P294,0.1696460032938488,0.3,2.4,651.3,2.3679754626433067,195.39,130.0,0.0,2.0,0,1
P295,0.1696460032938488,0.3,2.4,651.3,2.3679754626433067,195.39,200.0,0.0,0.5,0,1
P296,0.1696460032938488,0.3,2.4,651.3,2.3679754626433067,195.39,200.0,0.0,1.0,0,1
P297,0.1696460032938488,0.3,2.4,651.3,2.3679754626433067,195.39,200.0,0.0,1.5,0,1
P298,0.1696460032938488,0.3,2.4,651.3,2.3679754626433067,195.39,200.0,0.0,2.0,0,1
P299,0.1696460032938488,0.3,2.4,876.3,2.3679754626433067,262.89,-10.0,0.0,0.5,0,1
P300,0.1696460032938488,0.3,2.4,876.3,2.3679754626433067,262.89,-10.0,0.0,1.0,0,1
P301,0.1696460032938488,0.3,2.4,876.3,2.3679754626433067,262.89,-10.0,0.0,1.5,0,1
P302,0.1696460032938488,0.3,2.4,876.3,2.3679754626433067,262.89,-10.0,0.0,2.0,0,1
P303,0.1696460032938488,0.3,2.4,876.3,2.3679754626433067,262.89,60.0,0.0,0.5,0,1
P304,0.1696460032938488,0.3,2.4,876.3,2.3679754626433067,262.89,60.0,0.0,1.0,0,1
P305,0.1696460032938488,0.3,2.4,876.3,2.3679754626433067,262.89,60.0,0.0,1.5,0,1
P306,0.1696460032938488,0.3,2.4,876.3,2.3679754626433067,262.89,60.0,0.0,2.0,0,1
P307,0.1696460032938488,0.3,2.4,876.3,2.3679754626433067,262.89,130.0,0.0,0.5,0,1
P308,0.1696460032938488,0.3,2.4,876.3,2.3679754626433067,262.89,130.0,0.0,1.0,0,1
P309,0.1696460032938488,0.3,2.4,876.3,2.3679754626433067,262.89,130.0,0.0,1.5,0,1
P310,0.1696460032938488,0.3,2.4,876.3,2.3679754626433067,262.89,130.0,0.0,2.0,0,1
P311,0.1696460032938488,0.3,2.4,876.3,2.3679754626433067,262.89,200.0,0.0,0.5,0,1
P312,0.1696460032938488,0.3,2.4,876.3,2.3679754626433067,262.89,200.0,0.0,1.0,0,1
P313,0.1696460032938488,0.3,2.4,876.3,2.3679754626433067,262.89,200.0,0.0,1.5,0,1
P314,0.1696460032938488,0.3,2.4,876.3,2.3679754626433067,262.89,200.0,0.0,2.0,0,1
P315,0.1696460032938488,0.3,2.4,1101.3,2.3679754626433067,330.39,-10.0,0.0,0.5,0,1
P316,0.1696460032938488,0.3,2.4,1101.3,2.3679754626433067,330.39,-10.0,0.0,1.0,0,1
P317,0.1696460032938488,0.3,2.4,1101.3,2.3679754626433067,330.39,-10.0,0.0,1.5,0,1
P318,0.1696460032938488,0.3,2.4,1101.3,2.3679754626433067,330.39,-10.0,0.0,2.0,0,1
P319,0.1696460032938488,0.3,2.4,1101.3,2.3679754626433067,330.39,60.0,0.0,0.5,0,1
P320,0.1696460032938488,0.3,2.4,1101.3,2.3679754626433067,330.39,60.0,0.0,1.0,0,1
P321,0.1696460032938488,0.3,2.4,1101.3,2.3679754626433067,330.39,60.0,0.0,1.5,0,1
P322,0.1696460032938488,0.3,2.4,1101.3,2.3679754626433067,330.39,60.0,0.0,2.0,0,1
P323,0.1696460032938488,0.3,2.4,1101.3,2.3679754626433067,330.39,130.0,0.0,0.5,0,1
P324,0.1696460032938488,0.3,2.4,1101.3,2.3679754626433067,330.39,130.0,0.0,1.0,0,1
P325,0.1696460032938488,0.3,2.4,1101.3,2.3679754626433067,330.39,130.0,0.0,1.5,0,1
P326,0.1696460032938488,0.3,2.4,1101.3,2.3679754626433067,330.39,130.0,0.0,2.0,0,1
P327,0.1696460032938488,0.3,2.4,1101.3,2.3679754626433067,330.39,200.0,0.0,0.5,0,1
P328,0.1696460032938488,0.3,2.4,1101.3,2.3679754626433067,330.39,200.0,0.0,1.0,0,1
P329,0.1696460032938488,0.3,2.4,1101.3,2.3679754626433067,330.39,200.0,0.0,1.5,0,1
P330,0.1696460032938488,0.3,2.4,1101.3,2.3679754626433067,330.39,200.0,0.0,2.0,0,1
P331,0.212057504117311,0.3,3.0,201.3,2.9334621402894694,60.39,-10.0,0.0,0.5,0,1
P332,0.212057504117311,0.3,3.0,201.3,2.9334621402894694,60.39,-10.0,0.0,1.0,0,1
P333,0.212057504117311,0.3,3.0,201.3,2.9334621402894694,60.39,-10.0,0.0,1.5,0,1
P334,0.212057504117311,0.3,3.0,201.3,2.9334621402894694,60.39,-10.0,0.0,2.0,0,1
P335,0.212057504117311,0.3,3.0,201.3,2.9334621402894694,60.39,60.0,0.0,0.5,0,1
P336,0.212057504117311,0.3,3.0,201.3,2.9334621402894694,60.39,60.0,0.0,1.0,0,1
P337,0.212057504117311,0.3,3.0,201.3,2.9334621402894694,60.39,60.0,0.0,1.5,0,1
P338,0.212057504117311,0.3,3.0,201.3,2.9334621402894694,60.39,60.0,0.0,2.0,0,1
P339,0.212057504117311,0.3,3.0,201.3,2.9334621402894694,60.39,130.0,0.0,0.5,0,1
P340,0.212057504117311,0.3,3.0,201.3,2.9334621402894694,60.39,130.0,0.0,1.0,0,1
P341,0.212057504117311,0.3,3.0,201.3,2.9334621402894694,60.39,130.0,0.0,1.5,0,1
P342,0.212057504117311,0.3,3.0,201.3,2.9334621402894694,60.39,130.0,0.0,2.0,0,1
P343,0.212057504117311,0.3,3.0,201.3,2.9334621402894694,60.39,200.0,0.0,0.5,0,1
P344,0.212057504117311,0.3,3.0,201.3,2.9334621402894694,60.39,200.0,0.0,1.0,0,1
P345,0.212057504117311,0.3,3.0,201.3,2.9334621402894694,60.39,200.0,0.0,1.5,0,1
P346,0.212057504117311,0.3,3.0,201.3,2.9334621402894694,60.39,200.0,0.0,2.0,0,1
P347,0.212057504117311,0.3,3.0,426.3,2.9334621402894694,127.89,-10.0,0.0,0.5,0,1
P348,0.212057504117311,0.3,3.0,426.3,2.9334621402894694,127.89,-10.0,0.0,1.0,0,1
P349,0.212057504117311,0.3,3.0,426.3,2.9334621402894694,127.89,-10.0,0.0,1.5,0,1
P350,0.212057504117311,0.3,3.0,426.3,2.9334621402894694,127.89,-10.0,0.0,2.0,0,1
P351,0.212057504117311,0.3,3.0,426.3,2.9334621402894694,127.89,60.0,0.0,0.5,0,1
P352,0.212057504117311,0.3,3.0,426.3,2.9334621402894694,127.89,60.0,0.0,1.0,0,1
P353,0.212057504117311,0.3,3.0,426.3,2.9334621402894694,127.89,60.0,0.0,1.5,0,1
P354,0.212057504117311,0.3,3.0,426.3,2.9334621402894694,127.89,60.0,0.0,2.0,0,1
P355,0.212057504117311,0.3,3.0,426.3,2.9334621402894694,127.89,130.0,0.0,0.5,0,1
P356,0.212057504117311,0.3,3.0,426.3,2.9334621402894694,127.89,130.0,0.0,1.0,0,1
P357,0.212057504117311,0.3,3.0,426.3,2.9334621402894694,127.89,130.0,0.0,1.5,0,1
P358,0.212057504117311,0.3,3.0,426.3,2.9334621402894694,127.89,130.0,0.0,2.0,0,1
P359,0.212057504117311,0.3,3.0,426.3,2.9334621402894694,127.89,200.0,0.0,0.5,0,1
P360,0.212057504117311,0.3,3.0,426.3,2.9334621402894694,127.89,200.0,0.0,1.0,0,1
P361,0.212057504117311,0.3,3.0,426.3,2.9334621402894694,127.89,200.0,0.0,1.5,0,1
P362,0.212057504117311,0.3,3.0,426.3,2.9334621402894694,127.89,200.0,0.0,2.0,0,1
P363,0.212057504117311,0.3,3.0,651.3,2.9334621402894694,195.39,-10.0,0.0,0.5,0,1
P364,0.212057504117311,0.3,3.0,651.3,2.9334621402894694,195.39,-10.0,0.0,1.0,0,1
P365,0.212057504117311,0.3,3.0,651.3,2.9334621402894694,195.39,-10.0,0.0,1.5,0,1
P366,0.212057504117311,0.3,3.0,651.3,2.9334621402894694,195.39,-10.0,0.0,2.0,0,1
P367,0.212057504117311,0.3,3.0,651.3,2.9334621402894694,195.39,60.0,0.0,0.5,0,1
P368,0.212057504117311,0.3,3.0,651.3,2.9334621402894694,195.39,60.0,0.0,1.0,0,1
P369,0.212057504117311,0.3,3.0,651.3,2.9334621402894694,195.39,60.0,0.0,1.5,0,1
P370,0.212057504117311,0.3,3.0,651.3,2.9334621402894694,195.39,60.0,0.0,2.0,0,1
P371,0.212057504117311,0.3,3.0,651.3,2.9334621402894694,195.39,130.0,0.0,0.5,0,1
P372,0.212057504117311,0.3,3.0,651.3,2.9334621402894694,195.39,130.0,0.0,1.0,0,1
P373,0.212057504117311,0.3,3.0,651.3,2.9334621402894694,195.39,130.0,0.0,1.5,0,1
P374,0.212057504117311,0.3,3.0,651.3,2.9334621402894694,195.39,130.0,0.0,2.0,0,1
P375,0.212057504117311,0.3,3.0,651.3,2.9334621402894694,195.39,200.0,0.0,0.5,0,1
P376,0.212057504117311,0.3,3.0,651.3,2.9334621402894694,195.39,200.0,0.0,1.0,0,1
P377,0.212057504117311,0.3,3.0,651.3,2.9334621402894694,195.39,200.0,0.0,1.5,0,1
P378,0.212057504117311,0.3,3.0,651.3,2.9334621402894694,195.39,200.0,0.0,2.0,0,1
P379,0.212057504117311,0.3,3.0,876.3,2.9334621402894694,262.89,-10.0,0.0,0.5,0,1
P380,0.212057504117311,0.3,3.0,876.3,2.9334621402894694,262.89,-10.0,0.0,1.0,0,1
P381,0.212057504117311,0.3,3.0,876.3,2.9334621402894694,262.89,-10.0,0.0,1.5,0,1
P382,0.212057504117311,0.3,3.0,876.3,2.9334621402894694,262.89,-10.0,0.0,2.0,0,1
P383,0.212057504117311,0.3,3.0,876.3,2.9334621402894694,262.89,60.0,0.0,0.5,0,1
P384,0.212057504117311,0.3,3.0,876.3,2.9334621402894694,262.89,60.0,0.0,1.0,0,1
P385,0.212057504117311,0.3,3.0,876.3,2.9334621402894694,262.89,60.0,0.0,1.5,0,1
P386,0.212057504117311,0.3,3.0,876.3,2.9334621402894694,262.89,60.0,0.0,2.0,0,1
P387,0.212057504117311,0.3,3.0,876.3,2.9334621402894694,262.89,130.0,0.0,0.5,0,1
P388,0.212057504117311,0.3,3.0,876.3,2.9334621402894694,262.89,130.0,0.0,1.0,0,1
P389,0.212057504117311,0.3,3.0,876.3,2.9334621402894694,262.89,130.0,0.0,1.5,0,1
P390,0.212057504117311,0.3,3.0,876.3,2.9334621402894694,262.89,130.0,0.0,2.0,0,1
P391,0.212057504117311,0.3,3.0,876.3,2.9334621402894694,262.89,200.0,0.0,0.5,0,1
P392,0.212057504117311,0.3,3.0,876.3,2.9334621402894694,262.89,200.0,0.0,1.0,0,1
P393,0.212057504117311,0.3,3.0,876.3,2.9334621402894694,262.89,200.0,0.0,1.5,0,1
P394,0.212057504117311,0.3,3.0,876.3,2.9334621402894694,262.89,200.0,0.0,2.0,0,1
P395,0.212057504117311,0.3,3.0,1101.3,2.9334621402894694,330.39,-10.0,0.0,0.5,0,1
P396,0.212057504117311,0.3,3.0,1101.3,2.9334621402894694,330.39,-10.0,0.0,1.0,0,1
P397,0.212057504117311,0.3,3.0,1101.3,2.9334621402894694,330.39,-10.0,0.0,1.5,0,1
P398,0.212057504117311,0.3,3.0,1101.3,2.9334621402894694,330.39,-10.0,0.0,2.0,0,1
P399,0.212057504117311,0.3,3.0,1101.3,2.9334621402894694,330.39,60.0,0.0,0.5,0,1
P400,0.212057504117311,0.3,3.0,1101.3,2.9334621402894694,330.39,60.0,0.0,1.0,0,1
P401,0.212057504117311,0.3,3.0,1101.3,2.9334621402894694,330.39,60.0,0.0,1.5,0,1
P402,0.212057504117311,0.3,3.0,1101.3,2.9334621402894694,330.39,60.0,0.0,2.0,0,1
P403,0.212057504117311,0.3,3.0,1101.3,2.9334621402894694,330.39,130.0,0.0,0.5,0,1
P404,0.212057504117311,0.3,3.0,1101.3,2.9334621402894694,330.39,130.0,0.0,1.0,0,1
P405,0.212057504117311,0.3,3.0,1101.3,2.9334621402894694,330.39,130.0,0.0,1.5,0,1
P406,0.212057504117311,0.3,3.0,1101.3,2.9334621402894694,330.39,130.0,0.0,2.0,0,1
P407,0.212057504117311,0.3,3.0,1101.3,2.9334621402894694,330.39,200.0,0.0,0.5,0,1
P408,0.212057504117311,0.3,3.0,1101.3,2.9334621402894694,330.39,200.0,0.0,1.0,0,1
P409,0.212057504117311,0.3,3.0,1101.3,2.9334621402894694,330.39,200.0,0.0,1.5,0,1
P410,0.212057504117311,0.3,3.0,1101.3,2.9334621402894694,330.39,200.0,0.0,2.0,0,1
P411,0.1063232763699295,0.475,0.6,201.3,1.1611620971979149,95.6175,-10.0,0.0,0.5,0,1
P412,0.1063232763699295,0.475,0.6,201.3,1.1611620971979149,95.6175,-10.0,0.0,1.0,0,1
P413,0.1063232763699295,0.475,0.6,201.3,1.1611620971979149,95.6175,-10.0,0.0,1.5,0,1
P414,0.1063232763699295,0.475,0.6,201.3,1.1611620971979149,95.6175,-10.0,0.0,2.0,0,1
P415,0.1063232763699295,0.475,0.6,201.3,1.1611620971979149,95.6175,60.0,0.0,0.5,0,1
P416,0.1063232763699295,0.475,0.6,201.3,1.1611620971979149,95.6175,60.0,0.0,1.0,0,1
P417,0.1063232763699295,0.475,0.6,201.3,1.1611620971979149,95.6175,60.0,0.0,1.5,0,1
P418,0.1063232763699295,0.475,0.6,201.3,1.1611620971979149,95.6175,60.0,0.0,2.0,0,1
P419,0.1063232763699295,0.475,0.6,201.3,1.1611620971979149,95.6175,130.0,0.0,0.5,0,1
P420,0.1063232763699295,0.475,0.6,201.3,1.1611620971979149,95.6175,130.0,0.0,1.0,0,1
P421,0.1063232763699295,0.475,0.6,201.3,1.1611620971979149,95.6175,130.0,0.0,1.5,0,1
P422,0.1063232763699295,0.475,0.6,201.3,1.1611620971979149,95.6175,130.0,0.0,2.0,0,1
P423,0.1063232763699295,0.475,0.6,201.3,1.1611620971979149,95.6175,200.0,0.0,0.5,0,1
P424,0.1063232763699295,0.475,0.6,201.3,1.1611620971979149,95.6175,200.0,0.0,1.0,0,1
P425,0.1063232763699295,0.475,0.6,201.3,1.1611620971979149,95.6175,200.0,0.0,1.5,0,1
P426,0.1063232763699295,0.475,0.6,201.3,1.1611620971979149,95.6175,200.0,0.0,2.0,0,1
P427,0.1063232763699295,0.475,0.6,426.3,1.1611620971979149,202.4925,-10.0,0.0,0.5,0,1
P428,0.1063232763699295,0.475,0.6,426.3,1.1611620971979149,202.4925,-10.0,0.0,1.0,0,1
P429,0.1063232763699295,0.475,0.6,426.3,1.1611620971979149,202.4925,-10.0,0.0,1.5,0,1
P430,0.1063232763699295,0.475,0.6,426.3,1.1611620971979149,202.4925,-10.0,0.0,2.0,0,1
P431,0.1063232763699295,0.475,0.6,426.3,1.1611620971979149,202.4925,60.0,0.0,0.5,0,1
P432,0.1063232763699295,0.475,0.6,426.3,1.1611620971979149,202.4925,60.0,0.0,1.0,0,1
P433,0.1063232763699295,0.475,0.6,426.3,1.1611620971979149,202.4925,60.0,0.0,1.5,0,1
P434,0.1063232763699295,0.475,0.6,426.3,1.1611620971979149,202.4925,60.0,0.0,2.0,0,1
P435,0.1063232763699295,0.475,0.6,426.3,1.1611620971979149,202.4925,130.0,0.0,0.5,0,1
P436,0.1063232763699295,0.475,0.6,426.3,1.1611620971979149,202.4925,130.0,0.0,1.0,0,1
P437,0.1063232763699295,0.475,0.6,426.3,1.1611620971979149,202.4925,130.0,0.0,1.5,0,1
P438,0.1063232763699295,0.475,0.6,426.3,1.1611620971979149,202.4925,130.0,0.0,2.0,0,1
P439,0.1063232763699295,0.475,0.6,426.3,1.1611620971979149,202.4925,200.0,0.0,0.5,0,1
P440,0.1063232763699295,0.475,0.6,426.3,1.1611620971979149,202.4925,200.0,0.0,1.0,0,1
P441,0.1063232763699295,0.475,0.6,426.3,1.1611620971979149,202.4925,200.0,0.0,1.5,0,1
P442,0.1063232763699295,0.475,0.6,426.3,1.1611620971979149,202.4925,200.0,0.0,2.0,0,1
P443,0.1063232763699295,0.475,0.6,651.3,1.1611620971979149,309.36749999999995,-10.0,0.0,0.5,0,1
P444,0.1063232763699295,0.475,0.6,651.3,1.1611620971979149,309.36749999999995,-10.0,0.0,1.0,0,1
P445,0.1063232763699295,0.475,0.6,651.3,1.1611620971979149,309.36749999999995,-10.0,0.0,1.5,0,1
P446,0.1063232763699295,0.475,0.6,651.3,1.1611620971979149,309.36749999999995,-10.0,0.0,2.0,0,1
P447,0.1063232763699295,0.475,0.6,651.3,1.1611620971979149,309.36749999999995,60.0,0.0,0.5,0,1
P448,0.1063232763699295,0.475,0.6,651.3,1.1611620971979149,309.36749999999995,60.0,0.0,1.0,0,1
P449,0.1063232763699295,0.475,0.6,651.3,1.1611620971979149,309.36749999999995,60.0,0.0,1.5,0,1
P450,0.1063232763699295,0.475,0.6,651.3,1.1611620971979149,309.36749999999995,60.0,0.0,2.0,0,1
P451,0.1063232763699295,0.475,0.6,651.3,1.1611620971979149,309.36749999999995,130.0,0.0,0.5,0,1
P452,0.1063232763699295,0.475,0.6,651.3,1.1611620971979149,309.36749999999995,130.0,0.0,1.0,0,1
P453,0.1063232763699295,0.475,0.6,651.3,1.1611620971979149,309.36749999999995,130.0,0.0,1.5,0,1
P454,0.1063232763699295,0.475,0.6,651.3,1.1611620971979149,309.36749999999995,130.0,0.0,2.0,0,1
P455,0.1063232763699295,0.475,0.6,651.3,1.1611620971979149,309.36749999999995,200.0,0.0,0.5,0,1
P456,0.1063232763699295,0.475,0.6,651.3,1.1611620971979149,309.36749999999995,200.0,0.0,1.0,0,1
P457,0.1063232763699295,0.475,0.6,651.3,1.1611620971979149,309.36749999999995,200.0,0.0,1.5,0,1
P458,0.1063232763699295,0.475,0.6,651.3,1.1611620971979149,309.36749999999995,200.0,0.0,2.0,0,1
P459,0.1063232763699295,0.475,0.6,876.3,1.1611620971979149,416.24249999999995,-10.0,0.0,0.5,0,1
P460,0.1063232763699295,0.475,0.6,876.3,1.1611620971979149,416.24249999999995,-10.0,0.0,1.0,0,1
P461,0.1063232763699295,0.475,0.6,876.3,1.1611620971979149,416.24249999999995,-10.0,0.0,1.5,0,1
P462,0.1063232763699295,0.475,0.6,876.3,1.1611620971979149,416.24249999999995,-10.0,0.0,2.0,0,1
P463,0.1063232763699295,0.475,0.6,876.3,1.1611620971979149,416.24249999999995,60.0,0.0,0.5,0,1
P464,0.1063232763699295,0.475,0.6,876.3,1.1611620971979149,416.24249999999995,60.0,0.0,1.0,0,1
P465,0.1063232763699295,0.475,0.6,876.3,1.1611620971979149,416.24249999999995,60.0,0.0,1.5,0,1
P466,0.1063232763699295,0.475,0.6,876.3,1.1611620971979149,416.24249999999995,60.0,0.0,2.0,0,1
P467,0.1063232763699295,0.475,0.6,876.3,1.1611620971979149,416.24249999999995,130.0,0.0,0.5,0,1
P468,0.1063232763699295,0.475,0.6,876.3,1.1611620971979149,416.24249999999995,130.0,0.0,1.0,0,1
P469,0.1063232763699295,0.475,0.6,876.3,1.1611620971979149,416.24249999999995,130.0,0.0,1.5,0,1
P470,0.1063232763699295,0.475,0.6,876.3,1.1611620971979149,416.24249999999995,130.0,0.0,2.0,0,1
P471,0.1063232763699295,0.475,0.6,876.3,1.1611620971979149,416.24249999999995,200.0,0.0,0.5,0,1
P472,0.1063232763699295,0.475,0.6,876.3,1.1611620971979149,416.24249999999995,200.0,0.0,1.0,0,1
P473,0.1063232763699295,0.475,0.6,876.3,1.1611620971979149,416.24249999999995,200.0,0.0,1.5,0,1
P474,0.1063232763699295,0.475,0.6,876.3,1.1611620971979149,416.24249999999995,200.0,0.0,2.0,0,1
P475,0.1063232763699295,0.475,0.6,1101.3,1.1611620971979149,523.1175,-10.0,0.0,0.5,0,1
P476,0.1063232763699295,0.475,0.6,1101.3,1.1611620971979149,523.1175,-10.0,0.0,1.0,0,1
P477,0.1063232763699295,0.475,0.6,1101.3,1.1611620971979149,523.1175,-10.0,0.0,1.5,0,1
P478,0.1063232763699295,0.475,0.6,1101.3,1.1611620971979149,523.1175,-10.0,0.0,2.0,0,1
P479,0.1063232763699295,0.475,0.6,1101.3,1.1611620971979149,523.1175,60.0,0.0,0.5,0,1
P480,0.1063232763699295,0.475,0.6,1101.3,1.1611620971979149,523.1175,60.0,0.0,1.0,0,1
P481,0.1063232763699295,0.475,0.6,1101.3,1.1611620971979149,523.1175,60.0,0.0,1.5,0,1
P482,0.1063232763699295,0.475,0.6,1101.3,1.1611620971979149,523.1175,60.0,0.0,2.0,0,1
P483,0.1063232763699295,0.475,0.6,1101.3,1.1611620971979149,523.1175,130.0,0.0,0.5,0,1
P484,0.1063232763699295,0.475,0.6,1101.3,1.1611620971979149,523.1175,130.0,0.0,1.0,0,1
P485,0.1063232763699295,0.475,0.6,1101.3,1.1611620971979149,523.1175,130.0,0.0,1.5,0,1
P486,0.1063232763699295,0.475,0.6,1101.3,1.1611620971979149,523.1175,130.0,0.0,2.0,0,1
P487,0.1063232763699295,0.475,0.6,1101.3,1.1611620971979149,523.1175,200.0,0.0,0.5,0,1
P488,0.1063232763699295,0.475,0.6,1101.3,1.1611620971979149,523.1175,200.0,0.0,1.0,0,1
P489,0.1063232763699295,0.475,0.6,1101.3,1.1611620971979149,523.1175,200.0,0.0,1.5,0,1
P490,0.1063232763699295,0.475,0.6,1101.3,1.1611620971979149,523.1175,200.0,0.0,2.0,0,1
P491,0.2126465527398591,0.475,1.2,201.3,2.056516003471006,95.6175,-10.0,0.0,0.5,0,1
P492,0.2126465527398591,0.475,1.2,201.3,2.056516003471006,95.6175,-10.0,0.0,1.0,0,1
P493,0.2126465527398591,0.475,1.2,201.3,2.056516003471006,95.6175,-10.0,0.0,1.5,0,1
P494,0.2126465527398591,0.475,1.2,201.3,2.056516003471006,95.6175,-10.0,0.0,2.0,0,1
P495,0.2126465527398591,0.475,1.2,201.3,2.056516003471006,95.6175,60.0,0.0,0.5,0,1
P496,0.2126465527398591,0.475,1.2,201.3,2.056516003471006,95.6175,60.0,0.0,1.0,0,1
P497,0.2126465527398591,0.475,1.2,201.3,2.056516003471006,95.6175,60.0,0.0,1.5,0,1
P498,0.2126465527398591,0.475,1.2,201.3,2.056516003471006,95.6175,60.0,0.0,2.0,0,1
P499,0.2126465527398591,0.475,1.2,201.3,2.056516003471006,95.6175,130.0,0.0,0.5,0,1
P500,0.2126465527398591,0.475,1.2,201.3,2.056516003471006,95.6175,130.0,0.0,1.0,0,1
P501,0.2126465527398591,0.475,1.2,201.3,2.056516003471006,95.6175,130.0,0.0,1.5,0,1
P502,0.2126465527398591,0.475,1.2,201.3,2.056516003471006,95.6175,130.0,0.0,2.0,0,1
P503,0.2126465527398591,0.475,1.2,201.3,2.056516003471006,95.6175,200.0,0.0,0.5,0,1
P504,0.2126465527398591,0.475,1.2,201.3,2.056516003471006,95.6175,200.0,0.0,1.0,0,1
P505,0.2126465527398591,0.475,1.2,201.3,2.056516003471006,95.6175,200.0,0.0,1.5,0,1
P506,0.2126465527398591,0.475,1.2,201.3,2.056516003471006,95.6175,200.0,0.0,2.0,0,1
P507,0.2126465527398591,0.475,1.2,426.3,2.056516003471006,202.4925,-10.0,0.0,0.5,0,1
P508,0.2126465527398591,0.475,1.2,426.3,2.056516003471006,202.4925,-10.0,0.0,1.0,0,1
P509,0.2126465527398591,0.475,1.2,426.3,2.056516003471006,202.4925,-10.0,0.0,1.5,0,1
P510,0.2126465527398591,0.475,1.2,426.3,2.056516003471006,202.4925,-10.0,0.0,2.0,0,1
P511,0.2126465527398591,0.475,1.2,426.3,2.056516003471006,202.4925,60.0,0.0,0.5,0,1
P512,0.2126465527398591,0.475,1.2,426.3,2.056516003471006,202.4925,60.0,0.0,1.0,0,1
P513,0.2126465527398591,0.475,1.2,426.3,2.056516003471006,202.4925,60.0,0.0,1.5,0,1
P514,0.2126465527398591,0.475,1.2,426.3,2.056516003471006,202.4925,60.0,0.0,2.0,0,1
P515,0.2126465527398591,0.475,1.2,426.3,2.056516003471006,202.4925,130.0,0.0,0.5,0,1
P516,0.2126465527398591,0.475,1.2,426.3,2.056516003471006,202.4925,130.0,0.0,1.0,0,1
P517,0.2126465527398591,0.475,1.2,426.3,2.056516003471006,202.4925,130.0,0.0,1.5,0,1
P518,0.2126465527398591,0.475,1.2,426.3,2.056516003471006,202.4925,130.0,0.0,2.0,0,1
P519,0.2126465527398591,0.475,1.2,426.3,2.056516003471006,202.4925,200.0,0.0,0.5,0,1
P520,0.2126465527398591,0.475,1.2,426.3,2.056516003471006,202.4925,200.0,0.0,1.0,0,1
P521,0.2126465527398591,0.475,1.2,426.3,2.056516003471006,202.4925,200.0,0.0,1.5,0,1
P522,0.2126465527398591,0.475,1.2,426.3,2.056516003471006,202.4925,200.0,0.0,2.0,0,1
P523,0.2126465527398591,0.475,1.2,651.3,2.056516003471006,309.36749999999995,-10.0,0.0,0.5,0,1
P524,0.2126465527398591,0.475,1.2,651.3,2.056516003471006,309.36749999999995,-10.0,0.0,1.0,0,1
P525,0.2126465527398591,0.475,1.2,651.3,2.056516003471006,309.36749999999995,-10.0,0.0,1.5,0,1
P526,0.2126465527398591,0.475,1.2,651.3,2.056516003471006,309.36749999999995,-10.0,0.0,2.0,0,1
P527,0.2126465527398591,0.475,1.2,651.3,2.056516003471006,309.36749999999995,60.0,0.0,0.5,0,1
P528,0.2126465527398591,0.475,1.2,651.3,2.056516003471006,309.36749999999995,60.0,0.0,1.0,0,1
P529,0.2126465527398591,0.475,1.2,651.3,2.056516003471006,309.36749999999995,60.0,0.0,1.5,0,1
P530,0.2126465527398591,0.475,1.2,651.3,2.056516003471006,309.36749999999995,60.0,0.0,2.0,0,1
P531,0.2126465527398591,0.475,1.2,651.3,2.056516003471006,309.36749999999995,130.0,0.0,0.5,0,1
P532,0.2126465527398591,0.475,1.2,651.3,2.056516003471006,309.36749999999995,130.0,0.0,1.0,0,1
P533,0.2126465527398591,0.475,1.2,651.3,2.056516003471006,309.36749999999995,130.0,0.0,1.5,0,1
P534,0.2126465527398591,0.475,1.2,651.3,2.056516003471006,309.36749999999995,130.0,0.0,2.0,0,1
P535,0.2126465527398591,0.475,1.2,651.3,2.056516003471006,309.36749999999995,200.0,0.0,0.5,0,1
P536,0.2126465527398591,0.475,1.2,651.3,2.056516003471006,309.36749999999995,200.0,0.0,1.0,0,1
P537,0.2126465527398591,0.475,1.2,651.3,2.056516003471006,309.36749999999995,200.0,0.0,1.5,0,1
P538,0.2126465527398591,0.475,1.2,651.3,2.056516003471006,309.36749999999995,200.0,0.0,2.0,0,1
P539,0.2126465527398591,0.475,1.2,876.3,2.056516003471006,416.24249999999995,-10.0,0.0,0.5,0,1
P540,0.2126465527398591,0.475,1.2,876.3,2.056516003471006,416.24249999999995,-10.0,0.0,1.0,0,1
P541,0.2126465527398591,0.475,1.2,876.3,2.056516003471006,416.24249999999995,-10.0,0.0,1.5,0,1
P542,0.2126465527398591,0.475,1.2,876.3,2.056516003471006,416.24249999999995,-10.0,0.0,2.0,0,1
P543,0.2126465527398591,0.475,1.2,876.3,2.056516003471006,416.24249999999995,60.0,0.0,0.5,0,1
P544,0.2126465527398591,0.475,1.2,876.3,2.056516003471006,416.24249999999995,60.0,0.0,1.0,0,1
P545,0.2126465527398591,0.475,1.2,876.3,2.056516003471006,416.24249999999995,60.0,0.0,1.5,0,1
P546,0.2126465527398591,0.475,1.2,876.3,2.056516003471006,416.24249999999995,60.0,0.0,2.0,0,1
P547,0.2126465527398591,0.475,1.2,876.3,2.056516003471006,416.24249999999995,130.0,0.0,0.5,0,1
P548,0.2126465527398591,0.475,1.2,876.3,2.056516003471006,416.24249999999995,130.0,0.0,1.0,0,1
P549,0.2126465527398591,0.475,1.2,876.3,2.056516003471006,416.24249999999995,130.0,0.0,1.5,0,1
P550,0.2126465527398591,0.475,1.2,876.3,2.056516003471006,416.24249999999995,130.0,0.0,2.0,0,1
P551,0.2126465527398591,0.475,1.2,876.3,2.056516003471006,416.24249999999995,200.0,0.0,0.5,0,1
P552,0.2126465527398591,0.475,1.2,876.3,2.056516003471006,416.24249999999995,200.0,0.0,1.0,0,1
P553,0.2126465527398591,0.475,1.2,876.3,2.056516003471006,416.24249999999995,200.0,0.0,1.5,0,1
P554,0.2126465527398591,0.475,1.2,876.3,2.056516003471006,416.24249999999995,200.0,0.0,2.0,0,1
P555,0.2126465527398591,0.475,1.2,1101.3,2.056516003471006,523.1175,-10.0,0.0,0.5,0,1
P556,0.2126465527398591,0.475,1.2,1101.3,2.056516003471006,523.1175,-10.0,0.0,1.0,0,1
P557,0.2126465527398591,0.475,1.2,1101.3,2.056516003471006,523.1175,-10.0,0.0,1.5,0,1
P558,0.2126465527398591,0.475,1.2,1101.3,2.056516003471006,523.1175,-10.0,0.0,2.0,0,1
P559,0.2126465527398591,0.475,1.2,1101.3,2.056516003471006,523.1175,60.0,0.0,0.5,0,1
P560,0.2126465527398591,0.475,1.2,1101.3,2.056516003471006,523.1175,60.0,0.0,1.0,0,1
P561,0.2126465527398591,0.475,1.2,1101.3,2.056516003471006,523.1175,60.0,0.0,1.5,0,1
P562,0.2126465527398591,0.475,1.2,1101.3,2.056516003471006,523.1175,60.0,0.0,2.0,0,1
P563,0.2126465527398591,0.475,1.2,1101.3,2.056516003471006,523.1175,130.0,0.0,0.5,0,1
P564,0.2126465527398591,0.475,1.2,1101.3,2.056516003471006,523.1175,130.0,0.0,1.0,0,1
P565,0.2126465527398591,0.475,1.2,1101.3,2.056516003471006,523.1175,130.0,0.0,1.5,0,1
P566,0.2126465527398591,0.475,1.2,1101.3,2.056516003471006,523.1175,130.0,0.0,2.0,0,1
P567,0.2126465527398591,0.475,1.2,1101.3,2.056516003471006,523.1175,200.0,0.0,0.5,0,1
P568,0.2126465527398591,0.475,1.2,1101.3,2.056516003471006,523.1175,200.0,0.0,1.0,0,1
P569,0.2126465527398591,0.475,1.2,1101.3,2.056516003471006,523.1175,200.0,0.0,1.5,0,1
P570,0.2126465527398591,0.475,1.2,1101.3,2.056516003471006,523.1175,200.0,0.0,2.0,0,1
P571,0.3189698291097886,0.475,1.8,201.3,2.951869909744097,95.6175,-10.0,0.0,0.5,0,1
P572,0.3189698291097886,0.475,1.8,201.3,2.951869909744097,95.6175,-10.0,0.0,1.0,0,1
P573,0.3189698291097886,0.475,1.8,201.3,2.951869909744097,95.6175,-10.0,0.0,1.5,0,1
P574,0.3189698291097886,0.475,1.8,201.3,2.951869909744097,95.6175,-10.0,0.0,2.0,0,1
P575,0.3189698291097886,0.475,1.8,201.3,2.951869909744097,95.6175,60.0,0.0,0.5,0,1
P576,0.3189698291097886,0.475,1.8,201.3,2.951869909744097,95.6175,60.0,0.0,1.0,0,1
P577,0.3189698291097886,0.475,1.8,201.3,2.951869909744097,95.6175,60.0,0.0,1.5,0,1
P578,0.3189698291097886,0.475,1.8,201.3,2.951869909744097,95.6175,60.0,0.0,2.0,0,1
P579,0.3189698291097886,0.475,1.8,201.3,2.951869909744097,95.6175,130.0,0.0,0.5,0,1
P580,0.3189698291097886,0.475,1.8,201.3,2.951869909744097,95.6175,130.0,0.0,1.0,0,1
P581,0.3189698291097886,0.475,1.8,201.3,2.951869909744097,95.6175,130.0,0.0,1.5,0,1
P582,0.3189698291097886,0.475,1.8,201.3,2.951869909744097,95.6175,130.0,0.0,2.0,0,1
P583,0.3189698291097886,0.475,1.8,201.3,2.951869909744097,95.6175,200.0,0.0,0.5,0,1
P584,0.3189698291097886,0.475,1.8,201.3,2.951869909744097,95.6175,200.0,0.0,1.0,0,1
P585,0.3189698291097886,0.475,1.8,201.3,2.951869909744097,95.6175,200.0,0.0,1.5,0,1
P586,0.3189698291097886,0.475,1.8,201.3,2.951869909744097,95.6175,200.0,0.0,2.0,0,1
P587,0.3189698291097886,0.475,1.8,426.3,2.951869909744097,202.4925,-10.0,0.0,0.5,0,1
P588,0.3189698291097886,0.475,1.8,426.3,2.951869909744097,202.4925,-10.0,0.0,1.0,0,1
P589,0.3189698291097886,0.475,1.8,426.3,2.951869909744097,202.4925,-10.0,0.0,1.5,0,1
P590,0.3189698291097886,0.475,1.8,426.3,2.951869909744097,202.4925,-10.0,0.0,2.0,0,1
P591,0.3189698291097886,0.475,1.8,426.3,2.951869909744097,202.4925,60.0,0.0,0.5,0,1
P592,0.3189698291097886,0.475,1.8,426.3,2.951869909744097,202.4925,60.0,0.0,1.0,0,1
P593,0.3189698291097886,0.475,1.8,426.3,2.951869909744097,202.4925,60.0,0.0,1.5,0,1
P594,0.3189698291097886,0.475,1.8,426.3,2.951869909744097,202.4925,60.0,0.0,2.0,0,1
P595,0.3189698291097886,0.475,1.8,426.3,2.951869909744097,202.4925,130.0,0.0,0.5,0,1
P596,0.3189698291097886,0.475,1.8,426.3,2.951869909744097,202.4925,130.0,0.0,1.0,0,1
P597,0.3189698291097886,0.475,1.8,426.3,2.951869909744097,202.4925,130.0,0.0,1.5,0,1
P598,0.3189698291097886,0.475,1.8,426.3,2.951869909744097,202.4925,130.0,0.0,2.0,0,1
P599,0.3189698291097886,0.475,1.8,426.3,2.951869909744097,202.4925,200.0,0.0,0.5,0,1
P600,0.3189698291097886,0.475,1.8,426.3,2.951869909744097,202.4925,200.0,0.0,1.0,0,1
P601,0.3189698291097886,0.475,1.8,426.3,2.951869909744097,202.4925,200.0,0.0,1.5,0,1
P602,0.3189698291097886,0.475,1.8,426.3,2.951869909744097,202.4925,200.0,0.0,2.0,0,1
P603,0.3189698291097886,0.475,1.8,651.3,2.951869909744097,309.36749999999995,-10.0,0.0,0.5,0,1
P604,0.3189698291097886,0.475,1.8,651.3,2.951869909744097,309.36749999999995,-10.0,0.0,1.0,0,1
P605,0.3189698291097886,0.475,1.8,651.3,2.951869909744097,309.36749999999995,-10.0,0.0,1.5,0,1
P606,0.3189698291097886,0.475,1.8,651.3,2.951869909744097,309.36749999999995,-10.0,0.0,2.0,0,1
P607,0.3189698291097886,0.475,1.8,651.3,2.951869909744097,309.36749999999995,60.0,0.0,0.5,0,1
P608,0.3189698291097886,0.475,1.8,651.3,2.951869909744097,309.36749999999995,60.0,0.0,1.0,0,1
P609,0.3189698291097886,0.475,1.8,651.3,2.951869909744097,309.36749999999995,60.0,0.0,1.5,0,1
P610,0.3189698291097886,0.475,1.8,651.3,2.951869909744097,309.36749999999995,60.0,0.0,2.0,0,1
P611,0.3189698291097886,0.475,1.8,651.3,2.951869909744097,309.36749999999995,130.0,0.0,0.5,0,1
P612,0.3189698291097886,0.475,1.8,651.3,2.951869909744097,309.36749999999995,130.0,0.0,1.0,0,1
P613,0.3189698291097886,0.475,1.8,651.3,2.951869909744097,309.36749999999995,130.0,0.0,1.5,0,1
P614,0.3189698291097886,0.475,1.8,651.3,2.951869909744097,309.36749999999995,130.0,0.0,2.0,0,1
P615,0.3189698291097886,0.475,1.8,651.3,2.951869909744097,309.36749999999995,200.0,0.0,0.5,0,1
P616,0.3189698291097886,0.475,1.8,651.3,2.951869909744097,309.36749999999995,200.0,0.0,1.0,0,1
P617,0.3189698291097886,0.475,1.8,651.3,2.951869909744097,309.36749999999995,200.0,0.0,1.5,0,1
P618,0.3189698291097886,0.475,1.8,651.3,2.951869909744097,309.36749999999995,200.0,0.0,2.0,0,1
P619,0.3189698291097886,0.475,1.8,876.3,2.951869909744097,416.24249999999995,-10.0,0.0,0.5,0,1
P620,0.3189698291097886,0.475,1.8,876.3,2.951869909744097,416.24249999999995,-10.0,0.0,1.0,0,1
P621,0.3189698291097886,0.475,1.8,876.3,2.951869909744097,416.24249999999995,-10.0,0.0,1.5,0,1
P622,0.3189698291097886,0.475,1.8,876.3,2.951869909744097,416.24249999999995,-10.0,0.0,2.0,0,1
P623,0.3189698291097886,0.475,1.8,876.3,2.951869909744097,416.24249999999995,60.0,0.0,0.5,0,1
P624,0.3189698291097886,0.475,1.8,876.3,2.951869909744097,416.24249999999995,60.0,0.0,1.0,0,1
P625,0.3189698291097886,0.475,1.8,876.3,2.951869909744097,416.24249999999995,60.0,0.0,1.5,0,1
P626,0.3189698291097886,0.475,1.8,876.3,2.951869909744097,416.24249999999995,60.0,0.0,2.0,0,1
P627,0.3189698291097886,0.475,1.8,876.3,2.951869909744097,416.24249999999995,130.0,0.0,0.5,0,1
P628,0.3189698291097886,0.475,1.8,876.3,2.951869909744097,416.24249999999995,130.0,0.0,1.0,0,1
P629,0.3189698291097886,0.475,1.8,876.3,2.951869909744097,416.24249999999995,130.0,0.0,1.5,0,1
P630,0.3189698291097886,0.475,1.8,876.3,2.951869909744097,416.24249999999995,130.0,0.0,2.0,0,1
P631,0.3189698291097886,0.475,1.8,876.3,2.951869909744097,416.24249999999995,200.0,0.0,0.5,0,1
P632,0.3189698291097886,0.475,1.8,876.3,2.951869909744097,416.24249999999995,200.0,0.0,1.0,0,1
P633,0.3189698291097886,0.475,1.8,876.3,2.951869909744097,416.24249999999995,200.0,0.0,1.5,0,1
P634,0.3189698291097886,0.475,1.8,876.3,2.951869909744097,416.24249999999995,200.0,0.0,2.0,0,1
P635,0.3189698291097886,0.475,1.8,1101.3,2.951869909744097,523.1175,-10.0,0.0,0.5,0,1
P636,0.3189698291097886,0.475,1.8,1101.3,2.951869909744097,523.1175,-10.0,0.0,1.0,0,1
P637,0.3189698291097886,0.475,1.8,1101.3,2.951869909744097,523.1175,-10.0,0.0,1.5,0,1
P638,0.3189698291097886,0.475,1.8,1101.3,2.951869909744097,523.1175,-10.0,0.0,2.0,0,1
P639,0.3189698291097886,0.475,1.8,1101.3,2.951869909744097,523.1175,60.0,0.0,0.5,0,1
P640,0.3189698291097886,0.475,1.8,1101.3,2.951869909744097,523.1175,60.0,0.0,1.0,0,1
P641,0.3189698291097886,0.475,1.8,1101.3,2.951869909744097,523.1175,60.0,0.0,1.5,0,1
P642,0.3189698291097886,0.475,1.8,1101.3,2.951869909744097,523.1175,60.0,0.0,2.0,0,1
P643,0.3189698291097886,0.475,1.8,1101.3,2.951869909744097,523.1175,130.0,0.0,0.5,0,1
P644,0.3189698291097886,0.475,1.8,1101.3,2.951869909744097,523.1175,130.0,0.0,1.0,0,1
P645,0.3189698291097886,0.475,1.8,1101.3,2.951869909744097,523.1175,130.0,0.0,1.5,0,1
P646,0.3189698291097886,0.475,1.8,1101.3,2.951869909744097,523.1175,130.0,0.0,2.0,0,1
P647,0.3189698291097886,0.475,1.8,1101.3,2.951869909744097,523.1175,200.0,0.0,0.5,0,1
P648,0.3189698291097886,0.475,1.8,1101.3,2.951869909744097,523.1175,200.0,0.0,1.0,0,1
P649,0.3189698291097886,0.475,1.8,1101.3,2.951869909744097,523.1175,200.0,0.0,1.5,0,1
P650,0.3189698291097886,0.475,1.8,1101.3,2.951869909744097,523.1175,200.0,0.0,2.0,0,1
P651,0.4252931054797182,0.475,2.4,201.3,3.8472238160171877,95.6175,-10.0,0.0,0.5,0,1
P652,0.4252931054797182,0.475,2.4,201.3,3.8472238160171877,95.6175,-10.0,0.0,1.0,0,1
P653,0.4252931054797182,0.475,2.4,201.3,3.8472238160171877,95.6175,-10.0,0.0,1.5,0,1
P654,0.4252931054797182,0.475,2.4,201.3,3.8472238160171877,95.6175,-10.0,0.0,2.0,0,1
P655,0.4252931054797182,0.475,2.4,201.3,3.8472238160171877,95.6175,60.0,0.0,0.5,0,1
P656,0.4252931054797182,0.475,2.4,201.3,3.8472238160171877,95.6175,60.0,0.0,1.0,0,1
P657,0.4252931054797182,0.475,2.4,201.3,3.8472238160171877,95.6175,60.0,0.0,1.5,0,1
P658,0.4252931054797182,0.475,2.4,201.3,3.8472238160171877,95.6175,60.0,0.0,2.0,0,1
P659,0.4252931054797182,0.475,2.4,201.3,3.8472238160171877,95.6175,130.0,0.0,0.5,0,1
P660,0.4252931054797182,0.475,2.4,201.3,3.8472238160171877,95.6175,130.0,0.0,1.0,0,1
P661,0.4252931054797182,0.475,2.4,201.3,3.8472238160171877,95.6175,130.0,0.0,1.5,0,1
P662,0.4252931054797182,0.475,2.4,201.3,3.8472238160171877,95.6175,130.0,0.0,2.0,0,1
P663,0.4252931054797182,0.475,2.4,201.3,3.8472238160171877,95.6175,200.0,0.0,0.5,0,1
P664,0.4252931054797182,0.475,2.4,201.3,3.8472238160171877,95.6175,200.0,0.0,1.0,0,1
P665,0.4252931054797182,0.475,2.4,201.3,3.8472238160171877,95.6175,200.0,0.0,1.5,0,1
P666,0.4252931054797182,0.475,2.4,201.3,3.8472238160171877,95.6175,200.0,0.0,2.0,0,1
P667,0.4252931054797182,0.475,2.4,426.3,3.8472238160171877,202.4925,-10.0,0.0,0.5,0,1
P668,0.4252931054797182,0.475,2.4,426.3,3.8472238160171877,202.4925,-10.0,0.0,1.0,0,1
P669,0.4252931054797182,0.475,2.4,426.3,3.8472238160171877,202.4925,-10.0,0.0,1.5,0,1
P670,0.4252931054797182,0.475,2.4,426.3,3.8472238160171877,202.4925,-10.0,0.0,2.0,0,1
P671,0.4252931054797182,0.475,2.4,426.3,3.8472238160171877,202.4925,60.0,0.0,0.5,0,1
P672,0.4252931054797182,0.475,2.4,426.3,3.8472238160171877,202.4925,60.0,0.0,1.0,0,1
P673,0.4252931054797182,0.475,2.4,426.3,3.8472238160171877,202.4925,60.0,0.0,1.5,0,1
P674,0.4252931054797182,0.475,2.4,426.3,3.8472238160171877,202.4925,60.0,0.0,2.0,0,1
P675,0.4252931054797182,0.475,2.4,426.3,3.8472238160171877,202.4925,130.0,0.0,0.5,0,1
P676,0.4252931054797182,0.475,2.4,426.3,3.8472238160171877,202.4925,130.0,0.0,1.0,0,1
P677,0.4252931054797182,0.475,2.4,426.3,3.8472238160171877,202.4925,130.0,0.0,1.5,0,1
P678,0.4252931054797182,0.475,2.4,426.3,3.8472238160171877,202.4925,130.0,0.0,2.0,0,1
P679,0.4252931054797182,0.475,2.4,426.3,3.8472238160171877,202.4925,200.0,0.0,0.5,0,1
P680,0.4252931054797182,0.475,2.4,426.3,3.8472238160171877,202.4925,200.0,0.0,1.0,0,1
P681,0.4252931054797182,0.475,2.4,426.3,3.8472238160171877,202.4925,200.0,0.0,1.5,0,1
P682,0.4252931054797182,0.475,2.4,426.3,3.8472238160171877,202.4925,200.0,0.0,2.0,0,1
P683,0.4252931054797182,0.475,2.4,651.3,3.8472238160171877,309.36749999999995,-10.0,0.0,0.5,0,1
P684,0.4252931054797182,0.475,2.4,651.3,3.8472238160171877,309.36749999999995,-10.0,0.0,1.0,0,1
P685,0.4252931054797182,0.475,2.4,651.3,3.8472238160171877,309.36749999999995,-10.0,0.0,1.5,0,1
P686,0.4252931054797182,0.475,2.4,651.3,3.8472238160171877,309.36749999999995,-10.0,0.0,2.0,0,1
P687,0.4252931054797182,0.475,2.4,651.3,3.8472238160171877,309.36749999999995,60.0,0.0,0.5,0,1
P688,0.4252931054797182,0.475,2.4,651.3,3.8472238160171877,309.36749999999995,60.0,0.0,1.0,0,1
P689,0.4252931054797182,0.475,2.4,651.3,3.8472238160171877,309.36749999999995,60.0,0.0,1.5,0,1
P690,0.4252931054797182,0.475,2.4,651.3,3.8472238160171877,309.36749999999995,60.0,0.0,2.0,0,1
P691,0.4252931054797182,0.475,2.4,651.3,3.8472238160171877,309.36749999999995,130.0,0.0,0.5,0,1
P692,0.4252931054797182,0.475,2.4,651.3,3.8472238160171877,309.36749999999995,130.0,0.0,1.0,0,1
P693,0.4252931054797182,0.475,2.4,651.3,3.8472238160171877,309.36749999999995,130.0,0.0,1.5,0,1
P694,0.4252931054797182,0.475,2.4,651.3,3.8472238160171877,309.36749999999995,130.0,0.0,2.0,0,1
P695,0.4252931054797182,0.475,2.4,651.3,3.8472238160171877,309.36749999999995,200.0,0.0,0.5,0,1
P696,0.4252931054797182,0.475,2.4,651.3,3.8472238160171877,309.36749999999995,200.0,0.0,1.0,0,1
P697,0.4252931054797182,0.475,2.4,651.3,3.8472238160171877,309.36749999999995,200.0,0.0,1.5,0,1
P698,0.4252931054797182,0.475,2.4,651.3,3.8472238160171877,309.36749999999995,200.0,0.0,2.0,0,1
P699,0.4252931054797182,0.475,2.4,876.3,3.8472238160171877,416.24249999999995,-10.0,0.0,0.5,0,1
P700,0.4252931054797182,0.475,2.4,876.3,3.8472238160171877,416.24249999999995,-10.0,0.0,1.0,0,1
P701,0.4252931054797182,0.475,2.4,876.3,3.8472238160171877,416.24249999999995,-10.0,0.0,1.5,0,1
P702,0.4252931054797182,0.475,2.4,876.3,3.8472238160171877,416.24249999999995,-10.0,0.0,2.0,0,1
P703,0.4252931054797182,0.475,2.4,876.3,3.8472238160171877,416.24249999999995,60.0,0.0,0.5,0,1
P704,0.4252931054797182,0.475,2.4,876.3,3.8472238160171877,416.24249999999995,60.0,0.0,1.0,0,1
P705,0.4252931054797182,0.475,2.4,876.3,3.8472238160171877,416.24249999999995,60.0,0.0,1.5,0,1
P706,0.4252931054797182,0.475,2.4,876.3,3.8472238160171877,416.24249999999995,60.0,0.0,2.0,0,1
P707,0.4252931054797182,0.475,2.4,876.3,3.8472238160171877,416.24249999999995,130.0,0.0,0.5,0,1
P708,0.4252931054797182,0.475,2.4,876.3,3.8472238160171877,416.24249999999995,130.0,0.0,1.0,0,1
P709,0.4252931054797182,0.475,2.4,876.3,3.8472238160171877,416.24249999999995,130.0,0.0,1.5,0,1
P710,0.4252931054797182,0.475,2.4,876.3,3.8472238160171877,416.24249999999995,130.0,0.0,2.0,0,1
P711,0.4252931054797182,0.475,2.4,876.3,3.8472238160171877,416.24249999999995,200.0,0.0,0.5,0,1
P712,0.4252931054797182,0.475,2.4,876.3,3.8472238160171877,416.24249999999995,200.0,0.0,1.0,0,1
P713,0.4252931054797182,0.475,2.4,876.3,3.8472238160171877,416.24249999999995,200.0,0.0,1.5,0,1
P714,0.4252931054797182,0.475,2.4,876.3,3.8472238160171877,416.24249999999995,200.0,0.0,2.0,0,1
P715,0.4252931054797182,0.475,2.4,1101.3,3.8472238160171877,523.1175,-10.0,0.0,0.5,0,1
P716,0.4252931054797182,0.475,2.4,1101.3,3.8472238160171877,523.1175,-10.0,0.0,1.0,0,1
P717,0.4252931054797182,0.475,2.4,1101.3,3.8472238160171877,523.1175,-10.0,0.0,1.5,0,1
P718,0.4252931054797182,0.475,2.4,1101.3,3.8472238160171877,523.1175,-10.0,0.0,2.0,0,1
P719,0.4252931054797182,0.475,2.4,1101.3,3.8472238160171877,523.1175,60.0,0.0,0.5,0,1
P720,0.4252931054797182,0.475,2.4,1101.3,3.8472238160171877,523.1175,60.0,0.0,1.0,0,1
P721,0.4252931054797182,0.475,2.4,1101.3,3.8472238160171877,523.1175,60.0,0.0,1.5,0,1
P722,0.4252931054797182,0.475,2.4,1101.3,3.8472238160171877,523.1175,60.0,0.0,2.0,0,1
P723,0.4252931054797182,0.475,2.4,1101.3,3.8472238160171877,523.1175,130.0,0.0,0.5,0,1
P724,0.4252931054797182,0.475,2.4,1101.3,3.8472238160171877,523.1175,130.0,0.0,1.0,0,1
P725,0.4252931054797182,0.475,2.4,1101.3,3.8472238160171877,523.1175,130.0,0.0,1.5,0,1
P726,0.4252931054797182,0.475,2.4,1101.3,3.8472238160171877,523.1175,130.0,0.0,2.0,0,1
P727,0.4252931054797182,0.475,2.4,1101.3,3.8472238160171877,523.1175,200.0,0.0,0.5,0,1
P728,0.4252931054797182,0.475,2.4,1101.3,3.8472238160171877,523.1175,200.0,0.0,1.0,0,1
P729,0.4252931054797182,0.475,2.4,1101.3,3.8472238160171877,523.1175,200.0,0.0,1.5,0,1
P730,0.4252931054797182,0.475,2.4,1101.3,3.8472238160171877,523.1175,200.0,0.0,2.0,0,1
P731,0.5316163818496478,0.475,3.0,201.3,4.74257772229028,95.6175,-10.0,0.0,0.5,0,1
P732,0.5316163818496478,0.475,3.0,201.3,4.74257772229028,95.6175,-10.0,0.0,1.0,0,1
P733,0.5316163818496478,0.475,3.0,201.3,4.74257772229028,95.6175,-10.0,0.0,1.5,0,1
P734,0.5316163818496478,0.475,3.0,201.3,4.74257772229028,95.6175,-10.0,0.0,2.0,0,1
P735,0.5316163818496478,0.475,3.0,201.3,4.74257772229028,95.6175,60.0,0.0,0.5,0,1
P736,0.5316163818496478,0.475,3.0,201.3,4.74257772229028,95.6175,60.0,0.0,1.0,0,1
P737,0.5316163818496478,0.475,3.0,201.3,4.74257772229028,95.6175,60.0,0.0,1.5,0,1
P738,0.5316163818496478,0.475,3.0,201.3,4.74257772229028,95.6175,60.0,0.0,2.0,0,1
P739,0.5316163818496478,0.475,3.0,201.3,4.74257772229028,95.6175,130.0,0.0,0.5,0,1
P740,0.5316163818496478,0.475,3.0,201.3,4.74257772229028,95.6175,130.0,0.0,1.0,0,1
P741,0.5316163818496478,0.475,3.0,201.3,4.74257772229028,95.6175,130.0,0.0,1.5,0,1
P742,0.5316163818496478,0.475,3.0,201.3,4.74257772229028,95.6175,130.0,0.0,2.0,0,1
P743,0.5316163818496478,0.475,3.0,201.3,4.74257772229028,95.6175,200.0,0.0,0.5,0,1
P744,0.5316163818496478,0.475,3.0,201.3,4.74257772229028,95.6175,200.0,0.0,1.0,0,1
P745,0.5316163818496478,0.475,3.0,201.3,4.74257772229028,95.6175,200.0,0.0,1.5,0,1
P746,0.5316163818496478,0.475,3.0,201.3,4.74257772229028,95.6175,200.0,0.0,2.0,0,1
P747,0.5316163818496478,0.475,3.0,426.3,4.74257772229028,202.4925,-10.0,0.0,0.5,0,1
P748,0.5316163818496478,0.475,3.0,426.3,4.74257772229028,202.4925,-10.0,0.0,1.0,0,1
P749,0.5316163818496478,0.475,3.0,426.3,4.74257772229028,202.4925,-10.0,0.0,1.5,0,1
P750,0.5316163818496478,0.475,3.0,426.3,4.74257772229028,202.4925,-10.0,0.0,2.0,0,1
P751,0.5316163818496478,0.475,3.0,426.3,4.74257772229028,202.4925,60.0,0.0,0.5,0,1
P752,0.5316163818496478,0.475,3.0,426.3,4.74257772229028,202.4925,60.0,0.0,1.0,0,1
P753,0.5316163818496478,0.475,3.0,426.3,4.74257772229028,202.4925,60.0,0.0,1.5,0,1
P754,0.5316163818496478,0.475,3.0,426.3,4.74257772229028,202.4925,60.0,0.0,2.0,0,1
P755,0.5316163818496478,0.475,3.0,426.3,4.74257772229028,202.4925,130.0,0.0,0.5,0,1
P756,0.5316163818496478,0.475,3.0,426.3,4.74257772229028,202.4925,130.0,0.0,1.0,0,1
P757,0.5316163818496478,0.475,3.0,426.3,4.74257772229028,202.4925,130.0,0.0,1.5,0,1
P758,0.5316163818496478,0.475,3.0,426.3,4.74257772229028,202.4925,130.0,0.0,2.0,0,1
P759,0.5316163818496478,0.475,3.0,426.3,4.74257772229028,202.4925,200.0,0.0,0.5,0,1
P760,0.5316163818496478,0.475,3.0,426.3,4.74257772229028,202.4925,200.0,0.0,1.0,0,1
P761,0.5316163818496478,0.475,3.0,426.3,4.74257772229028,202.4925,200.0,0.0,1.5,0,1
P762,0.5316163818496478,0.475,3.0,426.3,4.74257772229028,202.4925,200.0,0.0,2.0,0,1
P763,0.5316163818496478,0.475,3.0,651.3,4.74257772229028,309.36749999999995,-10.0,0.0,0.5,0,1
P764,0.5316163818496478,0.475,3.0,651.3,4.74257772229028,309.36749999999995,-10.0,0.0,1.0,0,1
P765,0.5316163818496478,0.475,3.0,651.3,4.74257772229028,309.36749999999995,-10.0,0.0,1.5,0,1
P766,0.5316163818496478,0.475,3.0,651.3,4.74257772229028,309.36749999999995,-10.0,0.0,2.0,0,1
P767,0.5316163818496478,0.475,3.0,651.3,4.74257772229028,309.36749999999995,60.0,0.0,0.5,0,1
P768,0.5316163818496478,0.475,3.0,651.3,4.74257772229028,309.36749999999995,60.0,0.0,1.0,0,1
P769,0.5316163818496478,0.475,3.0,651.3,4.74257772229028,309.36749999999995,60.0,0.0,1.5,0,1
P770,0.5316163818496478,0.475,3.0,651.3,4.74257772229028,309.36749999999995,60.0,0.0,2.0,0,1
P771,0.5316163818496478,0.475,3.0,651.3,4.74257772229028,309.36749999999995,130.0,0.0,0.5,0,1
P772,0.5316163818496478,0.475,3.0,651.3,4.74257772229028,309.36749999999995,130.0,0.0,1.0,0,1
P773,0.5316163818496478,0.475,3.0,651.3,4.74257772229028,309.36749999999995,130.0,0.0,1.5,0,1
P774,0.5316163818496478,0.475,3.0,651.3,4.74257772229028,309.36749999999995,130.0,0.0,2.0,0,1
P775,0.5316163818496478,0.475,3.0,651.3,4.74257772229028,309.36749999999995,200.0,0.0,0.5,0,1
P776,0.5316163818496478,0.475,3.0,651.3,4.74257772229028,309.36749999999995,200.0,0.0,1.0,0,1
P777,0.5316163818496478,0.475,3.0,651.3,4.74257772229028,309.36749999999995,200.0,0.0,1.5,0,1
P778,0.5316163818496478,0.475,3.0,651.3,4.74257772229028,309.36749999999995,200.0,0.0,2.0,0,1
P779,0.5316163818496478,0.475,3.0,876.3,4.74257772229028,416.24249999999995,-10.0,0.0,0.5,0,1
P780,0.5316163818496478,0.475,3.0,876.3,4.74257772229028,416.24249999999995,-10.0,0.0,1.0,0,1
P781,0.5316163818496478,0.475,3.0,876.3,4.74257772229028,416.24249999999995,-10.0,0.0,1.5,0,1
P782,0.5316163818496478,0.475,3.0,876.3,4.74257772229028,416.24249999999995,-10.0,0.0,2.0,0,1
P783,0.5316163818496478,0.475,3.0,876.3,4.74257772229028,416.24249999999995,60.0,0.0,0.5,0,1
P784,0.5316163818496478,0.475,3.0,876.3,4.74257772229028,416.24249999999995,60.0,0.0,1.0,0,1
P785,0.5316163818496478,0.475,3.0,876.3,4.74257772229028,416.24249999999995,60.0,0.0,1.5,0,1
P786,0.5316163818496478,0.475,3.0,876.3,4.74257772229028,416.24249999999995,60.0,0.0,2.0,0,1
P787,0.5316163818496478,0.475,3.0,876.3,4.74257772229028,416.24249999999995,130.0,0.0,0.5,0,1
P788,0.5316163818496478,0.475,3.0,876.3,4.74257772229028,416.24249999999995,130.0,0.0,1.0,0,1
P789,0.5316163818496478,0.475,3.0,876.3,4.74257772229028,416.24249999999995,130.0,0.0,1.5,0,1
P790,0.5316163818496478,0.475,3.0,876.3,4.74257772229028,416.24249999999995,130.0,0.0,2.0,0,1
P791,0.5316163818496478,0.475,3.0,876.3,4.74257772229028,416.24249999999995,200.0,0.0,0.5,0,1
P792,0.5316163818496478,0.475,3.0,876.3,4.74257772229028,416.24249999999995,200.0,0.0,1.0,0,1
P793,0.5316163818496478,0.475,3.0,876.3,4.74257772229028,416.24249999999995,200.0,0.0,1.5,0,1
P794,0.5316163818496478,0.475,3.0,876.3,4.74257772229028,416.24249999999995,200.0,0.0,2.0,0,1
P795,0.5316163818496478,0.475,3.0,1101.3,4.74257772229028,523.1175,-10.0,0.0,0.5,0,1
P796,0.5316163818496478,0.475,3.0,1101.3,4.74257772229028,523.1175,-10.0,0.0,1.0,0,1
P797,0.5316163818496478,0.475,3.0,1101.3,4.74257772229028,523.1175,-10.0,0.0,1.5,0,1
P798,0.5316163818496478,0.475,3.0,1101.3,4.74257772229028,523.1175,-10.0,0.0,2.0,0,1
P799,0.5316163818496478,0.475,3.0,1101.3,4.74257772229028,523.1175,60.0,0.0,0.5,0,1
P800,0.5316163818496478,0.475,3.0,1101.3,4.74257772229028,523.1175,60.0,0.0,1.0,0,1
P801,0.5316163818496478,0.475,3.0,1101.3,4.74257772229028,523.1175,60.0,0.0,1.5,0,1
P802,0.5316163818496478,0.475,3.0,1101.3,4.74257772229028,523.1175,60.0,0.0,2.0,0,1
P803,0.5316163818496478,0.475,3.0,1101.3,4.74257772229028,523.1175,130.0,0.0,0.5,0,1
P804,0.5316163818496478,0.475,3.0,1101.3,4.74257772229028,523.1175,130.0,0.0,1.0,0,1
P805,0.5316163818496478,0.475,3.0,1101.3,4.74257772229028,523.1175,130.0,0.0,1.5,0,1
P806,0.5316163818496478,0.475,3.0,1101.3,4.74257772229028,523.1175,130.0,0.0,2.0,0,1
P807,0.5316163818496478,0.475,3.0,1101.3,4.74257772229028,523.1175,200.0,0.0,0.5,0,1
P808,0.5316163818496478,0.475,3.0,1101.3,4.74257772229028,523.1175,200.0,0.0,1.0,0,1
P809,0.5316163818496478,0.475,3.0,1101.3,4.74257772229028,523.1175,200.0,0.0,1.5,0,1
P810,0.5316163818496478,0.475,3.0,1101.3,4.74257772229028,523.1175,200.0,0.0,2.0,0,1
P811,0.199098434421253,0.6499999999999999,0.6,201.3,1.7229672209531517,130.845,-10.0,0.0,0.5,0,1
P812,0.199098434421253,0.6499999999999999,0.6,201.3,1.7229672209531517,130.845,-10.0,0.0,1.0,0,1
P813,0.199098434421253,0.6499999999999999,0.6,201.3,1.7229672209531517,130.845,-10.0,0.0,1.5,0,1
P814,0.199098434421253,0.6499999999999999,0.6,201.3,1.7229672209531517,130.845,-10.0,0.0,2.0,0,1
P815,0.199098434421253,0.6499999999999999,0.6,201.3,1.7229672209531517,130.845,60.0,0.0,0.5,0,1
P816,0.199098434421253,0.6499999999999999,0.6,201.3,1.7229672209531517,130.845,60.0,0.0,1.0,0,1
P817,0.199098434421253,0.6499999999999999,0.6,201.3,1.7229672209531517,130.845,60.0,0.0,1.5,0,1
P818,0.199098434421253,0.6499999999999999,0.6,201.3,1.7229672209531517,130.845,60.0,0.0,2.0,0,1
P819,0.199098434421253,0.6499999999999999,0.6,201.3,1.7229672209531517,130.845,130.0,0.0,0.5,0,1
P820,0.199098434421253,0.6499999999999999,0.6,201.3,1.7229672209531517,130.845,130.0,0.0,1.0,0,1
P821,0.199098434421253,0.6499999999999999,0.6,201.3,1.7229672209531517,130.845,130.0,0.0,1.5,0,1
P822,0.199098434421253,0.6499999999999999,0.6,201.3,1.7229672209531517,130.845,130.0,0.0,2.0,0,1
P823,0.199098434421253,0.6499999999999999,0.6,201.3,1.7229672209531517,130.845,200.0,0.0,0.5,0,1
P824,0.199098434421253,0.6499999999999999,0.6,201.3,1.7229672209531517,130.845,200.0,0.0,1.0,0,1
P825,0.199098434421253,0.6499999999999999,0.6,201.3,1.7229672209531517,130.845,200.0,0.0,1.5,0,1
P826,0.199098434421253,0.6499999999999999,0.6,201.3,1.7229672209531517,130.845,200.0,0.0,2.0,0,1
P827,0.199098434421253,0.6499999999999999,0.6,426.3,1.7229672209531517,277.09499999999997,-10.0,0.0,0.5,0,1
P828,0.199098434421253,0.6499999999999999,0.6,426.3,1.7229672209531517,277.09499999999997,-10.0,0.0,1.0,0,1
P829,0.199098434421253,0.6499999999999999,0.6,426.3,1.7229672209531517,277.09499999999997,-10.0,0.0,1.5,0,1
P830,0.199098434421253,0.6499999999999999,0.6,426.3,1.7229672209531517,277.09499999999997,-10.0,0.0,2.0,0,1
P831,0.199098434421253,0.6499999999999999,0.6,426.3,1.7229672209531517,277.09499999999997,60.0,0.0,0.5,0,1
P832,0.199098434421253,0.6499999999999999,0.6,426.3,1.7229672209531517,277.09499999999997,60.0,0.0,1.0,0,1
P833,0.199098434421253,0.6499999999999999,0.6,426.3,1.7229672209531517,277.09499999999997,60.0,0.0,1.5,0,1
P834,0.199098434421253,0.6499999999999999,0.6,426.3,1.7229672209531517,277.09499999999997,60.0,0.0,2.0,0,1
P835,0.199098434421253,0.6499999999999999,0.6,426.3,1.7229672209531517,277.09499999999997,130.0,0.0,0.5,0,1
P836,0.199098434421253,0.6499999999999999,0.6,426.3,1.7229672209531517,277.09499999999997,130.0,0.0,1.0,0,1
P837,0.199098434421253,0.6499999999999999,0.6,426.3,1.7229672209531517,277.09499999999997,130.0,0.0,1.5,0,1
P838,0.199098434421253,0.6499999999999999,0.6,426.3,1.7229672209531517,277.09499999999997,130.0,0.0,2.0,0,1
P839,0.199098434421253,0.6499999999999999,0.6,426.3,1.7229672209531517,277.09499999999997,200.0,0.0,0.5,0,1
P840,0.199098434421253,0.6499999999999999,0.6,426.3,1.7229672209531517,277.09499999999997,200.0,0.0,1.0,0,1
P841,0.199098434421253,0.6499999999999999,0.6,426.3,1.7229672209531517,277.09499999999997,200.0,0.0,1.5,0,1
P842,0.199098434421253,0.6499999999999999,0.6,426.3,1.7229672209531517,277.09499999999997,200.0,0.0,2.0,0,1
P843,0.199098434421253,0.6499999999999999,0.6,651.3,1.7229672209531517,423.3449999999999,-10.0,0.0,0.5,0,1
P844,0.199098434421253,0.6499999999999999,0.6,651.3,1.7229672209531517,423.3449999999999,-10.0,0.0,1.0,0,1
P845,0.199098434421253,0.6499999999999999,0.6,651.3,1.7229672209531517,423.3449999999999,-10.0,0.0,1.5,0,1
P846,0.199098434421253,0.6499999999999999,0.6,651.3,1.7229672209531517,423.3449999999999,-10.0,0.0,2.0,0,1
P847,0.199098434421253,0.6499999999999999,0.6,651.3,1.7229672209531517,423.3449999999999,60.0,0.0,0.5,0,1
P848,0.199098434421253,0.6499999999999999,0.6,651.3,1.7229672209531517,423.3449999999999,60.0,0.0,1.0,0,1
P849,0.199098434421253,0.6499999999999999,0.6,651.3,1.7229672209531517,423.3449999999999,60.0,0.0,1.5,0,1
P850,0.199098434421253,0.6499999999999999,0.6,651.3,1.7229672209531517,423.3449999999999,60.0,0.0,2.0,0,1
P851,0.199098434421253,0.6499999999999999,0.6,651.3,1.7229672209531517,423.3449999999999,130.0,0.0,0.5,0,1
P852,0.199098434421253,0.6499999999999999,0.6,651.3,1.7229672209531517,423.3449999999999,130.0,0.0,1.0,0,1
P853,0.199098434421253,0.6499999999999999,0.6,651.3,1.7229672209531517,423.3449999999999,130.0,0.0,1.5,0,1
P854,0.199098434421253,0.6499999999999999,0.6,651.3,1.7229672209531517,423.3449999999999,130.0,0.0,2.0,0,1
P855,0.199098434421253,0.6499999999999999,0.6,651.3,1.7229672209531517,423.3449999999999,200.0,0.0,0.5,0,1
P856,0.199098434421253,0.6499999999999999,0.6,651.3,1.7229672209531517,423.3449999999999,200.0,0.0,1.0,0,1
P857,0.199098434421253,0.6499999999999999,0.6,651.3,1.7229672209531517,423.3449999999999,200.0,0.0,1.5,0,1
P858,0.199098434421253,0.6499999999999999,0.6,651.3,1.7229672209531517,423.3449999999999,200.0,0.0,2.0,0,1
P859,0.199098434421253,0.6499999999999999,0.6,876.3,1.7229672209531517,569.5949999999999,-10.0,0.0,0.5,0,1
P860,0.199098434421253,0.6499999999999999,0.6,876.3,1.7229672209531517,569.5949999999999,-10.0,0.0,1.0,0,1
P861,0.199098434421253,0.6499999999999999,0.6,876.3,1.7229672209531517,569.5949999999999,-10.0,0.0,1.5,0,1
P862,0.199098434421253,0.6499999999999999,0.6,876.3,1.7229672209531517,569.5949999999999,-10.0,0.0,2.0,0,1
P863,0.199098434421253,0.6499999999999999,0.6,876.3,1.7229672209531517,569.5949999999999,60.0,0.0,0.5,0,1
P864,0.199098434421253,0.6499999999999999,0.6,876.3,1.7229672209531517,569.5949999999999,60.0,0.0,1.0,0,1
P865,0.199098434421253,0.6499999999999999,0.6,876.3,1.7229672209531517,569.5949999999999,60.0,0.0,1.5,0,1
P866,0.199098434421253,0.6499999999999999,0.6,876.3,1.7229672209531517,569.5949999999999,60.0,0.0,2.0,0,1
P867,0.199098434421253,0.6499999999999999,0.6,876.3,1.7229672209531517,569.5949999999999,130.0,0.0,0.5,0,1
P868,0.199098434421253,0.6499999999999999,0.6,876.3,1.7229672209531517,569.5949999999999,130.0,0.0,1.0,0,1
P869,0.199098434421253,0.6499999999999999,0.6,876.3,1.7229672209531517,569.5949999999999,130.0,0.0,1.5,0,1
P870,0.199098434421253,0.6499999999999999,0.6,876.3,1.7229672209531517,569.5949999999999,130.0,0.0,2.0,0,1
P871,0.199098434421253,0.6499999999999999,0.6,876.3,1.7229672209531517,569.5949999999999,200.0,0.0,0.5,0,1
P872,0.199098434421253,0.6499999999999999,0.6,876.3,1.7229672209531517,569.5949999999999,200.0,0.0,1.0,0,1
P873,0.199098434421253,0.6499999999999999,0.6,876.3,1.7229672209531517,569.5949999999999,200.0,0.0,1.5,0,1
P874,0.199098434421253,0.6499999999999999,0.6,876.3,1.7229672209531517,569.5949999999999,200.0,0.0,2.0,0,1
P875,0.199098434421253,0.6499999999999999,0.6,1101.3,1.7229672209531517,715.8449999999999,-10.0,0.0,0.5,0,1
P876,0.199098434421253,0.6499999999999999,0.6,1101.3,1.7229672209531517,715.8449999999999,-10.0,0.0,1.0,0,1
P877,0.199098434421253,0.6499999999999999,0.6,1101.3,1.7229672209531517,715.8449999999999,-10.0,0.0,1.5,0,1
P878,0.199098434421253,0.6499999999999999,0.6,1101.3,1.7229672209531517,715.8449999999999,-10.0,0.0,2.0,0,1
P879,0.199098434421253,0.6499999999999999,0.6,1101.3,1.7229672209531517,715.8449999999999,60.0,0.0,0.5,0,1
P880,0.199098434421253,0.6499999999999999,0.6,1101.3,1.7229672209531517,715.8449999999999,60.0,0.0,1.0,0,1
P881,0.199098434421253,0.6499999999999999,0.6,1101.3,1.7229672209531517,715.8449999999999,60.0,0.0,1.5,0,1
P882,0.199098434421253,0.6499999999999999,0.6,1101.3,1.7229672209531517,715.8449999999999,60.0,0.0,2.0,0,1
P883,0.199098434421253,0.6499999999999999,0.6,1101.3,1.7229672209531517,715.8449999999999,130.0,0.0,0.5,0,1
P884,0.199098434421253,0.6499999999999999,0.6,1101.3,1.7229672209531517,715.8449999999999,130.0,0.0,1.0,0,1
P885,0.199098434421253,0.6499999999999999,0.6,1101.3,1.7229672209531517,715.8449999999999,130.0,0.0,1.5,0,1
P886,0.199098434421253,0.6499999999999999,0.6,1101.3,1.7229672209531517,715.8449999999999,130.0,0.0,2.0,0,1
P887,0.199098434421253,0.6499999999999999,0.6,1101.3,1.7229672209531517,715.8449999999999,200.0,0.0,0.5,0,1
P888,0.199098434421253,0.6499999999999999,0.6,1101.3,1.7229672209531517,715.8449999999999,200.0,0.0,1.0,0,1
P889,0.199098434421253,0.6499999999999999,0.6,1101.3,1.7229672209531517,715.8449999999999,200.0,0.0,1.5,0,1
P890,0.199098434421253,0.6499999999999999,0.6,1101.3,1.7229672209531517,715.8449999999999,200.0,0.0,2.0,0,1
P891,0.3981968688425061,0.6499999999999999,1.2,201.3,2.948188355853171,130.845,-10.0,0.0,0.5,0,1
P892,0.3981968688425061,0.6499999999999999,1.2,201.3,2.948188355853171,130.845,-10.0,0.0,1.0,0,1
P893,0.3981968688425061,0.6499999999999999,1.2,201.3,2.948188355853171,130.845,-10.0,0.0,1.5,0,1
P894,0.3981968688425061,0.6499999999999999,1.2,201.3,2.948188355853171,130.845,-10.0,0.0,2.0,0,1
P895,0.3981968688425061,0.6499999999999999,1.2,201.3,2.948188355853171,130.845,60.0,0.0,0.5,0,1
P896,0.3981968688425061,0.6499999999999999,1.2,201.3,2.948188355853171,130.845,60.0,0.0,1.0,0,1
P897,0.3981968688425061,0.6499999999999999,1.2,201.3,2.948188355853171,130.845,60.0,0.0,1.5,0,1
P898,0.3981968688425061,0.6499999999999999,1.2,201.3,2.948188355853171,130.845,60.0,0.0,2.0,0,1
P899,0.3981968688425061,0.6499999999999999,1.2,201.3,2.948188355853171,130.845,130.0,0.0,0.5,0,1
P900,0.3981968688425061,0.6499999999999999,1.2,201.3,2.948188355853171,130.845,130.0,0.0,1.0,0,1
P901,0.3981968688425061,0.6499999999999999,1.2,201.3,2.948188355853171,130.845,130.0,0.0,1.5,0,1
P902,0.3981968688425061,0.6499999999999999,1.2,201.3,2.948188355853171,130.845,130.0,0.0,2.0,0,1
P903,0.3981968688425061,0.6499999999999999,1.2,201.3,2.948188355853171,130.845,200.0,0.0,0.5,0,1
P904,0.3981968688425061,0.6499999999999999,1.2,201.3,2.948188355853171,130.845,200.0,0.0,1.0,0,1
P905,0.3981968688425061,0.6499999999999999,1.2,201.3,2.948188355853171,130.845,200.0,0.0,1.5,0,1
P906,0.3981968688425061,0.6499999999999999,1.2,201.3,2.948188355853171,130.845,200.0,0.0,2.0,0,1
P907,0.3981968688425061,0.6499999999999999,1.2,426.3,2.948188355853171,277.09499999999997,-10.0,0.0,0.5,0,1
P908,0.3981968688425061,0.6499999999999999,1.2,426.3,2.948188355853171,277.09499999999997,-10.0,0.0,1.0,0,1
P909,0.3981968688425061,0.6499999999999999,1.2,426.3,2.948188355853171,277.09499999999997,-10.0,0.0,1.5,0,1
P910,0.3981968688425061,0.6499999999999999,1.2,426.3,2.948188355853171,277.09499999999997,-10.0,0.0,2.0,0,1
P911,0.3981968688425061,0.6499999999999999,1.2,426.3,2.948188355853171,277.09499999999997,60.0,0.0,0.5,0,1
P912,0.3981968688425061,0.6499999999999999,1.2,426.3,2.948188355853171,277.09499999999997,60.0,0.0,1.0,0,1
P913,0.3981968688425061,0.6499999999999999,1.2,426.3,2.948188355853171,277.09499999999997,60.0,0.0,1.5,0,1
P914,0.3981968688425061,0.6499999999999999,1.2,426.3,2.948188355853171,277.09499999999997,60.0,0.0,2.0,0,1
P915,0.3981968688425061,0.6499999999999999,1.2,426.3,2.948188355853171,277.09499999999997,130.0,0.0,0.5,0,1
P916,0.3981968688425061,0.6499999999999999,1.2,426.3,2.948188355853171,277.09499999999997,130.0,0.0,1.0,0,1
P917,0.3981968688425061,0.6499999999999999,1.2,426.3,2.948188355853171,277.09499999999997,130.0,0.0,1.5,0,1
P918,0.3981968688425061,0.6499999999999999,1.2,426.3,2.948188355853171,277.09499999999997,130.0,0.0,2.0,0,1
P919,0.3981968688425061,0.6499999999999999,1.2,426.3,2.948188355853171,277.09499999999997,200.0,0.0,0.5,0,1
P920,0.3981968688425061,0.6499999999999999,1.2,426.3,2.948188355853171,277.09499999999997,200.0,0.0,1.0,0,1
P921,0.3981968688425061,0.6499999999999999,1.2,426.3,2.948188355853171,277.09499999999997,200.0,0.0,1.5,0,1
P922,0.3981968688425061,0.6499999999999999,1.2,426.3,2.948188355853171,277.09499999999997,200.0,0.0,2.0,0,1
P923,0.3981968688425061,0.6499999999999999,1.2,651.3,2.948188355853171,423.3449999999999,-10.0,0.0,0.5,0,1
P924,0.3981968688425061,0.6499999999999999,1.2,651.3,2.948188355853171,423.3449999999999,-10.0,0.0,1.0,0,1
P925,0.3981968688425061,0.6499999999999999,1.2,651.3,2.948188355853171,423.3449999999999,-10.0,0.0,1.5,0,1
P926,0.3981968688425061,0.6499999999999999,1.2,651.3,2.948188355853171,423.3449999999999,-10.0,0.0,2.0,0,1
P927,0.3981968688425061,0.6499999999999999,1.2,651.3,2.948188355853171,423.3449999999999,60.0,0.0,0.5,0,1
P928,0.3981968688425061,0.6499999999999999,1.2,651.3,2.948188355853171,423.3449999999999,60.0,0.0,1.0,0,1
P929,0.3981968688425061,0.6499999999999999,1.2,651.3,2.948188355853171,423.3449999999999,60.0,0.0,1.5,0,1
P930,0.3981968688425061,0.6499999999999999,1.2,651.3,2.948188355853171,423.3449999999999,60.0,0.0,2.0,0,1
P931,0.3981968688425061,0.6499999999999999,1.2,651.3,2.948188355853171,423.3449999999999,130.0,0.0,0.5,0,1
P932,0.3981968688425061,0.6499999999999999,1.2,651.3,2.948188355853171,423.3449999999999,130.0,0.0,1.0,0,1
P933,0.3981968688425061,0.6499999999999999,1.2,651.3,2.948188355853171,423.3449999999999,130.0,0.0,1.5,0,1
P934,0.3981968688425061,0.6499999999999999,1.2,651.3,2.948188355853171,423.3449999999999,130.0,0.0,2.0,0,1
P935,0.3981968688425061,0.6499999999999999,1.2,651.3,2.948188355853171,423.3449999999999,200.0,0.0,0.5,0,1
P936,0.3981968688425061,0.6499999999999999,1.2,651.3,2.948188355853171,423.3449999999999,200.0,0.0,1.0,0,1
P937,0.3981968688425061,0.6499999999999999,1.2,651.3,2.948188355853171,423.3449999999999,200.0,0.0,1.5,0,1
P938,0.3981968688425061,0.6499999999999999,1.2,651.3,2.948188355853171,423.3449999999999,200.0,0.0,2.0,0,1
P939,0.3981968688425061,0.6499999999999999,1.2,876.3,2.948188355853171,569.5949999999999,-10.0,0.0,0.5,0,1
P940,0.3981968688425061,0.6499999999999999,1.2,876.3,2.948188355853171,569.5949999999999,-10.0,0.0,1.0,0,1
P941,0.3981968688425061,0.6499999999999999,1.2,876.3,2.948188355853171,569.5949999999999,-10.0,0.0,1.5,0,1
P942,0.3981968688425061,0.6499999999999999,1.2,876.3,2.948188355853171,569.5949999999999,-10.0,0.0,2.0,0,1
P943,0.3981968688425061,0.6499999999999999,1.2,876.3,2.948188355853171,569.5949999999999,60.0,0.0,0.5,0,1
P944,0.3981968688425061,0.6499999999999999,1.2,876.3,2.948188355853171,569.5949999999999,60.0,0.0,1.0,0,1
P945,0.3981968688425061,0.6499999999999999,1.2,876.3,2.948188355853171,569.5949999999999,60.0,0.0,1.5,0,1
P946,0.3981968688425061,0.6499999999999999,1.2,876.3,2.948188355853171,569.5949999999999,60.0,0.0,2.0,0,1
P947,0.3981968688425061,0.6499999999999999,1.2,876.3,2.948188355853171,569.5949999999999,130.0,0.0,0.5,0,1
P948,0.3981968688425061,0.6499999999999999,1.2,876.3,2.948188355853171,569.5949999999999,130.0,0.0,1.0,0,1
P949,0.3981968688425061,0.6499999999999999,1.2,876.3,2.948188355853171,569.5949999999999,130.0,0.0,1.5,0,1
P950,0.3981968688425061,0.6499999999999999,1.2,876.3,2.948188355853171,569.5949999999999,130.0,0.0,2.0,0,1
P951,0.3981968688425061,0.6499999999999999,1.2,876.3,2.948188355853171,569.5949999999999,200.0,0.0,0.5,0,1
P952,0.3981968688425061,0.6499999999999999,1.2,876.3,2.948188355853171,569.5949999999999,200.0,0.0,1.0,0,1
P953,0.3981968688425061,0.6499999999999999,1.2,876.3,2.948188355853171,569.5949999999999,200.0,0.0,1.5,0,1
P954,0.3981968688425061,0.6499999999999999,1.2,876.3,2.948188355853171,569.5949999999999,200.0,0.0,2.0,0,1
P955,0.3981968688425061,0.6499999999999999,1.2,1101.3,2.948188355853171,715.8449999999999,-10.0,0.0,0.5,0,1
P956,0.3981968688425061,0.6499999999999999,1.2,1101.3,2.948188355853171,715.8449999999999,-10.0,0.0,1.0,0,1
P957,0.3981968688425061,0.6499999999999999,1.2,1101.3,2.948188355853171,715.8449999999999,-10.0,0.0,1.5,0,1
P958,0.3981968688425061,0.6499999999999999,1.2,1101.3,2.948188355853171,715.8449999999999,-10.0,0.0,2.0,0,1
P959,0.3981968688425061,0.6499999999999999,1.2,1101.3,2.948188355853171,715.8449999999999,60.0,0.0,0.5,0,1
P960,0.3981968688425061,0.6499999999999999,1.2,1101.3,2.948188355853171,715.8449999999999,60.0,0.0,1.0,0,1
P961,0.3981968688425061,0.6499999999999999,1.2,1101.3,2.948188355853171,715.8449999999999,60.0,0.0,1.5,0,1
P962,0.3981968688425061,0.6499999999999999,1.2,1101.3,2.948188355853171,715.8449999999999,60.0,0.0,2.0,0,1
P963,0.3981968688425061,0.6499999999999999,1.2,1101.3,2.948188355853171,715.8449999999999,130.0,0.0,0.5,0,1
P964,0.3981968688425061,0.6499999999999999,1.2,1101.3,2.948188355853171,715.8449999999999,130.0,0.0,1.0,0,1
P965,0.3981968688425061,0.6499999999999999,1.2,1101.3,2.948188355853171,715.8449999999999,130.0,0.0,1.5,0,1
P966,0.3981968688425061,0.6499999999999999,1.2,1101.3,2.948188355853171,715.8449999999999,130.0,0.0,2.0,0,1
P967,0.3981968688425061,0.6499999999999999,1.2,1101.3,2.948188355853171,715.8449999999999,200.0,0.0,0.5,0,1
P968,0.3981968688425061,0.6499999999999999,1.2,1101.3,2.948188355853171,715.8449999999999,200.0,0.0,1.0,0,1
P969,0.3981968688425061,0.6499999999999999,1.2,1101.3,2.948188355853171,715.8449999999999,200.0,0.0,1.5,0,1
P970,0.3981968688425061,0.6499999999999999,1.2,1101.3,2.948188355853171,715.8449999999999,200.0,0.0,2.0,0,1
P971,0.5972953032637592,0.6499999999999999,1.8,201.3,4.17340949075319,130.845,-10.0,0.0,0.5,0,1
P972,0.5972953032637592,0.6499999999999999,1.8,201.3,4.17340949075319,130.845,-10.0,0.0,1.0,0,1
P973,0.5972953032637592,0.6499999999999999,1.8,201.3,4.17340949075319,130.845,-10.0,0.0,1.5,0,1
P974,0.5972953032637592,0.6499999999999999,1.8,201.3,4.17340949075319,130.845,-10.0,0.0,2.0,0,1
P975,0.5972953032637592,0.6499999999999999,1.8,201.3,4.17340949075319,130.845,60.0,0.0,0.5,0,1
P976,0.5972953032637592,0.6499999999999999,1.8,201.3,4.17340949075319,130.845,60.0,0.0,1.0,0,1
P977,0.5972953032637592,0.6499999999999999,1.8,201.3,4.17340949075319,130.845,60.0,0.0,1.5,0,1
P978,0.5972953032637592,0.6499999999999999,1.8,201.3,4.17340949075319,130.845,60.0,0.0,2.0,0,1
P979,0.5972953032637592,0.6499999999999999,1.8,201.3,4.17340949075319,130.845,130.0,0.0,0.5,0,1
P980,0.5972953032637592,0.6499999999999999,1.8,201.3,4.17340949075319,130.845,130.0,0.0,1.0,0,1
P981,0.5972953032637592,0.6499999999999999,1.8,201.3,4.17340949075319,130.845,130.0,0.0,1.5,0,1
P982,0.5972953032637592,0.6499999999999999,1.8,201.3,4.17340949075319,130.845,130.0,0.0,2.0,0,1
P983,0.5972953032637592,0.6499999999999999,1.8,201.3,4.17340949075319,130.845,200.0,0.0,0.5,0,1
P984,0.5972953032637592,0.6499999999999999,1.8,201.3,4.17340949075319,130.845,200.0,0.0,1.0,0,1
P985,0.5972953032637592,0.6499999999999999,1.8,201.3,4.17340949075319,130.845,200.0,0.0,1.5,0,1
P986,0.5972953032637592,0.6499999999999999,1.8,201.3,4.17340949075319,130.845,200.0,0.0,2.0,0,1
P987,0.5972953032637592,0.6499999999999999,1.8,426.3,4.17340949075319,277.09499999999997,-10.0,0.0,0.5,0,1
P988,0.5972953032637592,0.6499999999999999,1.8,426.3,4.17340949075319,277.09499999999997,-10.0,0.0,1.0,0,1
P989,0.5972953032637592,0.6499999999999999,1.8,426.3,4.17340949075319,277.09499999999997,-10.0,0.0,1.5,0,1
P990,0.5972953032637592,0.6499999999999999,1.8,426.3,4.17340949075319,277.09499999999997,-10.0,0.0,2.0,0,1
P991,0.5972953032637592,0.6499999999999999,1.8,426.3,4.17340949075319,277.09499999999997,60.0,0.0,0.5,0,1
P992,0.5972953032637592,0.6499999999999999,1.8,426.3,4.17340949075319,277.09499999999997,60.0,0.0,1.0,0,1
P993,0.5972953032637592,0.6499999999999999,1.8,426.3,4.17340949075319,277.09499999999997,60.0,0.0,1.5,0,1
P994,0.5972953032637592,0.6499999999999999,1.8,426.3,4.17340949075319,277.09499999999997,60.0,0.0,2.0,0,1
P995,0.5972953032637592,0.6499999999999999,1.8,426.3,4.17340949075319,277.09499999999997,130.0,0.0,0.5,0,1
P996,0.5972953032637592,0.6499999999999999,1.8,426.3,4.17340949075319,277.09499999999997,130.0,0.0,1.0,0,1
P997,0.5972953032637592,0.6499999999999999,1.8,426.3,4.17340949075319,277.09499999999997,130.0,0.0,1.5,0,1
P998,0.5972953032637592,0.6499999999999999,1.8,426.3,4.17340949075319,277.09499999999997,130.0,0.0,2.0,0,1
P999,0.5972953032637592,0.6499999999999999,1.8,426.3,4.17340949075319,277.09499999999997,200.0,0.0,0.5,0,1
P1000,0.5972953032637592,0.6499999999999999,1.8,426.3,4.17340949075319,277.09499999999997,200.0,0.0,1.0,0,1
P1001,0.5972953032637592,0.6499999999999999,1.8,426.3,4.17340949075319,277.09499999999997,200.0,0.0,1.5,0,1
P1002,0.5972953032637592,0.6499999999999999,1.8,426.3,4.17340949075319,277.09499999999997,200.0,0.0,2.0,0,1
P1003,0.5972953032637592,0.6499999999999999,1.8,651.3,4.17340949075319,423.3449999999999,-10.0,0.0,0.5,0,1
P1004,0.5972953032637592,0.6499999999999999,1.8,651.3,4.17340949075319,423.3449999999999,-10.0,0.0,1.0,0,1
P1005,0.5972953032637592,0.6499999999999999,1.8,651.3,4.17340949075319,423.3449999999999,-10.0,0.0,1.5,0,1
P1006,0.5972953032637592,0.6499999999999999,1.8,651.3,4.17340949075319,423.3449999999999,-10.0,0.0,2.0,0,1
P1007,0.5972953032637592,0.6499999999999999,1.8,651.3,4.17340949075319,423.3449999999999,60.0,0.0,0.5,0,1
P1008,0.5972953032637592,0.6499999999999999,1.8,651.3,4.17340949075319,423.3449999999999,60.0,0.0,1.0,0,1
P1009,0.5972953032637592,0.6499999999999999,1.8,651.3,4.17340949075319,423.3449999999999,60.0,0.0,1.5,0,1
P1010,0.5972953032637592,0.6499999999999999,1.8,651.3,4.17340949075319,423.3449999999999,60.0,0.0,2.0,0,1
P1011,0.5972953032637592,0.6499999999999999,1.8,651.3,4.17340949075319,423.3449999999999,130.0,0.0,0.5,0,1
P1012,0.5972953032637592,0.6499999999999999,1.8,651.3,4.17340949075319,423.3449999999999,130.0,0.0,1.0,0,1
P1013,0.5972953032637592,0.6499999999999999,1.8,651.3,4.17340949075319,423.3449999999999,130.0,0.0,1.5,0,1
P1014,0.5972953032637592,0.6499999999999999,1.8,651.3,4.17340949075319,423.3449999999999,130.0,0.0,2.0,0,1
P1015,0.5972953032637592,0.6499999999999999,1.8,651.3,4.17340949075319,423.3449999999999,200.0,0.0,0.5,0,1
P1016,0.5972953032637592,0.6499999999999999,1.8,651.3,4.17340949075319,423.3449999999999,200.0,0.0,1.0,0,1
P1017,0.5972953032637592,0.6499999999999999,1.8,651.3,4.17340949075319,423.3449999999999,200.0,0.0,1.5,0,1
P1018,0.5972953032637592,0.6499999999999999,1.8,651.3,4.17340949075319,423.3449999999999,200.0,0.0,2.0,0,1
P1019,0.5972953032637592,0.6499999999999999,1.8,876.3,4.17340949075319,569.5949999999999,-10.0,0.0,0.5,0,1
P1020,0.5972953032637592,0.6499999999999999,1.8,876.3,4.17340949075319,569.5949999999999,-10.0,0.0,1.0,0,1
P1021,0.5972953032637592,0.6499999999999999,1.8,876.3,4.17340949075319,569.5949999999999,-10.0,0.0,1.5,0,1
P1022,0.5972953032637592,0.6499999999999999,1.8,876.3,4.17340949075319,569.5949999999999,-10.0,0.0,2.0,0,1
P1023,0.5972953032637592,0.6499999999999999,1.8,876.3,4.17340949075319,569.5949999999999,60.0,0.0,0.5,0,1
P1024,0.5972953032637592,0.6499999999999999,1.8,876.3,4.17340949075319,569.5949999999999,60.0,0.0,1.0,0,1
P1025,0.5972953032637592,0.6499999999999999,1.8,876.3,4.17340949075319,569.5949999999999,60.0,0.0,1.5,0,1
P1026,0.5972953032637592,0.6499999999999999,1.8,876.3,4.17340949075319,569.5949999999999,60.0,0.0,2.0,0,1
P1027,0.5972953032637592,0.6499999999999999,1.8,876.3,4.17340949075319,569.5949999999999,130.0,0.0,0.5,0,1
P1028,0.5972953032637592,0.6499999999999999,1.8,876.3,4.17340949075319,569.5949999999999,130.0,0.0,1.0,0,1
P1029,0.5972953032637592,0.6499999999999999,1.8,876.3,4.17340949075319,569.5949999999999,130.0,0.0,1.5,0,1
P1030,0.5972953032637592,0.6499999999999999,1.8,876.3,4.17340949075319,569.5949999999999,130.0,0.0,2.0,0,1
P1031,0.5972953032637592,0.6499999999999999,1.8,876.3,4.17340949075319,569.5949999999999,200.0,0.0,0.5,0,1
P1032,0.5972953032637592,0.6499999999999999,1.8,876.3,4.17340949075319,569.5949999999999,200.0,0.0,1.0,0,1
P1033,0.5972953032637592,0.6499999999999999,1.8,876.3,4.17340949075319,569.5949999999999,200.0,0.0,1.5,0,1
P1034,0.5972953032637592,0.6499999999999999,1.8,876.3,4.17340949075319,569.5949999999999,200.0,0.0,2.0,0,1
P1035,0.5972953032637592,0.6499999999999999,1.8,1101.3,4.17340949075319,715.8449999999999,-10.0,0.0,0.5,0,1
P1036,0.5972953032637592,0.6499999999999999,1.8,1101.3,4.17340949075319,715.8449999999999,-10.0,0.0,1.0,0,1
P1037,0.5972953032637592,0.6499999999999999,1.8,1101.3,4.17340949075319,715.8449999999999,-10.0,0.0,1.5,0,1
P1038,0.5972953032637592,0.6499999999999999,1.8,1101.3,4.17340949075319,715.8449999999999,-10.0,0.0,2.0,0,1
P1039,0.5972953032637592,0.6499999999999999,1.8,1101.3,4.17340949075319,715.8449999999999,60.0,0.0,0.5,0,1
P1040,0.5972953032637592,0.6499999999999999,1.8,1101.3,4.17340949075319,715.8449999999999,60.0,0.0,1.0,0,1
P1041,0.5972953032637592,0.6499999999999999,1.8,1101.3,4.17340949075319,715.8449999999999,60.0,0.0,1.5,0,1
P1042,0.5972953032637592,0.6499999999999999,1.8,1101.3,4.17340949075319,715.8449999999999,60.0,0.0,2.0,0,1
P1043,0.5972953032637592,0.6499999999999999,1.8,1101.3,4.17340949075319,715.8449999999999,130.0,0.0,0.5,0,1
P1044,0.5972953032637592,0.6499999999999999,1.8,1101.3,4.17340949075319,715.8449999999999,130.0,0.0,1.0,0,1
P1045,0.5972953032637592,0.6499999999999999,1.8,1101.3,4.17340949075319,715.8449999999999,130.0,0.0,1.5,0,1
P1046,0.5972953032637592,0.6499999999999999,1.8,1101.3,4.17340949075319,715.8449999999999,130.0,0.0,2.0,0,1
P1047,0.5972953032637592,0.6499999999999999,1.8,1101.3,4.17340949075319,715.8449999999999,200.0,0.0,0.5,0,1
P1048,0.5972953032637592,0.6499999999999999,1.8,1101.3,4.17340949075319,715.8449999999999,200.0,0.0,1.0,0,1
P1049,0.5972953032637592,0.6499999999999999,1.8,1101.3,4.17340949075319,715.8449999999999,200.0,0.0,1.5,0,1
P1050,0.5972953032637592,0.6499999999999999,1.8,1101.3,4.17340949075319,715.8449999999999,200.0,0.0,2.0,0,1
P1051,0.7963937376850123,0.6499999999999999,2.4,201.3,5.398630625653209,130.845,-10.0,0.0,0.5,0,1
P1052,0.7963937376850123,0.6499999999999999,2.4,201.3,5.398630625653209,130.845,-10.0,0.0,1.0,0,1
P1053,0.7963937376850123,0.6499999999999999,2.4,201.3,5.398630625653209,130.845,-10.0,0.0,1.5,0,1
P1054,0.7963937376850123,0.6499999999999999,2.4,201.3,5.398630625653209,130.845,-10.0,0.0,2.0,0,1
P1055,0.7963937376850123,0.6499999999999999,2.4,201.3,5.398630625653209,130.845,60.0,0.0,0.5,0,1
P1056,0.7963937376850123,0.6499999999999999,2.4,201.3,5.398630625653209,130.845,60.0,0.0,1.0,0,1
P1057,0.7963937376850123,0.6499999999999999,2.4,201.3,5.398630625653209,130.845,60.0,0.0,1.5,0,1
P1058,0.7963937376850123,0.6499999999999999,2.4,201.3,5.398630625653209,130.845,60.0,0.0,2.0,0,1
P1059,0.7963937376850123,0.6499999999999999,2.4,201.3,5.398630625653209,130.845,130.0,0.0,0.5,0,1
P1060,0.7963937376850123,0.6499999999999999,2.4,201.3,5.398630625653209,130.845,130.0,0.0,1.0,0,1
P1061,0.7963937376850123,0.6499999999999999,2.4,201.3,5.398630625653209,130.845,130.0,0.0,1.5,0,1
P1062,0.7963937376850123,0.6499999999999999,2.4,201.3,5.398630625653209,130.845,130.0,0.0,2.0,0,1
P1063,0.7963937376850123,0.6499999999999999,2.4,201.3,5.398630625653209,130.845,200.0,0.0,0.5,0,1
P1064,0.7963937376850123,0.6499999999999999,2.4,201.3,5.398630625653209,130.845,200.0,0.0,1.0,0,1
P1065,0.7963937376850123,0.6499999999999999,2.4,201.3,5.398630625653209,130.845,200.0,0.0,1.5,0,1
P1066,0.7963937376850123,0.6499999999999999,2.4,201.3,5.398630625653209,130.845,200.0,0.0,2.0,0,1
P1067,0.7963937376850123,0.6499999999999999,2.4,426.3,5.398630625653209,277.09499999999997,-10.0,0.0,0.5,0,1
P1068,0.7963937376850123,0.6499999999999999,2.4,426.3,5.398630625653209,277.09499999999997,-10.0,0.0,1.0,0,1
P1069,0.7963937376850123,0.6499999999999999,2.4,426.3,5.398630625653209,277.09499999999997,-10.0,0.0,1.5,0,1
P1070,0.7963937376850123,0.6499999999999999,2.4,426.3,5.398630625653209,277.09499999999997,-10.0,0.0,2.0,0,1
P1071,0.7963937376850123,0.6499999999999999,2.4,426.3,5.398630625653209,277.09499999999997,60.0,0.0,0.5,0,1
P1072,0.7963937376850123,0.6499999999999999,2.4,426.3,5.398630625653209,277.09499999999997,60.0,0.0,1.0,0,1
P1073,0.7963937376850123,0.6499999999999999,2.4,426.3,5.398630625653209,277.09499999999997,60.0,0.0,1.5,0,1
P1074,0.7963937376850123,0.6499999999999999,2.4,426.3,5.398630625653209,277.09499999999997,60.0,0.0,2.0,0,1
P1075,0.7963937376850123,0.6499999999999999,2.4,426.3,5.398630625653209,277.09499999999997,130.0,0.0,0.5,0,1
P1076,0.7963937376850123,0.6499999999999999,2.4,426.3,5.398630625653209,277.09499999999997,130.0,0.0,1.0,0,1
P1077,0.7963937376850123,0.6499999999999999,2.4,426.3,5.398630625653209,277.09499999999997,130.0,0.0,1.5,0,1
P1078,0.7963937376850123,0.6499999999999999,2.4,426.3,5.398630625653209,277.09499999999997,130.0,0.0,2.0,0,1
P1079,0.7963937376850123,0.6499999999999999,2.4,426.3,5.398630625653209,277.09499999999997,200.0,0.0,0.5,0,1
P1080,0.7963937376850123,0.6499999999999999,2.4,426.3,5.398630625653209,277.09499999999997,200.0,0.0,1.0,0,1
P1081,0.7963937376850123,0.6499999999999999,2.4,426.3,5.398630625653209,277.09499999999997,200.0,0.0,1.5,0,1
P1082,0.7963937376850123,0.6499999999999999,2.4,426.3,5.398630625653209,277.09499999999997,200.0,0.0,2.0,0,1
P1083,0.7963937376850123,0.6499999999999999,2.4,651.3,5.398630625653209,423.3449999999999,-10.0,0.0,0.5,0,1
P1084,0.7963937376850123,0.6499999999999999,2.4,651.3,5.398630625653209,423.3449999999999,-10.0,0.0,1.0,0,1
P1085,0.7963937376850123,0.6499999999999999,2.4,651.3,5.398630625653209,423.3449999999999,-10.0,0.0,1.5,0,1
P1086,0.7963937376850123,0.6499999999999999,2.4,651.3,5.398630625653209,423.3449999999999,-10.0,0.0,2.0,0,1
P1087,0.7963937376850123,0.6499999999999999,2.4,651.3,5.398630625653209,423.3449999999999,60.0,0.0,0.5,0,1
P1088,0.7963937376850123,0.6499999999999999,2.4,651.3,5.398630625653209,423.3449999999999,60.0,0.0,1.0,0,1
P1089,0.7963937376850123,0.6499999999999999,2.4,651.3,5.398630625653209,423.3449999999999,60.0,0.0,1.5,0,1
P1090,0.7963937376850123,0.6499999999999999,2.4,651.3,5.398630625653209,423.3449999999999,60.0,0.0,2.0,0,1
P1091,0.7963937376850123,0.6499999999999999,2.4,651.3,5.398630625653209,423.3449999999999,130.0,0.0,0.5,0,1
P1092,0.7963937376850123,0.6499999999999999,2.4,651.3,5.398630625653209,423.3449999999999,130.0,0.0,1.0,0,1
P1093,0.7963937376850123,0.6499999999999999,2.4,651.3,5.398630625653209,423.3449999999999,130.0,0.0,1.5,0,1
P1094,0.7963937376850123,0.6499999999999999,2.4,651.3,5.398630625653209,423.3449999999999,130.0,0.0,2.0,0,1
P1095,0.7963937376850123,0.6499999999999999,2.4,651.3,5.398630625653209,423.3449999999999,200.0,0.0,0.5,0,1
P1096,0.7963937376850123,0.6499999999999999,2.4,651.3,5.398630625653209,423.3449999999999,200.0,0.0,1.0,0,1
P1097,0.7963937376850123,0.6499999999999999,2.4,651.3,5.398630625653209,423.3449999999999,200.0,0.0,1.5,0,1
P1098,0.7963937376850123,0.6499999999999999,2.4,651.3,5.398630625653209,423.3449999999999,200.0,0.0,2.0,0,1
P1099,0.7963937376850123,0.6499999999999999,2.4,876.3,5.398630625653209,569.5949999999999,-10.0,0.0,0.5,0,1
P1100,0.7963937376850123,0.6499999999999999,2.4,876.3,5.398630625653209,569.5949999999999,-10.0,0.0,1.0,0,1
P1101,0.7963937376850123,0.6499999999999999,2.4,876.3,5.398630625653209,569.5949999999999,-10.0,0.0,1.5,0,1
P1102,0.7963937376850123,0.6499999999999999,2.4,876.3,5.398630625653209,569.5949999999999,-10.0,0.0,2.0,0,1
P1103,0.7963937376850123,0.6499999999999999,2.4,876.3,5.398630625653209,569.5949999999999,60.0,0.0,0.5,0,1
P1104,0.7963937376850123,0.6499999999999999,2.4,876.3,5.398630625653209,569.5949999999999,60.0,0.0,1.0,0,1
P1105,0.7963937376850123,0.6499999999999999,2.4,876.3,5.398630625653209,569.5949999999999,60.0,0.0,1.5,0,1
P1106,0.7963937376850123,0.6499999999999999,2.4,876.3,5.398630625653209,569.5949999999999,60.0,0.0,2.0,0,1
P1107,0.7963937376850123,0.6499999999999999,2.4,876.3,5.398630625653209,569.5949999999999,130.0,0.0,0.5,0,1
P1108,0.7963937376850123,0.6499999999999999,2.4,876.3,5.398630625653209,569.5949999999999,130.0,0.0,1.0,0,1
P1109,0.7963937376850123,0.6499999999999999,2.4,876.3,5.398630625653209,569.5949999999999,130.0,0.0,1.5,0,1
P1110,0.7963937376850123,0.6499999999999999,2.4,876.3,5.398630625653209,569.5949999999999,130.0,0.0,2.0,0,1
P1111,0.7963937376850123,0.6499999999999999,2.4,876.3,5.398630625653209,569.5949999999999,200.0,0.0,0.5,0,1
P1112,0.7963937376850123,0.6499999999999999,2.4,876.3,5.398630625653209,569.5949999999999,200.0,0.0,1.0,0,1
P1113,0.7963937376850123,0.6499999999999999,2.4,876.3,5.398630625653209,569.5949999999999,200.0,0.0,1.5,0,1
P1114,0.7963937376850123,0.6499999999999999,2.4,876.3,5.398630625653209,569.5949999999999,200.0,0.0,2.0,0,1
P1115,0.7963937376850123,0.6499999999999999,2.4,1101.3,5.398630625653209,715.8449999999999,-10.0,0.0,0.5,0,1
P1116,0.7963937376850123,0.6499999999999999,2.4,1101.3,5.398630625653209,715.8449999999999,-10.0,0.0,1.0,0,1
P1117,0.7963937376850123,0.6499999999999999,2.4,1101.3,5.398630625653209,715.8449999999999,-10.0,0.0,1.5,0,1
P1118,0.7963937376850123,0.6499999999999999,2.4,1101.3,5.398630625653209,715.8449999999999,-10.0,0.0,2.0,0,1
P1119,0.7963937376850123,0.6499999999999999,2.4,1101.3,5.398630625653209,715.8449999999999,60.0,0.0,0.5,0,1
P1120,0.7963937376850123,0.6499999999999999,2.4,1101.3,5.398630625653209,715.8449999999999,60.0,0.0,1.0,0,1
P1121,0.7963937376850123,0.6499999999999999,2.4,1101.3,5.398630625653209,715.8449999999999,60.0,0.0,1.5,0,1
P1122,0.7963937376850123,0.6499999999999999,2.4,1101.3,5.398630625653209,715.8449999999999,60.0,0.0,2.0,0,1
P1123,0.7963937376850123,0.6499999999999999,2.4,1101.3,5.398630625653209,715.8449999999999,130.0,0.0,0.5,0,1
P1124,0.7963937376850123,0.6499999999999999,2.4,1101.3,5.398630625653209,715.8449999999999,130.0,0.0,1.0,0,1
P1125,0.7963937376850123,0.6499999999999999,2.4,1101.3,5.398630625653209,715.8449999999999,130.0,0.0,1.5,0,1
P1126,0.7963937376850123,0.6499999999999999,2.4,1101.3,5.398630625653209,715.8449999999999,130.0,0.0,2.0,0,1
P1127,0.7963937376850123,0.6499999999999999,2.4,1101.3,5.398630625653209,715.8449999999999,200.0,0.0,0.5,0,1
P1128,0.7963937376850123,0.6499999999999999,2.4,1101.3,5.398630625653209,715.8449999999999,200.0,0.0,1.0,0,1
P1129,0.7963937376850123,0.6499999999999999,2.4,1101.3,5.398630625653209,715.8449999999999,200.0,0.0,1.5,0,1
P1130,0.7963937376850123,0.6499999999999999,2.4,1101.3,5.398630625653209,715.8449999999999,200.0,0.0,2.0,0,1
P1131,0.9954921721062654,0.6499999999999999,3.0,201.3,6.6238517605532286,130.845,-10.0,0.0,0.5,0,1
P1132,0.9954921721062654,0.6499999999999999,3.0,201.3,6.6238517605532286,130.845,-10.0,0.0,1.0,0,1
P1133,0.9954921721062654,0.6499999999999999,3.0,201.3,6.6238517605532286,130.845,-10.0,0.0,1.5,0,1
P1134,0.9954921721062654,0.6499999999999999,3.0,201.3,6.6238517605532286,130.845,-10.0,0.0,2.0,0,1
P1135,0.9954921721062654,0.6499999999999999,3.0,201.3,6.6238517605532286,130.845,60.0,0.0,0.5,0,1
P1136,0.9954921721062654,0.6499999999999999,3.0,201.3,6.6238517605532286,130.845,60.0,0.0,1.0,0,1
P1137,0.9954921721062654,0.6499999999999999,3.0,201.3,6.6238517605532286,130.845,60.0,0.0,1.5,0,1
P1138,0.9954921721062654,0.6499999999999999,3.0,201.3,6.6238517605532286,130.845,60.0,0.0,2.0,0,1
P1139,0.9954921721062654,0.6499999999999999,3.0,201.3,6.6238517605532286,130.845,130.0,0.0,0.5,0,1
P1140,0.9954921721062654,0.6499999999999999,3.0,201.3,6.6238517605532286,130.845,130.0,0.0,1.0,0,1
P1141,0.9954921721062654,0.6499999999999999,3.0,201.3,6.6238517605532286,130.845,130.0,0.0,1.5,0,1
P1142,0.9954921721062654,0.6499999999999999,3.0,201.3,6.6238517605532286,130.845,130.0,0.0,2.0,0,1
P1143,0.9954921721062654,0.6499999999999999,3.0,201.3,6.6238517605532286,130.845,200.0,0.0,0.5,0,1
P1144,0.9954921721062654,0.6499999999999999,3.0,201.3,6.6238517605532286,130.845,200.0,0.0,1.0,0,1
P1145,0.9954921721062654,0.6499999999999999,3.0,201.3,6.6238517605532286,130.845,200.0,0.0,1.5,0,1
P1146,0.9954921721062654,0.6499999999999999,3.0,201.3,6.6238517605532286,130.845,200.0,0.0,2.0,0,1
P1147,0.9954921721062654,0.6499999999999999,3.0,426.3,6.6238517605532286,277.09499999999997,-10.0,0.0,0.5,0,1
P1148,0.9954921721062654,0.6499999999999999,3.0,426.3,6.6238517605532286,277.09499999999997,-10.0,0.0,1.0,0,1
P1149,0.9954921721062654,0.6499999999999999,3.0,426.3,6.6238517605532286,277.09499999999997,-10.0,0.0,1.5,0,1
P1150,0.9954921721062654,0.6499999999999999,3.0,426.3,6.6238517605532286,277.09499999999997,-10.0,0.0,2.0,0,1
P1151,0.9954921721062654,0.6499999999999999,3.0,426.3,6.6238517605532286,277.09499999999997,60.0,0.0,0.5,0,1
P1152,0.9954921721062654,0.6499999999999999,3.0,426.3,6.6238517605532286,277.09499999999997,60.0,0.0,1.0,0,1
P1153,0.9954921721062654,0.6499999999999999,3.0,426.3,6.6238517605532286,277.09499999999997,60.0,0.0,1.5,0,1
P1154,0.9954921721062654,0.6499999999999999,3.0,426.3,6.6238517605532286,277.09499999999997,60.0,0.0,2.0,0,1
P1155,0.9954921721062654,0.6499999999999999,3.0,426.3,6.6238517605532286,277.09499999999997,130.0,0.0,0.5,0,1
P1156,0.9954921721062654,0.6499999999999999,3.0,426.3,6.6238517605532286,277.09499999999997,130.0,0.0,1.0,0,1
P1157,0.9954921721062654,0.6499999999999999,3.0,426.3,6.6238517605532286,277.09499999999997,130.0,0.0,1.5,0,1
P1158,0.9954921721062654,0.6499999999999999,3.0,426.3,6.6238517605532286,277.09499999999997,130.0,0.0,2.0,0,1
P1159,0.9954921721062654,0.6499999999999999,3.0,426.3,6.6238517605532286,277.09499999999997,200.0,0.0,0.5,0,1
P1160,0.9954921721062654,0.6499999999999999,3.0,426.3,6.6238517605532286,277.09499999999997,200.0,0.0,1.0,0,1
P1161,0.9954921721062654,0.6499999999999999,3.0,426.3,6.6238517605532286,277.09499999999997,200.0,0.0,1.5,0,1
P1162,0.9954921721062654,0.6499999999999999,3.0,426.3,6.6238517605532286,277.09499999999997,200.0,0.0,2.0,0,1
P1163,0.9954921721062654,0.6499999999999999,3.0,651.3,6.6238517605532286,423.3449999999999,-10.0,0.0,0.5,0,1
P1164,0.9954921721062654,0.6499999999999999,3.0,651.3,6.6238517605532286,423.3449999999999,-10.0,0.0,1.0,0,1
P1165,0.9954921721062654,0.6499999999999999,3.0,651.3,6.6238517605532286,423.3449999999999,-10.0,0.0,1.5,0,1
P1166,0.9954921721062654,0.6499999999999999,3.0,651.3,6.6238517605532286,423.3449999999999,-10.0,0.0,2.0,0,1
P1167,0.9954921721062654,0.6499999999999999,3.0,651.3,6.6238517605532286,423.3449999999999,60.0,0.0,0.5,0,1
P1168,0.9954921721062654,0.6499999999999999,3.0,651.3,6.6238517605532286,423.3449999999999,60.0,0.0,1.0,0,1
P1169,0.9954921721062654,0.6499999999999999,3.0,651.3,6.6238517605532286,423.3449999999999,60.0,0.0,1.5,0,1
P1170,0.9954921721062654,0.6499999999999999,3.0,651.3,6.6238517605532286,423.3449999999999,60.0,0.0,2.0,0,1
P1171,0.9954921721062654,0.6499999999999999,3.0,651.3,6.6238517605532286,423.3449999999999,130.0,0.0,0.5,0,1
P1172,0.9954921721062654,0.6499999999999999,3.0,651.3,6.6238517605532286,423.3449999999999,130.0,0.0,1.0,0,1
P1173,0.9954921721062654,0.6499999999999999,3.0,651.3,6.6238517605532286,423.3449999999999,130.0,0.0,1.5,0,1
P1174,0.9954921721062654,0.6499999999999999,3.0,651.3,6.6238517605532286,423.3449999999999,130.0,0.0,2.0,0,1
P1175,0.9954921721062654,0.6499999999999999,3.0,651.3,6.6238517605532286,423.3449999999999,200.0,0.0,0.5,0,1
P1176,0.9954921721062654,0.6499999999999999,3.0,651.3,6.6238517605532286,423.3449999999999,200.0,0.0,1.0,0,1
P1177,0.9954921721062654,0.6499999999999999,3.0,651.3,6.6238517605532286,423.3449999999999,200.0,0.0,1.5,0,1
P1178,0.9954921721062654,0.6499999999999999,3.0,651.3,6.6238517605532286,423.3449999999999,200.0,0.0,2.0,0,1
P1179,0.9954921721062654,0.6499999999999999,3.0,876.3,6.6238517605532286,569.5949999999999,-10.0,0.0,0.5,0,1
P1180,0.9954921721062654,0.6499999999999999,3.0,876.3,6.6238517605532286,569.5949999999999,-10.0,0.0,1.0,0,1
P1181,0.9954921721062654,0.6499999999999999,3.0,876.3,6.6238517605532286,569.5949999999999,-10.0,0.0,1.5,0,1
P1182,0.9954921721062654,0.6499999999999999,3.0,876.3,6.6238517605532286,569.5949999999999,-10.0,0.0,2.0,0,1
P1183,0.9954921721062654,0.6499999999999999,3.0,876.3,6.6238517605532286,569.5949999999999,60.0,0.0,0.5,0,1
P1184,0.9954921721062654,0.6499999999999999,3.0,876.3,6.6238517605532286,569.5949999999999,60.0,0.0,1.0,0,1
P1185,0.9954921721062654,0.6499999999999999,3.0,876.3,6.6238517605532286,569.5949999999999,60.0,0.0,1.5,0,1
P1186,0.9954921721062654,0.6499999999999999,3.0,876.3,6.6238517605532286,569.5949999999999,60.0,0.0,2.0,0,1
P1187,0.9954921721062654,0.6499999999999999,3.0,876.3,6.6238517605532286,569.5949999999999,130.0,0.0,0.5,0,1
P1188,0.9954921721062654,0.6499999999999999,3.0,876.3,6.6238517605532286,569.5949999999999,130.0,0.0,1.0,0,1
P1189,0.9954921721062654,0.6499999999999999,3.0,876.3,6.6238517605532286,569.5949999999999,130.0,0.0,1.5,0,1
P1190,0.9954921721062654,0.6499999999999999,3.0,876.3,6.6238517605532286,569.5949999999999,130.0,0.0,2.0,0,1
P1191,0.9954921721062654,0.6499999999999999,3.0,876.3,6.6238517605532286,569.5949999999999,200.0,0.0,0.5,0,1
P1192,0.9954921721062654,0.6499999999999999,3.0,876.3,6.6238517605532286,569.5949999999999,200.0,0.0,1.0,0,1
P1193,0.9954921721062654,0.6499999999999999,3.0,876.3,6.6238517605532286,569.5949999999999,200.0,0.0,1.5,0,1
P1194,0.9954921721062654,0.6499999999999999,3.0,876.3,6.6238517605532286,569.5949999999999,200.0,0.0,2.0,0,1
P1195,0.9954921721062654,0.6499999999999999,3.0,1101.3,6.6238517605532286,715.8449999999999,-10.0,0.0,0.5,0,1
P1196,0.9954921721062654,0.6499999999999999,3.0,1101.3,6.6238517605532286,715.8449999999999,-10.0,0.0,1.0,0,1
P1197,0.9954921721062654,0.6499999999999999,3.0,1101.3,6.6238517605532286,715.8449999999999,-10.0,0.0,1.5,0,1
P1198,0.9954921721062654,0.6499999999999999,3.0,1101.3,6.6238517605532286,715.8449999999999,-10.0,0.0,2.0,0,1
P1199,0.9954921721062654,0.6499999999999999,3.0,1101.3,6.6238517605532286,715.8449999999999,60.0,0.0,0.5,0,1
P1200,0.9954921721062654,0.6499999999999999,3.0,1101.3,6.6238517605532286,715.8449999999999,60.0,0.0,1.0,0,1
P1201,0.9954921721062654,0.6499999999999999,3.0,1101.3,6.6238517605532286,715.8449999999999,60.0,0.0,1.5,0,1
P1202,0.9954921721062654,0.6499999999999999,3.0,1101.3,6.6238517605532286,715.8449999999999,60.0,0.0,2.0,0,1
P1203,0.9954921721062654,0.6499999999999999,3.0,1101.3,6.6238517605532286,715.8449999999999,130.0,0.0,0.5,0,1
P1204,0.9954921721062654,0.6499999999999999,3.0,1101.3,6.6238517605532286,715.8449999999999,130.0,0.0,1.0,0,1
P1205,0.9954921721062654,0.6499999999999999,3.0,1101.3,6.6238517605532286,715.8449999999999,130.0,0.0,1.5,0,1
P1206,0.9954921721062654,0.6499999999999999,3.0,1101.3,6.6238517605532286,715.8449999999999,130.0,0.0,2.0,0,1
P1207,0.9954921721062654,0.6499999999999999,3.0,1101.3,6.6238517605532286,715.8449999999999,200.0,0.0,0.5,0,1
P1208,0.9954921721062654,0.6499999999999999,3.0,1101.3,6.6238517605532286,715.8449999999999,200.0,0.0,1.0,0,1
P1209,0.9954921721062654,0.6499999999999999,3.0,1101.3,6.6238517605532286,715.8449999999999,200.0,0.0,1.5,0,1
P1210,0.9954921721062654,0.6499999999999999,3.0,1101.3,6.6238517605532286,715.8449999999999,200.0,0.0,2.0,0,1
P1211,0.3207369749774328,0.825,0.6,201.3,2.3569308009705296,166.0725,-10.0,0.0,0.5,0,1
P1212,0.3207369749774328,0.825,0.6,201.3,2.3569308009705296,166.0725,-10.0,0.0,1.0,0,1
P1213,0.3207369749774328,0.825,0.6,201.3,2.3569308009705296,166.0725,-10.0,0.0,1.5,0,1
P1214,0.3207369749774328,0.825,0.6,201.3,2.3569308009705296,166.0725,-10.0,0.0,2.0,0,1
P1215,0.3207369749774328,0.825,0.6,201.3,2.3569308009705296,166.0725,60.0,0.0,0.5,0,1
P1216,0.3207369749774328,0.825,0.6,201.3,2.3569308009705296,166.0725,60.0,0.0,1.0,0,1
P1217,0.3207369749774328,0.825,0.6,201.3,2.3569308009705296,166.0725,60.0,0.0,1.5,0,1
P1218,0.3207369749774328,0.825,0.6,201.3,2.3569308009705296,166.0725,60.0,0.0,2.0,0,1
P1219,0.3207369749774328,0.825,0.6,201.3,2.3569308009705296,166.0725,130.0,0.0,0.5,0,1
P1220,0.3207369749774328,0.825,0.6,201.3,2.3569308009705296,166.0725,130.0,0.0,1.0,0,1
P1221,0.3207369749774328,0.825,0.6,201.3,2.3569308009705296,166.0725,130.0,0.0,1.5,0,1
P1222,0.3207369749774328,0.825,0.6,201.3,2.3569308009705296,166.0725,130.0,0.0,2.0,0,1
P1223,0.3207369749774328,0.825,0.6,201.3,2.3569308009705296,166.0725,200.0,0.0,0.5,0,1
P1224,0.3207369749774328,0.825,0.6,201.3,2.3569308009705296,166.0725,200.0,0.0,1.0,0,1
P1225,0.3207369749774328,0.825,0.6,201.3,2.3569308009705296,166.0725,200.0,0.0,1.5,0,1
P1226,0.3207369749774328,0.825,0.6,201.3,2.3569308009705296,166.0725,200.0,0.0,2.0,0,1
P1227,0.3207369749774328,0.825,0.6,426.3,2.3569308009705296,351.6975,-10.0,0.0,0.5,0,1
P1228,0.3207369749774328,0.825,0.6,426.3,2.3569308009705296,351.6975,-10.0,0.0,1.0,0,1
P1229,0.3207369749774328,0.825,0.6,426.3,2.3569308009705296,351.6975,-10.0,0.0,1.5,0,1
P1230,0.3207369749774328,0.825,0.6,426.3,2.3569308009705296,351.6975,-10.0,0.0,2.0,0,1
P1231,0.3207369749774328,0.825,0.6,426.3,2.3569308009705296,351.6975,60.0,0.0,0.5,0,1
P1232,0.3207369749774328,0.825,0.6,426.3,2.3569308009705296,351.6975,60.0,0.0,1.0,0,1
P1233,0.3207369749774328,0.825,0.6,426.3,2.3569308009705296,351.6975,60.0,0.0,1.5,0,1
P1234,0.3207369749774328,0.825,0.6,426.3,2.3569308009705296,351.6975,60.0,0.0,2.0,0,1
P1235,0.3207369749774328,0.825,0.6,426.3,2.3569308009705296,351.6975,130.0,0.0,0.5,0,1
P1236,0.3207369749774328,0.825,0.6,426.3,2.3569308009705296,351.6975,130.0,0.0,1.0,0,1
P1237,0.3207369749774328,0.825,0.6,426.3,2.3569308009705296,351.6975,130.0,0.0,1.5,0,1
P1238,0.3207369749774328,0.825,0.6,426.3,2.3569308009705296,351.6975,130.0,0.0,2.0,0,1
P1239,0.3207369749774328,0.825,0.6,426.3,2.3569308009705296,351.6975,200.0,0.0,0.5,0,1
P1240,0.3207369749774328,0.825,0.6,426.3,2.3569308009705296,351.6975,200.0,0.0,1.0,0,1
P1241,0.3207369749774328,0.825,0.6,426.3,2.3569308009705296,351.6975,200.0,0.0,1.5,0,1
P1242,0.3207369749774328,0.825,0.6,426.3,2.3569308009705296,351.6975,200.0,0.0,2.0,0,1
P1243,0.3207369749774328,0.825,0.6,651.3,2.3569308009705296,537.3224999999999,-10.0,0.0,0.5,0,1
P1244,0.3207369749774328,0.825,0.6,651.3,2.3569308009705296,537.3224999999999,-10.0,0.0,1.0,0,1
P1245,0.3207369749774328,0.825,0.6,651.3,2.3569308009705296,537.3224999999999,-10.0,0.0,1.5,0,1
P1246,0.3207369749774328,0.825,0.6,651.3,2.3569308009705296,537.3224999999999,-10.0,0.0,2.0,0,1
P1247,0.3207369749774328,0.825,0.6,651.3,2.3569308009705296,537.3224999999999,60.0,0.0,0.5,0,1
P1248,0.3207369749774328,0.825,0.6,651.3,2.3569308009705296,537.3224999999999,60.0,0.0,1.0,0,1
P1249,0.3207369749774328,0.825,0.6,651.3,2.3569308009705296,537.3224999999999,60.0,0.0,1.5,0,1
P1250,0.3207369749774328,0.825,0.6,651.3,2.3569308009705296,537.3224999999999,60.0,0.0,2.0,0,1
P1251,0.3207369749774328,0.825,0.6,651.3,2.3569308009705296,537.3224999999999,130.0,0.0,0.5,0,1
P1252,0.3207369749774328,0.825,0.6,651.3,2.3569308009705296,537.3224999999999,130.0,0.0,1.0,0,1
P1253,0.3207369749774328,0.825,0.6,651.3,2.3569308009705296,537.3224999999999,130.0,0.0,1.5,0,1
P1254,0.3207369749774328,0.825,0.6,651.3,2.3569308009705296,537.3224999999999,130.0,0.0,2.0,0,1
P1255,0.3207369749774328,0.825,0.6,651.3,2.3569308009705296,537.3224999999999,200.0,0.0,0.5,0,1
P1256,0.3207369749774328,0.825,0.6,651.3,2.3569308009705296,537.3224999999999,200.0,0.0,1.0,0,1
P1257,0.3207369749774328,0.825,0.6,651.3,2.3569308009705296,537.3224999999999,200.0,0.0,1.5,0,1
P1258,0.3207369749774328,0.825,0.6,651.3,2.3569308009705296,537.3224999999999,200.0,0.0,2.0,0,1
P1259,0.3207369749774328,0.825,0.6,876.3,2.3569308009705296,722.9474999999999,-10.0,0.0,0.5,0,1
P1260,0.3207369749774328,0.825,0.6,876.3,2.3569308009705296,722.9474999999999,-10.0,0.0,1.0,0,1
P1261,0.3207369749774328,0.825,0.6,876.3,2.3569308009705296,722.9474999999999,-10.0,0.0,1.5,0,1
P1262,0.3207369749774328,0.825,0.6,876.3,2.3569308009705296,722.9474999999999,-10.0,0.0,2.0,0,1
P1263,0.3207369749774328,0.825,0.6,876.3,2.3569308009705296,722.9474999999999,60.0,0.0,0.5,0,1
P1264,0.3207369749774328,0.825,0.6,876.3,2.3569308009705296,722.9474999999999,60.0,0.0,1.0,0,1
P1265,0.3207369749774328,0.825,0.6,876.3,2.3569308009705296,722.9474999999999,60.0,0.0,1.5,0,1
P1266,0.3207369749774328,0.825,0.6,876.3,2.3569308009705296,722.9474999999999,60.0,0.0,2.0,0,1
P1267,0.3207369749774328,0.825,0.6,876.3,2.3569308009705296,722.9474999999999,130.0,0.0,0.5,0,1
P1268,0.3207369749774328,0.825,0.6,876.3,2.3569308009705296,722.9474999999999,130.0,0.0,1.0,0,1
P1269,0.3207369749774328,0.825,0.6,876.3,2.3569308009705296,722.9474999999999,130.0,0.0,1.5,0,1
P1270,0.3207369749774328,0.825,0.6,876.3,2.3569308009705296,722.9474999999999,130.0,0.0,2.0,0,1
P1271,0.3207369749774328,0.825,0.6,876.3,2.3569308009705296,722.9474999999999,200.0,0.0,0.5,0,1
P1272,0.3207369749774328,0.825,0.6,876.3,2.3569308009705296,722.9474999999999,200.0,0.0,1.0,0,1
P1273,0.3207369749774328,0.825,0.6,876.3,2.3569308009705296,722.9474999999999,200.0,0.0,1.5,0,1
P1274,0.3207369749774328,0.825,0.6,876.3,2.3569308009705296,722.9474999999999,200.0,0.0,2.0,0,1
P1275,0.3207369749774328,0.825,0.6,1101.3,2.3569308009705296,908.5724999999999,-10.0,0.0,0.5,0,1
P1276,0.3207369749774328,0.825,0.6,1101.3,2.3569308009705296,908.5724999999999,-10.0,0.0,1.0,0,1
P1277,0.3207369749774328,0.825,0.6,1101.3,2.3569308009705296,908.5724999999999,-10.0,0.0,1.5,0,1
P1278,0.3207369749774328,0.825,0.6,1101.3,2.3569308009705296,908.5724999999999,-10.0,0.0,2.0,0,1
P1279,0.3207369749774328,0.825,0.6,1101.3,2.3569308009705296,908.5724999999999,60.0,0.0,0.5,0,1
P1280,0.3207369749774328,0.825,0.6,1101.3,2.3569308009705296,908.5724999999999,60.0,0.0,1.0,0,1
P1281,0.3207369749774328,0.825,0.6,1101.3,2.3569308009705296,908.5724999999999,60.0,0.0,1.5,0,1
P1282,0.3207369749774328,0.825,0.6,1101.3,2.3569308009705296,908.5724999999999,60.0,0.0,2.0,0,1
P1283,0.3207369749774328,0.825,0.6,1101.3,2.3569308009705296,908.5724999999999,130.0,0.0,0.5,0,1
P1284,0.3207369749774328,0.825,0.6,1101.3,2.3569308009705296,908.5724999999999,130.0,0.0,1.0,0,1
P1285,0.3207369749774328,0.825,0.6,1101.3,2.3569308009705296,908.5724999999999,130.0,0.0,1.5,0,1
P1286,0.3207369749774328,0.825,0.6,1101.3,2.3569308009705296,908.5724999999999,130.0,0.0,2.0,0,1
P1287,0.3207369749774328,0.825,0.6,1101.3,2.3569308009705296,908.5724999999999,200.0,0.0,0.5,0,1
P1288,0.3207369749774328,0.825,0.6,1101.3,2.3569308009705296,908.5724999999999,200.0,0.0,1.0,0,1
P1289,0.3207369749774328,0.825,0.6,1101.3,2.3569308009705296,908.5724999999999,200.0,0.0,1.5,0,1
P1290,0.3207369749774328,0.825,0.6,1101.3,2.3569308009705296,908.5724999999999,200.0,0.0,2.0,0,1
P1291,0.6414739499548657,0.825,1.2,201.3,3.9120191644974773,166.0725,-10.0,0.0,0.5,0,1
P1292,0.6414739499548657,0.825,1.2,201.3,3.9120191644974773,166.0725,-10.0,0.0,1.0,0,1
P1293,0.6414739499548657,0.825,1.2,201.3,3.9120191644974773,166.0725,-10.0,0.0,1.5,0,1
P1294,0.6414739499548657,0.825,1.2,201.3,3.9120191644974773,166.0725,-10.0,0.0,2.0,0,1
P1295,0.6414739499548657,0.825,1.2,201.3,3.9120191644974773,166.0725,60.0,0.0,0.5,0,1
P1296,0.6414739499548657,0.825,1.2,201.3,3.9120191644974773,166.0725,60.0,0.0,1.0,0,1
P1297,0.6414739499548657,0.825,1.2,201.3,3.9120191644974773,166.0725,60.0,0.0,1.5,0,1
P1298,0.6414739499548657,0.825,1.2,201.3,3.9120191644974773,166.0725,60.0,0.0,2.0,0,1
P1299,0.6414739499548657,0.825,1.2,201.3,3.9120191644974773,166.0725,130.0,0.0,0.5,0,1
P1300,0.6414739499548657,0.825,1.2,201.3,3.9120191644974773,166.0725,130.0,0.0,1.0,0,1
P1301,0.6414739499548657,0.825,1.2,201.3,3.9120191644974773,166.0725,130.0,0.0,1.5,0,1
P1302,0.6414739499548657,0.825,1.2,201.3,3.9120191644974773,166.0725,130.0,0.0,2.0,0,1
P1303,0.6414739499548657,0.825,1.2,201.3,3.9120191644974773,166.0725,200.0,0.0,0.5,0,1
P1304,0.6414739499548657,0.825,1.2,201.3,3.9120191644974773,166.0725,200.0,0.0,1.0,0,1
P1305,0.6414739499548657,0.825,1.2,201.3,3.9120191644974773,166.0725,200.0,0.0,1.5,0,1
P1306,0.6414739499548657,0.825,1.2,201.3,3.9120191644974773,166.0725,200.0,0.0,2.0,0,1
P1307,0.6414739499548657,0.825,1.2,426.3,3.9120191644974773,351.6975,-10.0,0.0,0.5,0,1
P1308,0.6414739499548657,0.825,1.2,426.3,3.9120191644974773,351.6975,-10.0,0.0,1.0,0,1
P1309,0.6414739499548657,0.825,1.2,426.3,3.9120191644974773,351.6975,-10.0,0.0,1.5,0,1
P1310,0.6414739499548657,0.825,1.2,426.3,3.9120191644974773,351.6975,-10.0,0.0,2.0,0,1
P1311,0.6414739499548657,0.825,1.2,426.3,3.9120191644974773,351.6975,60.0,0.0,0.5,0,1
P1312,0.6414739499548657,0.825,1.2,426.3,3.9120191644974773,351.6975,60.0,0.0,1.0,0,1
P1313,0.6414739499548657,0.825,1.2,426.3,3.9120191644974773,351.6975,60.0,0.0,1.5,0,1
P1314,0.6414739499548657,0.825,1.2,426.3,3.9120191644974773,351.6975,60.0,0.0,2.0,0,1
P1315,0.6414739499548657,0.825,1.2,426.3,3.9120191644974773,351.6975,130.0,0.0,0.5,0,1
P1316,0.6414739499548657,0.825,1.2,426.3,3.9120191644974773,351.6975,130.0,0.0,1.0,0,1
P1317,0.6414739499548657,0.825,1.2,426.3,3.9120191644974773,351.6975,130.0,0.0,1.5,0,1
P1318,0.6414739499548657,0.825,1.2,426.3,3.9120191644974773,351.6975,130.0,0.0,2.0,0,1
P1319,0.6414739499548657,0.825,1.2,426.3,3.9120191644974773,351.6975,200.0,0.0,0.5,0,1
P1320,0.6414739499548657,0.825,1.2,426.3,3.9120191644974773,351.6975,200.0,0.0,1.0,0,1
P1321,0.6414739499548657,0.825,1.2,426.3,3.9120191644974773,351.6975,200.0,0.0,1.5,0,1
P1322,0.6414739499548657,0.825,1.2,426.3,3.9120191644974773,351.6975,200.0,0.0,2.0,0,1
P1323,0.6414739499548657,0.825,1.2,651.3,3.9120191644974773,537.3224999999999,-10.0,0.0,0.5,0,1
P1324,0.6414739499548657,0.825,1.2,651.3,3.9120191644974773,537.3224999999999,-10.0,0.0,1.0,0,1
P1325,0.6414739499548657,0.825,1.2,651.3,3.9120191644974773,537.3224999999999,-10.0,0.0,1.5,0,1
P1326,0.6414739499548657,0.825,1.2,651.3,3.9120191644974773,537.3224999999999,-10.0,0.0,2.0,0,1
P1327,0.6414739499548657,0.825,1.2,651.3,3.9120191644974773,537.3224999999999,60.0,0.0,0.5,0,1
P1328,0.6414739499548657,0.825,1.2,651.3,3.9120191644974773,537.3224999999999,60.0,0.0,1.0,0,1
P1329,0.6414739499548657,0.825,1.2,651.3,3.9120191644974773,537.3224999999999,60.0,0.0,1.5,0,1
P1330,0.6414739499548657,0.825,1.2,651.3,3.9120191644974773,537.3224999999999,60.0,0.0,2.0,0,1
P1331,0.6414739499548657,0.825,1.2,651.3,3.9120191644974773,537.3224999999999,130.0,0.0,0.5,0,1
P1332,0.6414739499548657,0.825,1.2,651.3,3.9120191644974773,537.3224999999999,130.0,0.0,1.0,0,1
P1333,0.6414739499548657,0.825,1.2,651.3,3.9120191644974773,537.3224999999999,130.0,0.0,1.5,0,1
P1334,0.6414739499548657,0.825,1.2,651.3,3.9120191644974773,537.3224999999999,130.0,0.0,2.0,0,1
P1335,0.6414739499548657,0.825,1.2,651.3,3.9120191644974773,537.3224999999999,200.0,0.0,0.5,0,1
P1336,0.6414739499548657,0.825,1.2,651.3,3.9120191644974773,537.3224999999999,200.0,0.0,1.0,0,1
P1337,0.6414739499548657,0.825,1.2,651.3,3.9120191644974773,537.3224999999999,200.0,0.0,1.5,0,1
P1338,0.6414739499548657,0.825,1.2,651.3,3.9120191644974773,537.3224999999999,200.0,0.0,2.0,0,1
P1339,0.6414739499548657,0.825,1.2,876.3,3.9120191644974773,722.9474999999999,-10.0,0.0,0.5,0,1
P1340,0.6414739499548657,0.825,1.2,876.3,3.9120191644974773,722.9474999999999,-10.0,0.0,1.0,0,1
P1341,0.6414739499548657,0.825,1.2,876.3,3.9120191644974773,722.9474999999999,-10.0,0.0,1.5,0,1
P1342,0.6414739499548657,0.825,1.2,876.3,3.9120191644974773,722.9474999999999,-10.0,0.0,2.0,0,1
P1343,0.6414739499548657,0.825,1.2,876.3,3.9120191644974773,722.9474999999999,60.0,0.0,0.5,0,1
P1344,0.6414739499548657,0.825,1.2,876.3,3.9120191644974773,722.9474999999999,60.0,0.0,1.0,0,1
P1345,0.6414739499548657,0.825,1.2,876.3,3.9120191644974773,722.9474999999999,60.0,0.0,1.5,0,1
P1346,0.6414739499548657,0.825,1.2,876.3,3.9120191644974773,722.9474999999999,60.0,0.0,2.0,0,1
P1347,0.6414739499548657,0.825,1.2,876.3,3.9120191644974773,722.9474999999999,130.0,0.0,0.5,0,1
P1348,0.6414739499548657,0.825,1.2,876.3,3.9120191644974773,722.9474999999999,130.0,0.0,1.0,0,1
P1349,0.6414739499548657,0.825,1.2,876.3,3.9120191644974773,722.9474999999999,130.0,0.0,1.5,0,1
P1350,0.6414739499548657,0.825,1.2,876.3,3.9120191644974773,722.9474999999999,130.0,0.0,2.0,0,1
P1351,0.6414739499548657,0.825,1.2,876.3,3.9120191644974773,722.9474999999999,200.0,0.0,0.5,0,1
P1352,0.6414739499548657,0.825,1.2,876.3,3.9120191644974773,722.9474999999999,200.0,0.0,1.0,0,1
P1353,0.6414739499548657,0.825,1.2,876.3,3.9120191644974773,722.9474999999999,200.0,0.0,1.5,0,1
P1354,0.6414739499548657,0.825,1.2,876.3,3.9120191644974773,722.9474999999999,200.0,0.0,2.0,0,1
P1355,0.6414739499548657,0.825,1.2,1101.3,3.9120191644974773,908.5724999999999,-10.0,0.0,0.5,0,1
P1356,0.6414739499548657,0.825,1.2,1101.3,3.9120191644974773,908.5724999999999,-10.0,0.0,1.0,0,1
P1357,0.6414739499548657,0.825,1.2,1101.3,3.9120191644974773,908.5724999999999,-10.0,0.0,1.5,0,1
P1358,0.6414739499548657,0.825,1.2,1101.3,3.9120191644974773,908.5724999999999,-10.0,0.0,2.0,0,1
P1359,0.6414739499548657,0.825,1.2,1101.3,3.9120191644974773,908.5724999999999,60.0,0.0,0.5,0,1
P1360,0.6414739499548657,0.825,1.2,1101.3,3.9120191644974773,908.5724999999999,60.0,0.0,1.0,0,1
P1361,0.6414739499548657,0.825,1.2,1101.3,3.9120191644974773,908.5724999999999,60.0,0.0,1.5,0,1
P1362,0.6414739499548657,0.825,1.2,1101.3,3.9120191644974773,908.5724999999999,60.0,0.0,2.0,0,1
P1363,0.6414739499548657,0.825,1.2,1101.3,3.9120191644974773,908.5724999999999,130.0,0.0,0.5,0,1
P1364,0.6414739499548657,0.825,1.2,1101.3,3.9120191644974773,908.5724999999999,130.0,0.0,1.0,0,1
P1365,0.6414739499548657,0.825,1.2,1101.3,3.9120191644974773,908.5724999999999,130.0,0.0,1.5,0,1
P1366,0.6414739499548657,0.825,1.2,1101.3,3.9120191644974773,908.5724999999999,130.0,0.0,2.0,0,1
P1367,0.6414739499548657,0.825,1.2,1101.3,3.9120191644974773,908.5724999999999,200.0,0.0,0.5,0,1
P1368,0.6414739499548657,0.825,1.2,1101.3,3.9120191644974773,908.5724999999999,200.0,0.0,1.0,0,1
P1369,0.6414739499548657,0.825,1.2,1101.3,3.9120191644974773,908.5724999999999,200.0,0.0,1.5,0,1
P1370,0.6414739499548657,0.825,1.2,1101.3,3.9120191644974773,908.5724999999999,200.0,0.0,2.0,0,1
P1371,0.9622109249322988,0.825,1.8,201.3,5.4671075280244255,166.0725,-10.0,0.0,0.5,0,1
P1372,0.9622109249322988,0.825,1.8,201.3,5.4671075280244255,166.0725,-10.0,0.0,1.0,0,1
P1373,0.9622109249322988,0.825,1.8,201.3,5.4671075280244255,166.0725,-10.0,0.0,1.5,0,1
P1374,0.9622109249322988,0.825,1.8,201.3,5.4671075280244255,166.0725,-10.0,0.0,2.0,0,1
P1375,0.9622109249322988,0.825,1.8,201.3,5.4671075280244255,166.0725,60.0,0.0,0.5,0,1
P1376,0.9622109249322988,0.825,1.8,201.3,5.4671075280244255,166.0725,60.0,0.0,1.0,0,1
P1377,0.9622109249322988,0.825,1.8,201.3,5.4671075280244255,166.0725,60.0,0.0,1.5,0,1
P1378,0.9622109249322988,0.825,1.8,201.3,5.4671075280244255,166.0725,60.0,0.0,2.0,0,1
P1379,0.9622109249322988,0.825,1.8,201.3,5.4671075280244255,166.0725,130.0,0.0,0.5,0,1
P1380,0.9622109249322988,0.825,1.8,201.3,5.4671075280244255,166.0725,130.0,0.0,1.0,0,1
P1381,0.9622109249322988,0.825,1.8,201.3,5.4671075280244255,166.0725,130.0,0.0,1.5,0,1
P1382,0.9622109249322988,0.825,1.8,201.3,5.4671075280244255,166.0725,130.0,0.0,2.0,0,1
P1383,0.9622109249322988,0.825,1.8,201.3,5.4671075280244255,166.0725,200.0,0.0,0.5,0,1
P1384,0.9622109249322988,0.825,1.8,201.3,5.4671075280244255,166.0725,200.0,0.0,1.0,0,1
P1385,0.9622109249322988,0.825,1.8,201.3,5.4671075280244255,166.0725,200.0,0.0,1.5,0,1
P1386,0.9622109249322988,0.825,1.8,201.3,5.4671075280244255,166.0725,200.0,0.0,2.0,0,1
P1387,0.9622109249322988,0.825,1.8,426.3,5.4671075280244255,351.6975,-10.0,0.0,0.5,0,1
P1388,0.9622109249322988,0.825,1.8,426.3,5.4671075280244255,351.6975,-10.0,0.0,1.0,0,1
P1389,0.9622109249322988,0.825,1.8,426.3,5.4671075280244255,351.6975,-10.0,0.0,1.5,0,1
P1390,0.9622109249322988,0.825,1.8,426.3,5.4671075280244255,351.6975,-10.0,0.0,2.0,0,1
P1391,0.9622109249322988,0.825,1.8,426.3,5.4671075280244255,351.6975,60.0,0.0,0.5,0,1
P1392,0.9622109249322988,0.825,1.8,426.3,5.4671075280244255,351.6975,60.0,0.0,1.0,0,1
P1393,0.9622109249322988,0.825,1.8,426.3,5.4671075280244255,351.6975,60.0,0.0,1.5,0,1
P1394,0.9622109249322988,0.825,1.8,426.3,5.4671075280244255,351.6975,60.0,0.0,2.0,0,1
P1395,0.9622109249322988,0.825,1.8,426.3,5.4671075280244255,351.6975,130.0,0.0,0.5,0,1
P1396,0.9622109249322988,0.825,1.8,426.3,5.4671075280244255,351.6975,130.0,0.0,1.0,0,1
P1397,0.9622109249322988,0.825,1.8,426.3,5.4671075280244255,351.6975,130.0,0.0,1.5,0,1
P1398,0.9622109249322988,0.825,1.8,426.3,5.4671075280244255,351.6975,130.0,0.0,2.0,0,1
P1399,0.9622109249322988,0.825,1.8,426.3,5.4671075280244255,351.6975,200.0,0.0,0.5,0,1
P1400,0.9622109249322988,0.825,1.8,426.3,5.4671075280244255,351.6975,200.0,0.0,1.0,0,1
P1401,0.9622109249322988,0.825,1.8,426.3,5.4671075280244255,351.6975,200.0,0.0,1.5,0,1
P1402,0.9622109249322988,0.825,1.8,426.3,5.4671075280244255,351.6975,200.0,0.0,2.0,0,1
P1403,0.9622109249322988,0.825,1.8,651.3,5.4671075280244255,537.3224999999999,-10.0,0.0,0.5,0,1
P1404,0.9622109249322988,0.825,1.8,651.3,5.4671075280244255,537.3224999999999,-10.0,0.0,1.0,0,1
P1405,0.9622109249322988,0.825,1.8,651.3,5.4671075280244255,537.3224999999999,-10.0,0.0,1.5,0,1
P1406,0.9622109249322988,0.825,1.8,651.3,5.4671075280244255,537.3224999999999,-10.0,0.0,2.0,0,1
P1407,0.9622109249322988,0.825,1.8,651.3,5.4671075280244255,537.3224999999999,60.0,0.0,0.5,0,1
P1408,0.9622109249322988,0.825,1.8,651.3,5.4671075280244255,537.3224999999999,60.0,0.0,1.0,0,1
P1409,0.9622109249322988,0.825,1.8,651.3,5.4671075280244255,537.3224999999999,60.0,0.0,1.5,0,1
P1410,0.9622109249322988,0.825,1.8,651.3,5.4671075280244255,537.3224999999999,60.0,0.0,2.0,0,1
P1411,0.9622109249322988,0.825,1.8,651.3,5.4671075280244255,537.3224999999999,130.0,0.0,0.5,0,1
P1412,0.9622109249322988,0.825,1.8,651.3,5.4671075280244255,537.3224999999999,130.0,0.0,1.0,0,1
P1413,0.9622109249322988,0.825,1.8,651.3,5.4671075280244255,537.3224999999999,130.0,0.0,1.5,0,1
P1414,0.9622109249322988,0.825,1.8,651.3,5.4671075280244255,537.3224999999999,130.0,0.0,2.0,0,1
P1415,0.9622109249322988,0.825,1.8,651.3,5.4671075280244255,537.3224999999999,200.0,0.0,0.5,0,1
P1416,0.9622109249322988,0.825,1.8,651.3,5.4671075280244255,537.3224999999999,200.0,0.0,1.0,0,1
P1417,0.9622109249322988,0.825,1.8,651.3,5.4671075280244255,537.3224999999999,200.0,0.0,1.5,0,1
P1418,0.9622109249322988,0.825,1.8,651.3,5.4671075280244255,537.3224999999999,200.0,0.0,2.0,0,1
P1419,0.9622109249322988,0.825,1.8,876.3,5.4671075280244255,722.9474999999999,-10.0,0.0,0.5,0,1
P1420,0.9622109249322988,0.825,1.8,876.3,5.4671075280244255,722.9474999999999,-10.0,0.0,1.0,0,1
P1421,0.9622109249322988,0.825,1.8,876.3,5.4671075280244255,722.9474999999999,-10.0,0.0,1.5,0,1
P1422,0.9622109249322988,0.825,1.8,876.3,5.4671075280244255,722.9474999999999,-10.0,0.0,2.0,0,1
P1423,0.9622109249322988,0.825,1.8,876.3,5.4671075280244255,722.9474999999999,60.0,0.0,0.5,0,1
P1424,0.9622109249322988,0.825,1.8,876.3,5.4671075280244255,722.9474999999999,60.0,0.0,1.0,0,1
P1425,0.9622109249322988,0.825,1.8,876.3,5.4671075280244255,722.9474999999999,60.0,0.0,1.5,0,1
P1426,0.9622109249322988,0.825,1.8,876.3,5.4671075280244255,722.9474999999999,60.0,0.0,2.0,0,1
P1427,0.9622109249322988,0.825,1.8,876.3,5.4671075280244255,722.9474999999999,130.0,0.0,0.5,0,1
P1428,0.9622109249322988,0.825,1.8,876.3,5.4671075280244255,722.9474999999999,130.0,0.0,1.0,0,1
P1429,0.9622109249322988,0.825,1.8,876.3,5.4671075280244255,722.9474999999999,130.0,0.0,1.5,0,1
P1430,0.9622109249322988,0.825,1.8,876.3,5.4671075280244255,722.9474999999999,130.0,0.0,2.0,0,1
P1431,0.9622109249322988,0.825,1.8,876.3,5.4671075280244255,722.9474999999999,200.0,0.0,0.5,0,1
P1432,0.9622109249322988,0.825,1.8,876.3,5.4671075280244255,722.9474999999999,200.0,0.0,1.0,0,1
P1433,0.9622109249322988,0.825,1.8,876.3,5.4671075280244255,722.9474999999999,200.0,0.0,1.5,0,1
P1434,0.9622109249322988,0.825,1.8,876.3,5.4671075280244255,722.9474999999999,200.0,0.0,2.0,0,1
P1435,0.9622109249322988,0.825,1.8,1101.3,5.4671075280244255,908.5724999999999,-10.0,0.0,0.5,0,1
P1436,0.9622109249322988,0.825,1.8,1101.3,5.4671075280244255,908.5724999999999,-10.0,0.0,1.0,0,1
P1437,0.9622109249322988,0.825,1.8,1101.3,5.4671075280244255,908.5724999999999,-10.0,0.0,1.5,0,1
P1438,0.9622109249322988,0.825,1.8,1101.3,5.4671075280244255,908.5724999999999,-10.0,0.0,2.0,0,1
P1439,0.9622109249322988,0.825,1.8,1101.3,5.4671075280244255,908.5724999999999,60.0,0.0,0.5,0,1
P1440,0.9622109249322988,0.825,1.8,1101.3,5.4671075280244255,908.5724999999999,60.0,0.0,1.0,0,1
P1441,0.9622109249322988,0.825,1.8,1101.3,5.4671075280244255,908.5724999999999,60.0,0.0,1.5,0,1
P1442,0.9622109249322988,0.825,1.8,1101.3,5.4671075280244255,908.5724999999999,60.0,0.0,2.0,0,1
P1443,0.9622109249322988,0.825,1.8,1101.3,5.4671075280244255,908.5724999999999,130.0,0.0,0.5,0,1
P1444,0.9622109249322988,0.825,1.8,1101.3,5.4671075280244255,908.5724999999999,130.0,0.0,1.0,0,1
P1445,0.9622109249322988,0.825,1.8,1101.3,5.4671075280244255,908.5724999999999,130.0,0.0,1.5,0,1
P1446,0.9622109249322988,0.825,1.8,1101.3,5.4671075280244255,908.5724999999999,130.0,0.0,2.0,0,1
P1447,0.9622109249322988,0.825,1.8,1101.3,5.4671075280244255,908.5724999999999,200.0,0.0,0.5,0,1
P1448,0.9622109249322988,0.825,1.8,1101.3,5.4671075280244255,908.5724999999999,200.0,0.0,1.0,0,1
P1449,0.9622109249322988,0.825,1.8,1101.3,5.4671075280244255,908.5724999999999,200.0,0.0,1.5,0,1
P1450,0.9622109249322988,0.825,1.8,1101.3,5.4671075280244255,908.5724999999999,200.0,0.0,2.0,0,1
P1451,1.2829478999097317,0.825,2.4,201.3,7.022195891551372,166.0725,-10.0,0.0,0.5,0,1
P1452,1.2829478999097317,0.825,2.4,201.3,7.022195891551372,166.0725,-10.0,0.0,1.0,0,1
P1453,1.2829478999097317,0.825,2.4,201.3,7.022195891551372,166.0725,-10.0,0.0,1.5,0,1
P1454,1.2829478999097317,0.825,2.4,201.3,7.022195891551372,166.0725,-10.0,0.0,2.0,0,1
P1455,1.2829478999097317,0.825,2.4,201.3,7.022195891551372,166.0725,60.0,0.0,0.5,0,1
P1456,1.2829478999097317,0.825,2.4,201.3,7.022195891551372,166.0725,60.0,0.0,1.0,0,1
P1457,1.2829478999097317,0.825,2.4,201.3,7.022195891551372,166.0725,60.0,0.0,1.5,0,1
P1458,1.2829478999097317,0.825,2.4,201.3,7.022195891551372,166.0725,60.0,0.0,2.0,0,1
P1459,1.2829478999097317,0.825,2.4,201.3,7.022195891551372,166.0725,130.0,0.0,0.5,0,1
P1460,1.2829478999097317,0.825,2.4,201.3,7.022195891551372,166.0725,130.0,0.0,1.0,0,1
P1461,1.2829478999097317,0.825,2.4,201.3,7.022195891551372,166.0725,130.0,0.0,1.5,0,1
P1462,1.2829478999097317,0.825,2.4,201.3,7.022195891551372,166.0725,130.0,0.0,2.0,0,1
P1463,1.2829478999097317,0.825,2.4,201.3,7.022195891551372,166.0725,200.0,0.0,0.5,0,1
P1464,1.2829478999097317,0.825,2.4,201.3,7.022195891551372,166.0725,200.0,0.0,1.0,0,1
P1465,1.2829478999097317,0.825,2.4,201.3,7.022195891551372,166.0725,200.0,0.0,1.5,0,1
P1466,1.2829478999097317,0.825,2.4,201.3,7.022195891551372,166.0725,200.0,0.0,2.0,0,1
P1467,1.2829478999097317,0.825,2.4,426.3,7.022195891551372,351.6975,-10.0,0.0,0.5,0,1
P1468,1.2829478999097317,0.825,2.4,426.3,7.022195891551372,351.6975,-10.0,0.0,1.0,0,1
P1469,1.2829478999097317,0.825,2.4,426.3,7.022195891551372,351.6975,-10.0,0.0,1.5,0,1
P1470,1.2829478999097317,0.825,2.4,426.3,7.022195891551372,351.6975,-10.0,0.0,2.0,0,1
P1471,1.2829478999097317,0.825,2.4,426.3,7.022195891551372,351.6975,60.0,0.0,0.5,0,1
P1472,1.2829478999097317,0.825,2.4,426.3,7.022195891551372,351.6975,60.0,0.0,1.0,0,1
P1473,1.2829478999097317,0.825,2.4,426.3,7.022195891551372,351.6975,60.0,0.0,1.5,0,1
P1474,1.2829478999097317,0.825,2.4,426.3,7.022195891551372,351.6975,60.0,0.0,2.0,0,1
P1475,1.2829478999097317,0.825,2.4,426.3,7.022195891551372,351.6975,130.0,0.0,0.5,0,1
P1476,1.2829478999097317,0.825,2.4,426.3,7.022195891551372,351.6975,130.0,0.0,1.0,0,1
P1477,1.2829478999097317,0.825,2.4,426.3,7.022195891551372,351.6975,130.0,0.0,1.5,0,1
P1478,1.2829478999097317,0.825,2.4,426.3,7.022195891551372,351.6975,130.0,0.0,2.0,0,1
P1479,1.2829478999097317,0.825,2.4,426.3,7.022195891551372,351.6975,200.0,0.0,0.5,0,1
P1480,1.2829478999097317,0.825,2.4,426.3,7.022195891551372,351.6975,200.0,0.0,1.0,0,1
P1481,1.2829478999097317,0.825,2.4,426.3,7.022195891551372,351.6975,200.0,0.0,1.5,0,1
P1482,1.2829478999097317,0.825,2.4,426.3,7.022195891551372,351.6975,200.0,0.0,2.0,0,1
P1483,1.2829478999097317,0.825,2.4,651.3,7.022195891551372,537.3224999999999,-10.0,0.0,0.5,0,1
P1484,1.2829478999097317,0.825,2.4,651.3,7.022195891551372,537.3224999999999,-10.0,0.0,1.0,0,1
P1485,1.2829478999097317,0.825,2.4,651.3,7.022195891551372,537.3224999999999,-10.0,0.0,1.5,0,1
P1486,1.2829478999097317,0.825,2.4,651.3,7.022195891551372,537.3224999999999,-10.0,0.0,2.0,0,1
P1487,1.2829478999097317,0.825,2.4,651.3,7.022195891551372,537.3224999999999,60.0,0.0,0.5,0,1
P1488,1.2829478999097317,0.825,2.4,651.3,7.022195891551372,537.3224999999999,60.0,0.0,1.0,0,1
P1489,1.2829478999097317,0.825,2.4,651.3,7.022195891551372,537.3224999999999,60.0,0.0,1.5,0,1
P1490,1.2829478999097317,0.825,2.4,651.3,7.022195891551372,537.3224999999999,60.0,0.0,2.0,0,1
P1491,1.2829478999097317,0.825,2.4,651.3,7.022195891551372,537.3224999999999,130.0,0.0,0.5,0,1
P1492,1.2829478999097317,0.825,2.4,651.3,7.022195891551372,537.3224999999999,130.0,0.0,1.0,0,1
P1493,1.2829478999097317,0.825,2.4,651.3,7.022195891551372,537.3224999999999,130.0,0.0,1.5,0,1
P1494,1.2829478999097317,0.825,2.4,651.3,7.022195891551372,537.3224999999999,130.0,0.0,2.0,0,1
P1495,1.2829478999097317,0.825,2.4,651.3,7.022195891551372,537.3224999999999,200.0,0.0,0.5,0,1
P1496,1.2829478999097317,0.825,2.4,651.3,7.022195891551372,537.3224999999999,200.0,0.0,1.0,0,1
P1497,1.2829478999097317,0.825,2.4,651.3,7.022195891551372,537.3224999999999,200.0,0.0,1.5,0,1
P1498,1.2829478999097317,0.825,2.4,651.3,7.022195891551372,537.3224999999999,200.0,0.0,2.0,0,1
P1499,1.2829478999097317,0.825,2.4,876.3,7.022195891551372,722.9474999999999,-10.0,0.0,0.5,0,1
P1500,1.2829478999097317,0.825,2.4,876.3,7.022195891551372,722.9474999999999,-10.0,0.0,1.0,0,1
P1501,1.2829478999097317,0.825,2.4,876.3,7.022195891551372,722.9474999999999,-10.0,0.0,1.5,0,1
P1502,1.2829478999097317,0.825,2.4,876.3,7.022195891551372,722.9474999999999,-10.0,0.0,2.0,0,1
P1503,1.2829478999097317,0.825,2.4,876.3,7.022195891551372,722.9474999999999,60.0,0.0,0.5,0,1
P1504,1.2829478999097317,0.825,2.4,876.3,7.022195891551372,722.9474999999999,60.0,0.0,1.0,0,1
P1505,1.2829478999097317,0.825,2.4,876.3,7.022195891551372,722.9474999999999,60.0,0.0,1.5,0,1
P1506,1.2829478999097317,0.825,2.4,876.3,7.022195891551372,722.9474999999999,60.0,0.0,2.0,0,1
P1507,1.2829478999097317,0.825,2.4,876.3,7.022195891551372,722.9474999999999,130.0,0.0,0.5,0,1
P1508,1.2829478999097317,0.825,2.4,876.3,7.022195891551372,722.9474999999999,130.0,0.0,1.0,0,1
P1509,1.2829478999097317,0.825,2.4,876.3,7.022195891551372,722.9474999999999,130.0,0.0,1.5,0,1
P1510,1.2829478999097317,0.825,2.4,876.3,7.022195891551372,722.9474999999999,130.0,0.0,2.0,0,1
P1511,1.2829478999097317,0.825,2.4,876.3,7.022195891551372,722.9474999999999,200.0,0.0,0.5,0,1
P1512,1.2829478999097317,0.825,2.4,876.3,7.022195891551372,722.9474999999999,200.0,0.0,1.0,0,1
P1513,1.2829478999097317,0.825,2.4,876.3,7.022195891551372,722.9474999999999,200.0,0.0,1.5,0,1
P1514,1.2829478999097317,0.825,2.4,876.3,7.022195891551372,722.9474999999999,200.0,0.0,2.0,0,1
P1515,1.2829478999097317,0.825,2.4,1101.3,7.022195891551372,908.5724999999999,-10.0,0.0,0.5,0,1
P1516,1.2829478999097317,0.825,2.4,1101.3,7.022195891551372,908.5724999999999,-10.0,0.0,1.0,0,1
P1517,1.2829478999097317,0.825,2.4,1101.3,7.022195891551372,908.5724999999999,-10.0,0.0,1.5,0,1
P1518,1.2829478999097317,0.825,2.4,1101.3,7.022195891551372,908.5724999999999,-10.0,0.0,2.0,0,1
P1519,1.2829478999097317,0.825,2.4,1101.3,7.022195891551372,908.5724999999999,60.0,0.0,0.5,0,1
P1520,1.2829478999097317,0.825,2.4,1101.3,7.022195891551372,908.5724999999999,60.0,0.0,1.0,0,1
P1521,1.2829478999097317,0.825,2.4,1101.3,7.022195891551372,908.5724999999999,60.0,0.0,1.5,0,1
P1522,1.2829478999097317,0.825,2.4,1101.3,7.022195891551372,908.5724999999999,60.0,0.0,2.0,0,1
P1523,1.2829478999097317,0.825,2.4,1101.3,7.022195891551372,908.5724999999999,130.0,0.0,0.5,0,1
P1524,1.2829478999097317,0.825,2.4,1101.3,7.022195891551372,908.5724999999999,130.0,0.0,1.0,0,1
P1525,1.2829478999097317,0.825,2.4,1101.3,7.022195891551372,908.5724999999999,130.0,0.0,1.5,0,1
P1526,1.2829478999097317,0.825,2.4,1101.3,7.022195891551372,908.5724999999999,130.0,0.0,2.0,0,1
P1527,1.2829478999097317,0.825,2.4,1101.3,7.022195891551372,908.5724999999999,200.0,0.0,0.5,0,1
P1528,1.2829478999097317,0.825,2.4,1101.3,7.022195891551372,908.5724999999999,200.0,0.0,1.0,0,1
P1529,1.2829478999097317,0.825,2.4,1101.3,7.022195891551372,908.5724999999999,200.0,0.0,1.5,0,1
P1530,1.2829478999097317,0.825,2.4,1101.3,7.022195891551372,908.5724999999999,200.0,0.0,2.0,0,1
P1531,1.6036848748871644,0.825,3.0,201.3,8.57728425507832,166.0725,-10.0,0.0,0.5,0,1
P1532,1.6036848748871644,0.825,3.0,201.3,8.57728425507832,166.0725,-10.0,0.0,1.0,0,1
P1533,1.6036848748871644,0.825,3.0,201.3,8.57728425507832,166.0725,-10.0,0.0,1.5,0,1
P1534,1.6036848748871644,0.825,3.0,201.3,8.57728425507832,166.0725,-10.0,0.0,2.0,0,1
P1535,1.6036848748871644,0.825,3.0,201.3,8.57728425507832,166.0725,60.0,0.0,0.5,0,1
P1536,1.6036848748871644,0.825,3.0,201.3,8.57728425507832,166.0725,60.0,0.0,1.0,0,1
P1537,1.6036848748871644,0.825,3.0,201.3,8.57728425507832,166.0725,60.0,0.0,1.5,0,1
P1538,1.6036848748871644,0.825,3.0,201.3,8.57728425507832,166.0725,60.0,0.0,2.0,0,1
P1539,1.6036848748871644,0.825,3.0,201.3,8.57728425507832,166.0725,130.0,0.0,0.5,0,1
P1540,1.6036848748871644,0.825,3.0,201.3,8.57728425507832,166.0725,130.0,0.0,1.0,0,1
P1541,1.6036848748871644,0.825,3.0,201.3,8.57728425507832,166.0725,130.0,0.0,1.5,0,1
P1542,1.6036848748871644,0.825,3.0,201.3,8.57728425507832,166.0725,130.0,0.0,2.0,0,1
P1543,1.6036848748871644,0.825,3.0,201.3,8.57728425507832,166.0725,200.0,0.0,0.5,0,1
P1544,1.6036848748871644,0.825,3.0,201.3,8.57728425507832,166.0725,200.0,0.0,1.0,0,1
P1545,1.6036848748871644,0.825,3.0,201.3,8.57728425507832,166.0725,200.0,0.0,1.5,0,1
P1546,1.6036848748871644,0.825,3.0,201.3,8.57728425507832,166.0725,200.0,0.0,2.0,0,1
P1547,1.6036848748871644,0.825,3.0,426.3,8.57728425507832,351.6975,-10.0,0.0,0.5,0,1
P1548,1.6036848748871644,0.825,3.0,426.3,8.57728425507832,351.6975,-10.0,0.0,1.0,0,1
P1549,1.6036848748871644,0.825,3.0,426.3,8.57728425507832,351.6975,-10.0,0.0,1.5,0,1
P1550,1.6036848748871644,0.825,3.0,426.3,8.57728425507832,351.6975,-10.0,0.0,2.0,0,1
P1551,1.6036848748871644,0.825,3.0,426.3,8.57728425507832,351.6975,60.0,0.0,0.5,0,1
P1552,1.6036848748871644,0.825,3.0,426.3,8.57728425507832,351.6975,60.0,0.0,1.0,0,1
P1553,1.6036848748871644,0.825,3.0,426.3,8.57728425507832,351.6975,60.0,0.0,1.5,0,1
P1554,1.6036848748871644,0.825,3.0,426.3,8.57728425507832,351.6975,60.0,0.0,2.0,0,1
P1555,1.6036848748871644,0.825,3.0,426.3,8.57728425507832,351.6975,130.0,0.0,0.5,0,1
P1556,1.6036848748871644,0.825,3.0,426.3,8.57728425507832,351.6975,130.0,0.0,1.0,0,1
P1557,1.6036848748871644,0.825,3.0,426.3,8.57728425507832,351.6975,130.0,0.0,1.5,0,1
P1558,1.6036848748871644,0.825,3.0,426.3,8.57728425507832,351.6975,130.0,0.0,2.0,0,1
P1559,1.6036848748871644,0.825,3.0,426.3,8.57728425507832,351.6975,200.0,0.0,0.5,0,1
P1560,1.6036848748871644,0.825,3.0,426.3,8.57728425507832,351.6975,200.0,0.0,1.0,0,1
P1561,1.6036848748871644,0.825,3.0,426.3,8.57728425507832,351.6975,200.0,0.0,1.5,0,1
P1562,1.6036848748871644,0.825,3.0,426.3,8.57728425507832,351.6975,200.0,0.0,2.0,0,1
P1563,1.6036848748871644,0.825,3.0,651.3,8.57728425507832,537.3224999999999,-10.0,0.0,0.5,0,1
P1564,1.6036848748871644,0.825,3.0,651.3,8.57728425507832,537.3224999999999,-10.0,0.0,1.0,0,1
P1565,1.6036848748871644,0.825,3.0,651.3,8.57728425507832,537.3224999999999,-10.0,0.0,1.5,0,1
P1566,1.6036848748871644,0.825,3.0,651.3,8.57728425507832,537.3224999999999,-10.0,0.0,2.0,0,1
P1567,1.6036848748871644,0.825,3.0,651.3,8.57728425507832,537.3224999999999,60.0,0.0,0.5,0,1
P1568,1.6036848748871644,0.825,3.0,651.3,8.57728425507832,537.3224999999999,60.0,0.0,1.0,0,1
P1569,1.6036848748871644,0.825,3.0,651.3,8.57728425507832,537.3224999999999,60.0,0.0,1.5,0,1
P1570,1.6036848748871644,0.825,3.0,651.3,8.57728425507832,537.3224999999999,60.0,0.0,2.0,0,1
P1571,1.6036848748871644,0.825,3.0,651.3,8.57728425507832,537.3224999999999,130.0,0.0,0.5,0,1
P1572,1.6036848748871644,0.825,3.0,651.3,8.57728425507832,537.3224999999999,130.0,0.0,1.0,0,1
P1573,1.6036848748871644,0.825,3.0,651.3,8.57728425507832,537.3224999999999,130.0,0.0,1.5,0,1
P1574,1.6036848748871644,0.825,3.0,651.3,8.57728425507832,537.3224999999999,130.0,0.0,2.0,0,1
P1575,1.6036848748871644,0.825,3.0,651.3,8.57728425507832,537.3224999999999,200.0,0.0,0.5,0,1
P1576,1.6036848748871644,0.825,3.0,651.3,8.57728425507832,537.3224999999999,200.0,0.0,1.0,0,1
P1577,1.6036848748871644,0.825,3.0,651.3,8.57728425507832,537.3224999999999,200.0,0.0,1.5,0,1
P1578,1.6036848748871644,0.825,3.0,651.3,8.57728425507832,537.3224999999999,200.0,0.0,2.0,0,1
P1579,1.6036848748871644,0.825,3.0,876.3,8.57728425507832,722.9474999999999,-10.0,0.0,0.5,0,1
P1580,1.6036848748871644,0.825,3.0,876.3,8.57728425507832,722.9474999999999,-10.0,0.0,1.0,0,1
P1581,1.6036848748871644,0.825,3.0,876.3,8.57728425507832,722.9474999999999,-10.0,0.0,1.5,0,1
P1582,1.6036848748871644,0.825,3.0,876.3,8.57728425507832,722.9474999999999,-10.0,0.0,2.0,0,1
P1583,1.6036848748871644,0.825,3.0,876.3,8.57728425507832,722.9474999999999,60.0,0.0,0.5,0,1
P1584,1.6036848748871644,0.825,3.0,876.3,8.57728425507832,722.9474999999999,60.0,0.0,1.0,0,1
P1585,1.6036848748871644,0.825,3.0,876.3,8.57728425507832,722.9474999999999,60.0,0.0,1.5,0,1
P1586,1.6036848748871644,0.825,3.0,876.3,8.57728425507832,722.9474999999999,60.0,0.0,2.0,0,1
P1587,1.6036848748871644,0.825,3.0,876.3,8.57728425507832,722.9474999999999,130.0,0.0,0.5,0,1
P1588,1.6036848748871644,0.825,3.0,876.3,8.57728425507832,722.9474999999999,130.0,0.0,1.0,0,1
P1589,1.6036848748871644,0.825,3.0,876.3,8.57728425507832,722.9474999999999,130.0,0.0,1.5,0,1
P1590,1.6036848748871644,0.825,3.0,876.3,8.57728425507832,722.9474999999999,130.0,0.0,2.0,0,1
P1591,1.6036848748871644,0.825,3.0,876.3,8.57728425507832,722.9474999999999,200.0,0.0,0.5,0,1
P1592,1.6036848748871644,0.825,3.0,876.3,8.57728425507832,722.9474999999999,200.0,0.0,1.0,0,1
P1593,1.6036848748871644,0.825,3.0,876.3,8.57728425507832,722.9474999999999,200.0,0.0,1.5,0,1
P1594,1.6036848748871644,0.825,3.0,876.3,8.57728425507832,722.9474999999999,200.0,0.0,2.0,0,1
P1595,1.6036848748871644,0.825,3.0,1101.3,8.57728425507832,908.5724999999999,-10.0,0.0,0.5,0,1
P1596,1.6036848748871644,0.825,3.0,1101.3,8.57728425507832,908.5724999999999,-10.0,0.0,1.0,0,1
P1597,1.6036848748871644,0.825,3.0,1101.3,8.57728425507832,908.5724999999999,-10.0,0.0,1.5,0,1
P1598,1.6036848748871644,0.825,3.0,1101.3,8.57728425507832,908.5724999999999,-10.0,0.0,2.0,0,1
P1599,1.6036848748871644,0.825,3.0,1101.3,8.57728425507832,908.5724999999999,60.0,0.0,0.5,0,1
P1600,1.6036848748871644,0.825,3.0,1101.3,8.57728425507832,908.5724999999999,60.0,0.0,1.0,0,1
P1601,1.6036848748871644,0.825,3.0,1101.3,8.57728425507832,908.5724999999999,60.0,0.0,1.5,0,1
P1602,1.6036848748871644,0.825,3.0,1101.3,8.57728425507832,908.5724999999999,60.0,0.0,2.0,0,1
P1603,1.6036848748871644,0.825,3.0,1101.3,8.57728425507832,908.5724999999999,130.0,0.0,0.5,0,1
P1604,1.6036848748871644,0.825,3.0,1101.3,8.57728425507832,908.5724999999999,130.0,0.0,1.0,0,1
P1605,1.6036848748871644,0.825,3.0,1101.3,8.57728425507832,908.5724999999999,130.0,0.0,1.5,0,1
P1606,1.6036848748871644,0.825,3.0,1101.3,8.57728425507832,908.5724999999999,130.0,0.0,2.0,0,1
P1607,1.6036848748871644,0.825,3.0,1101.3,8.57728425507832,908.5724999999999,200.0,0.0,0.5,0,1
P1608,1.6036848748871644,0.825,3.0,1101.3,8.57728425507832,908.5724999999999,200.0,0.0,1.0,0,1
P1609,1.6036848748871644,0.825,3.0,1101.3,8.57728425507832,908.5724999999999,200.0,0.0,1.5,0,1
P1610,1.6036848748871644,0.825,3.0,1101.3,8.57728425507832,908.5724999999999,200.0,0.0,2.0,0,1
P1611,0.4712388980384689,1.0,0.6,201.3,3.0630528372500483,201.3,-10.0,0.0,0.5,0,1
P1612,0.4712388980384689,1.0,0.6,201.3,3.0630528372500483,201.3,-10.0,0.0,1.0,0,1
P1613,0.4712388980384689,1.0,0.6,201.3,3.0630528372500483,201.3,-10.0,0.0,1.5,0,1
P1614,0.4712388980384689,1.0,0.6,201.3,3.0630528372500483,201.3,-10.0,0.0,2.0,0,1
P1615,0.4712388980384689,1.0,0.6,201.3,3.0630528372500483,201.3,60.0,0.0,0.5,0,1
P1616,0.4712388980384689,1.0,0.6,201.3,3.0630528372500483,201.3,60.0,0.0,1.0,0,1
P1617,0.4712388980384689,1.0,0.6,201.3,3.0630528372500483,201.3,60.0,0.0,1.5,0,1
P1618,0.4712388980384689,1.0,0.6,201.3,3.0630528372500483,201.3,60.0,0.0,2.0,0,1
P1619,0.4712388980384689,1.0,0.6,201.3,3.0630528372500483,201.3,130.0,0.0,0.5,0,1
P1620,0.4712388980384689,1.0,0.6,201.3,3.0630528372500483,201.3,130.0,0.0,1.0,0,1
P1621,0.4712388980384689,1.0,0.6,201.3,3.0630528372500483,201.3,130.0,0.0,1.5,0,1
P1622,0.4712388980384689,1.0,0.6,201.3,3.0630528372500483,201.3,130.0,0.0,2.0,0,1
P1623,0.4712388980384689,1.0,0.6,201.3,3.0630528372500483,201.3,200.0,0.0,0.5,0,1
P1624,0.4712388980384689,1.0,0.6,201.3,3.0630528372500483,201.3,200.0,0.0,1.0,0,1
P1625,0.4712388980384689,1.0,0.6,201.3,3.0630528372500483,201.3,200.0,0.0,1.5,0,1
P1626,0.4712388980384689,1.0,0.6,201.3,3.0630528372500483,201.3,200.0,0.0,2.0,0,1
P1627,0.4712388980384689,1.0,0.6,426.3,3.0630528372500483,426.3,-10.0,0.0,0.5,0,1
P1628,0.4712388980384689,1.0,0.6,426.3,3.0630528372500483,426.3,-10.0,0.0,1.0,0,1
P1629,0.4712388980384689,1.0,0.6,426.3,3.0630528372500483,426.3,-10.0,0.0,1.5,0,1
P1630,0.4712388980384689,1.0,0.6,426.3,3.0630528372500483,426.3,-10.0,0.0,2.0,0,1
P1631,0.4712388980384689,1.0,0.6,426.3,3.0630528372500483,426.3,60.0,0.0,0.5,0,1
P1632,0.4712388980384689,1.0,0.6,426.3,3.0630528372500483,426.3,60.0,0.0,1.0,0,1
P1633,0.4712388980384689,1.0,0.6,426.3,3.0630528372500483,426.3,60.0,0.0,1.5,0,1
P1634,0.4712388980384689,1.0,0.6,426.3,3.0630528372500483,426.3,60.0,0.0,2.0,0,1
P1635,0.4712388980384689,1.0,0.6,426.3,3.0630528372500483,426.3,130.0,0.0,0.5,0,1
P1636,0.4712388980384689,1.0,0.6,426.3,3.0630528372500483,426.3,130.0,0.0,1.0,0,1
P1637,0.4712388980384689,1.0,0.6,426.3,3.0630528372500483,426.3,130.0,0.0,1.5,0,1
P1638,0.4712388980384689,1.0,0.6,426.3,3.0630528372500483,426.3,130.0,0.0,2.0,0,1
P1639,0.4712388980384689,1.0,0.6,426.3,3.0630528372500483,426.3,200.0,0.0,0.5,0,1
P1640,0.4712388980384689,1.0,0.6,426.3,3.0630528372500483,426.3,200.0,0.0,1.0,0,1
P1641,0.4712388980384689,1.0,0.6,426.3,3.0630528372500483,426.3,200.0,0.0,1.5,0,1
P1642,0.4712388980384689,1.0,0.6,426.3,3.0630528372500483,426.3,200.0,0.0,2.0,0,1
P1643,0.4712388980384689,1.0,0.6,651.3,3.0630528372500483,651.3,-10.0,0.0,0.5,0,1
P1644,0.4712388980384689,1.0,0.6,651.3,3.0630528372500483,651.3,-10.0,0.0,1.0,0,1
P1645,0.4712388980384689,1.0,0.6,651.3,3.0630528372500483,651.3,-10.0,0.0,1.5,0,1
P1646,0.4712388980384689,1.0,0.6,651.3,3.0630528372500483,651.3,-10.0,0.0,2.0,0,1
P1647,0.4712388980384689,1.0,0.6,651.3,3.0630528372500483,651.3,60.0,0.0,0.5,0,1
P1648,0.4712388980384689,1.0,0.6,651.3,3.0630528372500483,651.3,60.0,0.0,1.0,0,1
P1649,0.4712388980384689,1.0,0.6,651.3,3.0630528372500483,651.3,60.0,0.0,1.5,0,1
P1650,0.4712388980384689,1.0,0.6,651.3,3.0630528372500483,651.3,60.0,0.0,2.0,0,1
P1651,0.4712388980384689,1.0,0.6,651.3,3.0630528372500483,651.3,130.0,0.0,0.5,0,1
P1652,0.4712388980384689,1.0,0.6,651.3,3.0630528372500483,651.3,130.0,0.0,1.0,0,1
P1653,0.4712388980384689,1.0,0.6,651.3,3.0630528372500483,651.3,130.0,0.0,1.5,0,1
P1654,0.4712388980384689,1.0,0.6,651.3,3.0630528372500483,651.3,130.0,0.0,2.0,0,1
P1655,0.4712388980384689,1.0,0.6,651.3,3.0630528372500483,651.3,200.0,0.0,0.5,0,1
P1656,0.4712388980384689,1.0,0.6,651.3,3.0630528372500483,651.3,200.0,0.0,1.0,0,1
P1657,0.4712388980384689,1.0,0.6,651.3,3.0630528372500483,651.3,200.0,0.0,1.5,0,1
P1658,0.4712388980384689,1.0,0.6,651.3,3.0630528372500483,651.3,200.0,0.0,2.0,0,1
P1659,0.4712388980384689,1.0,0.6,876.3,3.0630528372500483,876.3,-10.0,0.0,0.5,0,1
P1660,0.4712388980384689,1.0,0.6,876.3,3.0630528372500483,876.3,-10.0,0.0,1.0,0,1
P1661,0.4712388980384689,1.0,0.6,876.3,3.0630528372500483,876.3,-10.0,0.0,1.5,0,1
P1662,0.4712388980384689,1.0,0.6,876.3,3.0630528372500483,876.3,-10.0,0.0,2.0,0,1
P1663,0.4712388980384689,1.0,0.6,876.3,3.0630528372500483,876.3,60.0,0.0,0.5,0,1
P1664,0.4712388980384689,1.0,0.6,876.3,3.0630528372500483,876.3,60.0,0.0,1.0,0,1
P1665,0.4712388980384689,1.0,0.6,876.3,3.0630528372500483,876.3,60.0,0.0,1.5,0,1
P1666,0.4712388980384689,1.0,0.6,876.3,3.0630528372500483,876.3,60.0,0.0,2.0,0,1
P1667,0.4712388980384689,1.0,0.6,876.3,3.0630528372500483,876.3,130.0,0.0,0.5,0,1
P1668,0.4712388980384689,1.0,0.6,876.3,3.0630528372500483,876.3,130.0,0.0,1.0,0,1
P1669,0.4712388980384689,1.0,0.6,876.3,3.0630528372500483,876.3,130.0,0.0,1.5,0,1
P1670,0.4712388980384689,1.0,0.6,876.3,3.0630528372500483,876.3,130.0,0.0,2.0,0,1
P1671,0.4712388980384689,1.0,0.6,876.3,3.0630528372500483,876.3,200.0,0.0,0.5,0,1
P1672,0.4712388980384689,1.0,0.6,876.3,3.0630528372500483,876.3,200.0,0.0,1.0,0,1
P1673,0.4712388980384689,1.0,0.6,876.3,3.0630528372500483,876.3,200.0,0.0,1.5,0,1
P1674,0.4712388980384689,1.0,0.6,876.3,3.0630528372500483,876.3,200.0,0.0,2.0,0,1
P1675,0.4712388980384689,1.0,0.6,1101.3,3.0630528372500483,1101.3,-10.0,0.0,0.5,0,1
P1676,0.4712388980384689,1.0,0.6,1101.3,3.0630528372500483,1101.3,-10.0,0.0,1.0,0,1
P1677,0.4712388980384689,1.0,0.6,1101.3,3.0630528372500483,1101.3,-10.0,0.0,1.5,0,1
P1678,0.4712388980384689,1.0,0.6,1101.3,3.0630528372500483,1101.3,-10.0,0.0,2.0,0,1
P1679,0.4712388980384689,1.0,0.6,1101.3,3.0630528372500483,1101.3,60.0,0.0,0.5,0,1
P1680,0.4712388980384689,1.0,0.6,1101.3,3.0630528372500483,1101.3,60.0,0.0,1.0,0,1
P1681,0.4712388980384689,1.0,0.6,1101.3,3.0630528372500483,1101.3,60.0,0.0,1.5,0,1
P1682,0.4712388980384689,1.0,0.6,1101.3,3.0630528372500483,1101.3,60.0,0.0,2.0,0,1
P1683,0.4712388980384689,1.0,0.6,1101.3,3.0630528372500483,1101.3,130.0,0.0,0.5,0,1
P1684,0.4712388980384689,1.0,0.6,1101.3,3.0630528372500483,1101.3,130.0,0.0,1.0,0,1
P1685,0.4712388980384689,1.0,0.6,1101.3,3.0630528372500483,1101.3,130.0,0.0,1.5,0,1
P1686,0.4712388980384689,1.0,0.6,1101.3,3.0630528372500483,1101.3,130.0,0.0,2.0,0,1
P1687,0.4712388980384689,1.0,0.6,1101.3,3.0630528372500483,1101.3,200.0,0.0,0.5,0,1
P1688,0.4712388980384689,1.0,0.6,1101.3,3.0630528372500483,1101.3,200.0,0.0,1.0,0,1
P1689,0.4712388980384689,1.0,0.6,1101.3,3.0630528372500483,1101.3,200.0,0.0,1.5,0,1
P1690,0.4712388980384689,1.0,0.6,1101.3,3.0630528372500483,1101.3,200.0,0.0,2.0,0,1
P1691,0.942477796076938,1.0,1.2,201.3,4.948008429403924,201.3,-10.0,0.0,0.5,0,1
P1692,0.942477796076938,1.0,1.2,201.3,4.948008429403924,201.3,-10.0,0.0,1.0,0,1
P1693,0.942477796076938,1.0,1.2,201.3,4.948008429403924,201.3,-10.0,0.0,1.5,0,1
P1694,0.942477796076938,1.0,1.2,201.3,4.948008429403924,201.3,-10.0,0.0,2.0,0,1
P1695,0.942477796076938,1.0,1.2,201.3,4.948008429403924,201.3,60.0,0.0,0.5,0,1
P1696,0.942477796076938,1.0,1.2,201.3,4.948008429403924,201.3,60.0,0.0,1.0,0,1
P1697,0.942477796076938,1.0,1.2,201.3,4.948008429403924,201.3,60.0,0.0,1.5,0,1
P1698,0.942477796076938,1.0,1.2,201.3,4.948008429403924,201.3,60.0,0.0,2.0,0,1
P1699,0.942477796076938,1.0,1.2,201.3,4.948008429403924,201.3,130.0,0.0,0.5,0,1
P1700,0.942477796076938,1.0,1.2,201.3,4.948008429403924,201.3,130.0,0.0,1.0,0,1
P1701,0.942477796076938,1.0,1.2,201.3,4.948008429403924,201.3,130.0,0.0,1.5,0,1
P1702,0.942477796076938,1.0,1.2,201.3,4.948008429403924,201.3,130.0,0.0,2.0,0,1
P1703,0.942477796076938,1.0,1.2,201.3,4.948008429403924,201.3,200.0,0.0,0.5,0,1
P1704,0.942477796076938,1.0,1.2,201.3,4.948008429403924,201.3,200.0,0.0,1.0,0,1
P1705,0.942477796076938,1.0,1.2,201.3,4.948008429403924,201.3,200.0,0.0,1.5,0,1
P1706,0.942477796076938,1.0,1.2,201.3,4.948008429403924,201.3,200.0,0.0,2.0,0,1
P1707,0.942477796076938,1.0,1.2,426.3,4.948008429403924,426.3,-10.0,0.0,0.5,0,1
P1708,0.942477796076938,1.0,1.2,426.3,4.948008429403924,426.3,-10.0,0.0,1.0,0,1
P1709,0.942477796076938,1.0,1.2,426.3,4.948008429403924,426.3,-10.0,0.0,1.5,0,1
P1710,0.942477796076938,1.0,1.2,426.3,4.948008429403924,426.3,-10.0,0.0,2.0,0,1
P1711,0.942477796076938,1.0,1.2,426.3,4.948008429403924,426.3,60.0,0.0,0.5,0,1
P1712,0.942477796076938,1.0,1.2,426.3,4.948008429403924,426.3,60.0,0.0,1.0,0,1
P1713,0.942477796076938,1.0,1.2,426.3,4.948008429403924,426.3,60.0,0.0,1.5,0,1
P1714,0.942477796076938,1.0,1.2,426.3,4.948008429403924,426.3,60.0,0.0,2.0,0,1
P1715,0.942477796076938,1.0,1.2,426.3,4.948008429403924,426.3,130.0,0.0,0.5,0,1
P1716,0.942477796076938,1.0,1.2,426.3,4.948008429403924,426.3,130.0,0.0,1.0,0,1
P1717,0.942477796076938,1.0,1.2,426.3,4.948008429403924,426.3,130.0,0.0,1.5,0,1
P1718,0.942477796076938,1.0,1.2,426.3,4.948008429403924,426.3,130.0,0.0,2.0,0,1
P1719,0.942477796076938,1.0,1.2,426.3,4.948008429403924,426.3,200.0,0.0,0.5,0,1
P1720,0.942477796076938,1.0,1.2,426.3,4.948008429403924,426.3,200.0,0.0,1.0,0,1
P1721,0.942477796076938,1.0,1.2,426.3,4.948008429403924,426.3,200.0,0.0,1.5,0,1
P1722,0.942477796076938,1.0,1.2,426.3,4.948008429403924,426.3,200.0,0.0,2.0,0,1
P1723,0.942477796076938,1.0,1.2,651.3,4.948008429403924,651.3,-10.0,0.0,0.5,0,1
P1724,0.942477796076938,1.0,1.2,651.3,4.948008429403924,651.3,-10.0,0.0,1.0,0,1
P1725,0.942477796076938,1.0,1.2,651.3,4.948008429403924,651.3,-10.0,0.0,1.5,0,1
P1726,0.942477796076938,1.0,1.2,651.3,4.948008429403924,651.3,-10.0,0.0,2.0,0,1
P1727,0.942477796076938,1.0,1.2,651.3,4.948008429403924,651.3,60.0,0.0,0.5,0,1
P1728,0.942477796076938,1.0,1.2,651.3,4.948008429403924,651.3,60.0,0.0,1.0,0,1
P1729,0.942477796076938,1.0,1.2,651.3,4.948008429403924,651.3,60.0,0.0,1.5,0,1
P1730,0.942477796076938,1.0,1.2,651.3,4.948008429403924,651.3,60.0,0.0,2.0,0,1
P1731,0.942477796076938,1.0,1.2,651.3,4.948008429403924,651.3,130.0,0.0,0.5,0,1
P1732,0.942477796076938,1.0,1.2,651.3,4.948008429403924,651.3,130.0,0.0,1.0,0,1
P1733,0.942477796076938,1.0,1.2,651.3,4.948008429403924,651.3,130.0,0.0,1.5,0,1
P1734,0.942477796076938,1.0,1.2,651.3,4.948008429403924,651.3,130.0,0.0,2.0,0,1
P1735,0.942477796076938,1.0,1.2,651.3,4.948008429403924,651.3,200.0,0.0,0.5,0,1
P1736,0.942477796076938,1.0,1.2,651.3,4.948008429403924,651.3,200.0,0.0,1.0,0,1
P1737,0.942477796076938,1.0,1.2,651.3,4.948008429403924,651.3,200.0,0.0,1.5,0,1
P1738,0.942477796076938,1.0,1.2,651.3,4.948008429403924,651.3,200.0,0.0,2.0,0,1
P1739,0.942477796076938,1.0,1.2,876.3,4.948008429403924,876.3,-10.0,0.0,0.5,0,1
P1740,0.942477796076938,1.0,1.2,876.3,4.948008429403924,876.3,-10.0,0.0,1.0,0,1
P1741,0.942477796076938,1.0,1.2,876.3,4.948008429403924,876.3,-10.0,0.0,1.5,0,1
P1742,0.942477796076938,1.0,1.2,876.3,4.948008429403924,876.3,-10.0,0.0,2.0,0,1
P1743,0.942477796076938,1.0,1.2,876.3,4.948008429403924,876.3,60.0,0.0,0.5,0,1
P1744,0.942477796076938,1.0,1.2,876.3,4.948008429403924,876.3,60.0,0.0,1.0,0,1
P1745,0.942477796076938,1.0,1.2,876.3,4.948008429403924,876.3,60.0,0.0,1.5,0,1
P1746,0.942477796076938,1.0,1.2,876.3,4.948008429403924,876.3,60.0,0.0,2.0,0,1
P1747,0.942477796076938,1.0,1.2,876.3,4.948008429403924,876.3,130.0,0.0,0.5,0,1
P1748,0.942477796076938,1.0,1.2,876.3,4.948008429403924,876.3,130.0,0.0,1.0,0,1
P1749,0.942477796076938,1.0,1.2,876.3,4.948008429403924,876.3,130.0,0.0,1.5,0,1
P1750,0.942477796076938,1.0,1.2,876.3,4.948008429403924,876.3,130.0,0.0,2.0,0,1
P1751,0.942477796076938,1.0,1.2,876.3,4.948008429403924,876.3,200.0,0.0,0.5,0,1
P1752,0.942477796076938,1.0,1.2,876.3,4.948008429403924,876.3,200.0,0.0,1.0,0,1
P1753,0.942477796076938,1.0,1.2,876.3,4.948008429403924,876.3,200.0,0.0,1.5,0,1
P1754,0.942477796076938,1.0,1.2,876.3,4.948008429403924,876.3,200.0,0.0,2.0,0,1
P1755,0.942477796076938,1.0,1.2,1101.3,4.948008429403924,1101.3,-10.0,0.0,0.5,0,1
P1756,0.942477796076938,1.0,1.2,1101.3,4.948008429403924,1101.3,-10.0,0.0,1.0,0,1
P1757,0.942477796076938,1.0,1.2,1101.3,4.948008429403924,1101.3,-10.0,0.0,1.5,0,1
P1758,0.942477796076938,1.0,1.2,1101.3,4.948008429403924,1101.3,-10.0,0.0,2.0,0,1
P1759,0.942477796076938,1.0,1.2,1101.3,4.948008429403924,1101.3,60.0,0.0,0.5,0,1
P1760,0.942477796076938,1.0,1.2,1101.3,4.948008429403924,1101.3,60.0,0.0,1.0,0,1
P1761,0.942477796076938,1.0,1.2,1101.3,4.948008429403924,1101.3,60.0,0.0,1.5,0,1
P1762,0.942477796076938,1.0,1.2,1101.3,4.948008429403924,1101.3,60.0,0.0,2.0,0,1
P1763,0.942477796076938,1.0,1.2,1101.3,4.948008429403924,1101.3,130.0,0.0,0.5,0,1
P1764,0.942477796076938,1.0,1.2,1101.3,4.948008429403924,1101.3,130.0,0.0,1.0,0,1
P1765,0.942477796076938,1.0,1.2,1101.3,4.948008429403924,1101.3,130.0,0.0,1.5,0,1
P1766,0.942477796076938,1.0,1.2,1101.3,4.948008429403924,1101.3,130.0,0.0,2.0,0,1
P1767,0.942477796076938,1.0,1.2,1101.3,4.948008429403924,1101.3,200.0,0.0,0.5,0,1
P1768,0.942477796076938,1.0,1.2,1101.3,4.948008429403924,1101.3,200.0,0.0,1.0,0,1
P1769,0.942477796076938,1.0,1.2,1101.3,4.948008429403924,1101.3,200.0,0.0,1.5,0,1
P1770,0.942477796076938,1.0,1.2,1101.3,4.948008429403924,1101.3,200.0,0.0,2.0,0,1
P1771,1.413716694115407,1.0,1.8,201.3,6.8329640215578,201.3,-10.0,0.0,0.5,0,1
P1772,1.413716694115407,1.0,1.8,201.3,6.8329640215578,201.3,-10.0,0.0,1.0,0,1
P1773,1.413716694115407,1.0,1.8,201.3,6.8329640215578,201.3,-10.0,0.0,1.5,0,1
P1774,1.413716694115407,1.0,1.8,201.3,6.8329640215578,201.3,-10.0,0.0,2.0,0,1
P1775,1.413716694115407,1.0,1.8,201.3,6.8329640215578,201.3,60.0,0.0,0.5,0,1
P1776,1.413716694115407,1.0,1.8,201.3,6.8329640215578,201.3,60.0,0.0,1.0,0,1
P1777,1.413716694115407,1.0,1.8,201.3,6.8329640215578,201.3,60.0,0.0,1.5,0,1
P1778,1.413716694115407,1.0,1.8,201.3,6.8329640215578,201.3,60.0,0.0,2.0,0,1
P1779,1.413716694115407,1.0,1.8,201.3,6.8329640215578,201.3,130.0,0.0,0.5,0,1
P1780,1.413716694115407,1.0,1.8,201.3,6.8329640215578,201.3,130.0,0.0,1.0,0,1
P1781,1.413716694115407,1.0,1.8,201.3,6.8329640215578,201.3,130.0,0.0,1.5,0,1
P1782,1.413716694115407,1.0,1.8,201.3,6.8329640215578,201.3,130.0,0.0,2.0,0,1
P1783,1.413716694115407,1.0,1.8,201.3,6.8329640215578,201.3,200.0,0.0,0.5,0,1
P1784,1.413716694115407,1.0,1.8,201.3,6.8329640215578,201.3,200.0,0.0,1.0,0,1
P1785,1.413716694115407,1.0,1.8,201.3,6.8329640215578,201.3,200.0,0.0,1.5,0,1
P1786,1.413716694115407,1.0,1.8,201.3,6.8329640215578,201.3,200.0,0.0,2.0,0,1
P1787,1.413716694115407,1.0,1.8,426.3,6.8329640215578,426.3,-10.0,0.0,0.5,0,1
P1788,1.413716694115407,1.0,1.8,426.3,6.8329640215578,426.3,-10.0,0.0,1.0,0,1
P1789,1.413716694115407,1.0,1.8,426.3,6.8329640215578,426.3,-10.0,0.0,1.5,0,1
P1790,1.413716694115407,1.0,1.8,426.3,6.8329640215578,426.3,-10.0,0.0,2.0,0,1
P1791,1.413716694115407,1.0,1.8,426.3,6.8329640215578,426.3,60.0,0.0,0.5,0,1
P1792,1.413716694115407,1.0,1.8,426.3,6.8329640215578,426.3,60.0,0.0,1.0,0,1
P1793,1.413716694115407,1.0,1.8,426.3,6.8329640215578,426.3,60.0,0.0,1.5,0,1
P1794,1.413716694115407,1.0,1.8,426.3,6.8329640215578,426.3,60.0,0.0,2.0,0,1
P1795,1.413716694115407,1.0,1.8,426.3,6.8329640215578,426.3,130.0,0.0,0.5,0,1
P1796,1.413716694115407,1.0,1.8,426.3,6.8329640215578,426.3,130.0,0.0,1.0,0,1
P1797,1.413716694115407,1.0,1.8,426.3,6.8329640215578,426.3,130.0,0.0,1.5,0,1
P1798,1.413716694115407,1.0,1.8,426.3,6.8329640215578,426.3,130.0,0.0,2.0,0,1
P1799,1.413716694115407,1.0,1.8,426.3,6.8329640215578,426.3,200.0,0.0,0.5,0,1
P1800,1.413716694115407,1.0,1.8,426.3,6.8329640215578,426.3,200.0,0.0,1.0,0,1
P1801,1.413716694115407,1.0,1.8,426.3,6.8329640215578,426.3,200.0,0.0,1.5,0,1
P1802,1.413716694115407,1.0,1.8,426.3,6.8329640215578,426.3,200.0,0.0,2.0,0,1
P1803,1.413716694115407,1.0,1.8,651.3,6.8329640215578,651.3,-10.0,0.0,0.5,0,1
P1804,1.413716694115407,1.0,1.8,651.3,6.8329640215578,651.3,-10.0,0.0,1.0,0,1
P1805,1.413716694115407,1.0,1.8,651.3,6.8329640215578,651.3,-10.0,0.0,1.5,0,1
P1806,1.413716694115407,1.0,1.8,651.3,6.8329640215578,651.3,-10.0,0.0,2.0,0,1
P1807,1.413716694115407,1.0,1.8,651.3,6.8329640215578,651.3,60.0,0.0,0.5,0,1
P1808,1.413716694115407,1.0,1.8,651.3,6.8329640215578,651.3,60.0,0.0,1.0,0,1
P1809,1.413716694115407,1.0,1.8,651.3,6.8329640215578,651.3,60.0,0.0,1.5,0,1
P1810,1.413716694115407,1.0,1.8,651.3,6.8329640215578,651.3,60.0,0.0,2.0,0,1
P1811,1.413716694115407,1.0,1.8,651.3,6.8329640215578,651.3,130.0,0.0,0.5,0,1
P1812,1.413716694115407,1.0,1.8,651.3,6.8329640215578,651.3,130.0,0.0,1.0,0,1
P1813,1.413716694115407,1.0,1.8,651.3,6.8329640215578,651.3,130.0,0.0,1.5,0,1
P1814,1.413716694115407,1.0,1.8,651.3,6.8329640215578,651.3,130.0,0.0,2.0,0,1
P1815,1.413716694115407,1.0,1.8,651.3,6.8329640215578,651.3,200.0,0.0,0.5,0,1
P1816,1.413716694115407,1.0,1.8,651.3,6.8329640215578,651.3,200.0,0.0,1.0,0,1
P1817,1.413716694115407,1.0,1.8,651.3,6.8329640215578,651.3,200.0,0.0,1.5,0,1
P1818,1.413716694115407,1.0,1.8,651.3,6.8329640215578,651.3,200.0,0.0,2.0,0,1
P1819,1.413716694115407,1.0,1.8,876.3,6.8329640215578,876.3,-10.0,0.0,0.5,0,1
P1820,1.413716694115407,1.0,1.8,876.3,6.8329640215578,876.3,-10.0,0.0,1.0,0,1
P1821,1.413716694115407,1.0,1.8,876.3,6.8329640215578,876.3,-10.0,0.0,1.5,0,1
P1822,1.413716694115407,1.0,1.8,876.3,6.8329640215578,876.3,-10.0,0.0,2.0,0,1
P1823,1.413716694115407,1.0,1.8,876.3,6.8329640215578,876.3,60.0,0.0,0.5,0,1
P1824,1.413716694115407,1.0,1.8,876.3,6.8329640215578,876.3,60.0,0.0,1.0,0,1
P1825,1.413716694115407,1.0,1.8,876.3,6.8329640215578,876.3,60.0,0.0,1.5,0,1
P1826,1.413716694115407,1.0,1.8,876.3,6.8329640215578,876.3,60.0,0.0,2.0,0,1
P1827,1.413716694115407,1.0,1.8,876.3,6.8329640215578,876.3,130.0,0.0,0.5,0,1
P1828,1.413716694115407,1.0,1.8,876.3,6.8329640215578,876.3,130.0,0.0,1.0,0,1
P1829,1.413716694115407,1.0,1.8,876.3,6.8329640215578,876.3,130.0,0.0,1.5,0,1
P1830,1.413716694115407,1.0,1.8,876.3,6.8329640215578,876.3,130.0,0.0,2.0,0,1
P1831,1.413716694115407,1.0,1.8,876.3,6.8329640215578,876.3,200.0,0.0,0.5,0,1
P1832,1.413716694115407,1.0,1.8,876.3,6.8329640215578,876.3,200.0,0.0,1.0,0,1
P1833,1.413716694115407,1.0,1.8,876.3,6.8329640215578,876.3,200.0,0.0,1.5,0,1
P1834,1.413716694115407,1.0,1.8,876.3,6.8329640215578,876.3,200.0,0.0,2.0,0,1
P1835,1.413716694115407,1.0,1.8,1101.3,6.8329640215578,1101.3,-10.0,0.0,0.5,0,1
P1836,1.413716694115407,1.0,1.8,1101.3,6.8329640215578,1101.3,-10.0,0.0,1.0,0,1
P1837,1.413716694115407,1.0,1.8,1101.3,6.8329640215578,1101.3,-10.0,0.0,1.5,0,1
P1838,1.413716694115407,1.0,1.8,1101.3,6.8329640215578,1101.3,-10.0,0.0,2.0,0,1
P1839,1.413716694115407,1.0,1.8,1101.3,6.8329640215578,1101.3,60.0,0.0,0.5,0,1
P1840,1.413716694115407,1.0,1.8,1101.3,6.8329640215578,1101.3,60.0,0.0,1.0,0,1
P1841,1.413716694115407,1.0,1.8,1101.3,6.8329640215578,1101.3,60.0,0.0,1.5,0,1
P1842,1.413716694115407,1.0,1.8,1101.3,6.8329640215578,1101.3,60.0,0.0,2.0,0,1
P1843,1.413716694115407,1.0,1.8,1101.3,6.8329640215578,1101.3,130.0,0.0,0.5,0,1
P1844,1.413716694115407,1.0,1.8,1101.3,6.8329640215578,1101.3,130.0,0.0,1.0,0,1
P1845,1.413716694115407,1.0,1.8,1101.3,6.8329640215578,1101.3,130.0,0.0,1.5,0,1
P1846,1.413716694115407,1.0,1.8,1101.3,6.8329640215578,1101.3,130.0,0.0,2.0,0,1
P1847,1.413716694115407,1.0,1.8,1101.3,6.8329640215578,1101.3,200.0,0.0,0.5,0,1
P1848,1.413716694115407,1.0,1.8,1101.3,6.8329640215578,1101.3,200.0,0.0,1.0,0,1
P1849,1.413716694115407,1.0,1.8,1101.3,6.8329640215578,1101.3,200.0,0.0,1.5,0,1
P1850,1.413716694115407,1.0,1.8,1101.3,6.8329640215578,1101.3,200.0,0.0,2.0,0,1
P1851,1.884955592153876,1.0,2.4,201.3,8.717919613711675,201.3,-10.0,0.0,0.5,0,1
P1852,1.884955592153876,1.0,2.4,201.3,8.717919613711675,201.3,-10.0,0.0,1.0,0,1
P1853,1.884955592153876,1.0,2.4,201.3,8.717919613711675,201.3,-10.0,0.0,1.5,0,1
P1854,1.884955592153876,1.0,2.4,201.3,8.717919613711675,201.3,-10.0,0.0,2.0,0,1
P1855,1.884955592153876,1.0,2.4,201.3,8.717919613711675,201.3,60.0,0.0,0.5,0,1
P1856,1.884955592153876,1.0,2.4,201.3,8.717919613711675,201.3,60.0,0.0,1.0,0,1
P1857,1.884955592153876,1.0,2.4,201.3,8.717919613711675,201.3,60.0,0.0,1.5,0,1
P1858,1.884955592153876,1.0,2.4,201.3,8.717919613711675,201.3,60.0,0.0,2.0,0,1
P1859,1.884955592153876,1.0,2.4,201.3,8.717919613711675,201.3,130.0,0.0,0.5,0,1
P1860,1.884955592153876,1.0,2.4,201.3,8.717919613711675,201.3,130.0,0.0,1.0,0,1
P1861,1.884955592153876,1.0,2.4,201.3,8.717919613711675,201.3,130.0,0.0,1.5,0,1
P1862,1.884955592153876,1.0,2.4,201.3,8.717919613711675,201.3,130.0,0.0,2.0,0,1
P1863,1.884955592153876,1.0,2.4,201.3,8.717919613711675,201.3,200.0,0.0,0.5,0,1
P1864,1.884955592153876,1.0,2.4,201.3,8.717919613711675,201.3,200.0,0.0,1.0,0,1
P1865,1.884955592153876,1.0,2.4,201.3,8.717919613711675,201.3,200.0,0.0,1.5,0,1
P1866,1.884955592153876,1.0,2.4,201.3,8.717919613711675,201.3,200.0,0.0,2.0,0,1
P1867,1.884955592153876,1.0,2.4,426.3,8.717919613711675,426.3,-10.0,0.0,0.5,0,1
P1868,1.884955592153876,1.0,2.4,426.3,8.717919613711675,426.3,-10.0,0.0,1.0,0,1
P1869,1.884955592153876,1.0,2.4,426.3,8.717919613711675,426.3,-10.0,0.0,1.5,0,1
P1870,1.884955592153876,1.0,2.4,426.3,8.717919613711675,426.3,-10.0,0.0,2.0,0,1
P1871,1.884955592153876,1.0,2.4,426.3,8.717919613711675,426.3,60.0,0.0,0.5,0,1
P1872,1.884955592153876,1.0,2.4,426.3,8.717919613711675,426.3,60.0,0.0,1.0,0,1
P1873,1.884955592153876,1.0,2.4,426.3,8.717919613711675,426.3,60.0,0.0,1.5,0,1
P1874,1.884955592153876,1.0,2.4,426.3,8.717919613711675,426.3,60.0,0.0,2.0,0,1
P1875,1.884955592153876,1.0,2.4,426.3,8.717919613711675,426.3,130.0,0.0,0.5,0,1
P1876,1.884955592153876,1.0,2.4,426.3,8.717919613711675,426.3,130.0,0.0,1.0,0,1
P1877,1.884955592153876,1.0,2.4,426.3,8.717919613711675,426.3,130.0,0.0,1.5,0,1
P1878,1.884955592153876,1.0,2.4,426.3,8.717919613711675,426.3,130.0,0.0,2.0,0,1
P1879,1.884955592153876,1.0,2.4,426.3,8.717919613711675,426.3,200.0,0.0,0.5,0,1
P1880,1.884955592153876,1.0,2.4,426.3,8.717919613711675,426.3,200.0,0.0,1.0,0,1
P1881,1.884955592153876,1.0,2.4,426.3,8.717919613711675,426.3,200.0,0.0,1.5,0,1
P1882,1.884955592153876,1.0,2.4,426.3,8.717919613711675,426.3,200.0,0.0,2.0,0,1
P1883,1.884955592153876,1.0,2.4,651.3,8.717919613711675,651.3,-10.0,0.0,0.5,0,1
P1884,1.884955592153876,1.0,2.4,651.3,8.717919613711675,651.3,-10.0,0.0,1.0,0,1
P1885,1.884955592153876,1.0,2.4,651.3,8.717919613711675,651.3,-10.0,0.0,1.5,0,1
P1886,1.884955592153876,1.0,2.4,651.3,8.717919613711675,651.3,-10.0,0.0,2.0,0,1
P1887,1.884955592153876,1.0,2.4,651.3,8.717919613711675,651.3,60.0,0.0,0.5,0,1
P1888,1.884955592153876,1.0,2.4,651.3,8.717919613711675,651.3,60.0,0.0,1.0,0,1
P1889,1.884955592153876,1.0,2.4,651.3,8.717919613711675,651.3,60.0,0.0,1.5,0,1
P1890,1.884955592153876,1.0,2.4,651.3,8.717919613711675,651.3,60.0,0.0,2.0,0,1
P1891,1.884955592153876,1.0,2.4,651.3,8.717919613711675,651.3,130.0,0.0,0.5,0,1
P1892,1.884955592153876,1.0,2.4,651.3,8.717919613711675,651.3,130.0,0.0,1.0,0,1
P1893,1.884955592153876,1.0,2.4,651.3,8.717919613711675,651.3,130.0,0.0,1.5,0,1
P1894,1.884955592153876,1.0,2.4,651.3,8.717919613711675,651.3,130.0,0.0,2.0,0,1
P1895,1.884955592153876,1.0,2.4,651.3,8.717919613711675,651.3,200.0,0.0,0.5,0,1
P1896,1.884955592153876,1.0,2.4,651.3,8.717919613711675,651.3,200.0,0.0,1.0,0,1
P1897,1.884955592153876,1.0,2.4,651.3,8.717919613711675,651.3,200.0,0.0,1.5,0,1
P1898,1.884955592153876,1.0,2.4,651.3,8.717919613711675,651.3,200.0,0.0,2.0,0,1
P1899,1.884955592153876,1.0,2.4,876.3,8.717919613711675,876.3,-10.0,0.0,0.5,0,1
P1900,1.884955592153876,1.0,2.4,876.3,8.717919613711675,876.3,-10.0,0.0,1.0,0,1
P1901,1.884955592153876,1.0,2.4,876.3,8.717919613711675,876.3,-10.0,0.0,1.5,0,1
P1902,1.884955592153876,1.0,2.4,876.3,8.717919613711675,876.3,-10.0,0.0,2.0,0,1
P1903,1.884955592153876,1.0,2.4,876.3,8.717919613711675,876.3,60.0,0.0,0.5,0,1
P1904,1.884955592153876,1.0,2.4,876.3,8.717919613711675,876.3,60.0,0.0,1.0,0,1
P1905,1.884955592153876,1.0,2.4,876.3,8.717919613711675,876.3,60.0,0.0,1.5,0,1
P1906,1.884955592153876,1.0,2.4,876.3,8.717919613711675,876.3,60.0,0.0,2.0,0,1
P1907,1.884955592153876,1.0,2.4,876.3,8.717919613711675,876.3,130.0,0.0,0.5,0,1
P1908,1.884955592153876,1.0,2.4,876.3,8.717919613711675,876.3,130.0,0.0,1.0,0,1
P1909,1.884955592153876,1.0,2.4,876.3,8.717919613711675,876.3,130.0,0.0,1.5,0,1
P1910,1.884955592153876,1.0,2.4,876.3,8.717919613711675,876.3,130.0,0.0,2.0,0,1
P1911,1.884955592153876,1.0,2.4,876.3,8.717919613711675,876.3,200.0,0.0,0.5,0,1
P1912,1.884955592153876,1.0,2.4,876.3,8.717919613711675,876.3,200.0,0.0,1.0,0,1
P1913,1.884955592153876,1.0,2.4,876.3,8.717919613711675,876.3,200.0,0.0,1.5,0,1
P1914,1.884955592153876,1.0,2.4,876.3,8.717919613711675,876.3,200.0,0.0,2.0,0,1
P1915,1.884955592153876,1.0,2.4,1101.3,8.717919613711675,1101.3,-10.0,0.0,0.5,0,1
P1916,1.884955592153876,1.0,2.4,1101.3,8.717919613711675,1101.3,-10.0,0.0,1.0,0,1
P1917,1.884955592153876,1.0,2.4,1101.3,8.717919613711675,1101.3,-10.0,0.0,1.5,0,1
P1918,1.884955592153876,1.0,2.4,1101.3,8.717919613711675,1101.3,-10.0,0.0,2.0,0,1
P1919,1.884955592153876,1.0,2.4,1101.3,8.717919613711675,1101.3,60.0,0.0,0.5,0,1
P1920,1.884955592153876,1.0,2.4,1101.3,8.717919613711675,1101.3,60.0,0.0,1.0,0,1
P1921,1.884955592153876,1.0,2.4,1101.3,8.717919613711675,1101.3,60.0,0.0,1.5,0,1
P1922,1.884955592153876,1.0,2.4,1101.3,8.717919613711675,1101.3,60.0,0.0,2.0,0,1
P1923,1.884955592153876,1.0,2.4,1101.3,8.717919613711675,1101.3,130.0,0.0,0.5,0,1
P1924,1.884955592153876,1.0,2.4,1101.3,8.717919613711675,1101.3,130.0,0.0,1.0,0,1
P1925,1.884955592153876,1.0,2.4,1101.3,8.717919613711675,1101.3,130.0,0.0,1.5,0,1
P1926,1.884955592153876,1.0,2.4,1101.3,8.717919613711675,1101.3,130.0,0.0,2.0,0,1
P1927,1.884955592153876,1.0,2.4,1101.3,8.717919613711675,1101.3,200.0,0.0,0.5,0,1
P1928,1.884955592153876,1.0,2.4,1101.3,8.717919613711675,1101.3,200.0,0.0,1.0,0,1
P1929,1.884955592153876,1.0,2.4,1101.3,8.717919613711675,1101.3,200.0,0.0,1.5,0,1
P1930,1.884955592153876,1.0,2.4,1101.3,8.717919613711675,1101.3,200.0,0.0,2.0,0,1
P1931,2.356194490192345,1.0,3.0,201.3,10.602875205865551,201.3,-10.0,0.0,0.5,0,1
P1932,2.356194490192345,1.0,3.0,201.3,10.602875205865551,201.3,-10.0,0.0,1.0,0,1
P1933,2.356194490192345,1.0,3.0,201.3,10.602875205865551,201.3,-10.0,0.0,1.5,0,1
P1934,2.356194490192345,1.0,3.0,201.3,10.602875205865551,201.3,-10.0,0.0,2.0,0,1
P1935,2.356194490192345,1.0,3.0,201.3,10.602875205865551,201.3,60.0,0.0,0.5,0,1
P1936,2.356194490192345,1.0,3.0,201.3,10.602875205865551,201.3,60.0,0.0,1.0,0,1
P1937,2.356194490192345,1.0,3.0,201.3,10.602875205865551,201.3,60.0,0.0,1.5,0,1
P1938,2.356194490192345,1.0,3.0,201.3,10.602875205865551,201.3,60.0,0.0,2.0,0,1
P1939,2.356194490192345,1.0,3.0,201.3,10.602875205865551,201.3,130.0,0.0,0.5,0,1
P1940,2.356194490192345,1.0,3.0,201.3,10.602875205865551,201.3,130.0,0.0,1.0,0,1
P1941,2.356194490192345,1.0,3.0,201.3,10.602875205865551,201.3,130.0,0.0,1.5,0,1
P1942,2.356194490192345,1.0,3.0,201.3,10.602875205865551,201.3,130.0,0.0,2.0,0,1
P1943,2.356194490192345,1.0,3.0,201.3,10.602875205865551,201.3,200.0,0.0,0.5,0,1
P1944,2.356194490192345,1.0,3.0,201.3,10.602875205865551,201.3,200.0,0.0,1.0,0,1
P1945,2.356194490192345,1.0,3.0,201.3,10.602875205865551,201.3,200.0,0.0,1.5,0,1
P1946,2.356194490192345,1.0,3.0,201.3,10.602875205865551,201.3,200.0,0.0,2.0,0,1
P1947,2.356194490192345,1.0,3.0,426.3,10.602875205865551,426.3,-10.0,0.0,0.5,0,1
P1948,2.356194490192345,1.0,3.0,426.3,10.602875205865551,426.3,-10.0,0.0,1.0,0,1
P1949,2.356194490192345,1.0,3.0,426.3,10.602875205865551,426.3,-10.0,0.0,1.5,0,1
P1950,2.356194490192345,1.0,3.0,426.3,10.602875205865551,426.3,-10.0,0.0,2.0,0,1
P1951,2.356194490192345,1.0,3.0,426.3,10.602875205865551,426.3,60.0,0.0,0.5,0,1
P1952,2.356194490192345,1.0,3.0,426.3,10.602875205865551,426.3,60.0,0.0,1.0,0,1
P1953,2.356194490192345,1.0,3.0,426.3,10.602875205865551,426.3,60.0,0.0,1.5,0,1
P1954,2.356194490192345,1.0,3.0,426.3,10.602875205865551,426.3,60.0,0.0,2.0,0,1
P1955,2.356194490192345,1.0,3.0,426.3,10.602875205865551,426.3,130.0,0.0,0.5,0,1
P1956,2.356194490192345,1.0,3.0,426.3,10.602875205865551,426.3,130.0,0.0,1.0,0,1
P1957,2.356194490192345,1.0,3.0,426.3,10.602875205865551,426.3,130.0,0.0,1.5,0,1
P1958,2.356194490192345,1.0,3.0,426.3,10.602875205865551,426.3,130.0,0.0,2.0,0,1
P1959,2.356194490192345,1.0,3.0,426.3,10.602875205865551,426.3,200.0,0.0,0.5,0,1
P1960,2.356194490192345,1.0,3.0,426.3,10.602875205865551,426.3,200.0,0.0,1.0,0,1
P1961,2.356194490192345,1.0,3.0,426.3,10.602875205865551,426.3,200.0,0.0,1.5,0,1
P1962,2.356194490192345,1.0,3.0,426.3,10.602875205865551,426.3,200.0,0.0,2.0,0,1
P1963,2.356194490192345,1.0,3.0,651.3,10.602875205865551,651.3,-10.0,0.0,0.5,0,1
P1964,2.356194490192345,1.0,3.0,651.3,10.602875205865551,651.3,-10.0,0.0,1.0,0,1
P1965,2.356194490192345,1.0,3.0,651.3,10.602875205865551,651.3,-10.0,0.0,1.5,0,1
P1966,2.356194490192345,1.0,3.0,651.3,10.602875205865551,651.3,-10.0,0.0,2.0,0,1
P1967,2.356194490192345,1.0,3.0,651.3,10.602875205865551,651.3,60.0,0.0,0.5,0,1
P1968,2.356194490192345,1.0,3.0,651.3,10.602875205865551,651.3,60.0,0.0,1.0,0,1
P1969,2.356194490192345,1.0,3.0,651.3,10.602875205865551,651.3,60.0,0.0,1.5,0,1
P1970,2.356194490192345,1.0,3.0,651.3,10.602875205865551,651.3,60.0,0.0,2.0,0,1
P1971,2.356194490192345,1.0,3.0,651.3,10.602875205865551,651.3,130.0,0.0,0.5,0,1
P1972,2.356194490192345,1.0,3.0,651.3,10.602875205865551,651.3,130.0,0.0,1.0,0,1
P1973,2.356194490192345,1.0,3.0,651.3,10.602875205865551,651.3,130.0,0.0,1.5,0,1
P1974,2.356194490192345,1.0,3.0,651.3,10.602875205865551,651.3,130.0,0.0,2.0,0,1
P1975,2.356194490192345,1.0,3.0,651.3,10.602875205865551,651.3,200.0,0.0,0.5,0,1
P1976,2.356194490192345,1.0,3.0,651.3,10.602875205865551,651.3,200.0,0.0,1.0,0,1
P1977,2.356194490192345,1.0,3.0,651.3,10.602875205865551,651.3,200.0,0.0,1.5,0,1
P1978,2.356194490192345,1.0,3.0,651.3,10.602875205865551,651.3,200.0,0.0,2.0,0,1
P1979,2.356194490192345,1.0,3.0,876.3,10.602875205865551,876.3,-10.0,0.0,0.5,0,1
P1980,2.356194490192345,1.0,3.0,876.3,10.602875205865551,876.3,-10.0,0.0,1.0,0,1
P1981,2.356194490192345,1.0,3.0,876.3,10.602875205865551,876.3,-10.0,0.0,1.5,0,1
P1982,2.356194490192345,1.0,3.0,876.3,10.602875205865551,876.3,-10.0,0.0,2.0,0,1
P1983,2.356194490192345,1.0,3.0,876.3,10.602875205865551,876.3,60.0,0.0,0.5,0,1
P1984,2.356194490192345,1.0,3.0,876.3,10.602875205865551,876.3,60.0,0.0,1.0,0,1
P1985,2.356194490192345,1.0,3.0,876.3,10.602875205865551,876.3,60.0,0.0,1.5,0,1
P1986,2.356194490192345,1.0,3.0,876.3,10.602875205865551,876.3,60.0,0.0,2.0,0,1
P1987,2.356194490192345,1.0,3.0,876.3,10.602875205865551,876.3,130.0,0.0,0.5,0,1
P1988,2.356194490192345,1.0,3.0,876.3,10.602875205865551,876.3,130.0,0.0,1.0,0,1
P1989,2.356194490192345,1.0,3.0,876.3,10.602875205865551,876.3,130.0,0.0,1.5,0,1
P1990,2.356194490192345,1.0,3.0,876.3,10.602875205865551,876.3,130.0,0.0,2.0,0,1
P1991,2.356194490192345,1.0,3.0,876.3,10.602875205865551,876.3,200.0,0.0,0.5,0,1
P1992,2.356194490192345,1.0,3.0,876.3,10.602875205865551,876.3,200.0,0.0,1.0,0,1
P1993,2.356194490192345,1.0,3.0,876.3,10.602875205865551,876.3,200.0,0.0,1.5,0,1
P1994,2.356194490192345,1.0,3.0,876.3,10.602875205865551,876.3,200.0,0.0,2.0,0,1
P1995,2.356194490192345,1.0,3.0,1101.3,10.602875205865551,1101.3,-10.0,0.0,0.5,0,1
P1996,2.356194490192345,1.0,3.0,1101.3,10.602875205865551,1101.3,-10.0,0.0,1.0,0,1
P1997,2.356194490192345,1.0,3.0,1101.3,10.602875205865551,1101.3,-10.0,0.0,1.5,0,1
P1998,2.356194490192345,1.0,3.0,1101.3,10.602875205865551,1101.3,-10.0,0.0,2.0,0,1
P1999,2.356194490192345,1.0,3.0,1101.3,10.602875205865551,1101.3,60.0,0.0,0.5,0,1
P2000,2.356194490192345,1.0,3.0,1101.3,10.602875205865551,1101.3,60.0,0.0,1.0,0,1
P2001,2.356194490192345,1.0,3.0,1101.3,10.602875205865551,1101.3,60.0,0.0,1.5,0,1
P2002,2.356194490192345,1.0,3.0,1101.3,10.602875205865551,1101.3,60.0,0.0,2.0,0,1
P2003,2.356194490192345,1.0,3.0,1101.3,10.602875205865551,1101.3,130.0,0.0,0.5,0,1
P2004,2.356194490192345,1.0,3.0,1101.3,10.602875205865551,1101.3,130.0,0.0,1.0,0,1
P2005,2.356194490192345,1.0,3.0,1101.3,10.602875205865551,1101.3,130.0,0.0,1.5,0,1
P2006,2.356194490192345,1.0,3.0,1101.3,10.602875205865551,1101.3,130.0,0.0,2.0,0,1
P2007,2.356194490192345,1.0,3.0,1101.3,10.602875205865551,1101.3,200.0,0.0,0.5,0,1
P2008,2.356194490192345,1.0,3.0,1101.3,10.602875205865551,1101.3,200.0,0.0,1.0,0,1
P2009,2.356194490192345,1.0,3.0,1101.3,10.602875205865551,1101.3,200.0,0.0,1.5,0,1
P2010,2.356194490192345,1.0,3.0,1101.3,10.602875205865551,1101.3,200.0,0.0,2.0,0,1
P2011,2.356194490192345,1.0,3.0,601.3,10.602875205865551,601.3,-10.0,1.5,0.0,1,0
P2012,2.356194490192345,1.0,3.0,601.3,10.602875205865551,601.3,-10.0,2.5,0.0,1,0
P2013,2.356194490192345,1.0,3.0,601.3,10.602875205865551,601.3,-10.0,3.5,0.0,1,0
P2014,2.356194490192345,1.0,3.0,601.3,10.602875205865551,601.3,110.0,1.5,0.0,1,0
P2015,2.356194490192345,1.0,3.0,601.3,10.602875205865551,601.3,110.0,2.5,0.0,1,0
P2016,2.356194490192345,1.0,3.0,601.3,10.602875205865551,601.3,110.0,3.5,0.0,1,0
P2017,2.356194490192345,1.0,3.0,601.3,10.602875205865551,601.3,230.0,1.5,0.0,1,0
P2018,2.356194490192345,1.0,3.0,601.3,10.602875205865551,601.3,230.0,2.5,0.0,1,0
P2019,2.356194490192345,1.0,3.0,601.3,10.602875205865551,601.3,230.0,3.5,0.0,1,0
P2020,2.356194490192345,1.0,3.0,601.3,10.602875205865551,601.3,350.0,1.5,0.0,1,0
P2021,2.356194490192345,1.0,3.0,601.3,10.602875205865551,601.3,350.0,2.5,0.0,1,0
P2022,2.356194490192345,1.0,3.0,601.3,10.602875205865551,601.3,350.0,3.5,0.0,1,0
P2023,2.356194490192345,1.0,3.0,2101.3,10.602875205865551,2101.3,-10.0,1.5,0.0,1,0
P2024,2.356194490192345,1.0,3.0,2101.3,10.602875205865551,2101.3,-10.0,2.5,0.0,1,0
P2025,2.356194490192345,1.0,3.0,2101.3,10.602875205865551,2101.3,-10.0,3.5,0.0,1,0
P2026,2.356194490192345,1.0,3.0,2101.3,10.602875205865551,2101.3,110.0,1.5,0.0,1,0
P2027,2.356194490192345,1.0,3.0,2101.3,10.602875205865551,2101.3,110.0,2.5,0.0,1,0
P2028,2.356194490192345,1.0,3.0,2101.3,10.602875205865551,2101.3,110.0,3.5,0.0,1,0
P2029,2.356194490192345,1.0,3.0,2101.3,10.602875205865551,2101.3,230.0,1.5,0.0,1,0
P2030,2.356194490192345,1.0,3.0,2101.3,10.602875205865551,2101.3,230.0,2.5,0.0,1,0
P2031,2.356194490192345,1.0,3.0,2101.3,10.602875205865551,2101.3,230.0,3.5,0.0,1,0
P2032,2.356194490192345,1.0,3.0,2101.3,10.602875205865551,2101.3,350.0,1.5,0.0,1,0
P2033,2.356194490192345,1.0,3.0,2101.3,10.602875205865551,2101.3,350.0,2.5,0.0,1,0
P2034,2.356194490192345,1.0,3.0,2101.3,10.602875205865551,2101.3,350.0,3.5,0.0,1,0
P2035,2.356194490192345,1.0,3.0,3601.3,10.602875205865551,3601.3,-10.0,1.5,0.0,1,0
P2036,2.356194490192345,1.0,3.0,3601.3,10.602875205865551,3601.3,-10.0,2.5,0.0,1,0
P2037,2.356194490192345,1.0,3.0,3601.3,10.602875205865551,3601.3,-10.0,3.5,0.0,1,0
P2038,2.356194490192345,1.0,3.0,3601.3,10.602875205865551,3601.3,110.0,1.5,0.0,1,0
P2039,2.356194490192345,1.0,3.0,3601.3,10.602875205865551,3601.3,110.0,2.5,0.0,1,0
P2040,2.356194490192345,1.0,3.0,3601.3,10.602875205865551,3601.3,110.0,3.5,0.0,1,0
P2041,2.356194490192345,1.0,3.0,3601.3,10.602875205865551,3601.3,230.0,1.5,0.0,1,0
P2042,2.356194490192345,1.0,3.0,3601.3,10.602875205865551,3601.3,230.0,2.5,0.0,1,0
P2043,2.356194490192345,1.0,3.0,3601.3,10.602875205865551,3601.3,230.0,3.5,0.0,1,0
P2044,2.356194490192345,1.0,3.0,3601.3,10.602875205865551,3601.3,350.0,1.5,0.0,1,0
P2045,2.356194490192345,1.0,3.0,3601.3,10.602875205865551,3601.3,350.0,2.5,0.0,1,0
P2046,2.356194490192345,1.0,3.0,3601.3,10.602875205865551,3601.3,350.0,3.5,0.0,1,0
P2047,2.356194490192345,1.0,3.0,5101.3,10.602875205865551,5101.3,-10.0,1.5,0.0,1,0
P2048,2.356194490192345,1.0,3.0,5101.3,10.602875205865551,5101.3,-10.0,2.5,0.0,1,0
P2049,2.356194490192345,1.0,3.0,5101.3,10.602875205865551,5101.3,-10.0,3.5,0.0,1,0
P2050,2.356194490192345,1.0,3.0,5101.3,10.602875205865551,5101.3,110.0,1.5,0.0,1,0
P2051,2.356194490192345,1.0,3.0,5101.3,10.602875205865551,5101.3,110.0,2.5,0.0,1,0
P2052,2.356194490192345,1.0,3.0,5101.3,10.602875205865551,5101.3,110.0,3.5,0.0,1,0
P2053,2.356194490192345,1.0,3.0,5101.3,10.602875205865551,5101.3,230.0,1.5,0.0,1,0
P2054,2.356194490192345,1.0,3.0,5101.3,10.602875205865551,5101.3,230.0,2.5,0.0,1,0
P2055,2.356194490192345,1.0,3.0,5101.3,10.602875205865551,5101.3,230.0,3.5,0.0,1,0
P2056,2.356194490192345,1.0,3.0,5101.3,10.602875205865551,5101.3,350.0,1.5,0.0,1,0
P2057,2.356194490192345,1.0,3.0,5101.3,10.602875205865551,5101.3,350.0,2.5,0.0,1,0
P2058,2.356194490192345,1.0,3.0,5101.3,10.602875205865551,5101.3,350.0,3.5,0.0,1,0
P2059,4.188790204786391,1.0,5.333333333333334,601.3,17.933258064241738,601.3,-10.0,1.5,0.0,1,0
P2060,4.188790204786391,1.0,5.333333333333334,601.3,17.933258064241738,601.3,-10.0,2.5,0.0,1,0
P2061,4.188790204786391,1.0,5.333333333333334,601.3,17.933258064241738,601.3,-10.0,3.5,0.0,1,0
P2062,4.188790204786391,1.0,5.333333333333334,601.3,17.933258064241738,601.3,110.0,1.5,0.0,1,0
P2063,4.188790204786391,1.0,5.333333333333334,601.3,17.933258064241738,601.3,110.0,2.5,0.0,1,0
P2064,4.188790204786391,1.0,5.333333333333334,601.3,17.933258064241738,601.3,110.0,3.5,0.0,1,0
P2065,4.188790204786391,1.0,5.333333333333334,601.3,17.933258064241738,601.3,230.0,1.5,0.0,1,0
P2066,4.188790204786391,1.0,5.333333333333334,601.3,17.933258064241738,601.3,230.0,2.5,0.0,1,0
P2067,4.188790204786391,1.0,5.333333333333334,601.3,17.933258064241738,601.3,230.0,3.5,0.0,1,0
P2068,4.188790204786391,1.0,5.333333333333334,601.3,17.933258064241738,601.3,350.0,1.5,0.0,1,0
P2069,4.188790204786391,1.0,5.333333333333334,601.3,17.933258064241738,601.3,350.0,2.5,0.0,1,0
P2070,4.188790204786391,1.0,5.333333333333334,601.3,17.933258064241738,601.3,350.0,3.5,0.0,1,0
P2071,4.188790204786391,1.0,5.333333333333334,2101.3,17.933258064241738,2101.3,-10.0,1.5,0.0,1,0
P2072,4.188790204786391,1.0,5.333333333333334,2101.3,17.933258064241738,2101.3,-10.0,2.5,0.0,1,0
P2073,4.188790204786391,1.0,5.333333333333334,2101.3,17.933258064241738,2101.3,-10.0,3.5,0.0,1,0
P2074,4.188790204786391,1.0,5.333333333333334,2101.3,17.933258064241738,2101.3,110.0,1.5,0.0,1,0
P2075,4.188790204786391,1.0,5.333333333333334,2101.3,17.933258064241738,2101.3,110.0,2.5,0.0,1,0
P2076,4.188790204786391,1.0,5.333333333333334,2101.3,17.933258064241738,2101.3,110.0,3.5,0.0,1,0
P2077,4.188790204786391,1.0,5.333333333333334,2101.3,17.933258064241738,2101.3,230.0,1.5,0.0,1,0
P2078,4.188790204786391,1.0,5.333333333333334,2101.3,17.933258064241738,2101.3,230.0,2.5,0.0,1,0
P2079,4.188790204786391,1.0,5.333333333333334,2101.3,17.933258064241738,2101.3,230.0,3.5,0.0,1,0
P2080,4.188790204786391,1.0,5.333333333333334,2101.3,17.933258064241738,2101.3,350.0,1.5,0.0,1,0
P2081,4.188790204786391,1.0,5.333333333333334,2101.3,17.933258064241738,2101.3,350.0,2.5,0.0,1,0
P2082,4.188790204786391,1.0,5.333333333333334,2101.3,17.933258064241738,2101.3,350.0,3.5,0.0,1,0
P2083,4.188790204786391,1.0,5.333333333333334,3601.3,17.933258064241738,3601.3,-10.0,1.5,0.0,1,0
P2084,4.188790204786391,1.0,5.333333333333334,3601.3,17.933258064241738,3601.3,-10.0,2.5,0.0,1,0
P2085,4.188790204786391,1.0,5.333333333333334,3601.3,17.933258064241738,3601.3,-10.0,3.5,0.0,1,0
P2086,4.188790204786391,1.0,5.333333333333334,3601.3,17.933258064241738,3601.3,110.0,1.5,0.0,1,0
P2087,4.188790204786391,1.0,5.333333333333334,3601.3,17.933258064241738,3601.3,110.0,2.5,0.0,1,0
P2088,4.188790204786391,1.0,5.333333333333334,3601.3,17.933258064241738,3601.3,110.0,3.5,0.0,1,0
P2089,4.188790204786391,1.0,5.333333333333334,3601.3,17.933258064241738,3601.3,230.0,1.5,0.0,1,0
P2090,4.188790204786391,1.0,5.333333333333334,3601.3,17.933258064241738,3601.3,230.0,2.5,0.0,1,0
P2091,4.188790204786391,1.0,5.333333333333334,3601.3,17.933258064241738,3601.3,230.0,3.5,0.0,1,0
P2092,4.188790204786391,1.0,5.333333333333334,3601.3,17.933258064241738,3601.3,350.0,1.5,0.0,1,0
P2093,4.188790204786391,1.0,5.333333333333334,3601.3,17.933258064241738,3601.3,350.0,2.5,0.0,1,0
P2094,4.188790204786391,1.0,5.333333333333334,3601.3,17.933258064241738,3601.3,350.0,3.5,0.0,1,0
P2095,4.188790204786391,1.0,5.333333333333334,5101.3,17.933258064241738,5101.3,-10.0,1.5,0.0,1,0
P2096,4.188790204786391,1.0,5.333333333333334,5101.3,17.933258064241738,5101.3,-10.0,2.5,0.0,1,0
P2097,4.188790204786391,1.0,5.333333333333334,5101.3,17.933258064241738,5101.3,-10.0,3.5,0.0,1,0
P2098,4.188790204786391,1.0,5.333333333333334,5101.3,17.933258064241738,5101.3,110.0,1.5,0.0,1,0
P2099,4.188790204786391,1.0,5.333333333333334,5101.3,17.933258064241738,5101.3,110.0,2.5,0.0,1,0
P2100,4.188790204786391,1.0,5.333333333333334,5101.3,17.933258064241738,5101.3,110.0,3.5,0.0,1,0
P2101,4.188790204786391,1.0,5.333333333333334,5101.3,17.933258064241738,5101.3,230.0,1.5,0.0,1,0
P2102,4.188790204786391,1.0,5.333333333333334,5101.3,17.933258064241738,5101.3,230.0,2.5,0.0,1,0
P2103,4.188790204786391,1.0,5.333333333333334,5101.3,17.933258064241738,5101.3,230.0,3.5,0.0,1,0
P2104,4.188790204786391,1.0,5.333333333333334,5101.3,17.933258064241738,5101.3,350.0,1.5,0.0,1,0
P2105,4.188790204786391,1.0,5.333333333333334,5101.3,17.933258064241738,5101.3,350.0,2.5,0.0,1,0
P2106,4.188790204786391,1.0,5.333333333333334,5101.3,17.933258064241738,5101.3,350.0,3.5,0.0,1,0
P2107,6.021385919380437,1.0,7.666666666666667,601.3,25.26364092261792,601.3,-10.0,1.5,0.0,1,0
P2108,6.021385919380437,1.0,7.666666666666667,601.3,25.26364092261792,601.3,-10.0,2.5,0.0,1,0
P2109,6.021385919380437,1.0,7.666666666666667,601.3,25.26364092261792,601.3,-10.0,3.5,0.0,1,0
P2110,6.021385919380437,1.0,7.666666666666667,601.3,25.26364092261792,601.3,110.0,1.5,0.0,1,0
P2111,6.021385919380437,1.0,7.666666666666667,601.3,25.26364092261792,601.3,110.0,2.5,0.0,1,0
P2112,6.021385919380437,1.0,7.666666666666667,601.3,25.26364092261792,601.3,110.0,3.5,0.0,1,0
P2113,6.021385919380437,1.0,7.666666666666667,601.3,25.26364092261792,601.3,230.0,1.5,0.0,1,0
P2114,6.021385919380437,1.0,7.666666666666667,601.3,25.26364092261792,601.3,230.0,2.5,0.0,1,0
P2115,6.021385919380437,1.0,7.666666666666667,601.3,25.26364092261792,601.3,230.0,3.5,0.0,1,0
P2116,6.021385919380437,1.0,7.666666666666667,601.3,25.26364092261792,601.3,350.0,1.5,0.0,1,0
P2117,6.021385919380437,1.0,7.666666666666667,601.3,25.26364092261792,601.3,350.0,2.5,0.0,1,0
P2118,6.021385919380437,1.0,7.666666666666667,601.3,25.26364092261792,601.3,350.0,3.5,0.0,1,0
P2119,6.021385919380437,1.0,7.666666666666667,2101.3,25.26364092261792,2101.3,-10.0,1.5,0.0,1,0
P2120,6.021385919380437,1.0,7.666666666666667,2101.3,25.26364092261792,2101.3,-10.0,2.5,0.0,1,0
P2121,6.021385919380437,1.0,7.666666666666667,2101.3,25.26364092261792,2101.3,-10.0,3.5,0.0,1,0
P2122,6.021385919380437,1.0,7.666666666666667,2101.3,25.26364092261792,2101.3,110.0,1.5,0.0,1,0
P2123,6.021385919380437,1.0,7.666666666666667,2101.3,25.26364092261792,2101.3,110.0,2.5,0.0,1,0
P2124,6.021385919380437,1.0,7.666666666666667,2101.3,25.26364092261792,2101.3,110.0,3.5,0.0,1,0
P2125,6.021385919380437,1.0,7.666666666666667,2101.3,25.26364092261792,2101.3,230.0,1.5,0.0,1,0
P2126,6.021385919380437,1.0,7.666666666666667,2101.3,25.26364092261792,2101.3,230.0,2.5,0.0,1,0
P2127,6.021385919380437,1.0,7.666666666666667,2101.3,25.26364092261792,2101.3,230.0,3.5,0.0,1,0
P2128,6.021385919380437,1.0,7.666666666666667,2101.3,25.26364092261792,2101.3,350.0,1.5,0.0,1,0
P2129,6.021385919380437,1.0,7.666666666666667,2101.3,25.26364092261792,2101.3,350.0,2.5,0.0,1,0
P2130,6.021385919380437,1.0,7.666666666666667,2101.3,25.26364092261792,2101.3,350.0,3.5,0.0,1,0
P2131,6.021385919380437,1.0,7.666666666666667,3601.3,25.26364092261792,3601.3,-10.0,1.5,0.0,1,0
P2132,6.021385919380437,1.0,7.666666666666667,3601.3,25.26364092261792,3601.3,-10.0,2.5,0.0,1,0
P2133,6.021385919380437,1.0,7.666666666666667,3601.3,25.26364092261792,3601.3,-10.0,3.5,0.0,1,0
P2134,6.021385919380437,1.0,7.666666666666667,3601.3,25.26364092261792,3601.3,110.0,1.5,0.0,1,0
P2135,6.021385919380437,1.0,7.666666666666667,3601.3,25.26364092261792,3601.3,110.0,2.5,0.0,1,0
P2136,6.021385919380437,1.0,7.666666666666667,3601.3,25.26364092261792,3601.3,110.0,3.5,0.0,1,0
P2137,6.021385919380437,1.0,7.666666666666667,3601.3,25.26364092261792,3601.3,230.0,1.5,0.0,1,0
P2138,6.021385919380437,1.0,7.666666666666667,3601.3,25.26364092261792,3601.3,230.0,2.5,0.0,1,0
P2139,6.021385919380437,1.0,7.666666666666667,3601.3,25.26364092261792,3601.3,230.0,3.5,0.0,1,0
P2140,6.021385919380437,1.0,7.666666666666667,3601.3,25.26364092261792,3601.3,350.0,1.5,0.0,1,0
P2141,6.021385919380437,1.0,7.666666666666667,3601.3,25.26364092261792,3601.3,350.0,2.5,0.0,1,0
P2142,6.021385919380437,1.0,7.666666666666667,3601.3,25.26364092261792,3601.3,350.0,3.5,0.0,1,0
P2143,6.021385919380437,1.0,7.666666666666667,5101.3,25.26364092261792,5101.3,-10.0,1.5,0.0,1,0
P2144,6.021385919380437,1.0,7.666666666666667,5101.3,25.26364092261792,5101.3,-10.0,2.5,0.0,1,0
P2145,6.021385919380437,1.0,7.666666666666667,5101.3,25.26364092261792,5101.3,-10.0,3.5,0.0,1,0
P2146,6.021385919380437,1.0,7.666666666666667,5101.3,25.26364092261792,5101.3,110.0,1.5,0.0,1,0
P2147,6.021385919380437,1.0,7.666666666666667,5101.3,25.26364092261792,5101.3,110.0,2.5,0.0,1,0
P2148,6.021385919380437,1.0,7.666666666666667,5101.3,25.26364092261792,5101.3,110.0,3.5,0.0,1,0
P2149,6.021385919380437,1.0,7.666666666666667,5101.3,25.26364092261792,5101.3,230.0,1.5,0.0,1,0
P2150,6.021385919380437,1.0,7.666666666666667,5101.3,25.26364092261792,5101.3,230.0,2.5,0.0,1,0
P2151,6.021385919380437,1.0,7.666666666666667,5101.3,25.26364092261792,5101.3,230.0,3.5,0.0,1,0
P2152,6.021385919380437,1.0,7.666666666666667,5101.3,25.26364092261792,5101.3,350.0,1.5,0.0,1,0
P2153,6.021385919380437,1.0,7.666666666666667,5101.3,25.26364092261792,5101.3,350.0,2.5,0.0,1,0
P2154,6.021385919380437,1.0,7.666666666666667,5101.3,25.26364092261792,5101.3,350.0,3.5,0.0,1,0
P2155,7.853981633974483,1.0,10.0,601.3,32.59402378099411,601.3,-10.0,1.5,0.0,1,0
P2156,7.853981633974483,1.0,10.0,601.3,32.59402378099411,601.3,-10.0,2.5,0.0,1,0
P2157,7.853981633974483,1.0,10.0,601.3,32.59402378099411,601.3,-10.0,3.5,0.0,1,0
P2158,7.853981633974483,1.0,10.0,601.3,32.59402378099411,601.3,110.0,1.5,0.0,1,0
P2159,7.853981633974483,1.0,10.0,601.3,32.59402378099411,601.3,110.0,2.5,0.0,1,0
P2160,7.853981633974483,1.0,10.0,601.3,32.59402378099411,601.3,110.0,3.5,0.0,1,0
P2161,7.853981633974483,1.0,10.0,601.3,32.59402378099411,601.3,230.0,1.5,0.0,1,0
P2162,7.853981633974483,1.0,10.0,601.3,32.59402378099411,601.3,230.0,2.5,0.0,1,0
P2163,7.853981633974483,1.0,10.0,601.3,32.59402378099411,601.3,230.0,3.5,0.0,1,0
P2164,7.853981633974483,1.0,10.0,601.3,32.59402378099411,601.3,350.0,1.5,0.0,1,0
P2165,7.853981633974483,1.0,10.0,601.3,32.59402378099411,601.3,350.0,2.5,0.0,1,0
P2166,7.853981633974483,1.0,10.0,601.3,32.59402378099411,601.3,350.0,3.5,0.0,1,0
P2167,7.853981633974483,1.0,10.0,2101.3,32.59402378099411,2101.3,-10.0,1.5,0.0,1,0
P2168,7.853981633974483,1.0,10.0,2101.3,32.59402378099411,2101.3,-10.0,2.5,0.0,1,0
P2169,7.853981633974483,1.0,10.0,2101.3,32.59402378099411,2101.3,-10.0,3.5,0.0,1,0
P2170,7.853981633974483,1.0,10.0,2101.3,32.59402378099411,2101.3,110.0,1.5,0.0,1,0
P2171,7.853981633974483,1.0,10.0,2101.3,32.59402378099411,2101.3,110.0,2.5,0.0,1,0
P2172,7.853981633974483,1.0,10.0,2101.3,32.59402378099411,2101.3,110.0,3.5,0.0,1,0
P2173,7.853981633974483,1.0,10.0,2101.3,32.59402378099411,2101.3,230.0,1.5,0.0,1,0
P2174,7.853981633974483,1.0,10.0,2101.3,32.59402378099411,2101.3,230.0,2.5,0.0,1,0
P2175,7.853981633974483,1.0,10.0,2101.3,32.59402378099411,2101.3,230.0,3.5,0.0,1,0
P2176,7.853981633974483,1.0,10.0,2101.3,32.59402378099411,2101.3,350.0,1.5,0.0,1,0
P2177,7.853981633974483,1.0,10.0,2101.3,32.59402378099411,2101.3,350.0,2.5,0.0,1,0
P2178,7.853981633974483,1.0,10.0,2101.3,32.59402378099411,2101.3,350.0,3.5,0.0,1,0
P2179,7.853981633974483,1.0,10.0,3601.3,32.59402378099411,3601.3,-10.0,1.5,0.0,1,0
P2180,7.853981633974483,1.0,10.0,3601.3,32.59402378099411,3601.3,-10.0,2.5,0.0,1,0
P2181,7.853981633974483,1.0,10.0,3601.3,32.59402378099411,3601.3,-10.0,3.5,0.0,1,0
P2182,7.853981633974483,1.0,10.0,3601.3,32.59402378099411,3601.3,110.0,1.5,0.0,1,0
P2183,7.853981633974483,1.0,10.0,3601.3,32.59402378099411,3601.3,110.0,2.5,0.0,1,0
P2184,7.853981633974483,1.0,10.0,3601.3,32.59402378099411,3601.3,110.0,3.5,0.0,1,0
P2185,7.853981633974483,1.0,10.0,3601.3,32.59402378099411,3601.3,230.0,1.5,0.0,1,0
P2186,7.853981633974483,1.0,10.0,3601.3,32.59402378099411,3601.3,230.0,2.5,0.0,1,0
P2187,7.853981633974483,1.0,10.0,3601.3,32.59402378099411,3601.3,230.0,3.5,0.0,1,0
P2188,7.853981633974483,1.0,10.0,3601.3,32.59402378099411,3601.3,350.0,1.5,0.0,1,0
P2189,7.853981633974483,1.0,10.0,3601.3,32.59402378099411,3601.3,350.0,2.5,0.0,1,0
P2190,7.853981633974483,1.0,10.0,3601.3,32.59402378099411,3601.3,350.0,3.5,0.0,1,0
P2191,7.853981633974483,1.0,10.0,5101.3,32.59402378099411,5101.3,-10.0,1.5,0.0,1,0
P2192,7.853981633974483,1.0,10.0,5101.3,32.59402378099411,5101.3,-10.0,2.5,0.0,1,0
P2193,7.853981633974483,1.0,10.0,5101.3,32.59402378099411,5101.3,-10.0,3.5,0.0,1,0
P2194,7.853981633974483,1.0,10.0,5101.3,32.59402378099411,5101.3,110.0,1.5,0.0,1,0
P2195,7.853981633974483,1.0,10.0,5101.3,32.59402378099411,5101.3,110.0,2.5,0.0,1,0
P2196,7.853981633974483,1.0,10.0,5101.3,32.59402378099411,5101.3,110.0,3.5,0.0,1,0
P2197,7.853981633974483,1.0,10.0,5101.3,32.59402378099411,5101.3,230.0,1.5,0.0,1,0
P2198,7.853981633974483,1.0,10.0,5101.3,32.59402378099411,5101.3,230.0,2.5,0.0,1,0
P2199,7.853981633974483,1.0,10.0,5101.3,32.59402378099411,5101.3,230.0,3.5,0.0,1,0
P2200,7.853981633974483,1.0,10.0,5101.3,32.59402378099411,5101.3,350.0,1.5,0.0,1,0
P2201,7.853981633974483,1.0,10.0,5101.3,32.59402378099411,5101.3,350.0,2.5,0.0,1,0
P2202,7.853981633974483,1.0,10.0,5101.3,32.59402378099411,5101.3,350.0,3.5,0.0,1,0
P2203,5.301437602932776,1.5,3.0,601.3,16.787885742620457,901.9499999999999,-10.0,1.5,0.0,1,0
P2204,5.301437602932776,1.5,3.0,601.3,16.787885742620457,901.9499999999999,-10.0,2.5,0.0,1,0
P2205,5.301437602932776,1.5,3.0,601.3,16.787885742620457,901.9499999999999,-10.0,3.5,0.0,1,0
P2206,5.301437602932776,1.5,3.0,601.3,16.787885742620457,901.9499999999999,110.0,1.5,0.0,1,0
P2207,5.301437602932776,1.5,3.0,601.3,16.787885742620457,901.9499999999999,110.0,2.5,0.0,1,0
P2208,5.301437602932776,1.5,3.0,601.3,16.787885742620457,901.9499999999999,110.0,3.5,0.0,1,0
P2209,5.301437602932776,1.5,3.0,601.3,16.787885742620457,901.9499999999999,230.0,1.5,0.0,1,0
P2210,5.301437602932776,1.5,3.0,601.3,16.787885742620457,901.9499999999999,230.0,2.5,0.0,1,0
P2211,5.301437602932776,1.5,3.0,601.3,16.787885742620457,901.9499999999999,230.0,3.5,0.0,1,0
P2212,5.301437602932776,1.5,3.0,601.3,16.787885742620457,901.9499999999999,350.0,1.5,0.0,1,0
P2213,5.301437602932776,1.5,3.0,601.3,16.787885742620457,901.9499999999999,350.0,2.5,0.0,1,0
P2214,5.301437602932776,1.5,3.0,601.3,16.787885742620457,901.9499999999999,350.0,3.5,0.0,1,0
P2215,5.301437602932776,1.5,3.0,2101.3,16.787885742620457,3151.9500000000003,-10.0,1.5,0.0,1,0
P2216,5.301437602932776,1.5,3.0,2101.3,16.787885742620457,3151.9500000000003,-10.0,2.5,0.0,1,0
P2217,5.301437602932776,1.5,3.0,2101.3,16.787885742620457,3151.9500000000003,-10.0,3.5,0.0,1,0
P2218,5.301437602932776,1.5,3.0,2101.3,16.787885742620457,3151.9500000000003,110.0,1.5,0.0,1,0
P2219,5.301437602932776,1.5,3.0,2101.3,16.787885742620457,3151.9500000000003,110.0,2.5,0.0,1,0
P2220,5.301437602932776,1.5,3.0,2101.3,16.787885742620457,3151.9500000000003,110.0,3.5,0.0,1,0
P2221,5.301437602932776,1.5,3.0,2101.3,16.787885742620457,3151.9500000000003,230.0,1.5,0.0,1,0
P2222,5.301437602932776,1.5,3.0,2101.3,16.787885742620457,3151.9500000000003,230.0,2.5,0.0,1,0
P2223,5.301437602932776,1.5,3.0,2101.3,16.787885742620457,3151.9500000000003,230.0,3.5,0.0,1,0
P2224,5.301437602932776,1.5,3.0,2101.3,16.787885742620457,3151.9500000000003,350.0,1.5,0.0,1,0
P2225,5.301437602932776,1.5,3.0,2101.3,16.787885742620457,3151.9500000000003,350.0,2.5,0.0,1,0
P2226,5.301437602932776,1.5,3.0,2101.3,16.787885742620457,3151.9500000000003,350.0,3.5,0.0,1,0
P2227,5.301437602932776,1.5,3.0,3601.3,16.787885742620457,5401.950000000001,-10.0,1.5,0.0,1,0
P2228,5.301437602932776,1.5,3.0,3601.3,16.787885742620457,5401.950000000001,-10.0,2.5,0.0,1,0
P2229,5.301437602932776,1.5,3.0,3601.3,16.787885742620457,5401.950000000001,-10.0,3.5,0.0,1,0
P2230,5.301437602932776,1.5,3.0,3601.3,16.787885742620457,5401.950000000001,110.0,1.5,0.0,1,0
P2231,5.301437602932776,1.5,3.0,3601.3,16.787885742620457,5401.950000000001,110.0,2.5,0.0,1,0
P2232,5.301437602932776,1.5,3.0,3601.3,16.787885742620457,5401.950000000001,110.0,3.5,0.0,1,0
P2233,5.301437602932776,1.5,3.0,3601.3,16.787885742620457,5401.950000000001,230.0,1.5,0.0,1,0
P2234,5.301437602932776,1.5,3.0,3601.3,16.787885742620457,5401.950000000001,230.0,2.5,0.0,1,0
P2235,5.301437602932776,1.5,3.0,3601.3,16.787885742620457,5401.950000000001,230.0,3.5,0.0,1,0
P2236,5.301437602932776,1.5,3.0,3601.3,16.787885742620457,5401.950000000001,350.0,1.5,0.0,1,0
P2237,5.301437602932776,1.5,3.0,3601.3,16.787885742620457,5401.950000000001,350.0,2.5,0.0,1,0
P2238,5.301437602932776,1.5,3.0,3601.3,16.787885742620457,5401.950000000001,350.0,3.5,0.0,1,0
P2239,5.301437602932776,1.5,3.0,5101.3,16.787885742620457,7651.950000000001,-10.0,1.5,0.0,1,0
P2240,5.301437602932776,1.5,3.0,5101.3,16.787885742620457,7651.950000000001,-10.0,2.5,0.0,1,0
P2241,5.301437602932776,1.5,3.0,5101.3,16.787885742620457,7651.950000000001,-10.0,3.5,0.0,1,0
P2242,5.301437602932776,1.5,3.0,5101.3,16.787885742620457,7651.950000000001,110.0,1.5,0.0,1,0
P2243,5.301437602932776,1.5,3.0,5101.3,16.787885742620457,7651.950000000001,110.0,2.5,0.0,1,0
P2244,5.301437602932776,1.5,3.0,5101.3,16.787885742620457,7651.950000000001,110.0,3.5,0.0,1,0
P2245,5.301437602932776,1.5,3.0,5101.3,16.787885742620457,7651.950000000001,230.0,1.5,0.0,1,0
P2246,5.301437602932776,1.5,3.0,5101.3,16.787885742620457,7651.950000000001,230.0,2.5,0.0,1,0
P2247,5.301437602932776,1.5,3.0,5101.3,16.787885742620457,7651.950000000001,230.0,3.5,0.0,1,0
P2248,5.301437602932776,1.5,3.0,5101.3,16.787885742620457,7651.950000000001,350.0,1.5,0.0,1,0
P2249,5.301437602932776,1.5,3.0,5101.3,16.787885742620457,7651.950000000001,350.0,2.5,0.0,1,0
P2250,5.301437602932776,1.5,3.0,5101.3,16.787885742620457,7651.950000000001,350.0,3.5,0.0,1,0
P2251,9.42477796076938,1.5,5.333333333333334,601.3,27.783460030184735,901.9499999999999,-10.0,1.5,0.0,1,0
P2252,9.42477796076938,1.5,5.333333333333334,601.3,27.783460030184735,901.9499999999999,-10.0,2.5,0.0,1,0
P2253,9.42477796076938,1.5,5.333333333333334,601.3,27.783460030184735,901.9499999999999,-10.0,3.5,0.0,1,0
P2254,9.42477796076938,1.5,5.333333333333334,601.3,27.783460030184735,901.9499999999999,110.0,1.5,0.0,1,0
P2255,9.42477796076938,1.5,5.333333333333334,601.3,27.783460030184735,901.9499999999999,110.0,2.5,0.0,1,0
P2256,9.42477796076938,1.5,5.333333333333334,601.3,27.783460030184735,901.9499999999999,110.0,3.5,0.0,1,0
P2257,9.42477796076938,1.5,5.333333333333334,601.3,27.783460030184735,901.9499999999999,230.0,1.5,0.0,1,0
P2258,9.42477796076938,1.5,5.333333333333334,601.3,27.783460030184735,901.9499999999999,230.0,2.5,0.0,1,0
P2259,9.42477796076938,1.5,5.333333333333334,601.3,27.783460030184735,901.9499999999999,230.0,3.5,0.0,1,0
P2260,9.42477796076938,1.5,5.333333333333334,601.3,27.783460030184735,901.9499999999999,350.0,1.5,0.0,1,0
P2261,9.42477796076938,1.5,5.333333333333334,601.3,27.783460030184735,901.9499999999999,350.0,2.5,0.0,1,0
P2262,9.42477796076938,1.5,5.333333333333334,601.3,27.783460030184735,901.9499999999999,350.0,3.5,0.0,1,0
P2263,9.42477796076938,1.5,5.333333333333334,2101.3,27.783460030184735,3151.9500000000003,-10.0,1.5,0.0,1,0
P2264,9.42477796076938,1.5,5.333333333333334,2101.3,27.783460030184735,3151.9500000000003,-10.0,2.5,0.0,1,0
P2265,9.42477796076938,1.5,5.333333333333334,2101.3,27.783460030184735,3151.9500000000003,-10.0,3.5,0.0,1,0
P2266,9.42477796076938,1.5,5.333333333333334,2101.3,27.783460030184735,3151.9500000000003,110.0,1.5,0.0,1,0
P2267,9.42477796076938,1.5,5.333333333333334,2101.3,27.783460030184735,3151.9500000000003,110.0,2.5,0.0,1,0
P2268,9.42477796076938,1.5,5.333333333333334,2101.3,27.783460030184735,3151.9500000000003,110.0,3.5,0.0,1,0
P2269,9.42477796076938,1.5,5.333333333333334,2101.3,27.783460030184735,3151.9500000000003,230.0,1.5,0.0,1,0
P2270,9.42477796076938,1.5,5.333333333333334,2101.3,27.783460030184735,3151.9500000000003,230.0,2.5,0.0,1,0
P2271,9.42477796076938,1.5,5.333333333333334,2101.3,27.783460030184735,3151.9500000000003,230.0,3.5,0.0,1,0
P2272,9.42477796076938,1.5,5.333333333333334,2101.3,27.783460030184735,3151.9500000000003,350.0,1.5,0.0,1,0
P2273,9.42477796076938,1.5,5.333333333333334,2101.3,27.783460030184735,3151.9500000000003,350.0,2.5,0.0,1,0
P2274,9.42477796076938,1.5,5.333333333333334,2101.3,27.783460030184735,3151.9500000000003,350.0,3.5,0.0,1,0
P2275,9.42477796076938,1.5,5.333333333333334,3601.3,27.783460030184735,5401.950000000001,-10.0,1.5,0.0,1,0
P2276,9.42477796076938,1.5,5.333333333333334,3601.3,27.783460030184735,5401.950000000001,-10.0,2.5,0.0,1,0
P2277,9.42477796076938,1.5,5.333333333333334,3601.3,27.783460030184735,5401.950000000001,-10.0,3.5,0.0,1,0
P2278,9.42477796076938,1.5,5.333333333333334,3601.3,27.783460030184735,5401.950000000001,110.0,1.5,0.0,1,0
P2279,9.42477796076938,1.5,5.333333333333334,3601.3,27.783460030184735,5401.950000000001,110.0,2.5,0.0,1,0
P2280,9.42477796076938,1.5,5.333333333333334,3601.3,27.783460030184735,5401.950000000001,110.0,3.5,0.0,1,0
P2281,9.42477796076938,1.5,5.333333333333334,3601.3,27.783460030184735,5401.950000000001,230.0,1.5,0.0,1,0
P2282,9.42477796076938,1.5,5.333333333333334,3601.3,27.783460030184735,5401.950000000001,230.0,2.5,0.0,1,0
P2283,9.42477796076938,1.5,5.333333333333334,3601.3,27.783460030184735,5401.950000000001,230.0,3.5,0.0,1,0
P2284,9.42477796076938,1.5,5.333333333333334,3601.3,27.783460030184735,5401.950000000001,350.0,1.5,0.0,1,0
P2285,9.42477796076938,1.5,5.333333333333334,3601.3,27.783460030184735,5401.950000000001,350.0,2.5,0.0,1,0
P2286,9.42477796076938,1.5,5.333333333333334,3601.3,27.783460030184735,5401.950000000001,350.0,3.5,0.0,1,0
P2287,9.42477796076938,1.5,5.333333333333334,5101.3,27.783460030184735,7651.950000000001,-10.0,1.5,0.0,1,0
P2288,9.42477796076938,1.5,5.333333333333334,5101.3,27.783460030184735,7651.950000000001,-10.0,2.5,0.0,1,0
P2289,9.42477796076938,1.5,5.333333333333334,5101.3,27.783460030184735,7651.950000000001,-10.0,3.5,0.0,1,0
P2290,9.42477796076938,1.5,5.333333333333334,5101.3,27.783460030184735,7651.950000000001,110.0,1.5,0.0,1,0
P2291,9.42477796076938,1.5,5.333333333333334,5101.3,27.783460030184735,7651.950000000001,110.0,2.5,0.0,1,0
P2292,9.42477796076938,1.5,5.333333333333334,5101.3,27.783460030184735,7651.950000000001,110.0,3.5,0.0,1,0
P2293,9.42477796076938,1.5,5.333333333333334,5101.3,27.783460030184735,7651.950000000001,230.0,1.5,0.0,1,0
P2294,9.42477796076938,1.5,5.333333333333334,5101.3,27.783460030184735,7651.950000000001,230.0,2.5,0.0,1,0
P2295,9.42477796076938,1.5,5.333333333333334,5101.3,27.783460030184735,7651.950000000001,230.0,3.5,0.0,1,0
P2296,9.42477796076938,1.5,5.333333333333334,5101.3,27.783460030184735,7651.950000000001,350.0,1.5,0.0,1,0
P2297,9.42477796076938,1.5,5.333333333333334,5101.3,27.783460030184735,7651.950000000001,350.0,2.5,0.0,1,0
P2298,9.42477796076938,1.5,5.333333333333334,5101.3,27.783460030184735,7651.950000000001,350.0,3.5,0.0,1,0
P2300,13.548118318605985,1.5,7.666666666666667,601.3,38.77903431774901,901.9499999999999,-10.0,2.5,0.0,1,0
P2301,13.548118318605985,1.5,7.666666666666667,601.3,38.77903431774901,901.9499999999999,-10.0,3.5,0.0,1,0
P2303,13.548118318605985,1.5,7.666666666666667,601.3,38.77903431774901,901.9499999999999,110.0,2.5,0.0,1,0
P2304,13.548118318605985,1.5,7.666666666666667,601.3,38.77903431774901,901.9499999999999,110.0,3.5,0.0,1,0
P2306,13.548118318605985,1.5,7.666666666666667,601.3,38.77903431774901,901.9499999999999,230.0,2.5,0.0,1,0
P2307,13.548118318605985,1.5,7.666666666666667,601.3,38.77903431774901,901.9499999999999,230.0,3.5,0.0,1,0
P2309,13.548118318605985,1.5,7.666666666666667,601.3,38.77903431774901,901.9499999999999,350.0,2.5,0.0,1,0
P2310,13.548118318605985,1.5,7.666666666666667,601.3,38.77903431774901,901.9499999999999,350.0,3.5,0.0,1,0
P2311,13.548118318605985,1.5,7.666666666666667,2101.3,38.77903431774901,3151.9500000000003,-10.0,1.5,0.0,1,0
P2312,13.548118318605985,1.5,7.666666666666667,2101.3,38.77903431774901,3151.9500000000003,-10.0,2.5,0.0,1,0
P2313,13.548118318605985,1.5,7.666666666666667,2101.3,38.77903431774901,3151.9500000000003,-10.0,3.5,0.0,1,0
P2314,13.548118318605985,1.5,7.666666666666667,2101.3,38.77903431774901,3151.9500000000003,110.0,1.5,0.0,1,0
P2315,13.548118318605985,1.5,7.666666666666667,2101.3,38.77903431774901,3151.9500000000003,110.0,2.5,0.0,1,0
P2316,13.548118318605985,1.5,7.666666666666667,2101.3,38.77903431774901,3151.9500000000003,110.0,3.5,0.0,1,0
P2317,13.548118318605985,1.5,7.666666666666667,2101.3,38.77903431774901,3151.9500000000003,230.0,1.5,0.0,1,0
P2318,13.548118318605985,1.5,7.666666666666667,2101.3,38.77903431774901,3151.9500000000003,230.0,2.5,0.0,1,0
P2319,13.548118318605985,1.5,7.666666666666667,2101.3,38.77903431774901,3151.9500000000003,230.0,3.5,0.0,1,0
P2320,13.548118318605985,1.5,7.666666666666667,2101.3,38.77903431774901,3151.9500000000003,350.0,1.5,0.0,1,0
P2321,13.548118318605985,1.5,7.666666666666667,2101.3,38.77903431774901,3151.9500000000003,350.0,2.5,0.0,1,0
P2322,13.548118318605985,1.5,7.666666666666667,2101.3,38.77903431774901,3151.9500000000003,350.0,3.5,0.0,1,0
P2323,13.548118318605985,1.5,7.666666666666667,3601.3,38.77903431774901,5401.950000000001,-10.0,1.5,0.0,1,0
P2324,13.548118318605985,1.5,7.666666666666667,3601.3,38.77903431774901,5401.950000000001,-10.0,2.5,0.0,1,0
P2325,13.548118318605985,1.5,7.666666666666667,3601.3,38.77903431774901,5401.950000000001,-10.0,3.5,0.0,1,0
P2326,13.548118318605985,1.5,7.666666666666667,3601.3,38.77903431774901,5401.950000000001,110.0,1.5,0.0,1,0
P2327,13.548118318605985,1.5,7.666666666666667,3601.3,38.77903431774901,5401.950000000001,110.0,2.5,0.0,1,0
P2328,13.548118318605985,1.5,7.666666666666667,3601.3,38.77903431774901,5401.950000000001,110.0,3.5,0.0,1,0
P2329,13.548118318605985,1.5,7.666666666666667,3601.3,38.77903431774901,5401.950000000001,230.0,1.5,0.0,1,0
P2330,13.548118318605985,1.5,7.666666666666667,3601.3,38.77903431774901,5401.950000000001,230.0,2.5,0.0,1,0
P2331,13.548118318605985,1.5,7.666666666666667,3601.3,38.77903431774901,5401.950000000001,230.0,3.5,0.0,1,0
P2332,13.548118318605985,1.5,7.666666666666667,3601.3,38.77903431774901,5401.950000000001,350.0,1.5,0.0,1,0
P2333,13.548118318605985,1.5,7.666666666666667,3601.3,38.77903431774901,5401.950000000001,350.0,2.5,0.0,1,0
P2334,13.548118318605985,1.5,7.666666666666667,3601.3,38.77903431774901,5401.950000000001,350.0,3.5,0.0,1,0
P2335,13.548118318605985,1.5,7.666666666666667,5101.3,38.77903431774901,7651.950000000001,-10.0,1.5,0.0,1,0
P2336,13.548118318605985,1.5,7.666666666666667,5101.3,38.77903431774901,7651.950000000001,-10.0,2.5,0.0,1,0
P2337,13.548118318605985,1.5,7.666666666666667,5101.3,38.77903431774901,7651.950000000001,-10.0,3.5,0.0,1,0
P2338,13.548118318605985,1.5,7.666666666666667,5101.3,38.77903431774901,7651.950000000001,110.0,1.5,0.0,1,0
P2339,13.548118318605985,1.5,7.666666666666667,5101.3,38.77903431774901,7651.950000000001,110.0,2.5,0.0,1,0
P2340,13.548118318605985,1.5,7.666666666666667,5101.3,38.77903431774901,7651.950000000001,110.0,3.5,0.0,1,0
P2341,13.548118318605985,1.5,7.666666666666667,5101.3,38.77903431774901,7651.950000000001,230.0,1.5,0.0,1,0
P2342,13.548118318605985,1.5,7.666666666666667,5101.3,38.77903431774901,7651.950000000001,230.0,2.5,0.0,1,0
P2343,13.548118318605985,1.5,7.666666666666667,5101.3,38.77903431774901,7651.950000000001,230.0,3.5,0.0,1,0
P2344,13.548118318605985,1.5,7.666666666666667,5101.3,38.77903431774901,7651.950000000001,350.0,1.5,0.0,1,0
P2345,13.548118318605985,1.5,7.666666666666667,5101.3,38.77903431774901,7651.950000000001,350.0,2.5,0.0,1,0
P2346,13.548118318605985,1.5,7.666666666666667,5101.3,38.77903431774901,7651.950000000001,350.0,3.5,0.0,1,0
P2349,17.671458676442587,1.5,10.0,601.3,49.77460860531328,901.9499999999999,-10.0,3.5,0.0,1,0
P2352,17.671458676442587,1.5,10.0,601.3,49.77460860531328,901.9499999999999,110.0,3.5,0.0,1,0
P2355,17.671458676442587,1.5,10.0,601.3,49.77460860531328,901.9499999999999,230.0,3.5,0.0,1,0
P2358,17.671458676442587,1.5,10.0,601.3,49.77460860531328,901.9499999999999,350.0,3.5,0.0,1,0
P2359,17.671458676442587,1.5,10.0,2101.3,49.77460860531328,3151.9500000000003,-10.0,1.5,0.0,1,0
P2360,17.671458676442587,1.5,10.0,2101.3,49.77460860531328,3151.9500000000003,-10.0,2.5,0.0,1,0
P2361,17.671458676442587,1.5,10.0,2101.3,49.77460860531328,3151.9500000000003,-10.0,3.5,0.0,1,0
P2362,17.671458676442587,1.5,10.0,2101.3,49.77460860531328,3151.9500000000003,110.0,1.5,0.0,1,0
P2363,17.671458676442587,1.5,10.0,2101.3,49.77460860531328,3151.9500000000003,110.0,2.5,0.0,1,0
P2364,17.671458676442587,1.5,10.0,2101.3,49.77460860531328,3151.9500000000003,110.0,3.5,0.0,1,0
P2365,17.671458676442587,1.5,10.0,2101.3,49.77460860531328,3151.9500000000003,230.0,1.5,0.0,1,0
P2366,17.671458676442587,1.5,10.0,2101.3,49.77460860531328,3151.9500000000003,230.0,2.5,0.0,1,0
P2367,17.671458676442587,1.5,10.0,2101.3,49.77460860531328,3151.9500000000003,230.0,3.5,0.0,1,0
P2368,17.671458676442587,1.5,10.0,2101.3,49.77460860531328,3151.9500000000003,350.0,1.5,0.0,1,0
P2369,17.671458676442587,1.5,10.0,2101.3,49.77460860531328,3151.9500000000003,350.0,2.5,0.0,1,0
P2370,17.671458676442587,1.5,10.0,2101.3,49.77460860531328,3151.9500000000003,350.0,3.5,0.0,1,0
P2371,17.671458676442587,1.5,10.0,3601.3,49.77460860531328,5401.950000000001,-10.0,1.5,0.0,1,0
P2372,17.671458676442587,1.5,10.0,3601.3,49.77460860531328,5401.950000000001,-10.0,2.5,0.0,1,0
P2373,17.671458676442587,1.5,10.0,3601.3,49.77460860531328,5401.950000000001,-10.0,3.5,0.0,1,0
P2374,17.671458676442587,1.5,10.0,3601.3,49.77460860531328,5401.950000000001,110.0,1.5,0.0,1,0
P2375,17.671458676442587,1.5,10.0,3601.3,49.77460860531328,5401.950000000001,110.0,2.5,0.0,1,0
P2376,17.671458676442587,1.5,10.0,3601.3,49.77460860531328,5401.950000000001,110.0,3.5,0.0,1,0
P2377,17.671458676442587,1.5,10.0,3601.3,49.77460860531328,5401.950000000001,230.0,1.5,0.0,1,0
P2378,17.671458676442587,1.5,10.0,3601.3,49.77460860531328,5401.950000000001,230.0,2.5,0.0,1,0
P2379,17.671458676442587,1.5,10.0,3601.3,49.77460860531328,5401.950000000001,230.0,3.5,0.0,1,0
P2380,17.671458676442587,1.5,10.0,3601.3,49.77460860531328,5401.950000000001,350.0,1.5,0.0,1,0
P2381,17.671458676442587,1.5,10.0,3601.3,49.77460860531328,5401.950000000001,350.0,2.5,0.0,1,0
P2382,17.671458676442587,1.5,10.0,3601.3,49.77460860531328,5401.950000000001,350.0,3.5,0.0,1,0
P2383,17.671458676442587,1.5,10.0,5101.3,49.77460860531328,7651.950000000001,-10.0,1.5,0.0,1,0
P2384,17.671458676442587,1.5,10.0,5101.3,49.77460860531328,7651.950000000001,-10.0,2.5,0.0,1,0
P2385,17.671458676442587,1.5,10.0,5101.3,49.77460860531328,7651.950000000001,-10.0,3.5,0.0,1,0
P2386,17.671458676442587,1.5,10.0,5101.3,49.77460860531328,7651.950000000001,110.0,1.5,0.0,1,0
P2387,17.671458676442587,1.5,10.0,5101.3,49.77460860531328,7651.950000000001,110.0,2.5,0.0,1,0
P2388,17.671458676442587,1.5,10.0,5101.3,49.77460860531328,7651.950000000001,110.0,3.5,0.0,1,0
P2389,17.671458676442587,1.5,10.0,5101.3,49.77460860531328,7651.950000000001,230.0,1.5,0.0,1,0
P2390,17.671458676442587,1.5,10.0,5101.3,49.77460860531328,7651.950000000001,230.0,2.5,0.0,1,0
P2391,17.671458676442587,1.5,10.0,5101.3,49.77460860531328,7651.950000000001,230.0,3.5,0.0,1,0
P2392,17.671458676442587,1.5,10.0,5101.3,49.77460860531328,7651.950000000001,350.0,1.5,0.0,1,0
P2393,17.671458676442587,1.5,10.0,5101.3,49.77460860531328,7651.950000000001,350.0,2.5,0.0,1,0
P2394,17.671458676442587,1.5,10.0,5101.3,49.77460860531328,7651.950000000001,350.0,3.5,0.0,1,0
P2395,9.42477796076938,2.0,3.0,601.3,23.561944901923447,1202.6,-10.0,1.5,0.0,1,0
P2396,9.42477796076938,2.0,3.0,601.3,23.561944901923447,1202.6,-10.0,2.5,0.0,1,0
P2397,9.42477796076938,2.0,3.0,601.3,23.561944901923447,1202.6,-10.0,3.5,0.0,1,0
P2398,9.42477796076938,2.0,3.0,601.3,23.561944901923447,1202.6,110.0,1.5,0.0,1,0
P2399,9.42477796076938,2.0,3.0,601.3,23.561944901923447,1202.6,110.0,2.5,0.0,1,0
P2400,9.42477796076938,2.0,3.0,601.3,23.561944901923447,1202.6,110.0,3.5,0.0,1,0
P2401,9.42477796076938,2.0,3.0,601.3,23.561944901923447,1202.6,230.0,1.5,0.0,1,0
P2402,9.42477796076938,2.0,3.0,601.3,23.561944901923447,1202.6,230.0,2.5,0.0,1,0
P2403,9.42477796076938,2.0,3.0,601.3,23.561944901923447,1202.6,230.0,3.5,0.0,1,0
P2404,9.42477796076938,2.0,3.0,601.3,23.561944901923447,1202.6,350.0,1.5,0.0,1,0
P2405,9.42477796076938,2.0,3.0,601.3,23.561944901923447,1202.6,350.0,2.5,0.0,1,0
P2406,9.42477796076938,2.0,3.0,601.3,23.561944901923447,1202.6,350.0,3.5,0.0,1,0
P2407,9.42477796076938,2.0,3.0,2101.3,23.561944901923447,4202.6,-10.0,1.5,0.0,1,0
P2408,9.42477796076938,2.0,3.0,2101.3,23.561944901923447,4202.6,-10.0,2.5,0.0,1,0
P2409,9.42477796076938,2.0,3.0,2101.3,23.561944901923447,4202.6,-10.0,3.5,0.0,1,0
P2410,9.42477796076938,2.0,3.0,2101.3,23.561944901923447,4202.6,110.0,1.5,0.0,1,0
P2411,9.42477796076938,2.0,3.0,2101.3,23.561944901923447,4202.6,110.0,2.5,0.0,1,0
P2412,9.42477796076938,2.0,3.0,2101.3,23.561944901923447,4202.6,110.0,3.5,0.0,1,0
P2413,9.42477796076938,2.0,3.0,2101.3,23.561944901923447,4202.6,230.0,1.5,0.0,1,0
P2414,9.42477796076938,2.0,3.0,2101.3,23.561944901923447,4202.6,230.0,2.5,0.0,1,0
P2415,9.42477796076938,2.0,3.0,2101.3,23.561944901923447,4202.6,230.0,3.5,0.0,1,0
P2416,9.42477796076938,2.0,3.0,2101.3,23.561944901923447,4202.6,350.0,1.5,0.0,1,0
P2417,9.42477796076938,2.0,3.0,2101.3,23.561944901923447,4202.6,350.0,2.5,0.0,1,0
P2418,9.42477796076938,2.0,3.0,2101.3,23.561944901923447,4202.6,350.0,3.5,0.0,1,0
P2419,9.42477796076938,2.0,3.0,3601.3,23.561944901923447,7202.6,-10.0,1.5,0.0,1,0
P2420,9.42477796076938,2.0,3.0,3601.3,23.561944901923447,7202.6,-10.0,2.5,0.0,1,0
P2421,9.42477796076938,2.0,3.0,3601.3,23.561944901923447,7202.6,-10.0,3.5,0.0,1,0
P2422,9.42477796076938,2.0,3.0,3601.3,23.561944901923447,7202.6,110.0,1.5,0.0,1,0
P2423,9.42477796076938,2.0,3.0,3601.3,23.561944901923447,7202.6,110.0,2.5,0.0,1,0
P2424,9.42477796076938,2.0,3.0,3601.3,23.561944901923447,7202.6,110.0,3.5,0.0,1,0
P2425,9.42477796076938,2.0,3.0,3601.3,23.561944901923447,7202.6,230.0,1.5,0.0,1,0
P2426,9.42477796076938,2.0,3.0,3601.3,23.561944901923447,7202.6,230.0,2.5,0.0,1,0
P2427,9.42477796076938,2.0,3.0,3601.3,23.561944901923447,7202.6,230.0,3.5,0.0,1,0
P2428,9.42477796076938,2.0,3.0,3601.3,23.561944901923447,7202.6,350.0,1.5,0.0,1,0
P2429,9.42477796076938,2.0,3.0,3601.3,23.561944901923447,7202.6,350.0,2.5,0.0,1,0
P2430,9.42477796076938,2.0,3.0,3601.3,23.561944901923447,7202.6,350.0,3.5,0.0,1,0
P2431,9.42477796076938,2.0,3.0,5101.3,23.561944901923447,10202.6,-10.0,1.5,0.0,1,0
P2432,9.42477796076938,2.0,3.0,5101.3,23.561944901923447,10202.6,-10.0,2.5,0.0,1,0
P2433,9.42477796076938,2.0,3.0,5101.3,23.561944901923447,10202.6,-10.0,3.5,0.0,1,0
P2434,9.42477796076938,2.0,3.0,5101.3,23.561944901923447,10202.6,110.0,1.5,0.0,1,0
P2435,9.42477796076938,2.0,3.0,5101.3,23.561944901923447,10202.6,110.0,2.5,0.0,1,0
P2436,9.42477796076938,2.0,3.0,5101.3,23.561944901923447,10202.6,110.0,3.5,0.0,1,0
P2437,9.42477796076938,2.0,3.0,5101.3,23.561944901923447,10202.6,230.0,1.5,0.0,1,0
P2438,9.42477796076938,2.0,3.0,5101.3,23.561944901923447,10202.6,230.0,2.5,0.0,1,0
P2439,9.42477796076938,2.0,3.0,5101.3,23.561944901923447,10202.6,230.0,3.5,0.0,1,0
P2440,9.42477796076938,2.0,3.0,5101.3,23.561944901923447,10202.6,350.0,1.5,0.0,1,0
P2441,9.42477796076938,2.0,3.0,5101.3,23.561944901923447,10202.6,350.0,2.5,0.0,1,0
P2442,9.42477796076938,2.0,3.0,5101.3,23.561944901923447,10202.6,350.0,3.5,0.0,1,0
P2445,16.755160819145566,2.0,5.333333333333334,601.3,38.22271061867582,1202.6,-10.0,3.5,0.0,1,0
P2448,16.755160819145566,2.0,5.333333333333334,601.3,38.22271061867582,1202.6,110.0,3.5,0.0,1,0
P2451,16.755160819145566,2.0,5.333333333333334,601.3,38.22271061867582,1202.6,230.0,3.5,0.0,1,0
P2454,16.755160819145566,2.0,5.333333333333334,601.3,38.22271061867582,1202.6,350.0,3.5,0.0,1,0
P2455,16.755160819145566,2.0,5.333333333333334,2101.3,38.22271061867582,4202.6,-10.0,1.5,0.0,1,0
P2456,16.755160819145566,2.0,5.333333333333334,2101.3,38.22271061867582,4202.6,-10.0,2.5,0.0,1,0
P2457,16.755160819145566,2.0,5.333333333333334,2101.3,38.22271061867582,4202.6,-10.0,3.5,0.0,1,0
P2458,16.755160819145566,2.0,5.333333333333334,2101.3,38.22271061867582,4202.6,110.0,1.5,0.0,1,0
P2459,16.755160819145566,2.0,5.333333333333334,2101.3,38.22271061867582,4202.6,110.0,2.5,0.0,1,0
P2460,16.755160819145566,2.0,5.333333333333334,2101.3,38.22271061867582,4202.6,110.0,3.5,0.0,1,0
P2461,16.755160819145566,2.0,5.333333333333334,2101.3,38.22271061867582,4202.6,230.0,1.5,0.0,1,0
P2462,16.755160819145566,2.0,5.333333333333334,2101.3,38.22271061867582,4202.6,230.0,2.5,0.0,1,0
P2463,16.755160819145566,2.0,5.333333333333334,2101.3,38.22271061867582,4202.6,230.0,3.5,0.0,1,0
P2464,16.755160819145566,2.0,5.333333333333334,2101.3,38.22271061867582,4202.6,350.0,1.5,0.0,1,0
P2465,16.755160819145566,2.0,5.333333333333334,2101.3,38.22271061867582,4202.6,350.0,2.5,0.0,1,0
P2466,16.755160819145566,2.0,5.333333333333334,2101.3,38.22271061867582,4202.6,350.0,3.5,0.0,1,0
P2467,16.755160819145566,2.0,5.333333333333334,3601.3,38.22271061867582,7202.6,-10.0,1.5,0.0,1,0
P2468,16.755160819145566,2.0,5.333333333333334,3601.3,38.22271061867582,7202.6,-10.0,2.5,0.0,1,0
P2469,16.755160819145566,2.0,5.333333333333334,3601.3,38.22271061867582,7202.6,-10.0,3.5,0.0,1,0
P2470,16.755160819145566,2.0,5.333333333333334,3601.3,38.22271061867582,7202.6,110.0,1.5,0.0,1,0
P2471,16.755160819145566,2.0,5.333333333333334,3601.3,38.22271061867582,7202.6,110.0,2.5,0.0,1,0
P2472,16.755160819145566,2.0,5.333333333333334,3601.3,38.22271061867582,7202.6,110.0,3.5,0.0,1,0
P2473,16.755160819145566,2.0,5.333333333333334,3601.3,38.22271061867582,7202.6,230.0,1.5,0.0,1,0
P2474,16.755160819145566,2.0,5.333333333333334,3601.3,38.22271061867582,7202.6,230.0,2.5,0.0,1,0
P2475,16.755160819145566,2.0,5.333333333333334,3601.3,38.22271061867582,7202.6,230.0,3.5,0.0,1,0
P2476,16.755160819145566,2.0,5.333333333333334,3601.3,38.22271061867582,7202.6,350.0,1.5,0.0,1,0
P2477,16.755160819145566,2.0,5.333333333333334,3601.3,38.22271061867582,7202.6,350.0,2.5,0.0,1,0
P2478,16.755160819145566,2.0,5.333333333333334,3601.3,38.22271061867582,7202.6,350.0,3.5,0.0,1,0
P2479,16.755160819145566,2.0,5.333333333333334,5101.3,38.22271061867582,10202.6,-10.0,1.5,0.0,1,0
P2480,16.755160819145566,2.0,5.333333333333334,5101.3,38.22271061867582,10202.6,-10.0,2.5,0.0,1,0
P2481,16.755160819145566,2.0,5.333333333333334,5101.3,38.22271061867582,10202.6,-10.0,3.5,0.0,1,0
P2482,16.755160819145566,2.0,5.333333333333334,5101.3,38.22271061867582,10202.6,110.0,1.5,0.0,1,0
P2483,16.755160819145566,2.0,5.333333333333334,5101.3,38.22271061867582,10202.6,110.0,2.5,0.0,1,0
P2484,16.755160819145566,2.0,5.333333333333334,5101.3,38.22271061867582,10202.6,110.0,3.5,0.0,1,0
P2485,16.755160819145566,2.0,5.333333333333334,5101.3,38.22271061867582,10202.6,230.0,1.5,0.0,1,0
P2486,16.755160819145566,2.0,5.333333333333334,5101.3,38.22271061867582,10202.6,230.0,2.5,0.0,1,0
P2487,16.755160819145566,2.0,5.333333333333334,5101.3,38.22271061867582,10202.6,230.0,3.5,0.0,1,0
P2488,16.755160819145566,2.0,5.333333333333334,5101.3,38.22271061867582,10202.6,350.0,1.5,0.0,1,0
P2489,16.755160819145566,2.0,5.333333333333334,5101.3,38.22271061867582,10202.6,350.0,2.5,0.0,1,0
P2490,16.755160819145566,2.0,5.333333333333334,5101.3,38.22271061867582,10202.6,350.0,3.5,0.0,1,0
P2503,24.08554367752175,2.0,7.666666666666667,2101.3,52.883476335428185,4202.6,-10.0,1.5,0.0,1,0
P2504,24.08554367752175,2.0,7.666666666666667,2101.3,52.883476335428185,4202.6,-10.0,2.5,0.0,1,0
P2505,24.08554367752175,2.0,7.666666666666667,2101.3,52.883476335428185,4202.6,-10.0,3.5,0.0,1,0
P2506,24.08554367752175,2.0,7.666666666666667,2101.3,52.883476335428185,4202.6,110.0,1.5,0.0,1,0
P2507,24.08554367752175,2.0,7.666666666666667,2101.3,52.883476335428185,4202.6,110.0,2.5,0.0,1,0
P2508,24.08554367752175,2.0,7.666666666666667,2101.3,52.883476335428185,4202.6,110.0,3.5,0.0,1,0
P2509,24.08554367752175,2.0,7.666666666666667,2101.3,52.883476335428185,4202.6,230.0,1.5,0.0,1,0
P2510,24.08554367752175,2.0,7.666666666666667,2101.3,52.883476335428185,4202.6,230.0,2.5,0.0,1,0
P2511,24.08554367752175,2.0,7.666666666666667,2101.3,52.883476335428185,4202.6,230.0,3.5,0.0,1,0
P2512,24.08554367752175,2.0,7.666666666666667,2101.3,52.883476335428185,4202.6,350.0,1.5,0.0,1,0
P2513,24.08554367752175,2.0,7.666666666666667,2101.3,52.883476335428185,4202.6,350.0,2.5,0.0,1,0
P2514,24.08554367752175,2.0,7.666666666666667,2101.3,52.883476335428185,4202.6,350.0,3.5,0.0,1,0
P2515,24.08554367752175,2.0,7.666666666666667,3601.3,52.883476335428185,7202.6,-10.0,1.5,0.0,1,0
P2516,24.08554367752175,2.0,7.666666666666667,3601.3,52.883476335428185,7202.6,-10.0,2.5,0.0,1,0
P2517,24.08554367752175,2.0,7.666666666666667,3601.3,52.883476335428185,7202.6,-10.0,3.5,0.0,1,0
P2518,24.08554367752175,2.0,7.666666666666667,3601.3,52.883476335428185,7202.6,110.0,1.5,0.0,1,0
P2519,24.08554367752175,2.0,7.666666666666667,3601.3,52.883476335428185,7202.6,110.0,2.5,0.0,1,0
P2520,24.08554367752175,2.0,7.666666666666667,3601.3,52.883476335428185,7202.6,110.0,3.5,0.0,1,0
P2521,24.08554367752175,2.0,7.666666666666667,3601.3,52.883476335428185,7202.6,230.0,1.5,0.0,1,0
P2522,24.08554367752175,2.0,7.666666666666667,3601.3,52.883476335428185,7202.6,230.0,2.5,0.0,1,0
P2523,24.08554367752175,2.0,7.666666666666667,3601.3,52.883476335428185,7202.6,230.0,3.5,0.0,1,0
P2524,24.08554367752175,2.0,7.666666666666667,3601.3,52.883476335428185,7202.6,350.0,1.5,0.0,1,0
P2525,24.08554367752175,2.0,7.666666666666667,3601.3,52.883476335428185,7202.6,350.0,2.5,0.0,1,0
P2526,24.08554367752175,2.0,7.666666666666667,3601.3,52.883476335428185,7202.6,350.0,3.5,0.0,1,0
P2527,24.08554367752175,2.0,7.666666666666667,5101.3,52.883476335428185,10202.6,-10.0,1.5,0.0,1,0
P2528,24.08554367752175,2.0,7.666666666666667,5101.3,52.883476335428185,10202.6,-10.0,2.5,0.0,1,0
P2529,24.08554367752175,2.0,7.666666666666667,5101.3,52.883476335428185,10202.6,-10.0,3.5,0.0,1,0
P2530,24.08554367752175,2.0,7.666666666666667,5101.3,52.883476335428185,10202.6,110.0,1.5,0.0,1,0
P2531,24.08554367752175,2.0,7.666666666666667,5101.3,52.883476335428185,10202.6,110.0,2.5,0.0,1,0
P2532,24.08554367752175,2.0,7.666666666666667,5101.3,52.883476335428185,10202.6,110.0,3.5,0.0,1,0
P2533,24.08554367752175,2.0,7.666666666666667,5101.3,52.883476335428185,10202.6,230.0,1.5,0.0,1,0
P2534,24.08554367752175,2.0,7.666666666666667,5101.3,52.883476335428185,10202.6,230.0,2.5,0.0,1,0
P2535,24.08554367752175,2.0,7.666666666666667,5101.3,52.883476335428185,10202.6,230.0,3.5,0.0,1,0
P2536,24.08554367752175,2.0,7.666666666666667,5101.3,52.883476335428185,10202.6,350.0,1.5,0.0,1,0
P2537,24.08554367752175,2.0,7.666666666666667,5101.3,52.883476335428185,10202.6,350.0,2.5,0.0,1,0
P2538,24.08554367752175,2.0,7.666666666666667,5101.3,52.883476335428185,10202.6,350.0,3.5,0.0,1,0
P2551,31.41592653589793,2.0,10.0,2101.3,67.54424205218055,4202.6,-10.0,1.5,0.0,1,0
P2552,31.41592653589793,2.0,10.0,2101.3,67.54424205218055,4202.6,-10.0,2.5,0.0,1,0
P2553,31.41592653589793,2.0,10.0,2101.3,67.54424205218055,4202.6,-10.0,3.5,0.0,1,0
P2554,31.41592653589793,2.0,10.0,2101.3,67.54424205218055,4202.6,110.0,1.5,0.0,1,0
P2555,31.41592653589793,2.0,10.0,2101.3,67.54424205218055,4202.6,110.0,2.5,0.0,1,0
P2556,31.41592653589793,2.0,10.0,2101.3,67.54424205218055,4202.6,110.0,3.5,0.0,1,0
P2557,31.41592653589793,2.0,10.0,2101.3,67.54424205218055,4202.6,230.0,1.5,0.0,1,0
P2558,31.41592653589793,2.0,10.0,2101.3,67.54424205218055,4202.6,230.0,2.5,0.0,1,0
P2559,31.41592653589793,2.0,10.0,2101.3,67.54424205218055,4202.6,230.0,3.5,0.0,1,0
P2560,31.41592653589793,2.0,10.0,2101.3,67.54424205218055,4202.6,350.0,1.5,0.0,1,0
P2561,31.41592653589793,2.0,10.0,2101.3,67.54424205218055,4202.6,350.0,2.5,0.0,1,0
P2562,31.41592653589793,2.0,10.0,2101.3,67.54424205218055,4202.6,350.0,3.5,0.0,1,0
P2563,31.41592653589793,2.0,10.0,3601.3,67.54424205218055,7202.6,-10.0,1.5,0.0,1,0
P2564,31.41592653589793,2.0,10.0,3601.3,67.54424205218055,7202.6,-10.0,2.5,0.0,1,0
P2565,31.41592653589793,2.0,10.0,3601.3,67.54424205218055,7202.6,-10.0,3.5,0.0,1,0
P2566,31.41592653589793,2.0,10.0,3601.3,67.54424205218055,7202.6,110.0,1.5,0.0,1,0
P2567,31.41592653589793,2.0,10.0,3601.3,67.54424205218055,7202.6,110.0,2.5,0.0,1,0
P2568,31.41592653589793,2.0,10.0,3601.3,67.54424205218055,7202.6,110.0,3.5,0.0,1,0
P2569,31.41592653589793,2.0,10.0,3601.3,67.54424205218055,7202.6,230.0,1.5,0.0,1,0
P2570,31.41592653589793,2.0,10.0,3601.3,67.54424205218055,7202.6,230.0,2.5,0.0,1,0
P2571,31.41592653589793,2.0,10.0,3601.3,67.54424205218055,7202.6,230.0,3.5,0.0,1,0
P2572,31.41592653589793,2.0,10.0,3601.3,67.54424205218055,7202.6,350.0,1.5,0.0,1,0
P2573,31.41592653589793,2.0,10.0,3601.3,67.54424205218055,7202.6,350.0,2.5,0.0,1,0
P2574,31.41592653589793,2.0,10.0,3601.3,67.54424205218055,7202.6,350.0,3.5,0.0,1,0
P2575,31.41592653589793,2.0,10.0,5101.3,67.54424205218055,10202.6,-10.0,1.5,0.0,1,0
P2576,31.41592653589793,2.0,10.0,5101.3,67.54424205218055,10202.6,-10.0,2.5,0.0,1,0
P2577,31.41592653589793,2.0,10.0,5101.3,67.54424205218055,10202.6,-10.0,3.5,0.0,1,0
P2578,31.41592653589793,2.0,10.0,5101.3,67.54424205218055,10202.6,110.0,1.5,0.0,1,0
P2579,31.41592653589793,2.0,10.0,5101.3,67.54424205218055,10202.6,110.0,2.5,0.0,1,0
P2580,31.41592653589793,2.0,10.0,5101.3,67.54424205218055,10202.6,110.0,3.5,0.0,1,0
P2581,31.41592653589793,2.0,10.0,5101.3,67.54424205218055,10202.6,230.0,1.5,0.0,1,0
P2582,31.41592653589793,2.0,10.0,5101.3,67.54424205218055,10202.6,230.0,2.5,0.0,1,0
P2583,31.41592653589793,2.0,10.0,5101.3,67.54424205218055,10202.6,230.0,3.5,0.0,1,0
P2584,31.41592653589793,2.0,10.0,5101.3,67.54424205218055,10202.6,350.0,1.5,0.0,1,0
P2585,31.41592653589793,2.0,10.0,5101.3,67.54424205218055,10202.6,350.0,2.5,0.0,1,0
P2586,31.41592653589793,2.0,10.0,5101.3,67.54424205218055,10202.6,350.0,3.5,0.0,1,0
P2587,14.726215563702157,2.5,3.0,601.3,30.925052683774524,1503.25,-10.0,1.5,0.0,1,0
P2588,14.726215563702157,2.5,3.0,601.3,30.925052683774524,1503.25,-10.0,2.5,0.0,1,0
P2589,14.726215563702157,2.5,3.0,601.3,30.925052683774524,1503.25,-10.0,3.5,0.0,1,0
P2590,14.726215563702157,2.5,3.0,601.3,30.925052683774524,1503.25,110.0,1.5,0.0,1,0
P2591,14.726215563702157,2.5,3.0,601.3,30.925052683774524,1503.25,110.0,2.5,0.0,1,0
P2592,14.726215563702157,2.5,3.0,601.3,30.925052683774524,1503.25,110.0,3.5,0.0,1,0
P2593,14.726215563702157,2.5,3.0,601.3,30.925052683774524,1503.25,230.0,1.5,0.0,1,0
P2594,14.726215563702157,2.5,3.0,601.3,30.925052683774524,1503.25,230.0,2.5,0.0,1,0
P2595,14.726215563702157,2.5,3.0,601.3,30.925052683774524,1503.25,230.0,3.5,0.0,1,0
P2596,14.726215563702157,2.5,3.0,601.3,30.925052683774524,1503.25,350.0,1.5,0.0,1,0
P2597,14.726215563702157,2.5,3.0,601.3,30.925052683774524,1503.25,350.0,2.5,0.0,1,0
P2598,14.726215563702157,2.5,3.0,601.3,30.925052683774524,1503.25,350.0,3.5,0.0,1,0
P2599,14.726215563702157,2.5,3.0,2101.3,30.925052683774524,5253.25,-10.0,1.5,0.0,1,0
P2600,14.726215563702157,2.5,3.0,2101.3,30.925052683774524,5253.25,-10.0,2.5,0.0,1,0
P2601,14.726215563702157,2.5,3.0,2101.3,30.925052683774524,5253.25,-10.0,3.5,0.0,1,0
P2602,14.726215563702157,2.5,3.0,2101.3,30.925052683774524,5253.25,110.0,1.5,0.0,1,0
P2603,14.726215563702157,2.5,3.0,2101.3,30.925052683774524,5253.25,110.0,2.5,0.0,1,0
P2604,14.726215563702157,2.5,3.0,2101.3,30.925052683774524,5253.25,110.0,3.5,0.0,1,0
P2605,14.726215563702157,2.5,3.0,2101.3,30.925052683774524,5253.25,230.0,1.5,0.0,1,0
P2606,14.726215563702157,2.5,3.0,2101.3,30.925052683774524,5253.25,230.0,2.5,0.0,1,0
P2607,14.726215563702157,2.5,3.0,2101.3,30.925052683774524,5253.25,230.0,3.5,0.0,1,0
P2608,14.726215563702157,2.5,3.0,2101.3,30.925052683774524,5253.25,350.0,1.5,0.0,1,0
P2609,14.726215563702157,2.5,3.0,2101.3,30.925052683774524,5253.25,350.0,2.5,0.0,1,0
P2610,14.726215563702157,2.5,3.0,2101.3,30.925052683774524,5253.25,350.0,3.5,0.0,1,0
P2611,14.726215563702157,2.5,3.0,3601.3,30.925052683774524,9003.25,-10.0,1.5,0.0,1,0
P2612,14.726215563702157,2.5,3.0,3601.3,30.925052683774524,9003.25,-10.0,2.5,0.0,1,0
P2613,14.726215563702157,2.5,3.0,3601.3,30.925052683774524,9003.25,-10.0,3.5,0.0,1,0
P2614,14.726215563702157,2.5,3.0,3601.3,30.925052683774524,9003.25,110.0,1.5,0.0,1,0
P2615,14.726215563702157,2.5,3.0,3601.3,30.925052683774524,9003.25,110.0,2.5,0.0,1,0
P2616,14.726215563702157,2.5,3.0,3601.3,30.925052683774524,9003.25,110.0,3.5,0.0,1,0
P2617,14.726215563702157,2.5,3.0,3601.3,30.925052683774524,9003.25,230.0,1.5,0.0,1,0
P2618,14.726215563702157,2.5,3.0,3601.3,30.925052683774524,9003.25,230.0,2.5,0.0,1,0
P2619,14.726215563702157,2.5,3.0,3601.3,30.925052683774524,9003.25,230.0,3.5,0.0,1,0
P2620,14.726215563702157,2.5,3.0,3601.3,30.925052683774524,9003.25,350.0,1.5,0.0,1,0
P2621,14.726215563702157,2.5,3.0,3601.3,30.925052683774524,9003.25,350.0,2.5,0.0,1,0
P2622,14.726215563702157,2.5,3.0,3601.3,30.925052683774524,9003.25,350.0,3.5,0.0,1,0
P2623,14.726215563702157,2.5,3.0,5101.3,30.925052683774524,12753.25,-10.0,1.5,0.0,1,0
P2624,14.726215563702157,2.5,3.0,5101.3,30.925052683774524,12753.25,-10.0,2.5,0.0,1,0
P2625,14.726215563702157,2.5,3.0,5101.3,30.925052683774524,12753.25,-10.0,3.5,0.0,1,0
P2626,14.726215563702157,2.5,3.0,5101.3,30.925052683774524,12753.25,110.0,1.5,0.0,1,0
P2627,14.726215563702157,2.5,3.0,5101.3,30.925052683774524,12753.25,110.0,2.5,0.0,1,0
P2628,14.726215563702157,2.5,3.0,5101.3,30.925052683774524,12753.25,110.0,3.5,0.0,1,0
P2629,14.726215563702157,2.5,3.0,5101.3,30.925052683774524,12753.25,230.0,1.5,0.0,1,0
P2630,14.726215563702157,2.5,3.0,5101.3,30.925052683774524,12753.25,230.0,2.5,0.0,1,0
P2631,14.726215563702157,2.5,3.0,5101.3,30.925052683774524,12753.25,230.0,3.5,0.0,1,0
P2632,14.726215563702157,2.5,3.0,5101.3,30.925052683774524,12753.25,350.0,1.5,0.0,1,0
P2633,14.726215563702157,2.5,3.0,5101.3,30.925052683774524,12753.25,350.0,2.5,0.0,1,0
P2634,14.726215563702157,2.5,3.0,5101.3,30.925052683774524,12753.25,350.0,3.5,0.0,1,0
P2647,26.179938779914945,2.5,5.333333333333334,2101.3,49.25100982971499,5253.25,-10.0,1.5,0.0,1,0
P2648,26.179938779914945,2.5,5.333333333333334,2101.3,49.25100982971499,5253.25,-10.0,2.5,0.0,1,0
P2649,26.179938779914945,2.5,5.333333333333334,2101.3,49.25100982971499,5253.25,-10.0,3.5,0.0,1,0
P2650,26.179938779914945,2.5,5.333333333333334,2101.3,49.25100982971499,5253.25,110.0,1.5,0.0,1,0
P2651,26.179938779914945,2.5,5.333333333333334,2101.3,49.25100982971499,5253.25,110.0,2.5,0.0,1,0
P2652,26.179938779914945,2.5,5.333333333333334,2101.3,49.25100982971499,5253.25,110.0,3.5,0.0,1,0
P2653,26.179938779914945,2.5,5.333333333333334,2101.3,49.25100982971499,5253.25,230.0,1.5,0.0,1,0
P2654,26.179938779914945,2.5,5.333333333333334,2101.3,49.25100982971499,5253.25,230.0,2.5,0.0,1,0
P2655,26.179938779914945,2.5,5.333333333333334,2101.3,49.25100982971499,5253.25,230.0,3.5,0.0,1,0
P2656,26.179938779914945,2.5,5.333333333333334,2101.3,49.25100982971499,5253.25,350.0,1.5,0.0,1,0
P2657,26.179938779914945,2.5,5.333333333333334,2101.3,49.25100982971499,5253.25,350.0,2.5,0.0,1,0
P2658,26.179938779914945,2.5,5.333333333333334,2101.3,49.25100982971499,5253.25,350.0,3.5,0.0,1,0
P2659,26.179938779914945,2.5,5.333333333333334,3601.3,49.25100982971499,9003.25,-10.0,1.5,0.0,1,0
P2660,26.179938779914945,2.5,5.333333333333334,3601.3,49.25100982971499,9003.25,-10.0,2.5,0.0,1,0
P2661,26.179938779914945,2.5,5.333333333333334,3601.3,49.25100982971499,9003.25,-10.0,3.5,0.0,1,0
P2662,26.179938779914945,2.5,5.333333333333334,3601.3,49.25100982971499,9003.25,110.0,1.5,0.0,1,0
P2663,26.179938779914945,2.5,5.333333333333334,3601.3,49.25100982971499,9003.25,110.0,2.5,0.0,1,0
P2664,26.179938779914945,2.5,5.333333333333334,3601.3,49.25100982971499,9003.25,110.0,3.5,0.0,1,0
P2665,26.179938779914945,2.5,5.333333333333334,3601.3,49.25100982971499,9003.25,230.0,1.5,0.0,1,0
P2666,26.179938779914945,2.5,5.333333333333334,3601.3,49.25100982971499,9003.25,230.0,2.5,0.0,1,0
P2667,26.179938779914945,2.5,5.333333333333334,3601.3,49.25100982971499,9003.25,230.0,3.5,0.0,1,0
P2668,26.179938779914945,2.5,5.333333333333334,3601.3,49.25100982971499,9003.25,350.0,1.5,0.0,1,0
P2669,26.179938779914945,2.5,5.333333333333334,3601.3,49.25100982971499,9003.25,350.0,2.5,0.0,1,0
P2670,26.179938779914945,2.5,5.333333333333334,3601.3,49.25100982971499,9003.25,350.0,3.5,0.0,1,0
P2671,26.179938779914945,2.5,5.333333333333334,5101.3,49.25100982971499,12753.25,-10.0,1.5,0.0,1,0
P2672,26.179938779914945,2.5,5.333333333333334,5101.3,49.25100982971499,12753.25,-10.0,2.5,0.0,1,0
P2673,26.179938779914945,2.5,5.333333333333334,5101.3,49.25100982971499,12753.25,-10.0,3.5,0.0,1,0
P2674,26.179938779914945,2.5,5.333333333333334,5101.3,49.25100982971499,12753.25,110.0,1.5,0.0,1,0
P2675,26.179938779914945,2.5,5.333333333333334,5101.3,49.25100982971499,12753.25,110.0,2.5,0.0,1,0
P2676,26.179938779914945,2.5,5.333333333333334,5101.3,49.25100982971499,12753.25,110.0,3.5,0.0,1,0
P2677,26.179938779914945,2.5,5.333333333333334,5101.3,49.25100982971499,12753.25,230.0,1.5,0.0,1,0
P2678,26.179938779914945,2.5,5.333333333333334,5101.3,49.25100982971499,12753.25,230.0,2.5,0.0,1,0
P2679,26.179938779914945,2.5,5.333333333333334,5101.3,49.25100982971499,12753.25,230.0,3.5,0.0,1,0
P2680,26.179938779914945,2.5,5.333333333333334,5101.3,49.25100982971499,12753.25,350.0,1.5,0.0,1,0
P2681,26.179938779914945,2.5,5.333333333333334,5101.3,49.25100982971499,12753.25,350.0,2.5,0.0,1,0
P2682,26.179938779914945,2.5,5.333333333333334,5101.3,49.25100982971499,12753.25,350.0,3.5,0.0,1,0
P2695,37.633661996127735,2.5,7.666666666666667,2101.3,67.57696697565544,5253.25,-10.0,1.5,0.0,1,0
P2696,37.633661996127735,2.5,7.666666666666667,2101.3,67.57696697565544,5253.25,-10.0,2.5,0.0,1,0
P2697,37.633661996127735,2.5,7.666666666666667,2101.3,67.57696697565544,5253.25,-10.0,3.5,0.0,1,0
P2698,37.633661996127735,2.5,7.666666666666667,2101.3,67.57696697565544,5253.25,110.0,1.5,0.0,1,0
P2699,37.633661996127735,2.5,7.666666666666667,2101.3,67.57696697565544,5253.25,110.0,2.5,0.0,1,0
P2700,37.633661996127735,2.5,7.666666666666667,2101.3,67.57696697565544,5253.25,110.0,3.5,0.0,1,0
P2701,37.633661996127735,2.5,7.666666666666667,2101.3,67.57696697565544,5253.25,230.0,1.5,0.0,1,0
P2702,37.633661996127735,2.5,7.666666666666667,2101.3,67.57696697565544,5253.25,230.0,2.5,0.0,1,0
P2703,37.633661996127735,2.5,7.666666666666667,2101.3,67.57696697565544,5253.25,230.0,3.5,0.0,1,0
P2704,37.633661996127735,2.5,7.666666666666667,2101.3,67.57696697565544,5253.25,350.0,1.5,0.0,1,0
P2705,37.633661996127735,2.5,7.666666666666667,2101.3,67.57696697565544,5253.25,350.0,2.5,0.0,1,0
P2706,37.633661996127735,2.5,7.666666666666667,2101.3,67.57696697565544,5253.25,350.0,3.5,0.0,1,0
P2707,37.633661996127735,2.5,7.666666666666667,3601.3,67.57696697565544,9003.25,-10.0,1.5,0.0,1,0
P2708,37.633661996127735,2.5,7.666666666666667,3601.3,67.57696697565544,9003.25,-10.0,2.5,0.0,1,0
P2709,37.633661996127735,2.5,7.666666666666667,3601.3,67.57696697565544,9003.25,-10.0,3.5,0.0,1,0
P2710,37.633661996127735,2.5,7.666666666666667,3601.3,67.57696697565544,9003.25,110.0,1.5,0.0,1,0
P2711,37.633661996127735,2.5,7.666666666666667,3601.3,67.57696697565544,9003.25,110.0,2.5,0.0,1,0
P2712,37.633661996127735,2.5,7.666666666666667,3601.3,67.57696697565544,9003.25,110.0,3.5,0.0,1,0
P2713,37.633661996127735,2.5,7.666666666666667,3601.3,67.57696697565544,9003.25,230.0,1.5,0.0,1,0
P2714,37.633661996127735,2.5,7.666666666666667,3601.3,67.57696697565544,9003.25,230.0,2.5,0.0,1,0
P2715,37.633661996127735,2.5,7.666666666666667,3601.3,67.57696697565544,9003.25,230.0,3.5,0.0,1,0
P2716,37.633661996127735,2.5,7.666666666666667,3601.3,67.57696697565544,9003.25,350.0,1.5,0.0,1,0
P2717,37.633661996127735,2.5,7.666666666666667,3601.3,67.57696697565544,9003.25,350.0,2.5,0.0,1,0
P2718,37.633661996127735,2.5,7.666666666666667,3601.3,67.57696697565544,9003.25,350.0,3.5,0.0,1,0
P2719,37.633661996127735,2.5,7.666666666666667,5101.3,67.57696697565544,12753.25,-10.0,1.5,0.0,1,0
P2720,37.633661996127735,2.5,7.666666666666667,5101.3,67.57696697565544,12753.25,-10.0,2.5,0.0,1,0
P2721,37.633661996127735,2.5,7.666666666666667,5101.3,67.57696697565544,12753.25,-10.0,3.5,0.0,1,0
P2722,37.633661996127735,2.5,7.666666666666667,5101.3,67.57696697565544,12753.25,110.0,1.5,0.0,1,0
P2723,37.633661996127735,2.5,7.666666666666667,5101.3,67.57696697565544,12753.25,110.0,2.5,0.0,1,0
P2724,37.633661996127735,2.5,7.666666666666667,5101.3,67.57696697565544,12753.25,110.0,3.5,0.0,1,0
P2725,37.633661996127735,2.5,7.666666666666667,5101.3,67.57696697565544,12753.25,230.0,1.5,0.0,1,0
P2726,37.633661996127735,2.5,7.666666666666667,5101.3,67.57696697565544,12753.25,230.0,2.5,0.0,1,0
P2727,37.633661996127735,2.5,7.666666666666667,5101.3,67.57696697565544,12753.25,230.0,3.5,0.0,1,0
P2728,37.633661996127735,2.5,7.666666666666667,5101.3,67.57696697565544,12753.25,350.0,1.5,0.0,1,0
P2729,37.633661996127735,2.5,7.666666666666667,5101.3,67.57696697565544,12753.25,350.0,2.5,0.0,1,0
P2730,37.633661996127735,2.5,7.666666666666667,5101.3,67.57696697565544,12753.25,350.0,3.5,0.0,1,0
P2743,49.08738521234052,2.5,10.0,2101.3,85.9029241215959,5253.25,-10.0,1.5,0.0,1,0
P2744,49.08738521234052,2.5,10.0,2101.3,85.9029241215959,5253.25,-10.0,2.5,0.0,1,0
P2745,49.08738521234052,2.5,10.0,2101.3,85.9029241215959,5253.25,-10.0,3.5,0.0,1,0
P2746,49.08738521234052,2.5,10.0,2101.3,85.9029241215959,5253.25,110.0,1.5,0.0,1,0
P2747,49.08738521234052,2.5,10.0,2101.3,85.9029241215959,5253.25,110.0,2.5,0.0,1,0
P2748,49.08738521234052,2.5,10.0,2101.3,85.9029241215959,5253.25,110.0,3.5,0.0,1,0
P2749,49.08738521234052,2.5,10.0,2101.3,85.9029241215959,5253.25,230.0,1.5,0.0,1,0
P2750,49.08738521234052,2.5,10.0,2101.3,85.9029241215959,5253.25,230.0,2.5,0.0,1,0
P2751,49.08738521234052,2.5,10.0,2101.3,85.9029241215959,5253.25,230.0,3.5,0.0,1,0
P2752,49.08738521234052,2.5,10.0,2101.3,85.9029241215959,5253.25,350.0,1.5,0.0,1,0
P2753,49.08738521234052,2.5,10.0,2101.3,85.9029241215959,5253.25,350.0,2.5,0.0,1,0
P2754,49.08738521234052,2.5,10.0,2101.3,85.9029241215959,5253.25,350.0,3.5,0.0,1,0
P2755,49.08738521234052,2.5,10.0,3601.3,85.9029241215959,9003.25,-10.0,1.5,0.0,1,0
P2756,49.08738521234052,2.5,10.0,3601.3,85.9029241215959,9003.25,-10.0,2.5,0.0,1,0
P2757,49.08738521234052,2.5,10.0,3601.3,85.9029241215959,9003.25,-10.0,3.5,0.0,1,0
P2758,49.08738521234052,2.5,10.0,3601.3,85.9029241215959,9003.25,110.0,1.5,0.0,1,0
P2759,49.08738521234052,2.5,10.0,3601.3,85.9029241215959,9003.25,110.0,2.5,0.0,1,0
P2760,49.08738521234052,2.5,10.0,3601.3,85.9029241215959,9003.25,110.0,3.5,0.0,1,0
P2761,49.08738521234052,2.5,10.0,3601.3,85.9029241215959,9003.25,230.0,1.5,0.0,1,0
P2762,49.08738521234052,2.5,10.0,3601.3,85.9029241215959,9003.25,230.0,2.5,0.0,1,0
P2763,49.08738521234052,2.5,10.0,3601.3,85.9029241215959,9003.25,230.0,3.5,0.0,1,0
P2764,49.08738521234052,2.5,10.0,3601.3,85.9029241215959,9003.25,350.0,1.5,0.0,1,0
P2765,49.08738521234052,2.5,10.0,3601.3,85.9029241215959,9003.25,350.0,2.5,0.0,1,0
P2766,49.08738521234052,2.5,10.0,3601.3,85.9029241215959,9003.25,350.0,3.5,0.0,1,0
P2767,49.08738521234052,2.5,10.0,5101.3,85.9029241215959,12753.25,-10.0,1.5,0.0,1,0
P2768,49.08738521234052,2.5,10.0,5101.3,85.9029241215959,12753.25,-10.0,2.5,0.0,1,0
P2769,49.08738521234052,2.5,10.0,5101.3,85.9029241215959,12753.25,-10.0,3.5,0.0,1,0
P2770,49.08738521234052,2.5,10.0,5101.3,85.9029241215959,12753.25,110.0,1.5,0.0,1,0
P2771,49.08738521234052,2.5,10.0,5101.3,85.9029241215959,12753.25,110.0,2.5,0.0,1,0
P2772,49.08738521234052,2.5,10.0,5101.3,85.9029241215959,12753.25,110.0,3.5,0.0,1,0
P2773,49.08738521234052,2.5,10.0,5101.3,85.9029241215959,12753.25,230.0,1.5,0.0,1,0
P2774,49.08738521234052,2.5,10.0,5101.3,85.9029241215959,12753.25,230.0,2.5,0.0,1,0
P2775,49.08738521234052,2.5,10.0,5101.3,85.9029241215959,12753.25,230.0,3.5,0.0,1,0
P2776,49.08738521234052,2.5,10.0,5101.3,85.9029241215959,12753.25,350.0,1.5,0.0,1,0
P2777,49.08738521234052,2.5,10.0,5101.3,85.9029241215959,12753.25,350.0,2.5,0.0,1,0
P2778,49.08738521234052,2.5,10.0,5101.3,85.9029241215959,12753.25,350.0,3.5,0.0,1,0
P2780,21.205750411731103,3.0,3.0,601.3,38.877209088173686,1803.8999999999999,-10.0,2.5,0.0,1,0
P2781,21.205750411731103,3.0,3.0,601.3,38.877209088173686,1803.8999999999999,-10.0,3.5,0.0,1,0
P2783,21.205750411731103,3.0,3.0,601.3,38.877209088173686,1803.8999999999999,110.0,2.5,0.0,1,0
P2784,21.205750411731103,3.0,3.0,601.3,38.877209088173686,1803.8999999999999,110.0,3.5,0.0,1,0
P2786,21.205750411731103,3.0,3.0,601.3,38.877209088173686,1803.8999999999999,230.0,2.5,0.0,1,0
P2787,21.205750411731103,3.0,3.0,601.3,38.877209088173686,1803.8999999999999,230.0,3.5,0.0,1,0
P2789,21.205750411731103,3.0,3.0,601.3,38.877209088173686,1803.8999999999999,350.0,2.5,0.0,1,0
P2790,21.205750411731103,3.0,3.0,601.3,38.877209088173686,1803.8999999999999,350.0,3.5,0.0,1,0
P2791,21.205750411731103,3.0,3.0,2101.3,38.877209088173686,6303.900000000001,-10.0,1.5,0.0,1,0
P2792,21.205750411731103,3.0,3.0,2101.3,38.877209088173686,6303.900000000001,-10.0,2.5,0.0,1,0
P2793,21.205750411731103,3.0,3.0,2101.3,38.877209088173686,6303.900000000001,-10.0,3.5,0.0,1,0
P2794,21.205750411731103,3.0,3.0,2101.3,38.877209088173686,6303.900000000001,110.0,1.5,0.0,1,0
P2795,21.205750411731103,3.0,3.0,2101.3,38.877209088173686,6303.900000000001,110.0,2.5,0.0,1,0
P2796,21.205750411731103,3.0,3.0,2101.3,38.877209088173686,6303.900000000001,110.0,3.5,0.0,1,0
P2797,21.205750411731103,3.0,3.0,2101.3,38.877209088173686,6303.900000000001,230.0,1.5,0.0,1,0
P2798,21.205750411731103,3.0,3.0,2101.3,38.877209088173686,6303.900000000001,230.0,2.5,0.0,1,0
P2799,21.205750411731103,3.0,3.0,2101.3,38.877209088173686,6303.900000000001,230.0,3.5,0.0,1,0
P2800,21.205750411731103,3.0,3.0,2101.3,38.877209088173686,6303.900000000001,350.0,1.5,0.0,1,0
P2801,21.205750411731103,3.0,3.0,2101.3,38.877209088173686,6303.900000000001,350.0,2.5,0.0,1,0
P2802,21.205750411731103,3.0,3.0,2101.3,38.877209088173686,6303.900000000001,350.0,3.5,0.0,1,0
P2803,21.205750411731103,3.0,3.0,3601.3,38.877209088173686,10803.900000000001,-10.0,1.5,0.0,1,0
P2804,21.205750411731103,3.0,3.0,3601.3,38.877209088173686,10803.900000000001,-10.0,2.5,0.0,1,0
P2805,21.205750411731103,3.0,3.0,3601.3,38.877209088173686,10803.900000000001,-10.0,3.5,0.0,1,0
P2806,21.205750411731103,3.0,3.0,3601.3,38.877209088173686,10803.900000000001,110.0,1.5,0.0,1,0
P2807,21.205750411731103,3.0,3.0,3601.3,38.877209088173686,10803.900000000001,110.0,2.5,0.0,1,0
P2808,21.205750411731103,3.0,3.0,3601.3,38.877209088173686,10803.900000000001,110.0,3.5,0.0,1,0
P2809,21.205750411731103,3.0,3.0,3601.3,38.877209088173686,10803.900000000001,230.0,1.5,0.0,1,0
P2810,21.205750411731103,3.0,3.0,3601.3,38.877209088173686,10803.900000000001,230.0,2.5,0.0,1,0
P2811,21.205750411731103,3.0,3.0,3601.3,38.877209088173686,10803.900000000001,230.0,3.5,0.0,1,0
P2812,21.205750411731103,3.0,3.0,3601.3,38.877209088173686,10803.900000000001,350.0,1.5,0.0,1,0
P2813,21.205750411731103,3.0,3.0,3601.3,38.877209088173686,10803.900000000001,350.0,2.5,0.0,1,0
P2814,21.205750411731103,3.0,3.0,3601.3,38.877209088173686,10803.900000000001,350.0,3.5,0.0,1,0
P2815,21.205750411731103,3.0,3.0,5101.3,38.877209088173686,15303.900000000001,-10.0,1.5,0.0,1,0
P2816,21.205750411731103,3.0,3.0,5101.3,38.877209088173686,15303.900000000001,-10.0,2.5,0.0,1,0
P2817,21.205750411731103,3.0,3.0,5101.3,38.877209088173686,15303.900000000001,-10.0,3.5,0.0,1,0
P2818,21.205750411731103,3.0,3.0,5101.3,38.877209088173686,15303.900000000001,110.0,1.5,0.0,1,0
P2819,21.205750411731103,3.0,3.0,5101.3,38.877209088173686,15303.900000000001,110.0,2.5,0.0,1,0
P2820,21.205750411731103,3.0,3.0,5101.3,38.877209088173686,15303.900000000001,110.0,3.5,0.0,1,0
P2821,21.205750411731103,3.0,3.0,5101.3,38.877209088173686,15303.900000000001,230.0,1.5,0.0,1,0
P2822,21.205750411731103,3.0,3.0,5101.3,38.877209088173686,15303.900000000001,230.0,2.5,0.0,1,0
P2823,21.205750411731103,3.0,3.0,5101.3,38.877209088173686,15303.900000000001,230.0,3.5,0.0,1,0
P2824,21.205750411731103,3.0,3.0,5101.3,38.877209088173686,15303.900000000001,350.0,1.5,0.0,1,0
P2825,21.205750411731103,3.0,3.0,5101.3,38.877209088173686,15303.900000000001,350.0,2.5,0.0,1,0
P2826,21.205750411731103,3.0,3.0,5101.3,38.877209088173686,15303.900000000001,350.0,3.5,0.0,1,0
P2839,37.69911184307752,3.0,5.333333333333334,2101.3,60.86835766330225,6303.900000000001,-10.0,1.5,0.0,1,0
P2840,37.69911184307752,3.0,5.333333333333334,2101.3,60.86835766330225,6303.900000000001,-10.0,2.5,0.0,1,0
P2841,37.69911184307752,3.0,5.333333333333334,2101.3,60.86835766330225,6303.900000000001,-10.0,3.5,0.0,1,0
P2842,37.69911184307752,3.0,5.333333333333334,2101.3,60.86835766330225,6303.900000000001,110.0,1.5,0.0,1,0
P2843,37.69911184307752,3.0,5.333333333333334,2101.3,60.86835766330225,6303.900000000001,110.0,2.5,0.0,1,0
P2844,37.69911184307752,3.0,5.333333333333334,2101.3,60.86835766330225,6303.900000000001,110.0,3.5,0.0,1,0
P2845,37.69911184307752,3.0,5.333333333333334,2101.3,60.86835766330225,6303.900000000001,230.0,1.5,0.0,1,0
P2846,37.69911184307752,3.0,5.333333333333334,2101.3,60.86835766330225,6303.900000000001,230.0,2.5,0.0,1,0
P2847,37.69911184307752,3.0,5.333333333333334,2101.3,60.86835766330225,6303.900000000001,230.0,3.5,0.0,1,0
P2848,37.69911184307752,3.0,5.333333333333334,2101.3,60.86835766330225,6303.900000000001,350.0,1.5,0.0,1,0
P2849,37.69911184307752,3.0,5.333333333333334,2101.3,60.86835766330225,6303.900000000001,350.0,2.5,0.0,1,0
P2850,37.69911184307752,3.0,5.333333333333334,2101.3,60.86835766330225,6303.900000000001,350.0,3.5,0.0,1,0
P2851,37.69911184307752,3.0,5.333333333333334,3601.3,60.86835766330225,10803.900000000001,-10.0,1.5,0.0,1,0
P2852,37.69911184307752,3.0,5.333333333333334,3601.3,60.86835766330225,10803.900000000001,-10.0,2.5,0.0,1,0
P2853,37.69911184307752,3.0,5.333333333333334,3601.3,60.86835766330225,10803.900000000001,-10.0,3.5,0.0,1,0
P2854,37.69911184307752,3.0,5.333333333333334,3601.3,60.86835766330225,10803.900000000001,110.0,1.5,0.0,1,0
P2855,37.69911184307752,3.0,5.333333333333334,3601.3,60.86835766330225,10803.900000000001,110.0,2.5,0.0,1,0
P2856,37.69911184307752,3.0,5.333333333333334,3601.3,60.86835766330225,10803.900000000001,110.0,3.5,0.0,1,0
P2857,37.69911184307752,3.0,5.333333333333334,3601.3,60.86835766330225,10803.900000000001,230.0,1.5,0.0,1,0
P2858,37.69911184307752,3.0,5.333333333333334,3601.3,60.86835766330225,10803.900000000001,230.0,2.5,0.0,1,0
P2859,37.69911184307752,3.0,5.333333333333334,3601.3,60.86835766330225,10803.900000000001,230.0,3.5,0.0,1,0
P2860,37.69911184307752,3.0,5.333333333333334,3601.3,60.86835766330225,10803.900000000001,350.0,1.5,0.0,1,0
P2861,37.69911184307752,3.0,5.333333333333334,3601.3,60.86835766330225,10803.900000000001,350.0,2.5,0.0,1,0
P2862,37.69911184307752,3.0,5.333333333333334,3601.3,60.86835766330225,10803.900000000001,350.0,3.5,0.0,1,0
P2863,37.69911184307752,3.0,5.333333333333334,5101.3,60.86835766330225,15303.900000000001,-10.0,1.5,0.0,1,0
P2864,37.69911184307752,3.0,5.333333333333334,5101.3,60.86835766330225,15303.900000000001,-10.0,2.5,0.0,1,0
P2865,37.69911184307752,3.0,5.333333333333334,5101.3,60.86835766330225,15303.900000000001,-10.0,3.5,0.0,1,0
P2866,37.69911184307752,3.0,5.333333333333334,5101.3,60.86835766330225,15303.900000000001,110.0,1.5,0.0,1,0
P2867,37.69911184307752,3.0,5.333333333333334,5101.3,60.86835766330225,15303.900000000001,110.0,2.5,0.0,1,0
P2868,37.69911184307752,3.0,5.333333333333334,5101.3,60.86835766330225,15303.900000000001,110.0,3.5,0.0,1,0
P2869,37.69911184307752,3.0,5.333333333333334,5101.3,60.86835766330225,15303.900000000001,230.0,1.5,0.0,1,0
P2870,37.69911184307752,3.0,5.333333333333334,5101.3,60.86835766330225,15303.900000000001,230.0,2.5,0.0,1,0
P2871,37.69911184307752,3.0,5.333333333333334,5101.3,60.86835766330225,15303.900000000001,230.0,3.5,0.0,1,0
P2872,37.69911184307752,3.0,5.333333333333334,5101.3,60.86835766330225,15303.900000000001,350.0,1.5,0.0,1,0
P2873,37.69911184307752,3.0,5.333333333333334,5101.3,60.86835766330225,15303.900000000001,350.0,2.5,0.0,1,0
P2874,37.69911184307752,3.0,5.333333333333334,5101.3,60.86835766330225,15303.900000000001,350.0,3.5,0.0,1,0
P2887,54.19247327442393,3.0,7.666666666666667,2101.3,82.85950623843078,6303.900000000001,-10.0,1.5,0.0,1,0
P2888,54.19247327442393,3.0,7.666666666666667,2101.3,82.85950623843078,6303.900000000001,-10.0,2.5,0.0,1,0
P2889,54.19247327442393,3.0,7.666666666666667,2101.3,82.85950623843078,6303.900000000001,-10.0,3.5,0.0,1,0
P2890,54.19247327442393,3.0,7.666666666666667,2101.3,82.85950623843078,6303.900000000001,110.0,1.5,0.0,1,0
P2891,54.19247327442393,3.0,7.666666666666667,2101.3,82.85950623843078,6303.900000000001,110.0,2.5,0.0,1,0
P2892,54.19247327442393,3.0,7.666666666666667,2101.3,82.85950623843078,6303.900000000001,110.0,3.5,0.0,1,0
P2893,54.19247327442393,3.0,7.666666666666667,2101.3,82.85950623843078,6303.900000000001,230.0,1.5,0.0,1,0
P2894,54.19247327442393,3.0,7.666666666666667,2101.3,82.85950623843078,6303.900000000001,230.0,2.5,0.0,1,0
P2895,54.19247327442393,3.0,7.666666666666667,2101.3,82.85950623843078,6303.900000000001,230.0,3.5,0.0,1,0
P2896,54.19247327442393,3.0,7.666666666666667,2101.3,82.85950623843078,6303.900000000001,350.0,1.5,0.0,1,0
P2897,54.19247327442393,3.0,7.666666666666667,2101.3,82.85950623843078,6303.900000000001,350.0,2.5,0.0,1,0
P2898,54.19247327442393,3.0,7.666666666666667,2101.3,82.85950623843078,6303.900000000001,350.0,3.5,0.0,1,0
P2899,54.19247327442393,3.0,7.666666666666667,3601.3,82.85950623843078,10803.900000000001,-10.0,1.5,0.0,1,0
P2900,54.19247327442393,3.0,7.666666666666667,3601.3,82.85950623843078,10803.900000000001,-10.0,2.5,0.0,1,0
P2901,54.19247327442393,3.0,7.666666666666667,3601.3,82.85950623843078,10803.900000000001,-10.0,3.5,0.0,1,0
P2902,54.19247327442393,3.0,7.666666666666667,3601.3,82.85950623843078,10803.900000000001,110.0,1.5,0.0,1,0
P2903,54.19247327442393,3.0,7.666666666666667,3601.3,82.85950623843078,10803.900000000001,110.0,2.5,0.0,1,0
P2904,54.19247327442393,3.0,7.666666666666667,3601.3,82.85950623843078,10803.900000000001,110.0,3.5,0.0,1,0
P2905,54.19247327442393,3.0,7.666666666666667,3601.3,82.85950623843078,10803.900000000001,230.0,1.5,0.0,1,0
P2906,54.19247327442393,3.0,7.666666666666667,3601.3,82.85950623843078,10803.900000000001,230.0,2.5,0.0,1,0
P2907,54.19247327442393,3.0,7.666666666666667,3601.3,82.85950623843078,10803.900000000001,230.0,3.5,0.0,1,0
P2908,54.19247327442393,3.0,7.666666666666667,3601.3,82.85950623843078,10803.900000000001,350.0,1.5,0.0,1,0
P2909,54.19247327442393,3.0,7.666666666666667,3601.3,82.85950623843078,10803.900000000001,350.0,2.5,0.0,1,0
P2910,54.19247327442393,3.0,7.666666666666667,3601.3,82.85950623843078,10803.900000000001,350.0,3.5,0.0,1,0
P2911,54.19247327442393,3.0,7.666666666666667,5101.3,82.85950623843078,15303.900000000001,-10.0,1.5,0.0,1,0
P2912,54.19247327442393,3.0,7.666666666666667,5101.3,82.85950623843078,15303.900000000001,-10.0,2.5,0.0,1,0
P2913,54.19247327442393,3.0,7.666666666666667,5101.3,82.85950623843078,15303.900000000001,-10.0,3.5,0.0,1,0
P2914,54.19247327442393,3.0,7.666666666666667,5101.3,82.85950623843078,15303.900000000001,110.0,1.5,0.0,1,0
P2915,54.19247327442393,3.0,7.666666666666667,5101.3,82.85950623843078,15303.900000000001,110.0,2.5,0.0,1,0
P2916,54.19247327442393,3.0,7.666666666666667,5101.3,82.85950623843078,15303.900000000001,110.0,3.5,0.0,1,0
P2917,54.19247327442393,3.0,7.666666666666667,5101.3,82.85950623843078,15303.900000000001,230.0,1.5,0.0,1,0
P2918,54.19247327442393,3.0,7.666666666666667,5101.3,82.85950623843078,15303.900000000001,230.0,2.5,0.0,1,0
P2919,54.19247327442393,3.0,7.666666666666667,5101.3,82.85950623843078,15303.900000000001,230.0,3.5,0.0,1,0
P2920,54.19247327442393,3.0,7.666666666666667,5101.3,82.85950623843078,15303.900000000001,350.0,1.5,0.0,1,0
P2921,54.19247327442393,3.0,7.666666666666667,5101.3,82.85950623843078,15303.900000000001,350.0,2.5,0.0,1,0
P2922,54.19247327442393,3.0,7.666666666666667,5101.3,82.85950623843078,15303.900000000001,350.0,3.5,0.0,1,0
P2935,70.68583470577035,3.0,10.0,2101.3,104.85065481355934,6303.900000000001,-10.0,1.5,0.0,1,0
P2936,70.68583470577035,3.0,10.0,2101.3,104.85065481355934,6303.900000000001,-10.0,2.5,0.0,1,0
P2937,70.68583470577035,3.0,10.0,2101.3,104.85065481355934,6303.900000000001,-10.0,3.5,0.0,1,0
P2938,70.68583470577035,3.0,10.0,2101.3,104.85065481355934,6303.900000000001,110.0,1.5,0.0,1,0
P2939,70.68583470577035,3.0,10.0,2101.3,104.85065481355934,6303.900000000001,110.0,2.5,0.0,1,0
P2940,70.68583470577035,3.0,10.0,2101.3,104.85065481355934,6303.900000000001,110.0,3.5,0.0,1,0
P2941,70.68583470577035,3.0,10.0,2101.3,104.85065481355934,6303.900000000001,230.0,1.5,0.0,1,0
P2942,70.68583470577035,3.0,10.0,2101.3,104.85065481355934,6303.900000000001,230.0,2.5,0.0,1,0
P2943,70.68583470577035,3.0,10.0,2101.3,104.85065481355934,6303.900000000001,230.0,3.5,0.0,1,0
P2944,70.68583470577035,3.0,10.0,2101.3,104.85065481355934,6303.900000000001,350.0,1.5,0.0,1,0
P2945,70.68583470577035,3.0,10.0,2101.3,104.85065481355934,6303.900000000001,350.0,2.5,0.0,1,0
P2946,70.68583470577035,3.0,10.0,2101.3,104.85065481355934,6303.900000000001,350.0,3.5,0.0,1,0
P2947,70.68583470577035,3.0,10.0,3601.3,104.85065481355934,10803.900000000001,-10.0,1.5,0.0,1,0
P2948,70.68583470577035,3.0,10.0,3601.3,104.85065481355934,10803.900000000001,-10.0,2.5,0.0,1,0
P2949,70.68583470577035,3.0,10.0,3601.3,104.85065481355934,10803.900000000001,-10.0,3.5,0.0,1,0
P2950,70.68583470577035,3.0,10.0,3601.3,104.85065481355934,10803.900000000001,110.0,1.5,0.0,1,0
P2951,70.68583470577035,3.0,10.0,3601.3,104.85065481355934,10803.900000000001,110.0,2.5,0.0,1,0
P2952,70.68583470577035,3.0,10.0,3601.3,104.85065481355934,10803.900000000001,110.0,3.5,0.0,1,0
P2953,70.68583470577035,3.0,10.0,3601.3,104.85065481355934,10803.900000000001,230.0,1.5,0.0,1,0
P2954,70.68583470577035,3.0,10.0,3601.3,104.85065481355934,10803.900000000001,230.0,2.5,0.0,1,0
P2955,70.68583470577035,3.0,10.0,3601.3,104.85065481355934,10803.900000000001,230.0,3.5,0.0,1,0
P2956,70.68583470577035,3.0,10.0,3601.3,104.85065481355934,10803.900000000001,350.0,1.5,0.0,1,0
P2957,70.68583470577035,3.0,10.0,3601.3,104.85065481355934,10803.900000000001,350.0,2.5,0.0,1,0
P2958,70.68583470577035,3.0,10.0,3601.3,104.85065481355934,10803.900000000001,350.0,3.5,0.0,1,0
P2959,70.68583470577035,3.0,10.0,5101.3,104.85065481355934,15303.900000000001,-10.0,1.5,0.0,1,0
P2960,70.68583470577035,3.0,10.0,5101.3,104.85065481355934,15303.900000000001,-10.0,2.5,0.0,1,0
P2961,70.68583470577035,3.0,10.0,5101.3,104.85065481355934,15303.900000000001,-10.0,3.5,0.0,1,0
P2962,70.68583470577035,3.0,10.0,5101.3,104.85065481355934,15303.900000000001,110.0,1.5,0.0,1,0
P2963,70.68583470577035,3.0,10.0,5101.3,104.85065481355934,15303.900000000001,110.0,2.5,0.0,1,0
P2964,70.68583470577035,3.0,10.0,5101.3,104.85065481355934,15303.900000000001,110.0,3.5,0.0,1,0
P2965,70.68583470577035,3.0,10.0,5101.3,104.85065481355934,15303.900000000001,230.0,1.5,0.0,1,0
P2966,70.68583470577035,3.0,10.0,5101.3,104.85065481355934,15303.900000000001,230.0,2.5,0.0,1,0
P2967,70.68583470577035,3.0,10.0,5101.3,104.85065481355934,15303.900000000001,230.0,3.5,0.0,1,0
P2968,70.68583470577035,3.0,10.0,5101.3,104.85065481355934,15303.900000000001,350.0,1.5,0.0,1,0
P2969,70.68583470577035,3.0,10.0,5101.3,104.85065481355934,15303.900000000001,350.0,2.5,0.0,1,0
P2970,70.68583470577035,3.0,10.0,5101.3,104.85065481355934,15303.900000000001,350.0,3.5,0.0,1,0
P2971,7.853981633974483,1.0,10.0,151.3,32.59402378099411,151.3,100.0,3.0,0.0,1,0
P2972,7.853981633974483,1.0,10.0,151.3,32.59402378099411,151.3,100.0,4.5,0.0,1,0
P2973,7.853981633974483,1.0,10.0,151.3,32.59402378099411,151.3,100.0,6.0,0.0,1,0
P2974,7.853981633974483,1.0,10.0,151.3,32.59402378099411,151.3,216.6666666666667,3.0,0.0,1,0
P2975,7.853981633974483,1.0,10.0,151.3,32.59402378099411,151.3,216.6666666666667,4.5,0.0,1,0
P2976,7.853981633974483,1.0,10.0,151.3,32.59402378099411,151.3,216.6666666666667,6.0,0.0,1,0
P2977,7.853981633974483,1.0,10.0,151.3,32.59402378099411,151.3,333.3333333333334,3.0,0.0,1,0
P2978,7.853981633974483,1.0,10.0,151.3,32.59402378099411,151.3,333.3333333333334,4.5,0.0,1,0
P2979,7.853981633974483,1.0,10.0,151.3,32.59402378099411,151.3,333.3333333333334,6.0,0.0,1,0
P2980,7.853981633974483,1.0,10.0,151.3,32.59402378099411,151.3,450.0,3.0,0.0,1,0
P2981,7.853981633974483,1.0,10.0,151.3,32.59402378099411,151.3,450.0,4.5,0.0,1,0
P2982,7.853981633974483,1.0,10.0,151.3,32.59402378099411,151.3,450.0,6.0,0.0,1,0
P2983,7.853981633974483,1.0,10.0,2467.966666666667,32.59402378099411,2467.966666666667,100.0,3.0,0.0,1,0
P2984,7.853981633974483,1.0,10.0,2467.966666666667,32.59402378099411,2467.966666666667,100.0,4.5,0.0,1,0
P2985,7.853981633974483,1.0,10.0,2467.966666666667,32.59402378099411,2467.966666666667,100.0,6.0,0.0,1,0
P2986,7.853981633974483,1.0,10.0,2467.966666666667,32.59402378099411,2467.966666666667,216.6666666666667,3.0,0.0,1,0
P2987,7.853981633974483,1.0,10.0,2467.966666666667,32.59402378099411,2467.966666666667,216.6666666666667,4.5,0.0,1,0
P2988,7.853981633974483,1.0,10.0,2467.966666666667,32.59402378099411,2467.966666666667,216.6666666666667,6.0,0.0,1,0
P2989,7.853981633974483,1.0,10.0,2467.966666666667,32.59402378099411,2467.966666666667,333.3333333333334,3.0,0.0,1,0
P2990,7.853981633974483,1.0,10.0,2467.966666666667,32.59402378099411,2467.966666666667,333.3333333333334,4.5,0.0,1,0
P2991,7.853981633974483,1.0,10.0,2467.966666666667,32.59402378099411,2467.966666666667,333.3333333333334,6.0,0.0,1,0
P2992,7.853981633974483,1.0,10.0,2467.966666666667,32.59402378099411,2467.966666666667,450.0,3.0,0.0,1,0
P2993,7.853981633974483,1.0,10.0,2467.966666666667,32.59402378099411,2467.966666666667,450.0,4.5,0.0,1,0
P2994,7.853981633974483,1.0,10.0,2467.966666666667,32.59402378099411,2467.966666666667,450.0,6.0,0.0,1,0
P2995,7.853981633974483,1.0,10.0,4784.633333333333,32.59402378099411,4784.633333333333,100.0,3.0,0.0,1,0
P2996,7.853981633974483,1.0,10.0,4784.633333333333,32.59402378099411,4784.633333333333,100.0,4.5,0.0,1,0
P2997,7.853981633974483,1.0,10.0,4784.633333333333,32.59402378099411,4784.633333333333,100.0,6.0,0.0,1,0
P2998,7.853981633974483,1.0,10.0,4784.633333333333,32.59402378099411,4784.633333333333,216.6666666666667,3.0,0.0,1,0
P2999,7.853981633974483,1.0,10.0,4784.633333333333,32.59402378099411,4784.633333333333,216.6666666666667,4.5,0.0,1,0
P3000,7.853981633974483,1.0,10.0,4784.633333333333,32.59402378099411,4784.633333333333,216.6666666666667,6.0,0.0,1,0
P3001,7.853981633974483,1.0,10.0,4784.633333333333,32.59402378099411,4784.633333333333,333.3333333333334,3.0,0.0,1,0
P3002,7.853981633974483,1.0,10.0,4784.633333333333,32.59402378099411,4784.633333333333,333.3333333333334,4.5,0.0,1,0
P3003,7.853981633974483,1.0,10.0,4784.633333333333,32.59402378099411,4784.633333333333,333.3333333333334,6.0,0.0,1,0
P3004,7.853981633974483,1.0,10.0,4784.633333333333,32.59402378099411,4784.633333333333,450.0,3.0,0.0,1,0
P3005,7.853981633974483,1.0,10.0,4784.633333333333,32.59402378099411,4784.633333333333,450.0,4.5,0.0,1,0
P3006,7.853981633974483,1.0,10.0,4784.633333333333,32.59402378099411,4784.633333333333,450.0,6.0,0.0,1,0
P3007,7.853981633974483,1.0,10.0,7101.3,32.59402378099411,7101.3,100.0,3.0,0.0,1,0
P3008,7.853981633974483,1.0,10.0,7101.3,32.59402378099411,7101.3,100.0,4.5,0.0,1,0
P3009,7.853981633974483,1.0,10.0,7101.3,32.59402378099411,7101.3,100.0,6.0,0.0,1,0
P3010,7.853981633974483,1.0,10.0,7101.3,32.59402378099411,7101.3,216.6666666666667,3.0,0.0,1,0
P3011,7.853981633974483,1.0,10.0,7101.3,32.59402378099411,7101.3,216.6666666666667,4.5,0.0,1,0
P3012,7.853981633974483,1.0,10.0,7101.3,32.59402378099411,7101.3,216.6666666666667,6.0,0.0,1,0
P3013,7.853981633974483,1.0,10.0,7101.3,32.59402378099411,7101.3,333.3333333333334,3.0,0.0,1,0
P3014,7.853981633974483,1.0,10.0,7101.3,32.59402378099411,7101.3,333.3333333333334,4.5,0.0,1,0
P3015,7.853981633974483,1.0,10.0,7101.3,32.59402378099411,7101.3,333.3333333333334,6.0,0.0,1,0
P3016,7.853981633974483,1.0,10.0,7101.3,32.59402378099411,7101.3,450.0,3.0,0.0,1,0
P3017,7.853981633974483,1.0,10.0,7101.3,32.59402378099411,7101.3,450.0,4.5,0.0,1,0
P3018,7.853981633974483,1.0,10.0,7101.3,32.59402378099411,7101.3,450.0,6.0,0.0,1,0
P3019,20.94395102393196,1.0,26.66666666666667,151.3,84.953901340824,151.3,100.0,3.0,0.0,1,0
P3020,20.94395102393196,1.0,26.66666666666667,151.3,84.953901340824,151.3,100.0,4.5,0.0,1,0
P3021,20.94395102393196,1.0,26.66666666666667,151.3,84.953901340824,151.3,100.0,6.0,0.0,1,0
P3022,20.94395102393196,1.0,26.66666666666667,151.3,84.953901340824,151.3,216.6666666666667,3.0,0.0,1,0
P3023,20.94395102393196,1.0,26.66666666666667,151.3,84.953901340824,151.3,216.6666666666667,4.5,0.0,1,0
P3024,20.94395102393196,1.0,26.66666666666667,151.3,84.953901340824,151.3,216.6666666666667,6.0,0.0,1,0
P3025,20.94395102393196,1.0,26.66666666666667,151.3,84.953901340824,151.3,333.3333333333334,3.0,0.0,1,0
P3026,20.94395102393196,1.0,26.66666666666667,151.3,84.953901340824,151.3,333.3333333333334,4.5,0.0,1,0
P3027,20.94395102393196,1.0,26.66666666666667,151.3,84.953901340824,151.3,333.3333333333334,6.0,0.0,1,0
P3028,20.94395102393196,1.0,26.66666666666667,151.3,84.953901340824,151.3,450.0,3.0,0.0,1,0
P3029,20.94395102393196,1.0,26.66666666666667,151.3,84.953901340824,151.3,450.0,4.5,0.0,1,0
P3030,20.94395102393196,1.0,26.66666666666667,151.3,84.953901340824,151.3,450.0,6.0,0.0,1,0
P3031,20.94395102393196,1.0,26.66666666666667,2467.966666666667,84.953901340824,2467.966666666667,100.0,3.0,0.0,1,0
P3032,20.94395102393196,1.0,26.66666666666667,2467.966666666667,84.953901340824,2467.966666666667,100.0,4.5,0.0,1,0
P3033,20.94395102393196,1.0,26.66666666666667,2467.966666666667,84.953901340824,2467.966666666667,100.0,6.0,0.0,1,0
P3034,20.94395102393196,1.0,26.66666666666667,2467.966666666667,84.953901340824,2467.966666666667,216.6666666666667,3.0,0.0,1,0
P3035,20.94395102393196,1.0,26.66666666666667,2467.966666666667,84.953901340824,2467.966666666667,216.6666666666667,4.5,0.0,1,0
P3036,20.94395102393196,1.0,26.66666666666667,2467.966666666667,84.953901340824,2467.966666666667,216.6666666666667,6.0,0.0,1,0
P3037,20.94395102393196,1.0,26.66666666666667,2467.966666666667,84.953901340824,2467.966666666667,333.3333333333334,3.0,0.0,1,0
P3038,20.94395102393196,1.0,26.66666666666667,2467.966666666667,84.953901340824,2467.966666666667,333.3333333333334,4.5,0.0,1,0
P3039,20.94395102393196,1.0,26.66666666666667,2467.966666666667,84.953901340824,2467.966666666667,333.3333333333334,6.0,0.0,1,0
P3040,20.94395102393196,1.0,26.66666666666667,2467.966666666667,84.953901340824,2467.966666666667,450.0,3.0,0.0,1,0
P3041,20.94395102393196,1.0,26.66666666666667,2467.966666666667,84.953901340824,2467.966666666667,450.0,4.5,0.0,1,0
P3042,20.94395102393196,1.0,26.66666666666667,2467.966666666667,84.953901340824,2467.966666666667,450.0,6.0,0.0,1,0
P3043,20.94395102393196,1.0,26.66666666666667,4784.633333333333,84.953901340824,4784.633333333333,100.0,3.0,0.0,1,0
P3044,20.94395102393196,1.0,26.66666666666667,4784.633333333333,84.953901340824,4784.633333333333,100.0,4.5,0.0,1,0
P3045,20.94395102393196,1.0,26.66666666666667,4784.633333333333,84.953901340824,4784.633333333333,100.0,6.0,0.0,1,0
P3046,20.94395102393196,1.0,26.66666666666667,4784.633333333333,84.953901340824,4784.633333333333,216.6666666666667,3.0,0.0,1,0
P3047,20.94395102393196,1.0,26.66666666666667,4784.633333333333,84.953901340824,4784.633333333333,216.6666666666667,4.5,0.0,1,0
P3048,20.94395102393196,1.0,26.66666666666667,4784.633333333333,84.953901340824,4784.633333333333,216.6666666666667,6.0,0.0,1,0
P3049,20.94395102393196,1.0,26.66666666666667,4784.633333333333,84.953901340824,4784.633333333333,333.3333333333334,3.0,0.0,1,0
P3050,20.94395102393196,1.0,26.66666666666667,4784.633333333333,84.953901340824,4784.633333333333,333.3333333333334,4.5,0.0,1,0
P3051,20.94395102393196,1.0,26.66666666666667,4784.633333333333,84.953901340824,4784.633333333333,333.3333333333334,6.0,0.0,1,0
P3052,20.94395102393196,1.0,26.66666666666667,4784.633333333333,84.953901340824,4784.633333333333,450.0,3.0,0.0,1,0
P3053,20.94395102393196,1.0,26.66666666666667,4784.633333333333,84.953901340824,4784.633333333333,450.0,4.5,0.0,1,0
P3054,20.94395102393196,1.0,26.66666666666667,4784.633333333333,84.953901340824,4784.633333333333,450.0,6.0,0.0,1,0
P3055,20.94395102393196,1.0,26.66666666666667,7101.3,84.953901340824,7101.3,100.0,3.0,0.0,1,0
P3056,20.94395102393196,1.0,26.66666666666667,7101.3,84.953901340824,7101.3,100.0,4.5,0.0,1,0
P3057,20.94395102393196,1.0,26.66666666666667,7101.3,84.953901340824,7101.3,100.0,6.0,0.0,1,0
P3058,20.94395102393196,1.0,26.66666666666667,7101.3,84.953901340824,7101.3,216.6666666666667,3.0,0.0,1,0
P3059,20.94395102393196,1.0,26.66666666666667,7101.3,84.953901340824,7101.3,216.6666666666667,4.5,0.0,1,0
P3060,20.94395102393196,1.0,26.66666666666667,7101.3,84.953901340824,7101.3,216.6666666666667,6.0,0.0,1,0
P3061,20.94395102393196,1.0,26.66666666666667,7101.3,84.953901340824,7101.3,333.3333333333334,3.0,0.0,1,0
P3062,20.94395102393196,1.0,26.66666666666667,7101.3,84.953901340824,7101.3,333.3333333333334,4.5,0.0,1,0
P3063,20.94395102393196,1.0,26.66666666666667,7101.3,84.953901340824,7101.3,333.3333333333334,6.0,0.0,1,0
P3064,20.94395102393196,1.0,26.66666666666667,7101.3,84.953901340824,7101.3,450.0,3.0,0.0,1,0
P3065,20.94395102393196,1.0,26.66666666666667,7101.3,84.953901340824,7101.3,450.0,4.5,0.0,1,0
P3066,20.94395102393196,1.0,26.66666666666667,7101.3,84.953901340824,7101.3,450.0,6.0,0.0,1,0
P3067,34.03392041388943,1.0,43.33333333333334,151.3,137.31377890065392,151.3,100.0,3.0,0.0,1,0
P3068,34.03392041388943,1.0,43.33333333333334,151.3,137.31377890065392,151.3,100.0,4.5,0.0,1,0
P3069,34.03392041388943,1.0,43.33333333333334,151.3,137.31377890065392,151.3,100.0,6.0,0.0,1,0
P3070,34.03392041388943,1.0,43.33333333333334,151.3,137.31377890065392,151.3,216.6666666666667,3.0,0.0,1,0
P3071,34.03392041388943,1.0,43.33333333333334,151.3,137.31377890065392,151.3,216.6666666666667,4.5,0.0,1,0
P3072,34.03392041388943,1.0,43.33333333333334,151.3,137.31377890065392,151.3,216.6666666666667,6.0,0.0,1,0
P3073,34.03392041388943,1.0,43.33333333333334,151.3,137.31377890065392,151.3,333.3333333333334,3.0,0.0,1,0
P3074,34.03392041388943,1.0,43.33333333333334,151.3,137.31377890065392,151.3,333.3333333333334,4.5,0.0,1,0
P3075,34.03392041388943,1.0,43.33333333333334,151.3,137.31377890065392,151.3,333.3333333333334,6.0,0.0,1,0
P3076,34.03392041388943,1.0,43.33333333333334,151.3,137.31377890065392,151.3,450.0,3.0,0.0,1,0
P3077,34.03392041388943,1.0,43.33333333333334,151.3,137.31377890065392,151.3,450.0,4.5,0.0,1,0
P3078,34.03392041388943,1.0,43.33333333333334,151.3,137.31377890065392,151.3,450.0,6.0,0.0,1,0
P3079,34.03392041388943,1.0,43.33333333333334,2467.966666666667,137.31377890065392,2467.966666666667,100.0,3.0,0.0,1,0
P3080,34.03392041388943,1.0,43.33333333333334,2467.966666666667,137.31377890065392,2467.966666666667,100.0,4.5,0.0,1,0
P3081,34.03392041388943,1.0,43.33333333333334,2467.966666666667,137.31377890065392,2467.966666666667,100.0,6.0,0.0,1,0
P3082,34.03392041388943,1.0,43.33333333333334,2467.966666666667,137.31377890065392,2467.966666666667,216.6666666666667,3.0,0.0,1,0
P3083,34.03392041388943,1.0,43.33333333333334,2467.966666666667,137.31377890065392,2467.966666666667,216.6666666666667,4.5,0.0,1,0
P3084,34.03392041388943,1.0,43.33333333333334,2467.966666666667,137.31377890065392,2467.966666666667,216.6666666666667,6.0,0.0,1,0
P3085,34.03392041388943,1.0,43.33333333333334,2467.966666666667,137.31377890065392,2467.966666666667,333.3333333333334,3.0,0.0,1,0
P3086,34.03392041388943,1.0,43.33333333333334,2467.966666666667,137.31377890065392,2467.966666666667,333.3333333333334,4.5,0.0,1,0
P3087,34.03392041388943,1.0,43.33333333333334,2467.966666666667,137.31377890065392,2467.966666666667,333.3333333333334,6.0,0.0,1,0
P3088,34.03392041388943,1.0,43.33333333333334,2467.966666666667,137.31377890065392,2467.966666666667,450.0,3.0,0.0,1,0
P3089,34.03392041388943,1.0,43.33333333333334,2467.966666666667,137.31377890065392,2467.966666666667,450.0,4.5,0.0,1,0
P3090,34.03392041388943,1.0,43.33333333333334,2467.966666666667,137.31377890065392,2467.966666666667,450.0,6.0,0.0,1,0
P3091,34.03392041388943,1.0,43.33333333333334,4784.633333333333,137.31377890065392,4784.633333333333,100.0,3.0,0.0,1,0
P3092,34.03392041388943,1.0,43.33333333333334,4784.633333333333,137.31377890065392,4784.633333333333,100.0,4.5,0.0,1,0
P3093,34.03392041388943,1.0,43.33333333333334,4784.633333333333,137.31377890065392,4784.633333333333,100.0,6.0,0.0,1,0
P3094,34.03392041388943,1.0,43.33333333333334,4784.633333333333,137.31377890065392,4784.633333333333,216.6666666666667,3.0,0.0,1,0
P3095,34.03392041388943,1.0,43.33333333333334,4784.633333333333,137.31377890065392,4784.633333333333,216.6666666666667,4.5,0.0,1,0
P3096,34.03392041388943,1.0,43.33333333333334,4784.633333333333,137.31377890065392,4784.633333333333,216.6666666666667,6.0,0.0,1,0
P3097,34.03392041388943,1.0,43.33333333333334,4784.633333333333,137.31377890065392,4784.633333333333,333.3333333333334,3.0,0.0,1,0
P3098,34.03392041388943,1.0,43.33333333333334,4784.633333333333,137.31377890065392,4784.633333333333,333.3333333333334,4.5,0.0,1,0
P3099,34.03392041388943,1.0,43.33333333333334,4784.633333333333,137.31377890065392,4784.633333333333,333.3333333333334,6.0,0.0,1,0
P3100,34.03392041388943,1.0,43.33333333333334,4784.633333333333,137.31377890065392,4784.633333333333,450.0,3.0,0.0,1,0
P3101,34.03392041388943,1.0,43.33333333333334,4784.633333333333,137.31377890065392,4784.633333333333,450.0,4.5,0.0,1,0
P3102,34.03392041388943,1.0,43.33333333333334,4784.633333333333,137.31377890065392,4784.633333333333,450.0,6.0,0.0,1,0
P3103,34.03392041388943,1.0,43.33333333333334,7101.3,137.31377890065392,7101.3,100.0,3.0,0.0,1,0
P3104,34.03392041388943,1.0,43.33333333333334,7101.3,137.31377890065392,7101.3,100.0,4.5,0.0,1,0
P3105,34.03392041388943,1.0,43.33333333333334,7101.3,137.31377890065392,7101.3,100.0,6.0,0.0,1,0
P3106,34.03392041388943,1.0,43.33333333333334,7101.3,137.31377890065392,7101.3,216.6666666666667,3.0,0.0,1,0
P3107,34.03392041388943,1.0,43.33333333333334,7101.3,137.31377890065392,7101.3,216.6666666666667,4.5,0.0,1,0
P3108,34.03392041388943,1.0,43.33333333333334,7101.3,137.31377890065392,7101.3,216.6666666666667,6.0,0.0,1,0
P3109,34.03392041388943,1.0,43.33333333333334,7101.3,137.31377890065392,7101.3,333.3333333333334,3.0,0.0,1,0
P3110,34.03392041388943,1.0,43.33333333333334,7101.3,137.31377890065392,7101.3,333.3333333333334,4.5,0.0,1,0
P3111,34.03392041388943,1.0,43.33333333333334,7101.3,137.31377890065392,7101.3,333.3333333333334,6.0,0.0,1,0
P3112,34.03392041388943,1.0,43.33333333333334,7101.3,137.31377890065392,7101.3,450.0,3.0,0.0,1,0
P3113,34.03392041388943,1.0,43.33333333333334,7101.3,137.31377890065392,7101.3,450.0,4.5,0.0,1,0
P3114,34.03392041388943,1.0,43.33333333333334,7101.3,137.31377890065392,7101.3,450.0,6.0,0.0,1,0
P3115,47.12388980384689,1.0,60.0,151.3,189.67365646048376,151.3,100.0,3.0,0.0,1,0
P3116,47.12388980384689,1.0,60.0,151.3,189.67365646048376,151.3,100.0,4.5,0.0,1,0
P3117,47.12388980384689,1.0,60.0,151.3,189.67365646048376,151.3,100.0,6.0,0.0,1,0
P3118,47.12388980384689,1.0,60.0,151.3,189.67365646048376,151.3,216.6666666666667,3.0,0.0,1,0
P3119,47.12388980384689,1.0,60.0,151.3,189.67365646048376,151.3,216.6666666666667,4.5,0.0,1,0
P3120,47.12388980384689,1.0,60.0,151.3,189.67365646048376,151.3,216.6666666666667,6.0,0.0,1,0
P3121,47.12388980384689,1.0,60.0,151.3,189.67365646048376,151.3,333.3333333333334,3.0,0.0,1,0
P3122,47.12388980384689,1.0,60.0,151.3,189.67365646048376,151.3,333.3333333333334,4.5,0.0,1,0
P3123,47.12388980384689,1.0,60.0,151.3,189.67365646048376,151.3,333.3333333333334,6.0,0.0,1,0
P3124,47.12388980384689,1.0,60.0,151.3,189.67365646048376,151.3,450.0,3.0,0.0,1,0
P3125,47.12388980384689,1.0,60.0,151.3,189.67365646048376,151.3,450.0,4.5,0.0,1,0
P3126,47.12388980384689,1.0,60.0,151.3,189.67365646048376,151.3,450.0,6.0,0.0,1,0
P3127,47.12388980384689,1.0,60.0,2467.966666666667,189.67365646048376,2467.966666666667,100.0,3.0,0.0,1,0
P3128,47.12388980384689,1.0,60.0,2467.966666666667,189.67365646048376,2467.966666666667,100.0,4.5,0.0,1,0
P3129,47.12388980384689,1.0,60.0,2467.966666666667,189.67365646048376,2467.966666666667,100.0,6.0,0.0,1,0
P3130,47.12388980384689,1.0,60.0,2467.966666666667,189.67365646048376,2467.966666666667,216.6666666666667,3.0,0.0,1,0
P3131,47.12388980384689,1.0,60.0,2467.966666666667,189.67365646048376,2467.966666666667,216.6666666666667,4.5,0.0,1,0
P3132,47.12388980384689,1.0,60.0,2467.966666666667,189.67365646048376,2467.966666666667,216.6666666666667,6.0,0.0,1,0
P3133,47.12388980384689,1.0,60.0,2467.966666666667,189.67365646048376,2467.966666666667,333.3333333333334,3.0,0.0,1,0
P3134,47.12388980384689,1.0,60.0,2467.966666666667,189.67365646048376,2467.966666666667,333.3333333333334,4.5,0.0,1,0
P3135,47.12388980384689,1.0,60.0,2467.966666666667,189.67365646048376,2467.966666666667,333.3333333333334,6.0,0.0,1,0
P3136,47.12388980384689,1.0,60.0,2467.966666666667,189.67365646048376,2467.966666666667,450.0,3.0,0.0,1,0
P3137,47.12388980384689,1.0,60.0,2467.966666666667,189.67365646048376,2467.966666666667,450.0,4.5,0.0,1,0
P3138,47.12388980384689,1.0,60.0,2467.966666666667,189.67365646048376,2467.966666666667,450.0,6.0,0.0,1,0
P3139,47.12388980384689,1.0,60.0,4784.633333333333,189.67365646048376,4784.633333333333,100.0,3.0,0.0,1,0
P3140,47.12388980384689,1.0,60.0,4784.633333333333,189.67365646048376,4784.633333333333,100.0,4.5,0.0,1,0
P3141,47.12388980384689,1.0,60.0,4784.633333333333,189.67365646048376,4784.633333333333,100.0,6.0,0.0,1,0
P3142,47.12388980384689,1.0,60.0,4784.633333333333,189.67365646048376,4784.633333333333,216.6666666666667,3.0,0.0,1,0
P3143,47.12388980384689,1.0,60.0,4784.633333333333,189.67365646048376,4784.633333333333,216.6666666666667,4.5,0.0,1,0
P3144,47.12388980384689,1.0,60.0,4784.633333333333,189.67365646048376,4784.633333333333,216.6666666666667,6.0,0.0,1,0
P3145,47.12388980384689,1.0,60.0,4784.633333333333,189.67365646048376,4784.633333333333,333.3333333333334,3.0,0.0,1,0
P3146,47.12388980384689,1.0,60.0,4784.633333333333,189.67365646048376,4784.633333333333,333.3333333333334,4.5,0.0,1,0
P3147,47.12388980384689,1.0,60.0,4784.633333333333,189.67365646048376,4784.633333333333,333.3333333333334,6.0,0.0,1,0
P3148,47.12388980384689,1.0,60.0,4784.633333333333,189.67365646048376,4784.633333333333,450.0,3.0,0.0,1,0
P3149,47.12388980384689,1.0,60.0,4784.633333333333,189.67365646048376,4784.633333333333,450.0,4.5,0.0,1,0
P3150,47.12388980384689,1.0,60.0,4784.633333333333,189.67365646048376,4784.633333333333,450.0,6.0,0.0,1,0
P3151,47.12388980384689,1.0,60.0,7101.3,189.67365646048376,7101.3,100.0,3.0,0.0,1,0
P3152,47.12388980384689,1.0,60.0,7101.3,189.67365646048376,7101.3,100.0,4.5,0.0,1,0
P3153,47.12388980384689,1.0,60.0,7101.3,189.67365646048376,7101.3,100.0,6.0,0.0,1,0
P3154,47.12388980384689,1.0,60.0,7101.3,189.67365646048376,7101.3,216.6666666666667,3.0,0.0,1,0
P3155,47.12388980384689,1.0,60.0,7101.3,189.67365646048376,7101.3,216.6666666666667,4.5,0.0,1,0
P3156,47.12388980384689,1.0,60.0,7101.3,189.67365646048376,7101.3,216.6666666666667,6.0,0.0,1,0
P3157,47.12388980384689,1.0,60.0,7101.3,189.67365646048376,7101.3,333.3333333333334,3.0,0.0,1,0
P3158,47.12388980384689,1.0,60.0,7101.3,189.67365646048376,7101.3,333.3333333333334,4.5,0.0,1,0
P3159,47.12388980384689,1.0,60.0,7101.3,189.67365646048376,7101.3,333.3333333333334,6.0,0.0,1,0
P3160,47.12388980384689,1.0,60.0,7101.3,189.67365646048376,7101.3,450.0,3.0,0.0,1,0
P3161,47.12388980384689,1.0,60.0,7101.3,189.67365646048376,7101.3,450.0,4.5,0.0,1,0
P3162,47.12388980384689,1.0,60.0,7101.3,189.67365646048376,7101.3,450.0,6.0,0.0,1,0
P3175,59.39573610693203,2.75,10.0,2467.966666666667,95.3031583897591,6786.908333333335,100.0,3.0,0.0,1,0
P3176,59.39573610693203,2.75,10.0,2467.966666666667,95.3031583897591,6786.908333333335,100.0,4.5,0.0,1,0
P3177,59.39573610693203,2.75,10.0,2467.966666666667,95.3031583897591,6786.908333333335,100.0,6.0,0.0,1,0
P3178,59.39573610693203,2.75,10.0,2467.966666666667,95.3031583897591,6786.908333333335,216.6666666666667,3.0,0.0,1,0
P3179,59.39573610693203,2.75,10.0,2467.966666666667,95.3031583897591,6786.908333333335,216.6666666666667,4.5,0.0,1,0
P3180,59.39573610693203,2.75,10.0,2467.966666666667,95.3031583897591,6786.908333333335,216.6666666666667,6.0,0.0,1,0
P3181,59.39573610693203,2.75,10.0,2467.966666666667,95.3031583897591,6786.908333333335,333.3333333333334,3.0,0.0,1,0
P3182,59.39573610693203,2.75,10.0,2467.966666666667,95.3031583897591,6786.908333333335,333.3333333333334,4.5,0.0,1,0
P3183,59.39573610693203,2.75,10.0,2467.966666666667,95.3031583897591,6786.908333333335,333.3333333333334,6.0,0.0,1,0
P3184,59.39573610693203,2.75,10.0,2467.966666666667,95.3031583897591,6786.908333333335,450.0,3.0,0.0,1,0
P3185,59.39573610693203,2.75,10.0,2467.966666666667,95.3031583897591,6786.908333333335,450.0,4.5,0.0,1,0
P3186,59.39573610693203,2.75,10.0,2467.966666666667,95.3031583897591,6786.908333333335,450.0,6.0,0.0,1,0
P3187,59.39573610693203,2.75,10.0,4784.633333333333,95.3031583897591,13157.741666666667,100.0,3.0,0.0,1,0
P3188,59.39573610693203,2.75,10.0,4784.633333333333,95.3031583897591,13157.741666666667,100.0,4.5,0.0,1,0
P3189,59.39573610693203,2.75,10.0,4784.633333333333,95.3031583897591,13157.741666666667,100.0,6.0,0.0,1,0
P3190,59.39573610693203,2.75,10.0,4784.633333333333,95.3031583897591,13157.741666666667,216.6666666666667,3.0,0.0,1,0
P3191,59.39573610693203,2.75,10.0,4784.633333333333,95.3031583897591,13157.741666666667,216.6666666666667,4.5,0.0,1,0
P3192,59.39573610693203,2.75,10.0,4784.633333333333,95.3031583897591,13157.741666666667,216.6666666666667,6.0,0.0,1,0
P3193,59.39573610693203,2.75,10.0,4784.633333333333,95.3031583897591,13157.741666666667,333.3333333333334,3.0,0.0,1,0
P3194,59.39573610693203,2.75,10.0,4784.633333333333,95.3031583897591,13157.741666666667,333.3333333333334,4.5,0.0,1,0
P3195,59.39573610693203,2.75,10.0,4784.633333333333,95.3031583897591,13157.741666666667,333.3333333333334,6.0,0.0,1,0
P3196,59.39573610693203,2.75,10.0,4784.633333333333,95.3031583897591,13157.741666666667,450.0,3.0,0.0,1,0
P3197,59.39573610693203,2.75,10.0,4784.633333333333,95.3031583897591,13157.741666666667,450.0,4.5,0.0,1,0
P3198,59.39573610693203,2.75,10.0,4784.633333333333,95.3031583897591,13157.741666666667,450.0,6.0,0.0,1,0
P3199,59.39573610693203,2.75,10.0,7101.3,95.3031583897591,19528.575,100.0,3.0,0.0,1,0
P3200,59.39573610693203,2.75,10.0,7101.3,95.3031583897591,19528.575,100.0,4.5,0.0,1,0
P3201,59.39573610693203,2.75,10.0,7101.3,95.3031583897591,19528.575,100.0,6.0,0.0,1,0
P3202,59.39573610693203,2.75,10.0,7101.3,95.3031583897591,19528.575,216.6666666666667,3.0,0.0,1,0
P3203,59.39573610693203,2.75,10.0,7101.3,95.3031583897591,19528.575,216.6666666666667,4.5,0.0,1,0
P3204,59.39573610693203,2.75,10.0,7101.3,95.3031583897591,19528.575,216.6666666666667,6.0,0.0,1,0
P3205,59.39573610693203,2.75,10.0,7101.3,95.3031583897591,19528.575,333.3333333333334,3.0,0.0,1,0
P3206,59.39573610693203,2.75,10.0,7101.3,95.3031583897591,19528.575,333.3333333333334,4.5,0.0,1,0
P3207,59.39573610693203,2.75,10.0,7101.3,95.3031583897591,19528.575,333.3333333333334,6.0,0.0,1,0
P3208,59.39573610693203,2.75,10.0,7101.3,95.3031583897591,19528.575,450.0,3.0,0.0,1,0
P3209,59.39573610693203,2.75,10.0,7101.3,95.3031583897591,19528.575,450.0,4.5,0.0,1,0
P3210,59.39573610693203,2.75,10.0,7101.3,95.3031583897591,19528.575,450.0,6.0,0.0,1,0
P3223,158.38862961848542,2.75,26.66666666666667,2467.966666666667,239.29282167929134,6786.908333333335,100.0,3.0,0.0,1,0
P3224,158.38862961848542,2.75,26.66666666666667,2467.966666666667,239.29282167929134,6786.908333333335,100.0,4.5,0.0,1,0
P3225,158.38862961848542,2.75,26.66666666666667,2467.966666666667,239.29282167929134,6786.908333333335,100.0,6.0,0.0,1,0
P3226,158.38862961848542,2.75,26.66666666666667,2467.966666666667,239.29282167929134,6786.908333333335,216.6666666666667,3.0,0.0,1,0
P3227,158.38862961848542,2.75,26.66666666666667,2467.966666666667,239.29282167929134,6786.908333333335,216.6666666666667,4.5,0.0,1,0
P3228,158.38862961848542,2.75,26.66666666666667,2467.966666666667,239.29282167929134,6786.908333333335,216.6666666666667,6.0,0.0,1,0
P3229,158.38862961848542,2.75,26.66666666666667,2467.966666666667,239.29282167929134,6786.908333333335,333.3333333333334,3.0,0.0,1,0
P3230,158.38862961848542,2.75,26.66666666666667,2467.966666666667,239.29282167929134,6786.908333333335,333.3333333333334,4.5,0.0,1,0
P3231,158.38862961848542,2.75,26.66666666666667,2467.966666666667,239.29282167929134,6786.908333333335,333.3333333333334,6.0,0.0,1,0
P3232,158.38862961848542,2.75,26.66666666666667,2467.966666666667,239.29282167929134,6786.908333333335,450.0,3.0,0.0,1,0
P3233,158.38862961848542,2.75,26.66666666666667,2467.966666666667,239.29282167929134,6786.908333333335,450.0,4.5,0.0,1,0
P3234,158.38862961848542,2.75,26.66666666666667,2467.966666666667,239.29282167929134,6786.908333333335,450.0,6.0,0.0,1,0
P3235,158.38862961848542,2.75,26.66666666666667,4784.633333333333,239.29282167929134,13157.741666666667,100.0,3.0,0.0,1,0
P3236,158.38862961848542,2.75,26.66666666666667,4784.633333333333,239.29282167929134,13157.741666666667,100.0,4.5,0.0,1,0
P3237,158.38862961848542,2.75,26.66666666666667,4784.633333333333,239.29282167929134,13157.741666666667,100.0,6.0,0.0,1,0
P3238,158.38862961848542,2.75,26.66666666666667,4784.633333333333,239.29282167929134,13157.741666666667,216.6666666666667,3.0,0.0,1,0
P3239,158.38862961848542,2.75,26.66666666666667,4784.633333333333,239.29282167929134,13157.741666666667,216.6666666666667,4.5,0.0,1,0
P3240,158.38862961848542,2.75,26.66666666666667,4784.633333333333,239.29282167929134,13157.741666666667,216.6666666666667,6.0,0.0,1,0
P3241,158.38862961848542,2.75,26.66666666666667,4784.633333333333,239.29282167929134,13157.741666666667,333.3333333333334,3.0,0.0,1,0
P3242,158.38862961848542,2.75,26.66666666666667,4784.633333333333,239.29282167929134,13157.741666666667,333.3333333333334,4.5,0.0,1,0
P3243,158.38862961848542,2.75,26.66666666666667,4784.633333333333,239.29282167929134,13157.741666666667,333.3333333333334,6.0,0.0,1,0
P3244,158.38862961848542,2.75,26.66666666666667,4784.633333333333,239.29282167929134,13157.741666666667,450.0,3.0,0.0,1,0
P3245,158.38862961848542,2.75,26.66666666666667,4784.633333333333,239.29282167929134,13157.741666666667,450.0,4.5,0.0,1,0
P3246,158.38862961848542,2.75,26.66666666666667,4784.633333333333,239.29282167929134,13157.741666666667,450.0,6.0,0.0,1,0
P3247,158.38862961848542,2.75,26.66666666666667,7101.3,239.29282167929134,19528.575,100.0,3.0,0.0,1,0
P3248,158.38862961848542,2.75,26.66666666666667,7101.3,239.29282167929134,19528.575,100.0,4.5,0.0,1,0
P3249,158.38862961848542,2.75,26.66666666666667,7101.3,239.29282167929134,19528.575,100.0,6.0,0.0,1,0
P3250,158.38862961848542,2.75,26.66666666666667,7101.3,239.29282167929134,19528.575,216.6666666666667,3.0,0.0,1,0
P3251,158.38862961848542,2.75,26.66666666666667,7101.3,239.29282167929134,19528.575,216.6666666666667,4.5,0.0,1,0
P3252,158.38862961848542,2.75,26.66666666666667,7101.3,239.29282167929134,19528.575,216.6666666666667,6.0,0.0,1,0
P3253,158.38862961848542,2.75,26.66666666666667,7101.3,239.29282167929134,19528.575,333.3333333333334,3.0,0.0,1,0
P3254,158.38862961848542,2.75,26.66666666666667,7101.3,239.29282167929134,19528.575,333.3333333333334,4.5,0.0,1,0
P3255,158.38862961848542,2.75,26.66666666666667,7101.3,239.29282167929134,19528.575,333.3333333333334,6.0,0.0,1,0
P3256,158.38862961848542,2.75,26.66666666666667,7101.3,239.29282167929134,19528.575,450.0,3.0,0.0,1,0
P3257,158.38862961848542,2.75,26.66666666666667,7101.3,239.29282167929134,19528.575,450.0,4.5,0.0,1,0
P3258,158.38862961848542,2.75,26.66666666666667,7101.3,239.29282167929134,19528.575,450.0,6.0,0.0,1,0
P3271,257.38152313003883,2.75,43.33333333333334,2467.966666666667,383.28248496882355,6786.908333333335,100.0,3.0,0.0,1,0
P3272,257.38152313003883,2.75,43.33333333333334,2467.966666666667,383.28248496882355,6786.908333333335,100.0,4.5,0.0,1,0
P3273,257.38152313003883,2.75,43.33333333333334,2467.966666666667,383.28248496882355,6786.908333333335,100.0,6.0,0.0,1,0
P3274,257.38152313003883,2.75,43.33333333333334,2467.966666666667,383.28248496882355,6786.908333333335,216.6666666666667,3.0,0.0,1,0
P3275,257.38152313003883,2.75,43.33333333333334,2467.966666666667,383.28248496882355,6786.908333333335,216.6666666666667,4.5,0.0,1,0
P3276,257.38152313003883,2.75,43.33333333333334,2467.966666666667,383.28248496882355,6786.908333333335,216.6666666666667,6.0,0.0,1,0
P3277,257.38152313003883,2.75,43.33333333333334,2467.966666666667,383.28248496882355,6786.908333333335,333.3333333333334,3.0,0.0,1,0
P3278,257.38152313003883,2.75,43.33333333333334,2467.966666666667,383.28248496882355,6786.908333333335,333.3333333333334,4.5,0.0,1,0
P3279,257.38152313003883,2.75,43.33333333333334,2467.966666666667,383.28248496882355,6786.908333333335,333.3333333333334,6.0,0.0,1,0
P3280,257.38152313003883,2.75,43.33333333333334,2467.966666666667,383.28248496882355,6786.908333333335,450.0,3.0,0.0,1,0
P3281,257.38152313003883,2.75,43.33333333333334,2467.966666666667,383.28248496882355,6786.908333333335,450.0,4.5,0.0,1,0
P3282,257.38152313003883,2.75,43.33333333333334,2467.966666666667,383.28248496882355,6786.908333333335,450.0,6.0,0.0,1,0
P3283,257.38152313003883,2.75,43.33333333333334,4784.633333333333,383.28248496882355,13157.741666666667,100.0,3.0,0.0,1,0
P3284,257.38152313003883,2.75,43.33333333333334,4784.633333333333,383.28248496882355,13157.741666666667,100.0,4.5,0.0,1,0
P3285,257.38152313003883,2.75,43.33333333333334,4784.633333333333,383.28248496882355,13157.741666666667,100.0,6.0,0.0,1,0
P3286,257.38152313003883,2.75,43.33333333333334,4784.633333333333,383.28248496882355,13157.741666666667,216.6666666666667,3.0,0.0,1,0
P3287,257.38152313003883,2.75,43.33333333333334,4784.633333333333,383.28248496882355,13157.741666666667,216.6666666666667,4.5,0.0,1,0
P3288,257.38152313003883,2.75,43.33333333333334,4784.633333333333,383.28248496882355,13157.741666666667,216.6666666666667,6.0,0.0,1,0
P3289,257.38152313003883,2.75,43.33333333333334,4784.633333333333,383.28248496882355,13157.741666666667,333.3333333333334,3.0,0.0,1,0
P3290,257.38152313003883,2.75,43.33333333333334,4784.633333333333,383.28248496882355,13157.741666666667,333.3333333333334,4.5,0.0,1,0
P3291,257.38152313003883,2.75,43.33333333333334,4784.633333333333,383.28248496882355,13157.741666666667,333.3333333333334,6.0,0.0,1,0
P3292,257.38152313003883,2.75,43.33333333333334,4784.633333333333,383.28248496882355,13157.741666666667,450.0,3.0,0.0,1,0
P3293,257.38152313003883,2.75,43.33333333333334,4784.633333333333,383.28248496882355,13157.741666666667,450.0,4.5,0.0,1,0
P3294,257.38152313003883,2.75,43.33333333333334,4784.633333333333,383.28248496882355,13157.741666666667,450.0,6.0,0.0,1,0
P3295,257.38152313003883,2.75,43.33333333333334,7101.3,383.28248496882355,19528.575,100.0,3.0,0.0,1,0
P3296,257.38152313003883,2.75,43.33333333333334,7101.3,383.28248496882355,19528.575,100.0,4.5,0.0,1,0
P3297,257.38152313003883,2.75,43.33333333333334,7101.3,383.28248496882355,19528.575,100.0,6.0,0.0,1,0
P3298,257.38152313003883,2.75,43.33333333333334,7101.3,383.28248496882355,19528.575,216.6666666666667,3.0,0.0,1,0
P3299,257.38152313003883,2.75,43.33333333333334,7101.3,383.28248496882355,19528.575,216.6666666666667,4.5,0.0,1,0
P3300,257.38152313003883,2.75,43.33333333333334,7101.3,383.28248496882355,19528.575,216.6666666666667,6.0,0.0,1,0
P3301,257.38152313003883,2.75,43.33333333333334,7101.3,383.28248496882355,19528.575,333.3333333333334,3.0,0.0,1,0
P3302,257.38152313003883,2.75,43.33333333333334,7101.3,383.28248496882355,19528.575,333.3333333333334,4.5,0.0,1,0
P3303,257.38152313003883,2.75,43.33333333333334,7101.3,383.28248496882355,19528.575,333.3333333333334,6.0,0.0,1,0
P3304,257.38152313003883,2.75,43.33333333333334,7101.3,383.28248496882355,19528.575,450.0,3.0,0.0,1,0
P3305,257.38152313003883,2.75,43.33333333333334,7101.3,383.28248496882355,19528.575,450.0,4.5,0.0,1,0
P3306,257.38152313003883,2.75,43.33333333333334,7101.3,383.28248496882355,19528.575,450.0,6.0,0.0,1,0
P3319,356.3744166415922,2.75,60.0,2467.966666666667,527.2721482583556,6786.908333333335,100.0,3.0,0.0,1,0
P3320,356.3744166415922,2.75,60.0,2467.966666666667,527.2721482583556,6786.908333333335,100.0,4.5,0.0,1,0
P3321,356.3744166415922,2.75,60.0,2467.966666666667,527.2721482583556,6786.908333333335,100.0,6.0,0.0,1,0
P3322,356.3744166415922,2.75,60.0,2467.966666666667,527.2721482583556,6786.908333333335,216.6666666666667,3.0,0.0,1,0
P3323,356.3744166415922,2.75,60.0,2467.966666666667,527.2721482583556,6786.908333333335,216.6666666666667,4.5,0.0,1,0
P3324,356.3744166415922,2.75,60.0,2467.966666666667,527.2721482583556,6786.908333333335,216.6666666666667,6.0,0.0,1,0
P3325,356.3744166415922,2.75,60.0,2467.966666666667,527.2721482583556,6786.908333333335,333.3333333333334,3.0,0.0,1,0
P3326,356.3744166415922,2.75,60.0,2467.966666666667,527.2721482583556,6786.908333333335,333.3333333333334,4.5,0.0,1,0
P3327,356.3744166415922,2.75,60.0,2467.966666666667,527.2721482583556,6786.908333333335,333.3333333333334,6.0,0.0,1,0
P3328,356.3744166415922,2.75,60.0,2467.966666666667,527.2721482583556,6786.908333333335,450.0,3.0,0.0,1,0
P3329,356.3744166415922,2.75,60.0,2467.966666666667,527.2721482583556,6786.908333333335,450.0,4.5,0.0,1,0
P3330,356.3744166415922,2.75,60.0,2467.966666666667,527.2721482583556,6786.908333333335,450.0,6.0,0.0,1,0
P3331,356.3744166415922,2.75,60.0,4784.633333333333,527.2721482583556,13157.741666666667,100.0,3.0,0.0,1,0
P3332,356.3744166415922,2.75,60.0,4784.633333333333,527.2721482583556,13157.741666666667,100.0,4.5,0.0,1,0
P3333,356.3744166415922,2.75,60.0,4784.633333333333,527.2721482583556,13157.741666666667,100.0,6.0,0.0,1,0
P3334,356.3744166415922,2.75,60.0,4784.633333333333,527.2721482583556,13157.741666666667,216.6666666666667,3.0,0.0,1,0
P3335,356.3744166415922,2.75,60.0,4784.633333333333,527.2721482583556,13157.741666666667,216.6666666666667,4.5,0.0,1,0
P3336,356.3744166415922,2.75,60.0,4784.633333333333,527.2721482583556,13157.741666666667,216.6666666666667,6.0,0.0,1,0
P3337,356.3744166415922,2.75,60.0,4784.633333333333,527.2721482583556,13157.741666666667,333.3333333333334,3.0,0.0,1,0
P3338,356.3744166415922,2.75,60.0,4784.633333333333,527.2721482583556,13157.741666666667,333.3333333333334,4.5,0.0,1,0
P3339,356.3744166415922,2.75,60.0,4784.633333333333,527.2721482583556,13157.741666666667,333.3333333333334,6.0,0.0,1,0
P3340,356.3744166415922,2.75,60.0,4784.633333333333,527.2721482583556,13157.741666666667,450.0,3.0,0.0,1,0
P3341,356.3744166415922,2.75,60.0,4784.633333333333,527.2721482583556,13157.741666666667,450.0,4.5,0.0,1,0
P3342,356.3744166415922,2.75,60.0,4784.633333333333,527.2721482583556,13157.741666666667,450.0,6.0,0.0,1,0
P3343,356.3744166415922,2.75,60.0,7101.3,527.2721482583556,19528.575,100.0,3.0,0.0,1,0
P3344,356.3744166415922,2.75,60.0,7101.3,527.2721482583556,19528.575,100.0,4.5,0.0,1,0
P3345,356.3744166415922,2.75,60.0,7101.3,527.2721482583556,19528.575,100.0,6.0,0.0,1,0
P3346,356.3744166415922,2.75,60.0,7101.3,527.2721482583556,19528.575,216.6666666666667,3.0,0.0,1,0
P3347,356.3744166415922,2.75,60.0,7101.3,527.2721482583556,19528.575,216.6666666666667,4.5,0.0,1,0
P3348,356.3744166415922,2.75,60.0,7101.3,527.2721482583556,19528.575,216.6666666666667,6.0,0.0,1,0
P3349,356.3744166415922,2.75,60.0,7101.3,527.2721482583556,19528.575,333.3333333333334,3.0,0.0,1,0
P3350,356.3744166415922,2.75,60.0,7101.3,527.2721482583556,19528.575,333.3333333333334,4.5,0.0,1,0
P3351,356.3744166415922,2.75,60.0,7101.3,527.2721482583556,19528.575,333.3333333333334,6.0,0.0,1,0
P3352,356.3744166415922,2.75,60.0,7101.3,527.2721482583556,19528.575,450.0,3.0,0.0,1,0
P3353,356.3744166415922,2.75,60.0,7101.3,527.2721482583556,19528.575,450.0,4.5,0.0,1,0
P3354,356.3744166415922,2.75,60.0,7101.3,527.2721482583556,19528.575,450.0,6.0,0.0,1,0
P3367,159.04312808798326,4.5,10.0,2467.966666666667,165.2281386247382,11105.850000000002,100.0,3.0,0.0,1,0
P3368,159.04312808798326,4.5,10.0,2467.966666666667,165.2281386247382,11105.850000000002,100.0,4.5,0.0,1,0
P3369,159.04312808798326,4.5,10.0,2467.966666666667,165.2281386247382,11105.850000000002,100.0,6.0,0.0,1,0
P3370,159.04312808798326,4.5,10.0,2467.966666666667,165.2281386247382,11105.850000000002,216.6666666666667,3.0,0.0,1,0
P3371,159.04312808798326,4.5,10.0,2467.966666666667,165.2281386247382,11105.850000000002,216.6666666666667,4.5,0.0,1,0
P3372,159.04312808798326,4.5,10.0,2467.966666666667,165.2281386247382,11105.850000000002,216.6666666666667,6.0,0.0,1,0
P3373,159.04312808798326,4.5,10.0,2467.966666666667,165.2281386247382,11105.850000000002,333.3333333333334,3.0,0.0,1,0
P3374,159.04312808798326,4.5,10.0,2467.966666666667,165.2281386247382,11105.850000000002,333.3333333333334,4.5,0.0,1,0
P3375,159.04312808798326,4.5,10.0,2467.966666666667,165.2281386247382,11105.850000000002,333.3333333333334,6.0,0.0,1,0
P3376,159.04312808798326,4.5,10.0,2467.966666666667,165.2281386247382,11105.850000000002,450.0,3.0,0.0,1,0
P3377,159.04312808798326,4.5,10.0,2467.966666666667,165.2281386247382,11105.850000000002,450.0,4.5,0.0,1,0
P3378,159.04312808798326,4.5,10.0,2467.966666666667,165.2281386247382,11105.850000000002,450.0,6.0,0.0,1,0
P3379,159.04312808798326,4.5,10.0,4784.633333333333,165.2281386247382,21530.85,100.0,3.0,0.0,1,0
P3380,159.04312808798326,4.5,10.0,4784.633333333333,165.2281386247382,21530.85,100.0,4.5,0.0,1,0
P3381,159.04312808798326,4.5,10.0,4784.633333333333,165.2281386247382,21530.85,100.0,6.0,0.0,1,0
P3382,159.04312808798326,4.5,10.0,4784.633333333333,165.2281386247382,21530.85,216.6666666666667,3.0,0.0,1,0
P3383,159.04312808798326,4.5,10.0,4784.633333333333,165.2281386247382,21530.85,216.6666666666667,4.5,0.0,1,0
P3384,159.04312808798326,4.5,10.0,4784.633333333333,165.2281386247382,21530.85,216.6666666666667,6.0,0.0,1,0
P3385,159.04312808798326,4.5,10.0,4784.633333333333,165.2281386247382,21530.85,333.3333333333334,3.0,0.0,1,0
P3386,159.04312808798326,4.5,10.0,4784.633333333333,165.2281386247382,21530.85,333.3333333333334,4.5,0.0,1,0
P3387,159.04312808798326,4.5,10.0,4784.633333333333,165.2281386247382,21530.85,333.3333333333334,6.0,0.0,1,0
P3388,159.04312808798326,4.5,10.0,4784.633333333333,165.2281386247382,21530.85,450.0,3.0,0.0,1,0
P3389,159.04312808798326,4.5,10.0,4784.633333333333,165.2281386247382,21530.85,450.0,4.5,0.0,1,0
P3390,159.04312808798326,4.5,10.0,4784.633333333333,165.2281386247382,21530.85,450.0,6.0,0.0,1,0
P3391,159.04312808798326,4.5,10.0,7101.3,165.2281386247382,31955.850000000002,100.0,3.0,0.0,1,0
P3392,159.04312808798326,4.5,10.0,7101.3,165.2281386247382,31955.850000000002,100.0,4.5,0.0,1,0
P3393,159.04312808798326,4.5,10.0,7101.3,165.2281386247382,31955.850000000002,100.0,6.0,0.0,1,0
P3394,159.04312808798326,4.5,10.0,7101.3,165.2281386247382,31955.850000000002,216.6666666666667,3.0,0.0,1,0
P3395,159.04312808798326,4.5,10.0,7101.3,165.2281386247382,31955.850000000002,216.6666666666667,4.5,0.0,1,0
P3396,159.04312808798326,4.5,10.0,7101.3,165.2281386247382,31955.850000000002,216.6666666666667,6.0,0.0,1,0
P3397,159.04312808798326,4.5,10.0,7101.3,165.2281386247382,31955.850000000002,333.3333333333334,3.0,0.0,1,0
P3398,159.04312808798326,4.5,10.0,7101.3,165.2281386247382,31955.850000000002,333.3333333333334,4.5,0.0,1,0
P3399,159.04312808798326,4.5,10.0,7101.3,165.2281386247382,31955.850000000002,333.3333333333334,6.0,0.0,1,0
P3400,159.04312808798326,4.5,10.0,7101.3,165.2281386247382,31955.850000000002,450.0,3.0,0.0,1,0
P3401,159.04312808798326,4.5,10.0,7101.3,165.2281386247382,31955.850000000002,450.0,4.5,0.0,1,0
P3402,159.04312808798326,4.5,10.0,7101.3,165.2281386247382,31955.850000000002,450.0,6.0,0.0,1,0
P3415,424.1150082346221,4.5,26.66666666666667,2467.966666666667,400.84758764397276,11105.850000000002,100.0,3.0,0.0,1,0
P3416,424.1150082346221,4.5,26.66666666666667,2467.966666666667,400.84758764397276,11105.850000000002,100.0,4.5,0.0,1,0
P3417,424.1150082346221,4.5,26.66666666666667,2467.966666666667,400.84758764397276,11105.850000000002,100.0,6.0,0.0,1,0
P3418,424.1150082346221,4.5,26.66666666666667,2467.966666666667,400.84758764397276,11105.850000000002,216.6666666666667,3.0,0.0,1,0
P3419,424.1150082346221,4.5,26.66666666666667,2467.966666666667,400.84758764397276,11105.850000000002,216.6666666666667,4.5,0.0,1,0
P3420,424.1150082346221,4.5,26.66666666666667,2467.966666666667,400.84758764397276,11105.850000000002,216.6666666666667,6.0,0.0,1,0
P3421,424.1150082346221,4.5,26.66666666666667,2467.966666666667,400.84758764397276,11105.850000000002,333.3333333333334,3.0,0.0,1,0
P3422,424.1150082346221,4.5,26.66666666666667,2467.966666666667,400.84758764397276,11105.850000000002,333.3333333333334,4.5,0.0,1,0
P3423,424.1150082346221,4.5,26.66666666666667,2467.966666666667,400.84758764397276,11105.850000000002,333.3333333333334,6.0,0.0,1,0
P3424,424.1150082346221,4.5,26.66666666666667,2467.966666666667,400.84758764397276,11105.850000000002,450.0,3.0,0.0,1,0
P3425,424.1150082346221,4.5,26.66666666666667,2467.966666666667,400.84758764397276,11105.850000000002,450.0,4.5,0.0,1,0
P3426,424.1150082346221,4.5,26.66666666666667,2467.966666666667,400.84758764397276,11105.850000000002,450.0,6.0,0.0,1,0
P3427,424.1150082346221,4.5,26.66666666666667,4784.633333333333,400.84758764397276,21530.85,100.0,3.0,0.0,1,0
P3428,424.1150082346221,4.5,26.66666666666667,4784.633333333333,400.84758764397276,21530.85,100.0,4.5,0.0,1,0
P3429,424.1150082346221,4.5,26.66666666666667,4784.633333333333,400.84758764397276,21530.85,100.0,6.0,0.0,1,0
P3430,424.1150082346221,4.5,26.66666666666667,4784.633333333333,400.84758764397276,21530.85,216.6666666666667,3.0,0.0,1,0
P3431,424.1150082346221,4.5,26.66666666666667,4784.633333333333,400.84758764397276,21530.85,216.6666666666667,4.5,0.0,1,0
P3432,424.1150082346221,4.5,26.66666666666667,4784.633333333333,400.84758764397276,21530.85,216.6666666666667,6.0,0.0,1,0
P3433,424.1150082346221,4.5,26.66666666666667,4784.633333333333,400.84758764397276,21530.85,333.3333333333334,3.0,0.0,1,0
P3434,424.1150082346221,4.5,26.66666666666667,4784.633333333333,400.84758764397276,21530.85,333.3333333333334,4.5,0.0,1,0
P3435,424.1150082346221,4.5,26.66666666666667,4784.633333333333,400.84758764397276,21530.85,333.3333333333334,6.0,0.0,1,0
P3436,424.1150082346221,4.5,26.66666666666667,4784.633333333333,400.84758764397276,21530.85,450.0,3.0,0.0,1,0
P3437,424.1150082346221,4.5,26.66666666666667,4784.633333333333,400.84758764397276,21530.85,450.0,4.5,0.0,1,0
P3438,424.1150082346221,4.5,26.66666666666667,4784.633333333333,400.84758764397276,21530.85,450.0,6.0,0.0,1,0
P3439,424.1150082346221,4.5,26.66666666666667,7101.3,400.84758764397276,31955.850000000002,100.0,3.0,0.0,1,0
P3440,424.1150082346221,4.5,26.66666666666667,7101.3,400.84758764397276,31955.850000000002,100.0,4.5,0.0,1,0
P3441,424.1150082346221,4.5,26.66666666666667,7101.3,400.84758764397276,31955.850000000002,100.0,6.0,0.0,1,0
P3442,424.1150082346221,4.5,26.66666666666667,7101.3,400.84758764397276,31955.850000000002,216.6666666666667,3.0,0.0,1,0
P3443,424.1150082346221,4.5,26.66666666666667,7101.3,400.84758764397276,31955.850000000002,216.6666666666667,4.5,0.0,1,0
P3444,424.1150082346221,4.5,26.66666666666667,7101.3,400.84758764397276,31955.850000000002,216.6666666666667,6.0,0.0,1,0
P3445,424.1150082346221,4.5,26.66666666666667,7101.3,400.84758764397276,31955.850000000002,333.3333333333334,3.0,0.0,1,0
P3446,424.1150082346221,4.5,26.66666666666667,7101.3,400.84758764397276,31955.850000000002,333.3333333333334,4.5,0.0,1,0
P3447,424.1150082346221,4.5,26.66666666666667,7101.3,400.84758764397276,31955.850000000002,333.3333333333334,6.0,0.0,1,0
P3448,424.1150082346221,4.5,26.66666666666667,7101.3,400.84758764397276,31955.850000000002,450.0,3.0,0.0,1,0
P3449,424.1150082346221,4.5,26.66666666666667,7101.3,400.84758764397276,31955.850000000002,450.0,4.5,0.0,1,0
P3450,424.1150082346221,4.5,26.66666666666667,7101.3,400.84758764397276,31955.850000000002,450.0,6.0,0.0,1,0
P3463,689.186888381261,4.5,43.33333333333334,2467.966666666667,636.4670366632072,11105.850000000002,100.0,3.0,0.0,1,0
P3464,689.186888381261,4.5,43.33333333333334,2467.966666666667,636.4670366632072,11105.850000000002,100.0,4.5,0.0,1,0
P3465,689.186888381261,4.5,43.33333333333334,2467.966666666667,636.4670366632072,11105.850000000002,100.0,6.0,0.0,1,0
P3466,689.186888381261,4.5,43.33333333333334,2467.966666666667,636.4670366632072,11105.850000000002,216.6666666666667,3.0,0.0,1,0
P3467,689.186888381261,4.5,43.33333333333334,2467.966666666667,636.4670366632072,11105.850000000002,216.6666666666667,4.5,0.0,1,0
P3468,689.186888381261,4.5,43.33333333333334,2467.966666666667,636.4670366632072,11105.850000000002,216.6666666666667,6.0,0.0,1,0
P3469,689.186888381261,4.5,43.33333333333334,2467.966666666667,636.4670366632072,11105.850000000002,333.3333333333334,3.0,0.0,1,0
P3470,689.186888381261,4.5,43.33333333333334,2467.966666666667,636.4670366632072,11105.850000000002,333.3333333333334,4.5,0.0,1,0
P3471,689.186888381261,4.5,43.33333333333334,2467.966666666667,636.4670366632072,11105.850000000002,333.3333333333334,6.0,0.0,1,0
P3472,689.186888381261,4.5,43.33333333333334,2467.966666666667,636.4670366632072,11105.850000000002,450.0,3.0,0.0,1,0
P3473,689.186888381261,4.5,43.33333333333334,2467.966666666667,636.4670366632072,11105.850000000002,450.0,4.5,0.0,1,0
P3474,689.186888381261,4.5,43.33333333333334,2467.966666666667,636.4670366632072,11105.850000000002,450.0,6.0,0.0,1,0
P3475,689.186888381261,4.5,43.33333333333334,4784.633333333333,636.4670366632072,21530.85,100.0,3.0,0.0,1,0
P3476,689.186888381261,4.5,43.33333333333334,4784.633333333333,636.4670366632072,21530.85,100.0,4.5,0.0,1,0
P3477,689.186888381261,4.5,43.33333333333334,4784.633333333333,636.4670366632072,21530.85,100.0,6.0,0.0,1,0
P3478,689.186888381261,4.5,43.33333333333334,4784.633333333333,636.4670366632072,21530.85,216.6666666666667,3.0,0.0,1,0
P3479,689.186888381261,4.5,43.33333333333334,4784.633333333333,636.4670366632072,21530.85,216.6666666666667,4.5,0.0,1,0
P3480,689.186888381261,4.5,43.33333333333334,4784.633333333333,636.4670366632072,21530.85,216.6666666666667,6.0,0.0,1,0
P3481,689.186888381261,4.5,43.33333333333334,4784.633333333333,636.4670366632072,21530.85,333.3333333333334,3.0,0.0,1,0
P3482,689.186888381261,4.5,43.33333333333334,4784.633333333333,636.4670366632072,21530.85,333.3333333333334,4.5,0.0,1,0
P3483,689.186888381261,4.5,43.33333333333334,4784.633333333333,636.4670366632072,21530.85,333.3333333333334,6.0,0.0,1,0
P3484,689.186888381261,4.5,43.33333333333334,4784.633333333333,636.4670366632072,21530.85,450.0,3.0,0.0,1,0
P3485,689.186888381261,4.5,43.33333333333334,4784.633333333333,636.4670366632072,21530.85,450.0,4.5,0.0,1,0
P3486,689.186888381261,4.5,43.33333333333334,4784.633333333333,636.4670366632072,21530.85,450.0,6.0,0.0,1,0
P3487,689.186888381261,4.5,43.33333333333334,7101.3,636.4670366632072,31955.850000000002,100.0,3.0,0.0,1,0
P3488,689.186888381261,4.5,43.33333333333334,7101.3,636.4670366632072,31955.850000000002,100.0,4.5,0.0,1,0
P3489,689.186888381261,4.5,43.33333333333334,7101.3,636.4670366632072,31955.850000000002,100.0,6.0,0.0,1,0
P3490,689.186888381261,4.5,43.33333333333334,7101.3,636.4670366632072,31955.850000000002,216.6666666666667,3.0,0.0,1,0
P3491,689.186888381261,4.5,43.33333333333334,7101.3,636.4670366632072,31955.850000000002,216.6666666666667,4.5,0.0,1,0
P3492,689.186888381261,4.5,43.33333333333334,7101.3,636.4670366632072,31955.850000000002,216.6666666666667,6.0,0.0,1,0
P3493,689.186888381261,4.5,43.33333333333334,7101.3,636.4670366632072,31955.850000000002,333.3333333333334,3.0,0.0,1,0
P3494,689.186888381261,4.5,43.33333333333334,7101.3,636.4670366632072,31955.850000000002,333.3333333333334,4.5,0.0,1,0
P3495,689.186888381261,4.5,43.33333333333334,7101.3,636.4670366632072,31955.850000000002,333.3333333333334,6.0,0.0,1,0
P3496,689.186888381261,4.5,43.33333333333334,7101.3,636.4670366632072,31955.850000000002,450.0,3.0,0.0,1,0
P3497,689.186888381261,4.5,43.33333333333334,7101.3,636.4670366632072,31955.850000000002,450.0,4.5,0.0,1,0
P3498,689.186888381261,4.5,43.33333333333334,7101.3,636.4670366632072,31955.850000000002,450.0,6.0,0.0,1,0
P3511,954.2587685278996,4.5,60.0,2467.966666666667,872.0864856824415,11105.850000000002,100.0,3.0,0.0,1,0
P3512,954.2587685278996,4.5,60.0,2467.966666666667,872.0864856824415,11105.850000000002,100.0,4.5,0.0,1,0
P3513,954.2587685278996,4.5,60.0,2467.966666666667,872.0864856824415,11105.850000000002,100.0,6.0,0.0,1,0
P3514,954.2587685278996,4.5,60.0,2467.966666666667,872.0864856824415,11105.850000000002,216.6666666666667,3.0,0.0,1,0
P3515,954.2587685278996,4.5,60.0,2467.966666666667,872.0864856824415,11105.850000000002,216.6666666666667,4.5,0.0,1,0
P3516,954.2587685278996,4.5,60.0,2467.966666666667,872.0864856824415,11105.850000000002,216.6666666666667,6.0,0.0,1,0
P3517,954.2587685278996,4.5,60.0,2467.966666666667,872.0864856824415,11105.850000000002,333.3333333333334,3.0,0.0,1,0
P3518,954.2587685278996,4.5,60.0,2467.966666666667,872.0864856824415,11105.850000000002,333.3333333333334,4.5,0.0,1,0
P3519,954.2587685278996,4.5,60.0,2467.966666666667,872.0864856824415,11105.850000000002,333.3333333333334,6.0,0.0,1,0
P3520,954.2587685278996,4.5,60.0,2467.966666666667,872.0864856824415,11105.850000000002,450.0,3.0,0.0,1,0
P3521,954.2587685278996,4.5,60.0,2467.966666666667,872.0864856824415,11105.850000000002,450.0,4.5,0.0,1,0
P3522,954.2587685278996,4.5,60.0,2467.966666666667,872.0864856824415,11105.850000000002,450.0,6.0,0.0,1,0
P3523,954.2587685278996,4.5,60.0,4784.633333333333,872.0864856824415,21530.85,100.0,3.0,0.0,1,0
P3524,954.2587685278996,4.5,60.0,4784.633333333333,872.0864856824415,21530.85,100.0,4.5,0.0,1,0
P3525,954.2587685278996,4.5,60.0,4784.633333333333,872.0864856824415,21530.85,100.0,6.0,0.0,1,0
P3526,954.2587685278996,4.5,60.0,4784.633333333333,872.0864856824415,21530.85,216.6666666666667,3.0,0.0,1,0
P3527,954.2587685278996,4.5,60.0,4784.633333333333,872.0864856824415,21530.85,216.6666666666667,4.5,0.0,1,0
P3528,954.2587685278996,4.5,60.0,4784.633333333333,872.0864856824415,21530.85,216.6666666666667,6.0,0.0,1,0
P3529,954.2587685278996,4.5,60.0,4784.633333333333,872.0864856824415,21530.85,333.3333333333334,3.0,0.0,1,0
P3530,954.2587685278996,4.5,60.0,4784.633333333333,872.0864856824415,21530.85,333.3333333333334,4.5,0.0,1,0
P3531,954.2587685278996,4.5,60.0,4784.633333333333,872.0864856824415,21530.85,333.3333333333334,6.0,0.0,1,0
P3532,954.2587685278996,4.5,60.0,4784.633333333333,872.0864856824415,21530.85,450.0,3.0,0.0,1,0
P3533,954.2587685278996,4.5,60.0,4784.633333333333,872.0864856824415,21530.85,450.0,4.5,0.0,1,0
P3534,954.2587685278996,4.5,60.0,4784.633333333333,872.0864856824415,21530.85,450.0,6.0,0.0,1,0
P3535,954.2587685278996,4.5,60.0,7101.3,872.0864856824415,31955.850000000002,100.0,3.0,0.0,1,0
P3536,954.2587685278996,4.5,60.0,7101.3,872.0864856824415,31955.850000000002,100.0,4.5,0.0,1,0
P3537,954.2587685278996,4.5,60.0,7101.3,872.0864856824415,31955.850000000002,100.0,6.0,0.0,1,0
P3538,954.2587685278996,4.5,60.0,7101.3,872.0864856824415,31955.850000000002,216.6666666666667,3.0,0.0,1,0
P3539,954.2587685278996,4.5,60.0,7101.3,872.0864856824415,31955.850000000002,216.6666666666667,4.5,0.0,1,0
P3540,954.2587685278996,4.5,60.0,7101.3,872.0864856824415,31955.850000000002,216.6666666666667,6.0,0.0,1,0
P3541,954.2587685278996,4.5,60.0,7101.3,872.0864856824415,31955.850000000002,333.3333333333334,3.0,0.0,1,0
P3542,954.2587685278996,4.5,60.0,7101.3,872.0864856824415,31955.850000000002,333.3333333333334,4.5,0.0,1,0
P3543,954.2587685278996,4.5,60.0,7101.3,872.0864856824415,31955.850000000002,333.3333333333334,6.0,0.0,1,0
P3544,954.2587685278996,4.5,60.0,7101.3,872.0864856824415,31955.850000000002,450.0,3.0,0.0,1,0
P3545,954.2587685278996,4.5,60.0,7101.3,872.0864856824415,31955.850000000002,450.0,4.5,0.0,1,0
P3546,954.2587685278996,4.5,60.0,7101.3,872.0864856824415,31955.850000000002,450.0,6.0,0.0,1,0
P3559,306.79615757712827,6.25,10.0,2467.966666666667,242.36896448593131,15424.79166666667,100.0,3.0,0.0,1,0
P3560,306.79615757712827,6.25,10.0,2467.966666666667,242.36896448593131,15424.79166666667,100.0,4.5,0.0,1,0
P3561,306.79615757712827,6.25,10.0,2467.966666666667,242.36896448593131,15424.79166666667,100.0,6.0,0.0,1,0
P3562,306.79615757712827,6.25,10.0,2467.966666666667,242.36896448593131,15424.79166666667,216.6666666666667,3.0,0.0,1,0
P3563,306.79615757712827,6.25,10.0,2467.966666666667,242.36896448593131,15424.79166666667,216.6666666666667,4.5,0.0,1,0
P3564,306.79615757712827,6.25,10.0,2467.966666666667,242.36896448593131,15424.79166666667,216.6666666666667,6.0,0.0,1,0
P3565,306.79615757712827,6.25,10.0,2467.966666666667,242.36896448593131,15424.79166666667,333.3333333333334,3.0,0.0,1,0
P3566,306.79615757712827,6.25,10.0,2467.966666666667,242.36896448593131,15424.79166666667,333.3333333333334,4.5,0.0,1,0
P3567,306.79615757712827,6.25,10.0,2467.966666666667,242.36896448593131,15424.79166666667,333.3333333333334,6.0,0.0,1,0
P3568,306.79615757712827,6.25,10.0,2467.966666666667,242.36896448593131,15424.79166666667,450.0,3.0,0.0,1,0
P3569,306.79615757712827,6.25,10.0,2467.966666666667,242.36896448593131,15424.79166666667,450.0,4.5,0.0,1,0
P3570,306.79615757712827,6.25,10.0,2467.966666666667,242.36896448593131,15424.79166666667,450.0,6.0,0.0,1,0
P3571,306.79615757712827,6.25,10.0,4784.633333333333,242.36896448593131,29903.958333333332,100.0,3.0,0.0,1,0
P3572,306.79615757712827,6.25,10.0,4784.633333333333,242.36896448593131,29903.958333333332,100.0,4.5,0.0,1,0
P3573,306.79615757712827,6.25,10.0,4784.633333333333,242.36896448593131,29903.958333333332,100.0,6.0,0.0,1,0
P3574,306.79615757712827,6.25,10.0,4784.633333333333,242.36896448593131,29903.958333333332,216.6666666666667,3.0,0.0,1,0
P3575,306.79615757712827,6.25,10.0,4784.633333333333,242.36896448593131,29903.958333333332,216.6666666666667,4.5,0.0,1,0
P3576,306.79615757712827,6.25,10.0,4784.633333333333,242.36896448593131,29903.958333333332,216.6666666666667,6.0,0.0,1,0
P3577,306.79615757712827,6.25,10.0,4784.633333333333,242.36896448593131,29903.958333333332,333.3333333333334,3.0,0.0,1,0
P3578,306.79615757712827,6.25,10.0,4784.633333333333,242.36896448593131,29903.958333333332,333.3333333333334,4.5,0.0,1,0
P3579,306.79615757712827,6.25,10.0,4784.633333333333,242.36896448593131,29903.958333333332,333.3333333333334,6.0,0.0,1,0
P3580,306.79615757712827,6.25,10.0,4784.633333333333,242.36896448593131,29903.958333333332,450.0,3.0,0.0,1,0
P3581,306.79615757712827,6.25,10.0,4784.633333333333,242.36896448593131,29903.958333333332,450.0,4.5,0.0,1,0
P3582,306.79615757712827,6.25,10.0,4784.633333333333,242.36896448593131,29903.958333333332,450.0,6.0,0.0,1,0
P3583,306.79615757712827,6.25,10.0,7101.3,242.36896448593131,44383.125,100.0,3.0,0.0,1,0
P3584,306.79615757712827,6.25,10.0,7101.3,242.36896448593131,44383.125,100.0,4.5,0.0,1,0
P3585,306.79615757712827,6.25,10.0,7101.3,242.36896448593131,44383.125,100.0,6.0,0.0,1,0
P3586,306.79615757712827,6.25,10.0,7101.3,242.36896448593131,44383.125,216.6666666666667,3.0,0.0,1,0
P3587,306.79615757712827,6.25,10.0,7101.3,242.36896448593131,44383.125,216.6666666666667,4.5,0.0,1,0
P3588,306.79615757712827,6.25,10.0,7101.3,242.36896448593131,44383.125,216.6666666666667,6.0,0.0,1,0
P3589,306.79615757712827,6.25,10.0,7101.3,242.36896448593131,44383.125,333.3333333333334,3.0,0.0,1,0
P3590,306.79615757712827,6.25,10.0,7101.3,242.36896448593131,44383.125,333.3333333333334,4.5,0.0,1,0
P3591,306.79615757712827,6.25,10.0,7101.3,242.36896448593131,44383.125,333.3333333333334,6.0,0.0,1,0
P3592,306.79615757712827,6.25,10.0,7101.3,242.36896448593131,44383.125,450.0,3.0,0.0,1,0
P3593,306.79615757712827,6.25,10.0,7101.3,242.36896448593131,44383.125,450.0,4.5,0.0,1,0
P3594,306.79615757712827,6.25,10.0,7101.3,242.36896448593131,44383.125,450.0,6.0,0.0,1,0
P3607,818.1230868723421,6.25,26.66666666666667,2467.966666666667,569.6181992348683,15424.79166666667,100.0,3.0,0.0,1,0
P3608,818.1230868723421,6.25,26.66666666666667,2467.966666666667,569.6181992348683,15424.79166666667,100.0,4.5,0.0,1,0
P3609,818.1230868723421,6.25,26.66666666666667,2467.966666666667,569.6181992348683,15424.79166666667,100.0,6.0,0.0,1,0
P3610,818.1230868723421,6.25,26.66666666666667,2467.966666666667,569.6181992348683,15424.79166666667,216.6666666666667,3.0,0.0,1,0
P3611,818.1230868723421,6.25,26.66666666666667,2467.966666666667,569.6181992348683,15424.79166666667,216.6666666666667,4.5,0.0,1,0
P3612,818.1230868723421,6.25,26.66666666666667,2467.966666666667,569.6181992348683,15424.79166666667,216.6666666666667,6.0,0.0,1,0
P3613,818.1230868723421,6.25,26.66666666666667,2467.966666666667,569.6181992348683,15424.79166666667,333.3333333333334,3.0,0.0,1,0
P3614,818.1230868723421,6.25,26.66666666666667,2467.966666666667,569.6181992348683,15424.79166666667,333.3333333333334,4.5,0.0,1,0
P3615,818.1230868723421,6.25,26.66666666666667,2467.966666666667,569.6181992348683,15424.79166666667,333.3333333333334,6.0,0.0,1,0
P3616,818.1230868723421,6.25,26.66666666666667,2467.966666666667,569.6181992348683,15424.79166666667,450.0,3.0,0.0,1,0
P3617,818.1230868723421,6.25,26.66666666666667,2467.966666666667,569.6181992348683,15424.79166666667,450.0,4.5,0.0,1,0
P3618,818.1230868723421,6.25,26.66666666666667,2467.966666666667,569.6181992348683,15424.79166666667,450.0,6.0,0.0,1,0
P3619,818.1230868723421,6.25,26.66666666666667,4784.633333333333,569.6181992348683,29903.958333333332,100.0,3.0,0.0,1,0
P3620,818.1230868723421,6.25,26.66666666666667,4784.633333333333,569.6181992348683,29903.958333333332,100.0,4.5,0.0,1,0
P3621,818.1230868723421,6.25,26.66666666666667,4784.633333333333,569.6181992348683,29903.958333333332,100.0,6.0,0.0,1,0
P3622,818.1230868723421,6.25,26.66666666666667,4784.633333333333,569.6181992348683,29903.958333333332,216.6666666666667,3.0,0.0,1,0
P3623,818.1230868723421,6.25,26.66666666666667,4784.633333333333,569.6181992348683,29903.958333333332,216.6666666666667,4.5,0.0,1,0
P3624,818.1230868723421,6.25,26.66666666666667,4784.633333333333,569.6181992348683,29903.958333333332,216.6666666666667,6.0,0.0,1,0
P3625,818.1230868723421,6.25,26.66666666666667,4784.633333333333,569.6181992348683,29903.958333333332,333.3333333333334,3.0,0.0,1,0
P3626,818.1230868723421,6.25,26.66666666666667,4784.633333333333,569.6181992348683,29903.958333333332,333.3333333333334,4.5,0.0,1,0
P3627,818.1230868723421,6.25,26.66666666666667,4784.633333333333,569.6181992348683,29903.958333333332,333.3333333333334,6.0,0.0,1,0
P3628,818.1230868723421,6.25,26.66666666666667,4784.633333333333,569.6181992348683,29903.958333333332,450.0,3.0,0.0,1,0
P3629,818.1230868723421,6.25,26.66666666666667,4784.633333333333,569.6181992348683,29903.958333333332,450.0,4.5,0.0,1,0
P3630,818.1230868723421,6.25,26.66666666666667,4784.633333333333,569.6181992348683,29903.958333333332,450.0,6.0,0.0,1,0
P3631,818.1230868723421,6.25,26.66666666666667,7101.3,569.6181992348683,44383.125,100.0,3.0,0.0,1,0
P3632,818.1230868723421,6.25,26.66666666666667,7101.3,569.6181992348683,44383.125,100.0,4.5,0.0,1,0
P3633,818.1230868723421,6.25,26.66666666666667,7101.3,569.6181992348683,44383.125,100.0,6.0,0.0,1,0
P3634,818.1230868723421,6.25,26.66666666666667,7101.3,569.6181992348683,44383.125,216.6666666666667,3.0,0.0,1,0
P3635,818.1230868723421,6.25,26.66666666666667,7101.3,569.6181992348683,44383.125,216.6666666666667,4.5,0.0,1,0
P3636,818.1230868723421,6.25,26.66666666666667,7101.3,569.6181992348683,44383.125,216.6666666666667,6.0,0.0,1,0
P3637,818.1230868723421,6.25,26.66666666666667,7101.3,569.6181992348683,44383.125,333.3333333333334,3.0,0.0,1,0
P3638,818.1230868723421,6.25,26.66666666666667,7101.3,569.6181992348683,44383.125,333.3333333333334,4.5,0.0,1,0
P3639,818.1230868723421,6.25,26.66666666666667,7101.3,569.6181992348683,44383.125,333.3333333333334,6.0,0.0,1,0
P3640,818.1230868723421,6.25,26.66666666666667,7101.3,569.6181992348683,44383.125,450.0,3.0,0.0,1,0
P3641,818.1230868723421,6.25,26.66666666666667,7101.3,569.6181992348683,44383.125,450.0,4.5,0.0,1,0
P3642,818.1230868723421,6.25,26.66666666666667,7101.3,569.6181992348683,44383.125,450.0,6.0,0.0,1,0
P3655,1329.450016167556,6.25,43.33333333333334,2467.966666666667,896.8674339838052,15424.79166666667,100.0,3.0,0.0,1,0
P3656,1329.450016167556,6.25,43.33333333333334,2467.966666666667,896.8674339838052,15424.79166666667,100.0,4.5,0.0,1,0
P3657,1329.450016167556,6.25,43.33333333333334,2467.966666666667,896.8674339838052,15424.79166666667,100.0,6.0,0.0,1,0
P3658,1329.450016167556,6.25,43.33333333333334,2467.966666666667,896.8674339838052,15424.79166666667,216.6666666666667,3.0,0.0,1,0
P3659,1329.450016167556,6.25,43.33333333333334,2467.966666666667,896.8674339838052,15424.79166666667,216.6666666666667,4.5,0.0,1,0
P3660,1329.450016167556,6.25,43.33333333333334,2467.966666666667,896.8674339838052,15424.79166666667,216.6666666666667,6.0,0.0,1,0
P3661,1329.450016167556,6.25,43.33333333333334,2467.966666666667,896.8674339838052,15424.79166666667,333.3333333333334,3.0,0.0,1,0
P3662,1329.450016167556,6.25,43.33333333333334,2467.966666666667,896.8674339838052,15424.79166666667,333.3333333333334,4.5,0.0,1,0
P3663,1329.450016167556,6.25,43.33333333333334,2467.966666666667,896.8674339838052,15424.79166666667,333.3333333333334,6.0,0.0,1,0
P3664,1329.450016167556,6.25,43.33333333333334,2467.966666666667,896.8674339838052,15424.79166666667,450.0,3.0,0.0,1,0
P3665,1329.450016167556,6.25,43.33333333333334,2467.966666666667,896.8674339838052,15424.79166666667,450.0,4.5,0.0,1,0
P3666,1329.450016167556,6.25,43.33333333333334,2467.966666666667,896.8674339838052,15424.79166666667,450.0,6.0,0.0,1,0
P3667,1329.450016167556,6.25,43.33333333333334,4784.633333333333,896.8674339838052,29903.958333333332,100.0,3.0,0.0,1,0
P3668,1329.450016167556,6.25,43.33333333333334,4784.633333333333,896.8674339838052,29903.958333333332,100.0,4.5,0.0,1,0
P3669,1329.450016167556,6.25,43.33333333333334,4784.633333333333,896.8674339838052,29903.958333333332,100.0,6.0,0.0,1,0
P3670,1329.450016167556,6.25,43.33333333333334,4784.633333333333,896.8674339838052,29903.958333333332,216.6666666666667,3.0,0.0,1,0
P3671,1329.450016167556,6.25,43.33333333333334,4784.633333333333,896.8674339838052,29903.958333333332,216.6666666666667,4.5,0.0,1,0
P3672,1329.450016167556,6.25,43.33333333333334,4784.633333333333,896.8674339838052,29903.958333333332,216.6666666666667,6.0,0.0,1,0
P3673,1329.450016167556,6.25,43.33333333333334,4784.633333333333,896.8674339838052,29903.958333333332,333.3333333333334,3.0,0.0,1,0
P3674,1329.450016167556,6.25,43.33333333333334,4784.633333333333,896.8674339838052,29903.958333333332,333.3333333333334,4.5,0.0,1,0
P3675,1329.450016167556,6.25,43.33333333333334,4784.633333333333,896.8674339838052,29903.958333333332,333.3333333333334,6.0,0.0,1,0
P3676,1329.450016167556,6.25,43.33333333333334,4784.633333333333,896.8674339838052,29903.958333333332,450.0,3.0,0.0,1,0
P3677,1329.450016167556,6.25,43.33333333333334,4784.633333333333,896.8674339838052,29903.958333333332,450.0,4.5,0.0,1,0
P3678,1329.450016167556,6.25,43.33333333333334,4784.633333333333,896.8674339838052,29903.958333333332,450.0,6.0,0.0,1,0
P3679,1329.450016167556,6.25,43.33333333333334,7101.3,896.8674339838052,44383.125,100.0,3.0,0.0,1,0
P3680,1329.450016167556,6.25,43.33333333333334,7101.3,896.8674339838052,44383.125,100.0,4.5,0.0,1,0
P3681,1329.450016167556,6.25,43.33333333333334,7101.3,896.8674339838052,44383.125,100.0,6.0,0.0,1,0
P3682,1329.450016167556,6.25,43.33333333333334,7101.3,896.8674339838052,44383.125,216.6666666666667,3.0,0.0,1,0
P3683,1329.450016167556,6.25,43.33333333333334,7101.3,896.8674339838052,44383.125,216.6666666666667,4.5,0.0,1,0
P3684,1329.450016167556,6.25,43.33333333333334,7101.3,896.8674339838052,44383.125,216.6666666666667,6.0,0.0,1,0
P3685,1329.450016167556,6.25,43.33333333333334,7101.3,896.8674339838052,44383.125,333.3333333333334,3.0,0.0,1,0
P3686,1329.450016167556,6.25,43.33333333333334,7101.3,896.8674339838052,44383.125,333.3333333333334,4.5,0.0,1,0
P3687,1329.450016167556,6.25,43.33333333333334,7101.3,896.8674339838052,44383.125,333.3333333333334,6.0,0.0,1,0
P3688,1329.450016167556,6.25,43.33333333333334,7101.3,896.8674339838052,44383.125,450.0,3.0,0.0,1,0
P3689,1329.450016167556,6.25,43.33333333333334,7101.3,896.8674339838052,44383.125,450.0,4.5,0.0,1,0
P3690,1329.450016167556,6.25,43.33333333333334,7101.3,896.8674339838052,44383.125,450.0,6.0,0.0,1,0
P3703,1840.7769454627696,6.25,60.0,2467.966666666667,1224.1166687327416,15424.79166666667,100.0,3.0,0.0,1,0
P3704,1840.7769454627696,6.25,60.0,2467.966666666667,1224.1166687327416,15424.79166666667,100.0,4.5,0.0,1,0
P3705,1840.7769454627696,6.25,60.0,2467.966666666667,1224.1166687327416,15424.79166666667,100.0,6.0,0.0,1,0
P3706,1840.7769454627696,6.25,60.0,2467.966666666667,1224.1166687327416,15424.79166666667,216.6666666666667,3.0,0.0,1,0
P3707,1840.7769454627696,6.25,60.0,2467.966666666667,1224.1166687327416,15424.79166666667,216.6666666666667,4.5,0.0,1,0
P3708,1840.7769454627696,6.25,60.0,2467.966666666667,1224.1166687327416,15424.79166666667,216.6666666666667,6.0,0.0,1,0
P3709,1840.7769454627696,6.25,60.0,2467.966666666667,1224.1166687327416,15424.79166666667,333.3333333333334,3.0,0.0,1,0
P3710,1840.7769454627696,6.25,60.0,2467.966666666667,1224.1166687327416,15424.79166666667,333.3333333333334,4.5,0.0,1,0
P3711,1840.7769454627696,6.25,60.0,2467.966666666667,1224.1166687327416,15424.79166666667,333.3333333333334,6.0,0.0,1,0
P3712,1840.7769454627696,6.25,60.0,2467.966666666667,1224.1166687327416,15424.79166666667,450.0,3.0,0.0,1,0
P3713,1840.7769454627696,6.25,60.0,2467.966666666667,1224.1166687327416,15424.79166666667,450.0,4.5,0.0,1,0
P3714,1840.7769454627696,6.25,60.0,2467.966666666667,1224.1166687327416,15424.79166666667,450.0,6.0,0.0,1,0
P3715,1840.7769454627696,6.25,60.0,4784.633333333333,1224.1166687327416,29903.958333333332,100.0,3.0,0.0,1,0
P3716,1840.7769454627696,6.25,60.0,4784.633333333333,1224.1166687327416,29903.958333333332,100.0,4.5,0.0,1,0
P3717,1840.7769454627696,6.25,60.0,4784.633333333333,1224.1166687327416,29903.958333333332,100.0,6.0,0.0,1,0
P3718,1840.7769454627696,6.25,60.0,4784.633333333333,1224.1166687327416,29903.958333333332,216.6666666666667,3.0,0.0,1,0
P3719,1840.7769454627696,6.25,60.0,4784.633333333333,1224.1166687327416,29903.958333333332,216.6666666666667,4.5,0.0,1,0
P3720,1840.7769454627696,6.25,60.0,4784.633333333333,1224.1166687327416,29903.958333333332,216.6666666666667,6.0,0.0,1,0
P3721,1840.7769454627696,6.25,60.0,4784.633333333333,1224.1166687327416,29903.958333333332,333.3333333333334,3.0,0.0,1,0
P3722,1840.7769454627696,6.25,60.0,4784.633333333333,1224.1166687327416,29903.958333333332,333.3333333333334,4.5,0.0,1,0
P3723,1840.7769454627696,6.25,60.0,4784.633333333333,1224.1166687327416,29903.958333333332,333.3333333333334,6.0,0.0,1,0
P3724,1840.7769454627696,6.25,60.0,4784.633333333333,1224.1166687327416,29903.958333333332,450.0,3.0,0.0,1,0
P3725,1840.7769454627696,6.25,60.0,4784.633333333333,1224.1166687327416,29903.958333333332,450.0,4.5,0.0,1,0
P3726,1840.7769454627696,6.25,60.0,4784.633333333333,1224.1166687327416,29903.958333333332,450.0,6.0,0.0,1,0
P3727,1840.7769454627696,6.25,60.0,7101.3,1224.1166687327416,44383.125,100.0,3.0,0.0,1,0
P3728,1840.7769454627696,6.25,60.0,7101.3,1224.1166687327416,44383.125,100.0,4.5,0.0,1,0
P3729,1840.7769454627696,6.25,60.0,7101.3,1224.1166687327416,44383.125,100.0,6.0,0.0,1,0
P3730,1840.7769454627696,6.25,60.0,7101.3,1224.1166687327416,44383.125,216.6666666666667,3.0,0.0,1,0
P3731,1840.7769454627696,6.25,60.0,7101.3,1224.1166687327416,44383.125,216.6666666666667,4.5,0.0,1,0
P3732,1840.7769454627696,6.25,60.0,7101.3,1224.1166687327416,44383.125,216.6666666666667,6.0,0.0,1,0
P3733,1840.7769454627696,6.25,60.0,7101.3,1224.1166687327416,44383.125,333.3333333333334,3.0,0.0,1,0
P3734,1840.7769454627696,6.25,60.0,7101.3,1224.1166687327416,44383.125,333.3333333333334,4.5,0.0,1,0
P3735,1840.7769454627696,6.25,60.0,7101.3,1224.1166687327416,44383.125,333.3333333333334,6.0,0.0,1,0
P3736,1840.7769454627696,6.25,60.0,7101.3,1224.1166687327416,44383.125,450.0,3.0,0.0,1,0
P3737,1840.7769454627696,6.25,60.0,7101.3,1224.1166687327416,44383.125,450.0,4.5,0.0,1,0
P3738,1840.7769454627696,6.25,60.0,7101.3,1224.1166687327416,44383.125,450.0,6.0,0.0,1,0
P3751,502.6548245743669,8.0,10.0,2467.966666666667,326.7256359733385,19743.733333333337,100.0,3.0,0.0,1,0
P3752,502.6548245743669,8.0,10.0,2467.966666666667,326.7256359733385,19743.733333333337,100.0,4.5,0.0,1,0
P3753,502.6548245743669,8.0,10.0,2467.966666666667,326.7256359733385,19743.733333333337,100.0,6.0,0.0,1,0
P3754,502.6548245743669,8.0,10.0,2467.966666666667,326.7256359733385,19743.733333333337,216.6666666666667,3.0,0.0,1,0
P3755,502.6548245743669,8.0,10.0,2467.966666666667,326.7256359733385,19743.733333333337,216.6666666666667,4.5,0.0,1,0
P3756,502.6548245743669,8.0,10.0,2467.966666666667,326.7256359733385,19743.733333333337,216.6666666666667,6.0,0.0,1,0
P3757,502.6548245743669,8.0,10.0,2467.966666666667,326.7256359733385,19743.733333333337,333.3333333333334,3.0,0.0,1,0
P3758,502.6548245743669,8.0,10.0,2467.966666666667,326.7256359733385,19743.733333333337,333.3333333333334,4.5,0.0,1,0
P3759,502.6548245743669,8.0,10.0,2467.966666666667,326.7256359733385,19743.733333333337,333.3333333333334,6.0,0.0,1,0
P3760,502.6548245743669,8.0,10.0,2467.966666666667,326.7256359733385,19743.733333333337,450.0,3.0,0.0,1,0
P3761,502.6548245743669,8.0,10.0,2467.966666666667,326.7256359733385,19743.733333333337,450.0,4.5,0.0,1,0
P3762,502.6548245743669,8.0,10.0,2467.966666666667,326.7256359733385,19743.733333333337,450.0,6.0,0.0,1,0
P3763,502.6548245743669,8.0,10.0,4784.633333333333,326.7256359733385,38277.066666666666,100.0,3.0,0.0,1,0
P3764,502.6548245743669,8.0,10.0,4784.633333333333,326.7256359733385,38277.066666666666,100.0,4.5,0.0,1,0
P3765,502.6548245743669,8.0,10.0,4784.633333333333,326.7256359733385,38277.066666666666,100.0,6.0,0.0,1,0
P3766,502.6548245743669,8.0,10.0,4784.633333333333,326.7256359733385,38277.066666666666,216.6666666666667,3.0,0.0,1,0
P3767,502.6548245743669,8.0,10.0,4784.633333333333,326.7256359733385,38277.066666666666,216.6666666666667,4.5,0.0,1,0
P3768,502.6548245743669,8.0,10.0,4784.633333333333,326.7256359733385,38277.066666666666,216.6666666666667,6.0,0.0,1,0
P3769,502.6548245743669,8.0,10.0,4784.633333333333,326.7256359733385,38277.066666666666,333.3333333333334,3.0,0.0,1,0
P3770,502.6548245743669,8.0,10.0,4784.633333333333,326.7256359733385,38277.066666666666,333.3333333333334,4.5,0.0,1,0
P3771,502.6548245743669,8.0,10.0,4784.633333333333,326.7256359733385,38277.066666666666,333.3333333333334,6.0,0.0,1,0
P3772,502.6548245743669,8.0,10.0,4784.633333333333,326.7256359733385,38277.066666666666,450.0,3.0,0.0,1,0
P3773,502.6548245743669,8.0,10.0,4784.633333333333,326.7256359733385,38277.066666666666,450.0,4.5,0.0,1,0
P3774,502.6548245743669,8.0,10.0,4784.633333333333,326.7256359733385,38277.066666666666,450.0,6.0,0.0,1,0
P3775,502.6548245743669,8.0,10.0,7101.3,326.7256359733385,56810.4,100.0,3.0,0.0,1,0
P3776,502.6548245743669,8.0,10.0,7101.3,326.7256359733385,56810.4,100.0,4.5,0.0,1,0
P3777,502.6548245743669,8.0,10.0,7101.3,326.7256359733385,56810.4,100.0,6.0,0.0,1,0
P3778,502.6548245743669,8.0,10.0,7101.3,326.7256359733385,56810.4,216.6666666666667,3.0,0.0,1,0
P3779,502.6548245743669,8.0,10.0,7101.3,326.7256359733385,56810.4,216.6666666666667,4.5,0.0,1,0
P3780,502.6548245743669,8.0,10.0,7101.3,326.7256359733385,56810.4,216.6666666666667,6.0,0.0,1,0
P3781,502.6548245743669,8.0,10.0,7101.3,326.7256359733385,56810.4,333.3333333333334,3.0,0.0,1,0
P3782,502.6548245743669,8.0,10.0,7101.3,326.7256359733385,56810.4,333.3333333333334,4.5,0.0,1,0
P3783,502.6548245743669,8.0,10.0,7101.3,326.7256359733385,56810.4,333.3333333333334,6.0,0.0,1,0
P3799,1340.4128655316454,8.0,26.66666666666667,2467.966666666667,745.6046564519777,19743.733333333337,100.0,3.0,0.0,1,0
P3800,1340.4128655316454,8.0,26.66666666666667,2467.966666666667,745.6046564519777,19743.733333333337,100.0,4.5,0.0,1,0
P3801,1340.4128655316454,8.0,26.66666666666667,2467.966666666667,745.6046564519777,19743.733333333337,100.0,6.0,0.0,1,0
P3802,1340.4128655316454,8.0,26.66666666666667,2467.966666666667,745.6046564519777,19743.733333333337,216.6666666666667,3.0,0.0,1,0
P3803,1340.4128655316454,8.0,26.66666666666667,2467.966666666667,745.6046564519777,19743.733333333337,216.6666666666667,4.5,0.0,1,0
P3804,1340.4128655316454,8.0,26.66666666666667,2467.966666666667,745.6046564519777,19743.733333333337,216.6666666666667,6.0,0.0,1,0
P3805,1340.4128655316454,8.0,26.66666666666667,2467.966666666667,745.6046564519777,19743.733333333337,333.3333333333334,3.0,0.0,1,0
P3806,1340.4128655316454,8.0,26.66666666666667,2467.966666666667,745.6046564519777,19743.733333333337,333.3333333333334,4.5,0.0,1,0
P3807,1340.4128655316454,8.0,26.66666666666667,2467.966666666667,745.6046564519777,19743.733333333337,333.3333333333334,6.0,0.0,1,0
P3808,1340.4128655316454,8.0,26.66666666666667,2467.966666666667,745.6046564519777,19743.733333333337,450.0,3.0,0.0,1,0
P3809,1340.4128655316454,8.0,26.66666666666667,2467.966666666667,745.6046564519777,19743.733333333337,450.0,4.5,0.0,1,0
P3810,1340.4128655316454,8.0,26.66666666666667,2467.966666666667,745.6046564519777,19743.733333333337,450.0,6.0,0.0,1,0
P3811,1340.4128655316454,8.0,26.66666666666667,4784.633333333333,745.6046564519777,38277.066666666666,100.0,3.0,0.0,1,0
P3812,1340.4128655316454,8.0,26.66666666666667,4784.633333333333,745.6046564519777,38277.066666666666,100.0,4.5,0.0,1,0
P3813,1340.4128655316454,8.0,26.66666666666667,4784.633333333333,745.6046564519777,38277.066666666666,100.0,6.0,0.0,1,0
P3814,1340.4128655316454,8.0,26.66666666666667,4784.633333333333,745.6046564519777,38277.066666666666,216.6666666666667,3.0,0.0,1,0
P3815,1340.4128655316454,8.0,26.66666666666667,4784.633333333333,745.6046564519777,38277.066666666666,216.6666666666667,4.5,0.0,1,0
P3816,1340.4128655316454,8.0,26.66666666666667,4784.633333333333,745.6046564519777,38277.066666666666,216.6666666666667,6.0,0.0,1,0
P3817,1340.4128655316454,8.0,26.66666666666667,4784.633333333333,745.6046564519777,38277.066666666666,333.3333333333334,3.0,0.0,1,0
P3818,1340.4128655316454,8.0,26.66666666666667,4784.633333333333,745.6046564519777,38277.066666666666,333.3333333333334,4.5,0.0,1,0
P3819,1340.4128655316454,8.0,26.66666666666667,4784.633333333333,745.6046564519777,38277.066666666666,333.3333333333334,6.0,0.0,1,0
P3820,1340.4128655316454,8.0,26.66666666666667,4784.633333333333,745.6046564519777,38277.066666666666,450.0,3.0,0.0,1,0
P3821,1340.4128655316454,8.0,26.66666666666667,4784.633333333333,745.6046564519777,38277.066666666666,450.0,4.5,0.0,1,0
P3822,1340.4128655316454,8.0,26.66666666666667,4784.633333333333,745.6046564519777,38277.066666666666,450.0,6.0,0.0,1,0
P3823,1340.4128655316454,8.0,26.66666666666667,7101.3,745.6046564519777,56810.4,100.0,3.0,0.0,1,0
P3824,1340.4128655316454,8.0,26.66666666666667,7101.3,745.6046564519777,56810.4,100.0,4.5,0.0,1,0
P3825,1340.4128655316454,8.0,26.66666666666667,7101.3,745.6046564519777,56810.4,100.0,6.0,0.0,1,0
P3826,1340.4128655316454,8.0,26.66666666666667,7101.3,745.6046564519777,56810.4,216.6666666666667,3.0,0.0,1,0
P3827,1340.4128655316454,8.0,26.66666666666667,7101.3,745.6046564519777,56810.4,216.6666666666667,4.5,0.0,1,0
P3828,1340.4128655316454,8.0,26.66666666666667,7101.3,745.6046564519777,56810.4,216.6666666666667,6.0,0.0,1,0
P3829,1340.4128655316454,8.0,26.66666666666667,7101.3,745.6046564519777,56810.4,333.3333333333334,3.0,0.0,1,0
P3830,1340.4128655316454,8.0,26.66666666666667,7101.3,745.6046564519777,56810.4,333.3333333333334,4.5,0.0,1,0
P3831,1340.4128655316454,8.0,26.66666666666667,7101.3,745.6046564519777,56810.4,333.3333333333334,6.0,0.0,1,0
P3847,2178.1709064889237,8.0,43.33333333333334,2467.966666666667,1164.4836769306169,19743.733333333337,100.0,3.0,0.0,1,0
P3848,2178.1709064889237,8.0,43.33333333333334,2467.966666666667,1164.4836769306169,19743.733333333337,100.0,4.5,0.0,1,0
P3849,2178.1709064889237,8.0,43.33333333333334,2467.966666666667,1164.4836769306169,19743.733333333337,100.0,6.0,0.0,1,0
P3850,2178.1709064889237,8.0,43.33333333333334,2467.966666666667,1164.4836769306169,19743.733333333337,216.6666666666667,3.0,0.0,1,0
P3851,2178.1709064889237,8.0,43.33333333333334,2467.966666666667,1164.4836769306169,19743.733333333337,216.6666666666667,4.5,0.0,1,0
P3852,2178.1709064889237,8.0,43.33333333333334,2467.966666666667,1164.4836769306169,19743.733333333337,216.6666666666667,6.0,0.0,1,0
P3853,2178.1709064889237,8.0,43.33333333333334,2467.966666666667,1164.4836769306169,19743.733333333337,333.3333333333334,3.0,0.0,1,0
P3854,2178.1709064889237,8.0,43.33333333333334,2467.966666666667,1164.4836769306169,19743.733333333337,333.3333333333334,4.5,0.0,1,0
P3855,2178.1709064889237,8.0,43.33333333333334,2467.966666666667,1164.4836769306169,19743.733333333337,333.3333333333334,6.0,0.0,1,0
P3856,2178.1709064889237,8.0,43.33333333333334,2467.966666666667,1164.4836769306169,19743.733333333337,450.0,3.0,0.0,1,0
P3857,2178.1709064889237,8.0,43.33333333333334,2467.966666666667,1164.4836769306169,19743.733333333337,450.0,4.5,0.0,1,0
P3858,2178.1709064889237,8.0,43.33333333333334,2467.966666666667,1164.4836769306169,19743.733333333337,450.0,6.0,0.0,1,0
P3859,2178.1709064889237,8.0,43.33333333333334,4784.633333333333,1164.4836769306169,38277.066666666666,100.0,3.0,0.0,1,0
P3860,2178.1709064889237,8.0,43.33333333333334,4784.633333333333,1164.4836769306169,38277.066666666666,100.0,4.5,0.0,1,0
P3861,2178.1709064889237,8.0,43.33333333333334,4784.633333333333,1164.4836769306169,38277.066666666666,100.0,6.0,0.0,1,0
P3862,2178.1709064889237,8.0,43.33333333333334,4784.633333333333,1164.4836769306169,38277.066666666666,216.6666666666667,3.0,0.0,1,0
P3863,2178.1709064889237,8.0,43.33333333333334,4784.633333333333,1164.4836769306169,38277.066666666666,216.6666666666667,4.5,0.0,1,0
P3864,2178.1709064889237,8.0,43.33333333333334,4784.633333333333,1164.4836769306169,38277.066666666666,216.6666666666667,6.0,0.0,1,0
P3865,2178.1709064889237,8.0,43.33333333333334,4784.633333333333,1164.4836769306169,38277.066666666666,333.3333333333334,3.0,0.0,1,0
P3866,2178.1709064889237,8.0,43.33333333333334,4784.633333333333,1164.4836769306169,38277.066666666666,333.3333333333334,4.5,0.0,1,0
P3867,2178.1709064889237,8.0,43.33333333333334,4784.633333333333,1164.4836769306169,38277.066666666666,333.3333333333334,6.0,0.0,1,0
P3868,2178.1709064889237,8.0,43.33333333333334,4784.633333333333,1164.4836769306169,38277.066666666666,450.0,3.0,0.0,1,0
P3869,2178.1709064889237,8.0,43.33333333333334,4784.633333333333,1164.4836769306169,38277.066666666666,450.0,4.5,0.0,1,0
P3870,2178.1709064889237,8.0,43.33333333333334,4784.633333333333,1164.4836769306169,38277.066666666666,450.0,6.0,0.0,1,0
P3871,2178.1709064889237,8.0,43.33333333333334,7101.3,1164.4836769306169,56810.4,100.0,3.0,0.0,1,0
P3872,2178.1709064889237,8.0,43.33333333333334,7101.3,1164.4836769306169,56810.4,100.0,4.5,0.0,1,0
P3873,2178.1709064889237,8.0,43.33333333333334,7101.3,1164.4836769306169,56810.4,100.0,6.0,0.0,1,0
P3874,2178.1709064889237,8.0,43.33333333333334,7101.3,1164.4836769306169,56810.4,216.6666666666667,3.0,0.0,1,0
P3875,2178.1709064889237,8.0,43.33333333333334,7101.3,1164.4836769306169,56810.4,216.6666666666667,4.5,0.0,1,0
P3876,2178.1709064889237,8.0,43.33333333333334,7101.3,1164.4836769306169,56810.4,216.6666666666667,6.0,0.0,1,0
P3877,2178.1709064889237,8.0,43.33333333333334,7101.3,1164.4836769306169,56810.4,333.3333333333334,3.0,0.0,1,0
P3878,2178.1709064889237,8.0,43.33333333333334,7101.3,1164.4836769306169,56810.4,333.3333333333334,4.5,0.0,1,0
P3879,2178.1709064889237,8.0,43.33333333333334,7101.3,1164.4836769306169,56810.4,333.3333333333334,6.0,0.0,1,0
P3895,3015.928947446201,8.0,60.0,2467.966666666667,1583.3626974092556,19743.733333333337,100.0,3.0,0.0,1,0
P3896,3015.928947446201,8.0,60.0,2467.966666666667,1583.3626974092556,19743.733333333337,100.0,4.5,0.0,1,0
P3897,3015.928947446201,8.0,60.0,2467.966666666667,1583.3626974092556,19743.733333333337,100.0,6.0,0.0,1,0
P3898,3015.928947446201,8.0,60.0,2467.966666666667,1583.3626974092556,19743.733333333337,216.6666666666667,3.0,0.0,1,0
P3899,3015.928947446201,8.0,60.0,2467.966666666667,1583.3626974092556,19743.733333333337,216.6666666666667,4.5,0.0,1,0
P3900,3015.928947446201,8.0,60.0,2467.966666666667,1583.3626974092556,19743.733333333337,216.6666666666667,6.0,0.0,1,0
P3901,3015.928947446201,8.0,60.0,2467.966666666667,1583.3626974092556,19743.733333333337,333.3333333333334,3.0,0.0,1,0
P3902,3015.928947446201,8.0,60.0,2467.966666666667,1583.3626974092556,19743.733333333337,333.3333333333334,4.5,0.0,1,0
P3903,3015.928947446201,8.0,60.0,2467.966666666667,1583.3626974092556,19743.733333333337,333.3333333333334,6.0,0.0,1,0
P3904,3015.928947446201,8.0,60.0,2467.966666666667,1583.3626974092556,19743.733333333337,450.0,3.0,0.0,1,0
P3905,3015.928947446201,8.0,60.0,2467.966666666667,1583.3626974092556,19743.733333333337,450.0,4.5,0.0,1,0
P3906,3015.928947446201,8.0,60.0,2467.966666666667,1583.3626974092556,19743.733333333337,450.0,6.0,0.0,1,0
P3907,3015.928947446201,8.0,60.0,4784.633333333333,1583.3626974092556,38277.066666666666,100.0,3.0,0.0,1,0
P3908,3015.928947446201,8.0,60.0,4784.633333333333,1583.3626974092556,38277.066666666666,100.0,4.5,0.0,1,0
P3909,3015.928947446201,8.0,60.0,4784.633333333333,1583.3626974092556,38277.066666666666,100.0,6.0,0.0,1,0
P3910,3015.928947446201,8.0,60.0,4784.633333333333,1583.3626974092556,38277.066666666666,216.6666666666667,3.0,0.0,1,0
P3911,3015.928947446201,8.0,60.0,4784.633333333333,1583.3626974092556,38277.066666666666,216.6666666666667,4.5,0.0,1,0
P3912,3015.928947446201,8.0,60.0,4784.633333333333,1583.3626974092556,38277.066666666666,216.6666666666667,6.0,0.0,1,0
P3913,3015.928947446201,8.0,60.0,4784.633333333333,1583.3626974092556,38277.066666666666,333.3333333333334,3.0,0.0,1,0
P3914,3015.928947446201,8.0,60.0,4784.633333333333,1583.3626974092556,38277.066666666666,333.3333333333334,4.5,0.0,1,0
P3915,3015.928947446201,8.0,60.0,4784.633333333333,1583.3626974092556,38277.066666666666,333.3333333333334,6.0,0.0,1,0
P3916,3015.928947446201,8.0,60.0,4784.633333333333,1583.3626974092556,38277.066666666666,450.0,3.0,0.0,1,0
P3917,3015.928947446201,8.0,60.0,4784.633333333333,1583.3626974092556,38277.066666666666,450.0,4.5,0.0,1,0
P3918,3015.928947446201,8.0,60.0,4784.633333333333,1583.3626974092556,38277.066666666666,450.0,6.0,0.0,1,0
P3919,3015.928947446201,8.0,60.0,7101.3,1583.3626974092556,56810.4,100.0,3.0,0.0,1,0
P3920,3015.928947446201,8.0,60.0,7101.3,1583.3626974092556,56810.4,100.0,4.5,0.0,1,0
P3921,3015.928947446201,8.0,60.0,7101.3,1583.3626974092556,56810.4,100.0,6.0,0.0,1,0
P3922,3015.928947446201,8.0,60.0,7101.3,1583.3626974092556,56810.4,216.6666666666667,3.0,0.0,1,0
P3923,3015.928947446201,8.0,60.0,7101.3,1583.3626974092556,56810.4,216.6666666666667,4.5,0.0,1,0
P3924,3015.928947446201,8.0,60.0,7101.3,1583.3626974092556,56810.4,216.6666666666667,6.0,0.0,1,0
P3925,3015.928947446201,8.0,60.0,7101.3,1583.3626974092556,56810.4,333.3333333333334,3.0,0.0,1,0
P3926,3015.928947446201,8.0,60.0,7101.3,1583.3626974092556,56810.4,333.3333333333334,4.5,0.0,1,0
P3927,3015.928947446201,8.0,60.0,7101.3,1583.3626974092556,56810.4,333.3333333333334,6.0,0.0,1,0
P3931,0.196349540849362,0.5,1.0,101.3,1.8653206380689396,50.65,-196.0,1.5,0.0,1,0
P3932,0.196349540849362,0.5,1.0,101.3,1.8653206380689396,50.65,-196.0,2.0,0.0,1,0
P3933,0.196349540849362,0.5,1.0,101.3,1.8653206380689396,50.65,-196.0,2.5,0.0,1,0
P3934,0.196349540849362,0.5,1.0,101.3,1.8653206380689396,50.65,-114.0,1.5,0.0,1,0
P3935,0.196349540849362,0.5,1.0,101.3,1.8653206380689396,50.65,-114.0,2.0,0.0,1,0
P3936,0.196349540849362,0.5,1.0,101.3,1.8653206380689396,50.65,-114.0,2.5,0.0,1,0
P3937,0.196349540849362,0.5,1.0,101.3,1.8653206380689396,50.65,-32.0,1.5,0.0,1,0
P3938,0.196349540849362,0.5,1.0,101.3,1.8653206380689396,50.65,-32.0,2.0,0.0,1,0
P3939,0.196349540849362,0.5,1.0,101.3,1.8653206380689396,50.65,-32.0,2.5,0.0,1,0
P3940,0.196349540849362,0.5,1.0,101.3,1.8653206380689396,50.65,50.0,1.5,0.0,1,0
P3941,0.196349540849362,0.5,1.0,101.3,1.8653206380689396,50.65,50.0,2.0,0.0,1,0
P3942,0.196349540849362,0.5,1.0,101.3,1.8653206380689396,50.65,50.0,2.5,0.0,1,0
P3943,0.196349540849362,0.5,1.0,367.9666666666667,1.8653206380689396,183.98333333333335,-196.0,1.5,0.0,1,0
P3944,0.196349540849362,0.5,1.0,367.9666666666667,1.8653206380689396,183.98333333333335,-196.0,2.0,0.0,1,0
P3945,0.196349540849362,0.5,1.0,367.9666666666667,1.8653206380689396,183.98333333333335,-196.0,2.5,0.0,1,0
P3946,0.196349540849362,0.5,1.0,367.9666666666667,1.8653206380689396,183.98333333333335,-114.0,1.5,0.0,1,0
P3947,0.196349540849362,0.5,1.0,367.9666666666667,1.8653206380689396,183.98333333333335,-114.0,2.0,0.0,1,0
P3948,0.196349540849362,0.5,1.0,367.9666666666667,1.8653206380689396,183.98333333333335,-114.0,2.5,0.0,1,0
P3949,0.196349540849362,0.5,1.0,367.9666666666667,1.8653206380689396,183.98333333333335,-32.0,1.5,0.0,1,0
P3950,0.196349540849362,0.5,1.0,367.9666666666667,1.8653206380689396,183.98333333333335,-32.0,2.0,0.0,1,0
P3951,0.196349540849362,0.5,1.0,367.9666666666667,1.8653206380689396,183.98333333333335,-32.0,2.5,0.0,1,0
P3952,0.196349540849362,0.5,1.0,367.9666666666667,1.8653206380689396,183.98333333333335,50.0,1.5,0.0,1,0
P3953,0.196349540849362,0.5,1.0,367.9666666666667,1.8653206380689396,183.98333333333335,50.0,2.0,0.0,1,0
P3954,0.196349540849362,0.5,1.0,367.9666666666667,1.8653206380689396,183.98333333333335,50.0,2.5,0.0,1,0
P3955,0.196349540849362,0.5,1.0,734.6333333333333,1.8653206380689396,367.31666666666666,-196.0,1.5,0.0,1,0
P3956,0.196349540849362,0.5,1.0,734.6333333333333,1.8653206380689396,367.31666666666666,-196.0,2.0,0.0,1,0
P3957,0.196349540849362,0.5,1.0,734.6333333333333,1.8653206380689396,367.31666666666666,-196.0,2.5,0.0,1,0
P3958,0.196349540849362,0.5,1.0,734.6333333333333,1.8653206380689396,367.31666666666666,-114.0,1.5,0.0,1,0
P3959,0.196349540849362,0.5,1.0,734.6333333333333,1.8653206380689396,367.31666666666666,-114.0,2.0,0.0,1,0
P3960,0.196349540849362,0.5,1.0,734.6333333333333,1.8653206380689396,367.31666666666666,-114.0,2.5,0.0,1,0
P3961,0.196349540849362,0.5,1.0,734.6333333333333,1.8653206380689396,367.31666666666666,-32.0,1.5,0.0,1,0
P3962,0.196349540849362,0.5,1.0,734.6333333333333,1.8653206380689396,367.31666666666666,-32.0,2.0,0.0,1,0
P3963,0.196349540849362,0.5,1.0,734.6333333333333,1.8653206380689396,367.31666666666666,-32.0,2.5,0.0,1,0
P3964,0.196349540849362,0.5,1.0,734.6333333333333,1.8653206380689396,367.31666666666666,50.0,1.5,0.0,1,0
P3965,0.196349540849362,0.5,1.0,734.6333333333333,1.8653206380689396,367.31666666666666,50.0,2.0,0.0,1,0
P3966,0.196349540849362,0.5,1.0,734.6333333333333,1.8653206380689396,367.31666666666666,50.0,2.5,0.0,1,0
P3967,0.196349540849362,0.5,1.0,1101.3,1.8653206380689396,550.65,-196.0,1.5,0.0,1,0
P3968,0.196349540849362,0.5,1.0,1101.3,1.8653206380689396,550.65,-196.0,2.0,0.0,1,0
P3969,0.196349540849362,0.5,1.0,1101.3,1.8653206380689396,550.65,-196.0,2.5,0.0,1,0
P3970,0.196349540849362,0.5,1.0,1101.3,1.8653206380689396,550.65,-114.0,1.5,0.0,1,0
P3971,0.196349540849362,0.5,1.0,1101.3,1.8653206380689396,550.65,-114.0,2.0,0.0,1,0
P3972,0.196349540849362,0.5,1.0,1101.3,1.8653206380689396,550.65,-114.0,2.5,0.0,1,0
P3973,0.196349540849362,0.5,1.0,1101.3,1.8653206380689396,550.65,-32.0,1.5,0.0,1,0
P3974,0.196349540849362,0.5,1.0,1101.3,1.8653206380689396,550.65,-32.0,2.0,0.0,1,0
P3975,0.196349540849362,0.5,1.0,1101.3,1.8653206380689396,550.65,-32.0,2.5,0.0,1,0
P3976,0.196349540849362,0.5,1.0,1101.3,1.8653206380689396,550.65,50.0,1.5,0.0,1,0
P3977,0.196349540849362,0.5,1.0,1101.3,1.8653206380689396,550.65,50.0,2.0,0.0,1,0
P3978,0.196349540849362,0.5,1.0,1101.3,1.8653206380689396,550.65,50.0,2.5,0.0,1,0
P3979,0.7853981633974483,0.5,4.0,101.3,6.577709618453629,50.65,-196.0,1.5,0.0,1,0
P3980,0.7853981633974483,0.5,4.0,101.3,6.577709618453629,50.65,-196.0,2.0,0.0,1,0
P3981,0.7853981633974483,0.5,4.0,101.3,6.577709618453629,50.65,-196.0,2.5,0.0,1,0
P3982,0.7853981633974483,0.5,4.0,101.3,6.577709618453629,50.65,-114.0,1.5,0.0,1,0
P3983,0.7853981633974483,0.5,4.0,101.3,6.577709618453629,50.65,-114.0,2.0,0.0,1,0
P3984,0.7853981633974483,0.5,4.0,101.3,6.577709618453629,50.65,-114.0,2.5,0.0,1,0
P3985,0.7853981633974483,0.5,4.0,101.3,6.577709618453629,50.65,-32.0,1.5,0.0,1,0
P3986,0.7853981633974483,0.5,4.0,101.3,6.577709618453629,50.65,-32.0,2.0,0.0,1,0
P3987,0.7853981633974483,0.5,4.0,101.3,6.577709618453629,50.65,-32.0,2.5,0.0,1,0
P3988,0.7853981633974483,0.5,4.0,101.3,6.577709618453629,50.65,50.0,1.5,0.0,1,0
P3989,0.7853981633974483,0.5,4.0,101.3,6.577709618453629,50.65,50.0,2.0,0.0,1,0
P3990,0.7853981633974483,0.5,4.0,101.3,6.577709618453629,50.65,50.0,2.5,0.0,1,0
P3991,0.7853981633974483,0.5,4.0,367.9666666666667,6.577709618453629,183.98333333333335,-196.0,1.5,0.0,1,0
P3992,0.7853981633974483,0.5,4.0,367.9666666666667,6.577709618453629,183.98333333333335,-196.0,2.0,0.0,1,0
P3993,0.7853981633974483,0.5,4.0,367.9666666666667,6.577709618453629,183.98333333333335,-196.0,2.5,0.0,1,0
P3994,0.7853981633974483,0.5,4.0,367.9666666666667,6.577709618453629,183.98333333333335,-114.0,1.5,0.0,1,0
P3995,0.7853981633974483,0.5,4.0,367.9666666666667,6.577709618453629,183.98333333333335,-114.0,2.0,0.0,1,0
P3996,0.7853981633974483,0.5,4.0,367.9666666666667,6.577709618453629,183.98333333333335,-114.0,2.5,0.0,1,0
P3997,0.7853981633974483,0.5,4.0,367.9666666666667,6.577709618453629,183.98333333333335,-32.0,1.5,0.0,1,0
P3998,0.7853981633974483,0.5,4.0,367.9666666666667,6.577709618453629,183.98333333333335,-32.0,2.0,0.0,1,0
P3999,0.7853981633974483,0.5,4.0,367.9666666666667,6.577709618453629,183.98333333333335,-32.0,2.5,0.0,1,0
P4000,0.7853981633974483,0.5,4.0,367.9666666666667,6.577709618453629,183.98333333333335,50.0,1.5,0.0,1,0
P4001,0.7853981633974483,0.5,4.0,367.9666666666667,6.577709618453629,183.98333333333335,50.0,2.0,0.0,1,0
P4002,0.7853981633974483,0.5,4.0,367.9666666666667,6.577709618453629,183.98333333333335,50.0,2.5,0.0,1,0
P4003,0.7853981633974483,0.5,4.0,734.6333333333333,6.577709618453629,367.31666666666666,-196.0,1.5,0.0,1,0
P4004,0.7853981633974483,0.5,4.0,734.6333333333333,6.577709618453629,367.31666666666666,-196.0,2.0,0.0,1,0
P4005,0.7853981633974483,0.5,4.0,734.6333333333333,6.577709618453629,367.31666666666666,-196.0,2.5,0.0,1,0
P4006,0.7853981633974483,0.5,4.0,734.6333333333333,6.577709618453629,367.31666666666666,-114.0,1.5,0.0,1,0
P4007,0.7853981633974483,0.5,4.0,734.6333333333333,6.577709618453629,367.31666666666666,-114.0,2.0,0.0,1,0
P4008,0.7853981633974483,0.5,4.0,734.6333333333333,6.577709618453629,367.31666666666666,-114.0,2.5,0.0,1,0
P4009,0.7853981633974483,0.5,4.0,734.6333333333333,6.577709618453629,367.31666666666666,-32.0,1.5,0.0,1,0
P4010,0.7853981633974483,0.5,4.0,734.6333333333333,6.577709618453629,367.31666666666666,-32.0,2.0,0.0,1,0
P4011,0.7853981633974483,0.5,4.0,734.6333333333333,6.577709618453629,367.31666666666666,-32.0,2.5,0.0,1,0
P4012,0.7853981633974483,0.5,4.0,734.6333333333333,6.577709618453629,367.31666666666666,50.0,1.5,0.0,1,0
P4013,0.7853981633974483,0.5,4.0,734.6333333333333,6.577709618453629,367.31666666666666,50.0,2.0,0.0,1,0
P4014,0.7853981633974483,0.5,4.0,734.6333333333333,6.577709618453629,367.31666666666666,50.0,2.5,0.0,1,0
P4015,0.7853981633974483,0.5,4.0,1101.3,6.577709618453629,550.65,-196.0,1.5,0.0,1,0
P4016,0.7853981633974483,0.5,4.0,1101.3,6.577709618453629,550.65,-196.0,2.0,0.0,1,0
P4017,0.7853981633974483,0.5,4.0,1101.3,6.577709618453629,550.65,-196.0,2.5,0.0,1,0
P4018,0.7853981633974483,0.5,4.0,1101.3,6.577709618453629,550.65,-114.0,1.5,0.0,1,0
P4019,0.7853981633974483,0.5,4.0,1101.3,6.577709618453629,550.65,-114.0,2.0,0.0,1,0
P4020,0.7853981633974483,0.5,4.0,1101.3,6.577709618453629,550.65,-114.0,2.5,0.0,1,0
P4021,0.7853981633974483,0.5,4.0,1101.3,6.577709618453629,550.65,-32.0,1.5,0.0,1,0
P4022,0.7853981633974483,0.5,4.0,1101.3,6.577709618453629,550.65,-32.0,2.0,0.0,1,0
P4023,0.7853981633974483,0.5,4.0,1101.3,6.577709618453629,550.65,-32.0,2.5,0.0,1,0
P4024,0.7853981633974483,0.5,4.0,1101.3,6.577709618453629,550.65,50.0,1.5,0.0,1,0
P4025,0.7853981633974483,0.5,4.0,1101.3,6.577709618453629,550.65,50.0,2.0,0.0,1,0
P4026,0.7853981633974483,0.5,4.0,1101.3,6.577709618453629,550.65,50.0,2.5,0.0,1,0
P4027,1.3744467859455345,0.5,7.0,101.3,11.29009859883832,50.65,-196.0,1.5,0.0,1,0
P4028,1.3744467859455345,0.5,7.0,101.3,11.29009859883832,50.65,-196.0,2.0,0.0,1,0
P4029,1.3744467859455345,0.5,7.0,101.3,11.29009859883832,50.65,-196.0,2.5,0.0,1,0
P4030,1.3744467859455345,0.5,7.0,101.3,11.29009859883832,50.65,-114.0,1.5,0.0,1,0
P4031,1.3744467859455345,0.5,7.0,101.3,11.29009859883832,50.65,-114.0,2.0,0.0,1,0
P4032,1.3744467859455345,0.5,7.0,101.3,11.29009859883832,50.65,-114.0,2.5,0.0,1,0
P4033,1.3744467859455345,0.5,7.0,101.3,11.29009859883832,50.65,-32.0,1.5,0.0,1,0
P4034,1.3744467859455345,0.5,7.0,101.3,11.29009859883832,50.65,-32.0,2.0,0.0,1,0
P4035,1.3744467859455345,0.5,7.0,101.3,11.29009859883832,50.65,-32.0,2.5,0.0,1,0
P4036,1.3744467859455345,0.5,7.0,101.3,11.29009859883832,50.65,50.0,1.5,0.0,1,0
P4037,1.3744467859455345,0.5,7.0,101.3,11.29009859883832,50.65,50.0,2.0,0.0,1,0
P4038,1.3744467859455345,0.5,7.0,101.3,11.29009859883832,50.65,50.0,2.5,0.0,1,0
P4039,1.3744467859455345,0.5,7.0,367.9666666666667,11.29009859883832,183.98333333333335,-196.0,1.5,0.0,1,0
P4040,1.3744467859455345,0.5,7.0,367.9666666666667,11.29009859883832,183.98333333333335,-196.0,2.0,0.0,1,0
P4041,1.3744467859455345,0.5,7.0,367.9666666666667,11.29009859883832,183.98333333333335,-196.0,2.5,0.0,1,0
P4042,1.3744467859455345,0.5,7.0,367.9666666666667,11.29009859883832,183.98333333333335,-114.0,1.5,0.0,1,0
P4043,1.3744467859455345,0.5,7.0,367.9666666666667,11.29009859883832,183.98333333333335,-114.0,2.0,0.0,1,0
P4044,1.3744467859455345,0.5,7.0,367.9666666666667,11.29009859883832,183.98333333333335,-114.0,2.5,0.0,1,0
P4045,1.3744467859455345,0.5,7.0,367.9666666666667,11.29009859883832,183.98333333333335,-32.0,1.5,0.0,1,0
P4046,1.3744467859455345,0.5,7.0,367.9666666666667,11.29009859883832,183.98333333333335,-32.0,2.0,0.0,1,0
P4047,1.3744467859455345,0.5,7.0,367.9666666666667,11.29009859883832,183.98333333333335,-32.0,2.5,0.0,1,0
P4048,1.3744467859455345,0.5,7.0,367.9666666666667,11.29009859883832,183.98333333333335,50.0,1.5,0.0,1,0
P4049,1.3744467859455345,0.5,7.0,367.9666666666667,11.29009859883832,183.98333333333335,50.0,2.0,0.0,1,0
P4050,1.3744467859455345,0.5,7.0,367.9666666666667,11.29009859883832,183.98333333333335,50.0,2.5,0.0,1,0
P4051,1.3744467859455345,0.5,7.0,734.6333333333333,11.29009859883832,367.31666666666666,-196.0,1.5,0.0,1,0
P4052,1.3744467859455345,0.5,7.0,734.6333333333333,11.29009859883832,367.31666666666666,-196.0,2.0,0.0,1,0
P4053,1.3744467859455345,0.5,7.0,734.6333333333333,11.29009859883832,367.31666666666666,-196.0,2.5,0.0,1,0
P4054,1.3744467859455345,0.5,7.0,734.6333333333333,11.29009859883832,367.31666666666666,-114.0,1.5,0.0,1,0
P4055,1.3744467859455345,0.5,7.0,734.6333333333333,11.29009859883832,367.31666666666666,-114.0,2.0,0.0,1,0
P4056,1.3744467859455345,0.5,7.0,734.6333333333333,11.29009859883832,367.31666666666666,-114.0,2.5,0.0,1,0
P4057,1.3744467859455345,0.5,7.0,734.6333333333333,11.29009859883832,367.31666666666666,-32.0,1.5,0.0,1,0
P4058,1.3744467859455345,0.5,7.0,734.6333333333333,11.29009859883832,367.31666666666666,-32.0,2.0,0.0,1,0
P4059,1.3744467859455345,0.5,7.0,734.6333333333333,11.29009859883832,367.31666666666666,-32.0,2.5,0.0,1,0
P4060,1.3744467859455345,0.5,7.0,734.6333333333333,11.29009859883832,367.31666666666666,50.0,1.5,0.0,1,0
P4061,1.3744467859455345,0.5,7.0,734.6333333333333,11.29009859883832,367.31666666666666,50.0,2.0,0.0,1,0
P4062,1.3744467859455345,0.5,7.0,734.6333333333333,11.29009859883832,367.31666666666666,50.0,2.5,0.0,1,0
P4063,1.3744467859455345,0.5,7.0,1101.3,11.29009859883832,550.65,-196.0,1.5,0.0,1,0
P4064,1.3744467859455345,0.5,7.0,1101.3,11.29009859883832,550.65,-196.0,2.0,0.0,1,0
P4065,1.3744467859455345,0.5,7.0,1101.3,11.29009859883832,550.65,-196.0,2.5,0.0,1,0
P4066,1.3744467859455345,0.5,7.0,1101.3,11.29009859883832,550.65,-114.0,1.5,0.0,1,0
P4067,1.3744467859455345,0.5,7.0,1101.3,11.29009859883832,550.65,-114.0,2.0,0.0,1,0
P4068,1.3744467859455345,0.5,7.0,1101.3,11.29009859883832,550.65,-114.0,2.5,0.0,1,0
P4069,1.3744467859455345,0.5,7.0,1101.3,11.29009859883832,550.65,-32.0,1.5,0.0,1,0
P4070,1.3744467859455345,0.5,7.0,1101.3,11.29009859883832,550.65,-32.0,2.0,0.0,1,0
P4071,1.3744467859455345,0.5,7.0,1101.3,11.29009859883832,550.65,-32.0,2.5,0.0,1,0
P4072,1.3744467859455345,0.5,7.0,1101.3,11.29009859883832,550.65,50.0,1.5,0.0,1,0
P4073,1.3744467859455345,0.5,7.0,1101.3,11.29009859883832,550.65,50.0,2.0,0.0,1,0
P4074,1.3744467859455345,0.5,7.0,1101.3,11.29009859883832,550.65,50.0,2.5,0.0,1,0
P4075,1.9634954084936207,0.5,10.0,101.3,16.002487579223008,50.65,-196.0,1.5,0.0,1,0
P4076,1.9634954084936207,0.5,10.0,101.3,16.002487579223008,50.65,-196.0,2.0,0.0,1,0
P4077,1.9634954084936207,0.5,10.0,101.3,16.002487579223008,50.65,-196.0,2.5,0.0,1,0
P4078,1.9634954084936207,0.5,10.0,101.3,16.002487579223008,50.65,-114.0,1.5,0.0,1,0
P4079,1.9634954084936207,0.5,10.0,101.3,16.002487579223008,50.65,-114.0,2.0,0.0,1,0
P4080,1.9634954084936207,0.5,10.0,101.3,16.002487579223008,50.65,-114.0,2.5,0.0,1,0
P4081,1.9634954084936207,0.5,10.0,101.3,16.002487579223008,50.65,-32.0,1.5,0.0,1,0
P4082,1.9634954084936207,0.5,10.0,101.3,16.002487579223008,50.65,-32.0,2.0,0.0,1,0
P4083,1.9634954084936207,0.5,10.0,101.3,16.002487579223008,50.65,-32.0,2.5,0.0,1,0
P4084,1.9634954084936207,0.5,10.0,101.3,16.002487579223008,50.65,50.0,1.5,0.0,1,0
P4085,1.9634954084936207,0.5,10.0,101.3,16.002487579223008,50.65,50.0,2.0,0.0,1,0
P4086,1.9634954084936207,0.5,10.0,101.3,16.002487579223008,50.65,50.0,2.5,0.0,1,0
P4087,1.9634954084936207,0.5,10.0,367.9666666666667,16.002487579223008,183.98333333333335,-196.0,1.5,0.0,1,0
P4088,1.9634954084936207,0.5,10.0,367.9666666666667,16.002487579223008,183.98333333333335,-196.0,2.0,0.0,1,0
P4089,1.9634954084936207,0.5,10.0,367.9666666666667,16.002487579223008,183.98333333333335,-196.0,2.5,0.0,1,0
P4090,1.9634954084936207,0.5,10.0,367.9666666666667,16.002487579223008,183.98333333333335,-114.0,1.5,0.0,1,0
P4091,1.9634954084936207,0.5,10.0,367.9666666666667,16.002487579223008,183.98333333333335,-114.0,2.0,0.0,1,0
P4092,1.9634954084936207,0.5,10.0,367.9666666666667,16.002487579223008,183.98333333333335,-114.0,2.5,0.0,1,0
P4093,1.9634954084936207,0.5,10.0,367.9666666666667,16.002487579223008,183.98333333333335,-32.0,1.5,0.0,1,0
P4094,1.9634954084936207,0.5,10.0,367.9666666666667,16.002487579223008,183.98333333333335,-32.0,2.0,0.0,1,0
P4095,1.9634954084936207,0.5,10.0,367.9666666666667,16.002487579223008,183.98333333333335,-32.0,2.5,0.0,1,0
P4096,1.9634954084936207,0.5,10.0,367.9666666666667,16.002487579223008,183.98333333333335,50.0,1.5,0.0,1,0
P4097,1.9634954084936207,0.5,10.0,367.9666666666667,16.002487579223008,183.98333333333335,50.0,2.0,0.0,1,0
P4098,1.9634954084936207,0.5,10.0,367.9666666666667,16.002487579223008,183.98333333333335,50.0,2.5,0.0,1,0
P4099,1.9634954084936207,0.5,10.0,734.6333333333333,16.002487579223008,367.31666666666666,-196.0,1.5,0.0,1,0
P4100,1.9634954084936207,0.5,10.0,734.6333333333333,16.002487579223008,367.31666666666666,-196.0,2.0,0.0,1,0
P4101,1.9634954084936207,0.5,10.0,734.6333333333333,16.002487579223008,367.31666666666666,-196.0,2.5,0.0,1,0
P4102,1.9634954084936207,0.5,10.0,734.6333333333333,16.002487579223008,367.31666666666666,-114.0,1.5,0.0,1,0
P4103,1.9634954084936207,0.5,10.0,734.6333333333333,16.002487579223008,367.31666666666666,-114.0,2.0,0.0,1,0
P4104,1.9634954084936207,0.5,10.0,734.6333333333333,16.002487579223008,367.31666666666666,-114.0,2.5,0.0,1,0
P4105,1.9634954084936207,0.5,10.0,734.6333333333333,16.002487579223008,367.31666666666666,-32.0,1.5,0.0,1,0
P4106,1.9634954084936207,0.5,10.0,734.6333333333333,16.002487579223008,367.31666666666666,-32.0,2.0,0.0,1,0
P4107,1.9634954084936207,0.5,10.0,734.6333333333333,16.002487579223008,367.31666666666666,-32.0,2.5,0.0,1,0
P4108,1.9634954084936207,0.5,10.0,734.6333333333333,16.002487579223008,367.31666666666666,50.0,1.5,0.0,1,0
P4109,1.9634954084936207,0.5,10.0,734.6333333333333,16.002487579223008,367.31666666666666,50.0,2.0,0.0,1,0
P4110,1.9634954084936207,0.5,10.0,734.6333333333333,16.002487579223008,367.31666666666666,50.0,2.5,0.0,1,0
P4111,1.9634954084936207,0.5,10.0,1101.3,16.002487579223008,550.65,-196.0,1.5,0.0,1,0
P4112,1.9634954084936207,0.5,10.0,1101.3,16.002487579223008,550.65,-196.0,2.0,0.0,1,0
P4113,1.9634954084936207,0.5,10.0,1101.3,16.002487579223008,550.65,-196.0,2.5,0.0,1,0
P4114,1.9634954084936207,0.5,10.0,1101.3,16.002487579223008,550.65,-114.0,1.5,0.0,1,0
P4115,1.9634954084936207,0.5,10.0,1101.3,16.002487579223008,550.65,-114.0,2.0,0.0,1,0
P4116,1.9634954084936207,0.5,10.0,1101.3,16.002487579223008,550.65,-114.0,2.5,0.0,1,0
P4117,1.9634954084936207,0.5,10.0,1101.3,16.002487579223008,550.65,-32.0,1.5,0.0,1,0
P4118,1.9634954084936207,0.5,10.0,1101.3,16.002487579223008,550.65,-32.0,2.0,0.0,1,0
P4119,1.9634954084936207,0.5,10.0,1101.3,16.002487579223008,550.65,-32.0,2.5,0.0,1,0
P4120,1.9634954084936207,0.5,10.0,1101.3,16.002487579223008,550.65,50.0,1.5,0.0,1,0
P4121,1.9634954084936207,0.5,10.0,1101.3,16.002487579223008,550.65,50.0,2.0,0.0,1,0
P4122,1.9634954084936207,0.5,10.0,1101.3,16.002487579223008,550.65,50.0,2.5,0.0,1,0
P4123,0.9940195505498954,1.125,1.0,101.3,5.0253210611133605,113.96249999999999,-196.0,1.5,0.0,1,0
P4124,0.9940195505498954,1.125,1.0,101.3,5.0253210611133605,113.96249999999999,-196.0,2.0,0.0,1,0
P4125,0.9940195505498954,1.125,1.0,101.3,5.0253210611133605,113.96249999999999,-196.0,2.5,0.0,1,0
P4126,0.9940195505498954,1.125,1.0,101.3,5.0253210611133605,113.96249999999999,-114.0,1.5,0.0,1,0
P4127,0.9940195505498954,1.125,1.0,101.3,5.0253210611133605,113.96249999999999,-114.0,2.0,0.0,1,0
P4128,0.9940195505498954,1.125,1.0,101.3,5.0253210611133605,113.96249999999999,-114.0,2.5,0.0,1,0
P4129,0.9940195505498954,1.125,1.0,101.3,5.0253210611133605,113.96249999999999,-32.0,1.5,0.0,1,0
P4130,0.9940195505498954,1.125,1.0,101.3,5.0253210611133605,113.96249999999999,-32.0,2.0,0.0,1,0
P4131,0.9940195505498954,1.125,1.0,101.3,5.0253210611133605,113.96249999999999,-32.0,2.5,0.0,1,0
P4132,0.9940195505498954,1.125,1.0,101.3,5.0253210611133605,113.96249999999999,50.0,1.5,0.0,1,0
P4133,0.9940195505498954,1.125,1.0,101.3,5.0253210611133605,113.96249999999999,50.0,2.0,0.0,1,0
P4134,0.9940195505498954,1.125,1.0,101.3,5.0253210611133605,113.96249999999999,50.0,2.5,0.0,1,0
P4135,0.9940195505498954,1.125,1.0,367.9666666666667,5.0253210611133605,413.96250000000003,-196.0,1.5,0.0,1,0
P4136,0.9940195505498954,1.125,1.0,367.9666666666667,5.0253210611133605,413.96250000000003,-196.0,2.0,0.0,1,0
P4137,0.9940195505498954,1.125,1.0,367.9666666666667,5.0253210611133605,413.96250000000003,-196.0,2.5,0.0,1,0
P4138,0.9940195505498954,1.125,1.0,367.9666666666667,5.0253210611133605,413.96250000000003,-114.0,1.5,0.0,1,0
P4139,0.9940195505498954,1.125,1.0,367.9666666666667,5.0253210611133605,413.96250000000003,-114.0,2.0,0.0,1,0
P4140,0.9940195505498954,1.125,1.0,367.9666666666667,5.0253210611133605,413.96250000000003,-114.0,2.5,0.0,1,0
P4141,0.9940195505498954,1.125,1.0,367.9666666666667,5.0253210611133605,413.96250000000003,-32.0,1.5,0.0,1,0
P4142,0.9940195505498954,1.125,1.0,367.9666666666667,5.0253210611133605,413.96250000000003,-32.0,2.0,0.0,1,0
P4143,0.9940195505498954,1.125,1.0,367.9666666666667,5.0253210611133605,413.96250000000003,-32.0,2.5,0.0,1,0
P4144,0.9940195505498954,1.125,1.0,367.9666666666667,5.0253210611133605,413.96250000000003,50.0,1.5,0.0,1,0
P4145,0.9940195505498954,1.125,1.0,367.9666666666667,5.0253210611133605,413.96250000000003,50.0,2.0,0.0,1,0
P4146,0.9940195505498954,1.125,1.0,367.9666666666667,5.0253210611133605,413.96250000000003,50.0,2.5,0.0,1,0
P4147,0.9940195505498954,1.125,1.0,734.6333333333333,5.0253210611133605,826.4625,-196.0,1.5,0.0,1,0
P4148,0.9940195505498954,1.125,1.0,734.6333333333333,5.0253210611133605,826.4625,-196.0,2.0,0.0,1,0
P4149,0.9940195505498954,1.125,1.0,734.6333333333333,5.0253210611133605,826.4625,-196.0,2.5,0.0,1,0
P4150,0.9940195505498954,1.125,1.0,734.6333333333333,5.0253210611133605,826.4625,-114.0,1.5,0.0,1,0
P4151,0.9940195505498954,1.125,1.0,734.6333333333333,5.0253210611133605,826.4625,-114.0,2.0,0.0,1,0
P4152,0.9940195505498954,1.125,1.0,734.6333333333333,5.0253210611133605,826.4625,-114.0,2.5,0.0,1,0
P4153,0.9940195505498954,1.125,1.0,734.6333333333333,5.0253210611133605,826.4625,-32.0,1.5,0.0,1,0
P4154,0.9940195505498954,1.125,1.0,734.6333333333333,5.0253210611133605,826.4625,-32.0,2.0,0.0,1,0
P4155,0.9940195505498954,1.125,1.0,734.6333333333333,5.0253210611133605,826.4625,-32.0,2.5,0.0,1,0
P4156,0.9940195505498954,1.125,1.0,734.6333333333333,5.0253210611133605,826.4625,50.0,1.5,0.0,1,0
P4157,0.9940195505498954,1.125,1.0,734.6333333333333,5.0253210611133605,826.4625,50.0,2.0,0.0,1,0
P4158,0.9940195505498954,1.125,1.0,734.6333333333333,5.0253210611133605,826.4625,50.0,2.5,0.0,1,0
P4159,0.9940195505498954,1.125,1.0,1101.3,5.0253210611133605,1238.9624999999999,-196.0,1.5,0.0,1,0
P4160,0.9940195505498954,1.125,1.0,1101.3,5.0253210611133605,1238.9624999999999,-196.0,2.0,0.0,1,0
P4161,0.9940195505498954,1.125,1.0,1101.3,5.0253210611133605,1238.9624999999999,-196.0,2.5,0.0,1,0
P4162,0.9940195505498954,1.125,1.0,1101.3,5.0253210611133605,1238.9624999999999,-114.0,1.5,0.0,1,0
P4163,0.9940195505498954,1.125,1.0,1101.3,5.0253210611133605,1238.9624999999999,-114.0,2.0,0.0,1,0
P4164,0.9940195505498954,1.125,1.0,1101.3,5.0253210611133605,1238.9624999999999,-114.0,2.5,0.0,1,0
P4165,0.9940195505498954,1.125,1.0,1101.3,5.0253210611133605,1238.9624999999999,-32.0,1.5,0.0,1,0
P4166,0.9940195505498954,1.125,1.0,1101.3,5.0253210611133605,1238.9624999999999,-32.0,2.0,0.0,1,0
P4167,0.9940195505498954,1.125,1.0,1101.3,5.0253210611133605,1238.9624999999999,-32.0,2.5,0.0,1,0
P4168,0.9940195505498954,1.125,1.0,1101.3,5.0253210611133605,1238.9624999999999,50.0,1.5,0.0,1,0
P4169,0.9940195505498954,1.125,1.0,1101.3,5.0253210611133605,1238.9624999999999,50.0,2.0,0.0,1,0
P4170,0.9940195505498954,1.125,1.0,1101.3,5.0253210611133605,1238.9624999999999,50.0,2.5,0.0,1,0
P4171,3.9760782021995817,1.125,4.0,101.3,15.628196266978913,113.96249999999999,-196.0,1.5,0.0,1,0
P4172,3.9760782021995817,1.125,4.0,101.3,15.628196266978913,113.96249999999999,-196.0,2.0,0.0,1,0
P4173,3.9760782021995817,1.125,4.0,101.3,15.628196266978913,113.96249999999999,-196.0,2.5,0.0,1,0
P4174,3.9760782021995817,1.125,4.0,101.3,15.628196266978913,113.96249999999999,-114.0,1.5,0.0,1,0
P4175,3.9760782021995817,1.125,4.0,101.3,15.628196266978913,113.96249999999999,-114.0,2.0,0.0,1,0
P4176,3.9760782021995817,1.125,4.0,101.3,15.628196266978913,113.96249999999999,-114.0,2.5,0.0,1,0
P4177,3.9760782021995817,1.125,4.0,101.3,15.628196266978913,113.96249999999999,-32.0,1.5,0.0,1,0
P4178,3.9760782021995817,1.125,4.0,101.3,15.628196266978913,113.96249999999999,-32.0,2.0,0.0,1,0
P4179,3.9760782021995817,1.125,4.0,101.3,15.628196266978913,113.96249999999999,-32.0,2.5,0.0,1,0
P4180,3.9760782021995817,1.125,4.0,101.3,15.628196266978913,113.96249999999999,50.0,1.5,0.0,1,0
P4181,3.9760782021995817,1.125,4.0,101.3,15.628196266978913,113.96249999999999,50.0,2.0,0.0,1,0
P4182,3.9760782021995817,1.125,4.0,101.3,15.628196266978913,113.96249999999999,50.0,2.5,0.0,1,0
P4183,3.9760782021995817,1.125,4.0,367.9666666666667,15.628196266978913,413.96250000000003,-196.0,1.5,0.0,1,0
P4184,3.9760782021995817,1.125,4.0,367.9666666666667,15.628196266978913,413.96250000000003,-196.0,2.0,0.0,1,0
P4185,3.9760782021995817,1.125,4.0,367.9666666666667,15.628196266978913,413.96250000000003,-196.0,2.5,0.0,1,0
P4186,3.9760782021995817,1.125,4.0,367.9666666666667,15.628196266978913,413.96250000000003,-114.0,1.5,0.0,1,0
P4187,3.9760782021995817,1.125,4.0,367.9666666666667,15.628196266978913,413.96250000000003,-114.0,2.0,0.0,1,0
P4188,3.9760782021995817,1.125,4.0,367.9666666666667,15.628196266978913,413.96250000000003,-114.0,2.5,0.0,1,0
P4189,3.9760782021995817,1.125,4.0,367.9666666666667,15.628196266978913,413.96250000000003,-32.0,1.5,0.0,1,0
P4190,3.9760782021995817,1.125,4.0,367.9666666666667,15.628196266978913,413.96250000000003,-32.0,2.0,0.0,1,0
P4191,3.9760782021995817,1.125,4.0,367.9666666666667,15.628196266978913,413.96250000000003,-32.0,2.5,0.0,1,0
P4192,3.9760782021995817,1.125,4.0,367.9666666666667,15.628196266978913,413.96250000000003,50.0,1.5,0.0,1,0
P4193,3.9760782021995817,1.125,4.0,367.9666666666667,15.628196266978913,413.96250000000003,50.0,2.0,0.0,1,0
P4194,3.9760782021995817,1.125,4.0,367.9666666666667,15.628196266978913,413.96250000000003,50.0,2.5,0.0,1,0
P4195,3.9760782021995817,1.125,4.0,734.6333333333333,15.628196266978913,826.4625,-196.0,1.5,0.0,1,0
P4196,3.9760782021995817,1.125,4.0,734.6333333333333,15.628196266978913,826.4625,-196.0,2.0,0.0,1,0
P4197,3.9760782021995817,1.125,4.0,734.6333333333333,15.628196266978913,826.4625,-196.0,2.5,0.0,1,0
P4198,3.9760782021995817,1.125,4.0,734.6333333333333,15.628196266978913,826.4625,-114.0,1.5,0.0,1,0
P4199,3.9760782021995817,1.125,4.0,734.6333333333333,15.628196266978913,826.4625,-114.0,2.0,0.0,1,0
P4200,3.9760782021995817,1.125,4.0,734.6333333333333,15.628196266978913,826.4625,-114.0,2.5,0.0,1,0
P4201,3.9760782021995817,1.125,4.0,734.6333333333333,15.628196266978913,826.4625,-32.0,1.5,0.0,1,0
P4202,3.9760782021995817,1.125,4.0,734.6333333333333,15.628196266978913,826.4625,-32.0,2.0,0.0,1,0
P4203,3.9760782021995817,1.125,4.0,734.6333333333333,15.628196266978913,826.4625,-32.0,2.5,0.0,1,0
P4204,3.9760782021995817,1.125,4.0,734.6333333333333,15.628196266978913,826.4625,50.0,1.5,0.0,1,0
P4205,3.9760782021995817,1.125,4.0,734.6333333333333,15.628196266978913,826.4625,50.0,2.0,0.0,1,0
P4206,3.9760782021995817,1.125,4.0,734.6333333333333,15.628196266978913,826.4625,50.0,2.5,0.0,1,0
P4207,3.9760782021995817,1.125,4.0,1101.3,15.628196266978913,1238.9624999999999,-196.0,1.5,0.0,1,0
P4208,3.9760782021995817,1.125,4.0,1101.3,15.628196266978913,1238.9624999999999,-196.0,2.0,0.0,1,0
P4209,3.9760782021995817,1.125,4.0,1101.3,15.628196266978913,1238.9624999999999,-196.0,2.5,0.0,1,0
P4210,3.9760782021995817,1.125,4.0,1101.3,15.628196266978913,1238.9624999999999,-114.0,1.5,0.0,1,0
P4211,3.9760782021995817,1.125,4.0,1101.3,15.628196266978913,1238.9624999999999,-114.0,2.0,0.0,1,0
P4212,3.9760782021995817,1.125,4.0,1101.3,15.628196266978913,1238.9624999999999,-114.0,2.5,0.0,1,0
P4213,3.9760782021995817,1.125,4.0,1101.3,15.628196266978913,1238.9624999999999,-32.0,1.5,0.0,1,0
P4214,3.9760782021995817,1.125,4.0,1101.3,15.628196266978913,1238.9624999999999,-32.0,2.0,0.0,1,0
P4215,3.9760782021995817,1.125,4.0,1101.3,15.628196266978913,1238.9624999999999,-32.0,2.5,0.0,1,0
P4216,3.9760782021995817,1.125,4.0,1101.3,15.628196266978913,1238.9624999999999,50.0,1.5,0.0,1,0
P4217,3.9760782021995817,1.125,4.0,1101.3,15.628196266978913,1238.9624999999999,50.0,2.0,0.0,1,0
P4218,3.9760782021995817,1.125,4.0,1101.3,15.628196266978913,1238.9624999999999,50.0,2.5,0.0,1,0
P4219,6.958136853849268,1.125,7.0,101.3,26.231071472844466,113.96249999999999,-196.0,1.5,0.0,1,0
P4220,6.958136853849268,1.125,7.0,101.3,26.231071472844466,113.96249999999999,-196.0,2.0,0.0,1,0
P4221,6.958136853849268,1.125,7.0,101.3,26.231071472844466,113.96249999999999,-196.0,2.5,0.0,1,0
P4222,6.958136853849268,1.125,7.0,101.3,26.231071472844466,113.96249999999999,-114.0,1.5,0.0,1,0
P4223,6.958136853849268,1.125,7.0,101.3,26.231071472844466,113.96249999999999,-114.0,2.0,0.0,1,0
P4224,6.958136853849268,1.125,7.0,101.3,26.231071472844466,113.96249999999999,-114.0,2.5,0.0,1,0
P4225,6.958136853849268,1.125,7.0,101.3,26.231071472844466,113.96249999999999,-32.0,1.5,0.0,1,0
P4226,6.958136853849268,1.125,7.0,101.3,26.231071472844466,113.96249999999999,-32.0,2.0,0.0,1,0
P4227,6.958136853849268,1.125,7.0,101.3,26.231071472844466,113.96249999999999,-32.0,2.5,0.0,1,0
P4228,6.958136853849268,1.125,7.0,101.3,26.231071472844466,113.96249999999999,50.0,1.5,0.0,1,0
P4229,6.958136853849268,1.125,7.0,101.3,26.231071472844466,113.96249999999999,50.0,2.0,0.0,1,0
P4230,6.958136853849268,1.125,7.0,101.3,26.231071472844466,113.96249999999999,50.0,2.5,0.0,1,0
P4231,6.958136853849268,1.125,7.0,367.9666666666667,26.231071472844466,413.96250000000003,-196.0,1.5,0.0,1,0
P4232,6.958136853849268,1.125,7.0,367.9666666666667,26.231071472844466,413.96250000000003,-196.0,2.0,0.0,1,0
P4233,6.958136853849268,1.125,7.0,367.9666666666667,26.231071472844466,413.96250000000003,-196.0,2.5,0.0,1,0
P4234,6.958136853849268,1.125,7.0,367.9666666666667,26.231071472844466,413.96250000000003,-114.0,1.5,0.0,1,0
P4235,6.958136853849268,1.125,7.0,367.9666666666667,26.231071472844466,413.96250000000003,-114.0,2.0,0.0,1,0
P4236,6.958136853849268,1.125,7.0,367.9666666666667,26.231071472844466,413.96250000000003,-114.0,2.5,0.0,1,0
P4237,6.958136853849268,1.125,7.0,367.9666666666667,26.231071472844466,413.96250000000003,-32.0,1.5,0.0,1,0
P4238,6.958136853849268,1.125,7.0,367.9666666666667,26.231071472844466,413.96250000000003,-32.0,2.0,0.0,1,0
P4239,6.958136853849268,1.125,7.0,367.9666666666667,26.231071472844466,413.96250000000003,-32.0,2.5,0.0,1,0
P4240,6.958136853849268,1.125,7.0,367.9666666666667,26.231071472844466,413.96250000000003,50.0,1.5,0.0,1,0
P4241,6.958136853849268,1.125,7.0,367.9666666666667,26.231071472844466,413.96250000000003,50.0,2.0,0.0,1,0
P4242,6.958136853849268,1.125,7.0,367.9666666666667,26.231071472844466,413.96250000000003,50.0,2.5,0.0,1,0
P4243,6.958136853849268,1.125,7.0,734.6333333333333,26.231071472844466,826.4625,-196.0,1.5,0.0,1,0
P4244,6.958136853849268,1.125,7.0,734.6333333333333,26.231071472844466,826.4625,-196.0,2.0,0.0,1,0
P4245,6.958136853849268,1.125,7.0,734.6333333333333,26.231071472844466,826.4625,-196.0,2.5,0.0,1,0
P4246,6.958136853849268,1.125,7.0,734.6333333333333,26.231071472844466,826.4625,-114.0,1.5,0.0,1,0
P4247,6.958136853849268,1.125,7.0,734.6333333333333,26.231071472844466,826.4625,-114.0,2.0,0.0,1,0
P4248,6.958136853849268,1.125,7.0,734.6333333333333,26.231071472844466,826.4625,-114.0,2.5,0.0,1,0
P4249,6.958136853849268,1.125,7.0,734.6333333333333,26.231071472844466,826.4625,-32.0,1.5,0.0,1,0
P4250,6.958136853849268,1.125,7.0,734.6333333333333,26.231071472844466,826.4625,-32.0,2.0,0.0,1,0
P4251,6.958136853849268,1.125,7.0,734.6333333333333,26.231071472844466,826.4625,-32.0,2.5,0.0,1,0
P4252,6.958136853849268,1.125,7.0,734.6333333333333,26.231071472844466,826.4625,50.0,1.5,0.0,1,0
P4253,6.958136853849268,1.125,7.0,734.6333333333333,26.231071472844466,826.4625,50.0,2.0,0.0,1,0
P4254,6.958136853849268,1.125,7.0,734.6333333333333,26.231071472844466,826.4625,50.0,2.5,0.0,1,0
P4255,6.958136853849268,1.125,7.0,1101.3,26.231071472844466,1238.9624999999999,-196.0,1.5,0.0,1,0
P4256,6.958136853849268,1.125,7.0,1101.3,26.231071472844466,1238.9624999999999,-196.0,2.0,0.0,1,0
P4257,6.958136853849268,1.125,7.0,1101.3,26.231071472844466,1238.9624999999999,-196.0,2.5,0.0,1,0
P4258,6.958136853849268,1.125,7.0,1101.3,26.231071472844466,1238.9624999999999,-114.0,1.5,0.0,1,0
P4259,6.958136853849268,1.125,7.0,1101.3,26.231071472844466,1238.9624999999999,-114.0,2.0,0.0,1,0
P4260,6.958136853849268,1.125,7.0,1101.3,26.231071472844466,1238.9624999999999,-114.0,2.5,0.0,1,0
P4261,6.958136853849268,1.125,7.0,1101.3,26.231071472844466,1238.9624999999999,-32.0,1.5,0.0,1,0
P4262,6.958136853849268,1.125,7.0,1101.3,26.231071472844466,1238.9624999999999,-32.0,2.0,0.0,1,0
P4263,6.958136853849268,1.125,7.0,1101.3,26.231071472844466,1238.9624999999999,-32.0,2.5,0.0,1,0
P4264,6.958136853849268,1.125,7.0,1101.3,26.231071472844466,1238.9624999999999,50.0,1.5,0.0,1,0
P4265,6.958136853849268,1.125,7.0,1101.3,26.231071472844466,1238.9624999999999,50.0,2.0,0.0,1,0
P4266,6.958136853849268,1.125,7.0,1101.3,26.231071472844466,1238.9624999999999,50.0,2.5,0.0,1,0
P4267,9.940195505498954,1.125,10.0,101.3,36.833946678710014,113.96249999999999,-196.0,1.5,0.0,1,0
P4268,9.940195505498954,1.125,10.0,101.3,36.833946678710014,113.96249999999999,-196.0,2.0,0.0,1,0
P4269,9.940195505498954,1.125,10.0,101.3,36.833946678710014,113.96249999999999,-196.0,2.5,0.0,1,0
P4270,9.940195505498954,1.125,10.0,101.3,36.833946678710014,113.96249999999999,-114.0,1.5,0.0,1,0
P4271,9.940195505498954,1.125,10.0,101.3,36.833946678710014,113.96249999999999,-114.0,2.0,0.0,1,0
P4272,9.940195505498954,1.125,10.0,101.3,36.833946678710014,113.96249999999999,-114.0,2.5,0.0,1,0
P4273,9.940195505498954,1.125,10.0,101.3,36.833946678710014,113.96249999999999,-32.0,1.5,0.0,1,0
P4274,9.940195505498954,1.125,10.0,101.3,36.833946678710014,113.96249999999999,-32.0,2.0,0.0,1,0
P4275,9.940195505498954,1.125,10.0,101.3,36.833946678710014,113.96249999999999,-32.0,2.5,0.0,1,0
P4276,9.940195505498954,1.125,10.0,101.3,36.833946678710014,113.96249999999999,50.0,1.5,0.0,1,0
P4277,9.940195505498954,1.125,10.0,101.3,36.833946678710014,113.96249999999999,50.0,2.0,0.0,1,0
P4278,9.940195505498954,1.125,10.0,101.3,36.833946678710014,113.96249999999999,50.0,2.5,0.0,1,0
P4279,9.940195505498954,1.125,10.0,367.9666666666667,36.833946678710014,413.96250000000003,-196.0,1.5,0.0,1,0
P4280,9.940195505498954,1.125,10.0,367.9666666666667,36.833946678710014,413.96250000000003,-196.0,2.0,0.0,1,0
P4281,9.940195505498954,1.125,10.0,367.9666666666667,36.833946678710014,413.96250000000003,-196.0,2.5,0.0,1,0
P4282,9.940195505498954,1.125,10.0,367.9666666666667,36.833946678710014,413.96250000000003,-114.0,1.5,0.0,1,0
P4283,9.940195505498954,1.125,10.0,367.9666666666667,36.833946678710014,413.96250000000003,-114.0,2.0,0.0,1,0
P4284,9.940195505498954,1.125,10.0,367.9666666666667,36.833946678710014,413.96250000000003,-114.0,2.5,0.0,1,0
P4285,9.940195505498954,1.125,10.0,367.9666666666667,36.833946678710014,413.96250000000003,-32.0,1.5,0.0,1,0
P4286,9.940195505498954,1.125,10.0,367.9666666666667,36.833946678710014,413.96250000000003,-32.0,2.0,0.0,1,0
P4287,9.940195505498954,1.125,10.0,367.9666666666667,36.833946678710014,413.96250000000003,-32.0,2.5,0.0,1,0
P4288,9.940195505498954,1.125,10.0,367.9666666666667,36.833946678710014,413.96250000000003,50.0,1.5,0.0,1,0
P4289,9.940195505498954,1.125,10.0,367.9666666666667,36.833946678710014,413.96250000000003,50.0,2.0,0.0,1,0
P4290,9.940195505498954,1.125,10.0,367.9666666666667,36.833946678710014,413.96250000000003,50.0,2.5,0.0,1,0
P4291,9.940195505498954,1.125,10.0,734.6333333333333,36.833946678710014,826.4625,-196.0,1.5,0.0,1,0
P4292,9.940195505498954,1.125,10.0,734.6333333333333,36.833946678710014,826.4625,-196.0,2.0,0.0,1,0
P4293,9.940195505498954,1.125,10.0,734.6333333333333,36.833946678710014,826.4625,-196.0,2.5,0.0,1,0
P4294,9.940195505498954,1.125,10.0,734.6333333333333,36.833946678710014,826.4625,-114.0,1.5,0.0,1,0
P4295,9.940195505498954,1.125,10.0,734.6333333333333,36.833946678710014,826.4625,-114.0,2.0,0.0,1,0
P4296,9.940195505498954,1.125,10.0,734.6333333333333,36.833946678710014,826.4625,-114.0,2.5,0.0,1,0
P4297,9.940195505498954,1.125,10.0,734.6333333333333,36.833946678710014,826.4625,-32.0,1.5,0.0,1,0
P4298,9.940195505498954,1.125,10.0,734.6333333333333,36.833946678710014,826.4625,-32.0,2.0,0.0,1,0
P4299,9.940195505498954,1.125,10.0,734.6333333333333,36.833946678710014,826.4625,-32.0,2.5,0.0,1,0
P4300,9.940195505498954,1.125,10.0,734.6333333333333,36.833946678710014,826.4625,50.0,1.5,0.0,1,0
P4301,9.940195505498954,1.125,10.0,734.6333333333333,36.833946678710014,826.4625,50.0,2.0,0.0,1,0
P4302,9.940195505498954,1.125,10.0,734.6333333333333,36.833946678710014,826.4625,50.0,2.5,0.0,1,0
P4303,9.940195505498954,1.125,10.0,1101.3,36.833946678710014,1238.9624999999999,-196.0,1.5,0.0,1,0
P4304,9.940195505498954,1.125,10.0,1101.3,36.833946678710014,1238.9624999999999,-196.0,2.0,0.0,1,0
P4305,9.940195505498954,1.125,10.0,1101.3,36.833946678710014,1238.9624999999999,-196.0,2.5,0.0,1,0
P4306,9.940195505498954,1.125,10.0,1101.3,36.833946678710014,1238.9624999999999,-114.0,1.5,0.0,1,0
P4307,9.940195505498954,1.125,10.0,1101.3,36.833946678710014,1238.9624999999999,-114.0,2.0,0.0,1,0
P4308,9.940195505498954,1.125,10.0,1101.3,36.833946678710014,1238.9624999999999,-114.0,2.5,0.0,1,0
P4309,9.940195505498954,1.125,10.0,1101.3,36.833946678710014,1238.9624999999999,-32.0,1.5,0.0,1,0
P4310,9.940195505498954,1.125,10.0,1101.3,36.833946678710014,1238.9624999999999,-32.0,2.0,0.0,1,0
P4311,9.940195505498954,1.125,10.0,1101.3,36.833946678710014,1238.9624999999999,-32.0,2.5,0.0,1,0
P4312,9.940195505498954,1.125,10.0,1101.3,36.833946678710014,1238.9624999999999,50.0,1.5,0.0,1,0
P4313,9.940195505498954,1.125,10.0,1101.3,36.833946678710014,1238.9624999999999,50.0,2.0,0.0,1,0
P4314,9.940195505498954,1.125,10.0,1101.3,36.833946678710014,1238.9624999999999,50.0,2.5,0.0,1,0
P4315,2.405281875404685,1.75,1.0,101.3,9.105709956889166,177.275,-196.0,1.5,0.0,1,0
P4316,2.405281875404685,1.75,1.0,101.3,9.105709956889166,177.275,-196.0,2.0,0.0,1,0
P4317,2.405281875404685,1.75,1.0,101.3,9.105709956889166,177.275,-196.0,2.5,0.0,1,0
P4318,2.405281875404685,1.75,1.0,101.3,9.105709956889166,177.275,-114.0,1.5,0.0,1,0
P4319,2.405281875404685,1.75,1.0,101.3,9.105709956889166,177.275,-114.0,2.0,0.0,1,0
P4320,2.405281875404685,1.75,1.0,101.3,9.105709956889166,177.275,-114.0,2.5,0.0,1,0
P4321,2.405281875404685,1.75,1.0,101.3,9.105709956889166,177.275,-32.0,1.5,0.0,1,0
P4322,2.405281875404685,1.75,1.0,101.3,9.105709956889166,177.275,-32.0,2.0,0.0,1,0
P4323,2.405281875404685,1.75,1.0,101.3,9.105709956889166,177.275,-32.0,2.5,0.0,1,0
P4324,2.405281875404685,1.75,1.0,101.3,9.105709956889166,177.275,50.0,1.5,0.0,1,0
P4325,2.405281875404685,1.75,1.0,101.3,9.105709956889166,177.275,50.0,2.0,0.0,1,0
P4326,2.405281875404685,1.75,1.0,101.3,9.105709956889166,177.275,50.0,2.5,0.0,1,0
P4327,2.405281875404685,1.75,1.0,367.9666666666667,9.105709956889166,643.9416666666667,-196.0,1.5,0.0,1,0
P4328,2.405281875404685,1.75,1.0,367.9666666666667,9.105709956889166,643.9416666666667,-196.0,2.0,0.0,1,0
P4329,2.405281875404685,1.75,1.0,367.9666666666667,9.105709956889166,643.9416666666667,-196.0,2.5,0.0,1,0
P4330,2.405281875404685,1.75,1.0,367.9666666666667,9.105709956889166,643.9416666666667,-114.0,1.5,0.0,1,0
P4331,2.405281875404685,1.75,1.0,367.9666666666667,9.105709956889166,643.9416666666667,-114.0,2.0,0.0,1,0
P4332,2.405281875404685,1.75,1.0,367.9666666666667,9.105709956889166,643.9416666666667,-114.0,2.5,0.0,1,0
P4333,2.405281875404685,1.75,1.0,367.9666666666667,9.105709956889166,643.9416666666667,-32.0,1.5,0.0,1,0
P4334,2.405281875404685,1.75,1.0,367.9666666666667,9.105709956889166,643.9416666666667,-32.0,2.0,0.0,1,0
P4335,2.405281875404685,1.75,1.0,367.9666666666667,9.105709956889166,643.9416666666667,-32.0,2.5,0.0,1,0
P4336,2.405281875404685,1.75,1.0,367.9666666666667,9.105709956889166,643.9416666666667,50.0,1.5,0.0,1,0
P4337,2.405281875404685,1.75,1.0,367.9666666666667,9.105709956889166,643.9416666666667,50.0,2.0,0.0,1,0
P4338,2.405281875404685,1.75,1.0,367.9666666666667,9.105709956889166,643.9416666666667,50.0,2.5,0.0,1,0
P4339,2.405281875404685,1.75,1.0,734.6333333333333,9.105709956889166,1285.6083333333333,-196.0,1.5,0.0,1,0
P4340,2.405281875404685,1.75,1.0,734.6333333333333,9.105709956889166,1285.6083333333333,-196.0,2.0,0.0,1,0
P4341,2.405281875404685,1.75,1.0,734.6333333333333,9.105709956889166,1285.6083333333333,-196.0,2.5,0.0,1,0
P4342,2.405281875404685,1.75,1.0,734.6333333333333,9.105709956889166,1285.6083333333333,-114.0,1.5,0.0,1,0
P4343,2.405281875404685,1.75,1.0,734.6333333333333,9.105709956889166,1285.6083333333333,-114.0,2.0,0.0,1,0
P4344,2.405281875404685,1.75,1.0,734.6333333333333,9.105709956889166,1285.6083333333333,-114.0,2.5,0.0,1,0
P4345,2.405281875404685,1.75,1.0,734.6333333333333,9.105709956889166,1285.6083333333333,-32.0,1.5,0.0,1,0
P4346,2.405281875404685,1.75,1.0,734.6333333333333,9.105709956889166,1285.6083333333333,-32.0,2.0,0.0,1,0
P4347,2.405281875404685,1.75,1.0,734.6333333333333,9.105709956889166,1285.6083333333333,-32.0,2.5,0.0,1,0
P4348,2.405281875404685,1.75,1.0,734.6333333333333,9.105709956889166,1285.6083333333333,50.0,1.5,0.0,1,0
P4349,2.405281875404685,1.75,1.0,734.6333333333333,9.105709956889166,1285.6083333333333,50.0,2.0,0.0,1,0
P4350,2.405281875404685,1.75,1.0,734.6333333333333,9.105709956889166,1285.6083333333333,50.0,2.5,0.0,1,0
P4351,2.405281875404685,1.75,1.0,1101.3,9.105709956889166,1927.2749999999999,-196.0,1.5,0.0,1,0
P4352,2.405281875404685,1.75,1.0,1101.3,9.105709956889166,1927.2749999999999,-196.0,2.0,0.0,1,0
P4353,2.405281875404685,1.75,1.0,1101.3,9.105709956889166,1927.2749999999999,-196.0,2.5,0.0,1,0
P4354,2.405281875404685,1.75,1.0,1101.3,9.105709956889166,1927.2749999999999,-114.0,1.5,0.0,1,0
P4355,2.405281875404685,1.75,1.0,1101.3,9.105709956889166,1927.2749999999999,-114.0,2.0,0.0,1,0
P4356,2.405281875404685,1.75,1.0,1101.3,9.105709956889166,1927.2749999999999,-114.0,2.5,0.0,1,0
P4357,2.405281875404685,1.75,1.0,1101.3,9.105709956889166,1927.2749999999999,-32.0,1.5,0.0,1,0
P4358,2.405281875404685,1.75,1.0,1101.3,9.105709956889166,1927.2749999999999,-32.0,2.0,0.0,1,0
P4359,2.405281875404685,1.75,1.0,1101.3,9.105709956889166,1927.2749999999999,-32.0,2.5,0.0,1,0
P4360,2.405281875404685,1.75,1.0,1101.3,9.105709956889166,1927.2749999999999,50.0,1.5,0.0,1,0
P4361,2.405281875404685,1.75,1.0,1101.3,9.105709956889166,1927.2749999999999,50.0,2.0,0.0,1,0
P4362,2.405281875404685,1.75,1.0,1101.3,9.105709956889166,1927.2749999999999,50.0,2.5,0.0,1,0
P4363,9.62112750161874,1.75,4.0,101.3,25.59907138823558,177.275,-196.0,1.5,0.0,1,0
P4364,9.62112750161874,1.75,4.0,101.3,25.59907138823558,177.275,-196.0,2.0,0.0,1,0
P4365,9.62112750161874,1.75,4.0,101.3,25.59907138823558,177.275,-196.0,2.5,0.0,1,0
P4366,9.62112750161874,1.75,4.0,101.3,25.59907138823558,177.275,-114.0,1.5,0.0,1,0
P4367,9.62112750161874,1.75,4.0,101.3,25.59907138823558,177.275,-114.0,2.0,0.0,1,0
P4368,9.62112750161874,1.75,4.0,101.3,25.59907138823558,177.275,-114.0,2.5,0.0,1,0
P4369,9.62112750161874,1.75,4.0,101.3,25.59907138823558,177.275,-32.0,1.5,0.0,1,0
P4370,9.62112750161874,1.75,4.0,101.3,25.59907138823558,177.275,-32.0,2.0,0.0,1,0
P4371,9.62112750161874,1.75,4.0,101.3,25.59907138823558,177.275,-32.0,2.5,0.0,1,0
P4372,9.62112750161874,1.75,4.0,101.3,25.59907138823558,177.275,50.0,1.5,0.0,1,0
P4373,9.62112750161874,1.75,4.0,101.3,25.59907138823558,177.275,50.0,2.0,0.0,1,0
P4374,9.62112750161874,1.75,4.0,101.3,25.59907138823558,177.275,50.0,2.5,0.0,1,0
P4375,9.62112750161874,1.75,4.0,367.9666666666667,25.59907138823558,643.9416666666667,-196.0,1.5,0.0,1,0
P4376,9.62112750161874,1.75,4.0,367.9666666666667,25.59907138823558,643.9416666666667,-196.0,2.0,0.0,1,0
P4377,9.62112750161874,1.75,4.0,367.9666666666667,25.59907138823558,643.9416666666667,-196.0,2.5,0.0,1,0
P4378,9.62112750161874,1.75,4.0,367.9666666666667,25.59907138823558,643.9416666666667,-114.0,1.5,0.0,1,0
P4379,9.62112750161874,1.75,4.0,367.9666666666667,25.59907138823558,643.9416666666667,-114.0,2.0,0.0,1,0
P4380,9.62112750161874,1.75,4.0,367.9666666666667,25.59907138823558,643.9416666666667,-114.0,2.5,0.0,1,0
P4381,9.62112750161874,1.75,4.0,367.9666666666667,25.59907138823558,643.9416666666667,-32.0,1.5,0.0,1,0
P4382,9.62112750161874,1.75,4.0,367.9666666666667,25.59907138823558,643.9416666666667,-32.0,2.0,0.0,1,0
P4383,9.62112750161874,1.75,4.0,367.9666666666667,25.59907138823558,643.9416666666667,-32.0,2.5,0.0,1,0
P4384,9.62112750161874,1.75,4.0,367.9666666666667,25.59907138823558,643.9416666666667,50.0,1.5,0.0,1,0
P4385,9.62112750161874,1.75,4.0,367.9666666666667,25.59907138823558,643.9416666666667,50.0,2.0,0.0,1,0
P4386,9.62112750161874,1.75,4.0,367.9666666666667,25.59907138823558,643.9416666666667,50.0,2.5,0.0,1,0
P4387,9.62112750161874,1.75,4.0,734.6333333333333,25.59907138823558,1285.6083333333333,-196.0,1.5,0.0,1,0
P4388,9.62112750161874,1.75,4.0,734.6333333333333,25.59907138823558,1285.6083333333333,-196.0,2.0,0.0,1,0
P4389,9.62112750161874,1.75,4.0,734.6333333333333,25.59907138823558,1285.6083333333333,-196.0,2.5,0.0,1,0
P4390,9.62112750161874,1.75,4.0,734.6333333333333,25.59907138823558,1285.6083333333333,-114.0,1.5,0.0,1,0
P4391,9.62112750161874,1.75,4.0,734.6333333333333,25.59907138823558,1285.6083333333333,-114.0,2.0,0.0,1,0
P4392,9.62112750161874,1.75,4.0,734.6333333333333,25.59907138823558,1285.6083333333333,-114.0,2.5,0.0,1,0
P4393,9.62112750161874,1.75,4.0,734.6333333333333,25.59907138823558,1285.6083333333333,-32.0,1.5,0.0,1,0
P4394,9.62112750161874,1.75,4.0,734.6333333333333,25.59907138823558,1285.6083333333333,-32.0,2.0,0.0,1,0
P4395,9.62112750161874,1.75,4.0,734.6333333333333,25.59907138823558,1285.6083333333333,-32.0,2.5,0.0,1,0
P4396,9.62112750161874,1.75,4.0,734.6333333333333,25.59907138823558,1285.6083333333333,50.0,1.5,0.0,1,0
P4397,9.62112750161874,1.75,4.0,734.6333333333333,25.59907138823558,1285.6083333333333,50.0,2.0,0.0,1,0
P4398,9.62112750161874,1.75,4.0,734.6333333333333,25.59907138823558,1285.6083333333333,50.0,2.5,0.0,1,0
P4399,9.62112750161874,1.75,4.0,1101.3,25.59907138823558,1927.2749999999999,-196.0,1.5,0.0,1,0
P4400,9.62112750161874,1.75,4.0,1101.3,25.59907138823558,1927.2749999999999,-196.0,2.0,0.0,1,0
P4401,9.62112750161874,1.75,4.0,1101.3,25.59907138823558,1927.2749999999999,-196.0,2.5,0.0,1,0
P4402,9.62112750161874,1.75,4.0,1101.3,25.59907138823558,1927.2749999999999,-114.0,1.5,0.0,1,0
P4403,9.62112750161874,1.75,4.0,1101.3,25.59907138823558,1927.2749999999999,-114.0,2.0,0.0,1,0
P4404,9.62112750161874,1.75,4.0,1101.3,25.59907138823558,1927.2749999999999,-114.0,2.5,0.0,1,0
P4405,9.62112750161874,1.75,4.0,1101.3,25.59907138823558,1927.2749999999999,-32.0,1.5,0.0,1,0
P4406,9.62112750161874,1.75,4.0,1101.3,25.59907138823558,1927.2749999999999,-32.0,2.0,0.0,1,0
P4407,9.62112750161874,1.75,4.0,1101.3,25.59907138823558,1927.2749999999999,-32.0,2.5,0.0,1,0
P4408,9.62112750161874,1.75,4.0,1101.3,25.59907138823558,1927.2749999999999,50.0,1.5,0.0,1,0
P4409,9.62112750161874,1.75,4.0,1101.3,25.59907138823558,1927.2749999999999,50.0,2.0,0.0,1,0
P4410,9.62112750161874,1.75,4.0,1101.3,25.59907138823558,1927.2749999999999,50.0,2.5,0.0,1,0
P4412,16.836973127832795,1.75,7.0,101.3,42.092432819581994,177.275,-196.0,2.0,0.0,1,0
P4413,16.836973127832795,1.75,7.0,101.3,42.092432819581994,177.275,-196.0,2.5,0.0,1,0
P4415,16.836973127832795,1.75,7.0,101.3,42.092432819581994,177.275,-114.0,2.0,0.0,1,0
P4416,16.836973127832795,1.75,7.0,101.3,42.092432819581994,177.275,-114.0,2.5,0.0,1,0
P4418,16.836973127832795,1.75,7.0,101.3,42.092432819581994,177.275,-32.0,2.0,0.0,1,0
P4419,16.836973127832795,1.75,7.0,101.3,42.092432819581994,177.275,-32.0,2.5,0.0,1,0
P4421,16.836973127832795,1.75,7.0,101.3,42.092432819581994,177.275,50.0,2.0,0.0,1,0
P4422,16.836973127832795,1.75,7.0,101.3,42.092432819581994,177.275,50.0,2.5,0.0,1,0
P4447,16.836973127832795,1.75,7.0,1101.3,42.092432819581994,1927.2749999999999,-196.0,1.5,0.0,1,0
P4448,16.836973127832795,1.75,7.0,1101.3,42.092432819581994,1927.2749999999999,-196.0,2.0,0.0,1,0
P4449,16.836973127832795,1.75,7.0,1101.3,42.092432819581994,1927.2749999999999,-196.0,2.5,0.0,1,0
P4450,16.836973127832795,1.75,7.0,1101.3,42.092432819581994,1927.2749999999999,-114.0,1.5,0.0,1,0
P4451,16.836973127832795,1.75,7.0,1101.3,42.092432819581994,1927.2749999999999,-114.0,2.0,0.0,1,0
P4452,16.836973127832795,1.75,7.0,1101.3,42.092432819581994,1927.2749999999999,-114.0,2.5,0.0,1,0
P4453,16.836973127832795,1.75,7.0,1101.3,42.092432819581994,1927.2749999999999,-32.0,1.5,0.0,1,0
P4454,16.836973127832795,1.75,7.0,1101.3,42.092432819581994,1927.2749999999999,-32.0,2.0,0.0,1,0
P4455,16.836973127832795,1.75,7.0,1101.3,42.092432819581994,1927.2749999999999,-32.0,2.5,0.0,1,0
P4456,16.836973127832795,1.75,7.0,1101.3,42.092432819581994,1927.2749999999999,50.0,1.5,0.0,1,0
P4457,16.836973127832795,1.75,7.0,1101.3,42.092432819581994,1927.2749999999999,50.0,2.0,0.0,1,0
P4458,16.836973127832795,1.75,7.0,1101.3,42.092432819581994,1927.2749999999999,50.0,2.5,0.0,1,0
P4495,24.052818754046857,1.75,10.0,1101.3,58.58579425092841,1927.2749999999999,-196.0,1.5,0.0,1,0
P4496,24.052818754046857,1.75,10.0,1101.3,58.58579425092841,1927.2749999999999,-196.0,2.0,0.0,1,0
P4497,24.052818754046857,1.75,10.0,1101.3,58.58579425092841,1927.2749999999999,-196.0,2.5,0.0,1,0
P4498,24.052818754046857,1.75,10.0,1101.3,58.58579425092841,1927.2749999999999,-114.0,1.5,0.0,1,0
P4499,24.052818754046857,1.75,10.0,1101.3,58.58579425092841,1927.2749999999999,-114.0,2.0,0.0,1,0
P4500,24.052818754046857,1.75,10.0,1101.3,58.58579425092841,1927.2749999999999,-114.0,2.5,0.0,1,0
P4501,24.052818754046857,1.75,10.0,1101.3,58.58579425092841,1927.2749999999999,-32.0,1.5,0.0,1,0
P4502,24.052818754046857,1.75,10.0,1101.3,58.58579425092841,1927.2749999999999,-32.0,2.0,0.0,1,0
P4503,24.052818754046857,1.75,10.0,1101.3,58.58579425092841,1927.2749999999999,-32.0,2.5,0.0,1,0
P4504,24.052818754046857,1.75,10.0,1101.3,58.58579425092841,1927.2749999999999,50.0,1.5,0.0,1,0
P4505,24.052818754046857,1.75,10.0,1101.3,58.58579425092841,1927.2749999999999,50.0,2.0,0.0,1,0
P4506,24.052818754046857,1.75,10.0,1101.3,58.58579425092841,1927.2749999999999,50.0,2.5,0.0,1,0
P4507,4.430136515413731,2.375,1.0,101.3,14.106487325396355,240.5875,-196.0,1.5,0.0,1,0
P4508,4.430136515413731,2.375,1.0,101.3,14.106487325396355,240.5875,-196.0,2.0,0.0,1,0
P4509,4.430136515413731,2.375,1.0,101.3,14.106487325396355,240.5875,-196.0,2.5,0.0,1,0
P4510,4.430136515413731,2.375,1.0,101.3,14.106487325396355,240.5875,-114.0,1.5,0.0,1,0
P4511,4.430136515413731,2.375,1.0,101.3,14.106487325396355,240.5875,-114.0,2.0,0.0,1,0
P4512,4.430136515413731,2.375,1.0,101.3,14.106487325396355,240.5875,-114.0,2.5,0.0,1,0
P4513,4.430136515413731,2.375,1.0,101.3,14.106487325396355,240.5875,-32.0,1.5,0.0,1,0
P4514,4.430136515413731,2.375,1.0,101.3,14.106487325396355,240.5875,-32.0,2.0,0.0,1,0
P4515,4.430136515413731,2.375,1.0,101.3,14.106487325396355,240.5875,-32.0,2.5,0.0,1,0
P4516,4.430136515413731,2.375,1.0,101.3,14.106487325396355,240.5875,50.0,1.5,0.0,1,0
P4517,4.430136515413731,2.375,1.0,101.3,14.106487325396355,240.5875,50.0,2.0,0.0,1,0
P4518,4.430136515413731,2.375,1.0,101.3,14.106487325396355,240.5875,50.0,2.5,0.0,1,0
P4519,4.430136515413731,2.375,1.0,367.9666666666667,14.106487325396355,873.9208333333333,-196.0,1.5,0.0,1,0
P4520,4.430136515413731,2.375,1.0,367.9666666666667,14.106487325396355,873.9208333333333,-196.0,2.0,0.0,1,0
P4521,4.430136515413731,2.375,1.0,367.9666666666667,14.106487325396355,873.9208333333333,-196.0,2.5,0.0,1,0
P4522,4.430136515413731,2.375,1.0,367.9666666666667,14.106487325396355,873.9208333333333,-114.0,1.5,0.0,1,0
P4523,4.430136515413731,2.375,1.0,367.9666666666667,14.106487325396355,873.9208333333333,-114.0,2.0,0.0,1,0
P4524,4.430136515413731,2.375,1.0,367.9666666666667,14.106487325396355,873.9208333333333,-114.0,2.5,0.0,1,0
P4525,4.430136515413731,2.375,1.0,367.9666666666667,14.106487325396355,873.9208333333333,-32.0,1.5,0.0,1,0
P4526,4.430136515413731,2.375,1.0,367.9666666666667,14.106487325396355,873.9208333333333,-32.0,2.0,0.0,1,0
P4527,4.430136515413731,2.375,1.0,367.9666666666667,14.106487325396355,873.9208333333333,-32.0,2.5,0.0,1,0
P4528,4.430136515413731,2.375,1.0,367.9666666666667,14.106487325396355,873.9208333333333,50.0,1.5,0.0,1,0
P4529,4.430136515413731,2.375,1.0,367.9666666666667,14.106487325396355,873.9208333333333,50.0,2.0,0.0,1,0
P4530,4.430136515413731,2.375,1.0,367.9666666666667,14.106487325396355,873.9208333333333,50.0,2.5,0.0,1,0
P4531,4.430136515413731,2.375,1.0,734.6333333333333,14.106487325396355,1744.7541666666666,-196.0,1.5,0.0,1,0
P4532,4.430136515413731,2.375,1.0,734.6333333333333,14.106487325396355,1744.7541666666666,-196.0,2.0,0.0,1,0
P4533,4.430136515413731,2.375,1.0,734.6333333333333,14.106487325396355,1744.7541666666666,-196.0,2.5,0.0,1,0
P4534,4.430136515413731,2.375,1.0,734.6333333333333,14.106487325396355,1744.7541666666666,-114.0,1.5,0.0,1,0
P4535,4.430136515413731,2.375,1.0,734.6333333333333,14.106487325396355,1744.7541666666666,-114.0,2.0,0.0,1,0
P4536,4.430136515413731,2.375,1.0,734.6333333333333,14.106487325396355,1744.7541666666666,-114.0,2.5,0.0,1,0
P4537,4.430136515413731,2.375,1.0,734.6333333333333,14.106487325396355,1744.7541666666666,-32.0,1.5,0.0,1,0
P4538,4.430136515413731,2.375,1.0,734.6333333333333,14.106487325396355,1744.7541666666666,-32.0,2.0,0.0,1,0
P4539,4.430136515413731,2.375,1.0,734.6333333333333,14.106487325396355,1744.7541666666666,-32.0,2.5,0.0,1,0
P4540,4.430136515413731,2.375,1.0,734.6333333333333,14.106487325396355,1744.7541666666666,50.0,1.5,0.0,1,0
P4541,4.430136515413731,2.375,1.0,734.6333333333333,14.106487325396355,1744.7541666666666,50.0,2.0,0.0,1,0
P4542,4.430136515413731,2.375,1.0,734.6333333333333,14.106487325396355,1744.7541666666666,50.0,2.5,0.0,1,0
P4543,4.430136515413731,2.375,1.0,1101.3,14.106487325396355,2615.5875,-196.0,1.5,0.0,1,0
P4544,4.430136515413731,2.375,1.0,1101.3,14.106487325396355,2615.5875,-196.0,2.0,0.0,1,0
P4545,4.430136515413731,2.375,1.0,1101.3,14.106487325396355,2615.5875,-196.0,2.5,0.0,1,0
P4546,4.430136515413731,2.375,1.0,1101.3,14.106487325396355,2615.5875,-114.0,1.5,0.0,1,0
P4547,4.430136515413731,2.375,1.0,1101.3,14.106487325396355,2615.5875,-114.0,2.0,0.0,1,0
P4548,4.430136515413731,2.375,1.0,1101.3,14.106487325396355,2615.5875,-114.0,2.5,0.0,1,0
P4549,4.430136515413731,2.375,1.0,1101.3,14.106487325396355,2615.5875,-32.0,1.5,0.0,1,0
P4550,4.430136515413731,2.375,1.0,1101.3,14.106487325396355,2615.5875,-32.0,2.0,0.0,1,0
P4551,4.430136515413731,2.375,1.0,1101.3,14.106487325396355,2615.5875,-32.0,2.5,0.0,1,0
P4552,4.430136515413731,2.375,1.0,1101.3,14.106487325396355,2615.5875,50.0,1.5,0.0,1,0
P4553,4.430136515413731,2.375,1.0,1101.3,14.106487325396355,2615.5875,50.0,2.0,0.0,1,0
P4554,4.430136515413731,2.375,1.0,1101.3,14.106487325396355,2615.5875,50.0,2.5,0.0,1,0
P4556,17.720546061654925,2.375,4.0,101.3,36.49033498222363,240.5875,-196.0,2.0,0.0,1,0
P4557,17.720546061654925,2.375,4.0,101.3,36.49033498222363,240.5875,-196.0,2.5,0.0,1,0
P4559,17.720546061654925,2.375,4.0,101.3,36.49033498222363,240.5875,-114.0,2.0,0.0,1,0
P4560,17.720546061654925,2.375,4.0,101.3,36.49033498222363,240.5875,-114.0,2.5,0.0,1,0
P4562,17.720546061654925,2.375,4.0,101.3,36.49033498222363,240.5875,-32.0,2.0,0.0,1,0
P4563,17.720546061654925,2.375,4.0,101.3,36.49033498222363,240.5875,-32.0,2.5,0.0,1,0
P4565,17.720546061654925,2.375,4.0,101.3,36.49033498222363,240.5875,50.0,2.0,0.0,1,0
P4566,17.720546061654925,2.375,4.0,101.3,36.49033498222363,240.5875,50.0,2.5,0.0,1,0
P4580,17.720546061654925,2.375,4.0,734.6333333333333,36.49033498222363,1744.7541666666666,-196.0,2.0,0.0,1,0
P4581,17.720546061654925,2.375,4.0,734.6333333333333,36.49033498222363,1744.7541666666666,-196.0,2.5,0.0,1,0
P4583,17.720546061654925,2.375,4.0,734.6333333333333,36.49033498222363,1744.7541666666666,-114.0,2.0,0.0,1,0
P4584,17.720546061654925,2.375,4.0,734.6333333333333,36.49033498222363,1744.7541666666666,-114.0,2.5,0.0,1,0
P4586,17.720546061654925,2.375,4.0,734.6333333333333,36.49033498222363,1744.7541666666666,-32.0,2.0,0.0,1,0
P4587,17.720546061654925,2.375,4.0,734.6333333333333,36.49033498222363,1744.7541666666666,-32.0,2.5,0.0,1,0
P4589,17.720546061654925,2.375,4.0,734.6333333333333,36.49033498222363,1744.7541666666666,50.0,2.0,0.0,1,0
P4590,17.720546061654925,2.375,4.0,734.6333333333333,36.49033498222363,1744.7541666666666,50.0,2.5,0.0,1,0
P4591,17.720546061654925,2.375,4.0,1101.3,36.49033498222363,2615.5875,-196.0,1.5,0.0,1,0
P4592,17.720546061654925,2.375,4.0,1101.3,36.49033498222363,2615.5875,-196.0,2.0,0.0,1,0
P4593,17.720546061654925,2.375,4.0,1101.3,36.49033498222363,2615.5875,-196.0,2.5,0.0,1,0
P4594,17.720546061654925,2.375,4.0,1101.3,36.49033498222363,2615.5875,-114.0,1.5,0.0,1,0
P4595,17.720546061654925,2.375,4.0,1101.3,36.49033498222363,2615.5875,-114.0,2.0,0.0,1,0
P4596,17.720546061654925,2.375,4.0,1101.3,36.49033498222363,2615.5875,-114.0,2.5,0.0,1,0
P4597,17.720546061654925,2.375,4.0,1101.3,36.49033498222363,2615.5875,-32.0,1.5,0.0,1,0
P4598,17.720546061654925,2.375,4.0,1101.3,36.49033498222363,2615.5875,-32.0,2.0,0.0,1,0
P4599,17.720546061654925,2.375,4.0,1101.3,36.49033498222363,2615.5875,-32.0,2.5,0.0,1,0
P4600,17.720546061654925,2.375,4.0,1101.3,36.49033498222363,2615.5875,50.0,1.5,0.0,1,0
P4601,17.720546061654925,2.375,4.0,1101.3,36.49033498222363,2615.5875,50.0,2.0,0.0,1,0
P4602,17.720546061654925,2.375,4.0,1101.3,36.49033498222363,2615.5875,50.0,2.5,0.0,1,0
P4699,7.0685834705770345,3.0,1.0,101.3,20.02765316663493,303.9,-196.0,1.5,0.0,1,0
P4700,7.0685834705770345,3.0,1.0,101.3,20.02765316663493,303.9,-196.0,2.0,0.0,1,0
P4701,7.0685834705770345,3.0,1.0,101.3,20.02765316663493,303.9,-196.0,2.5,0.0,1,0
P4702,7.0685834705770345,3.0,1.0,101.3,20.02765316663493,303.9,-114.0,1.5,0.0,1,0
P4703,7.0685834705770345,3.0,1.0,101.3,20.02765316663493,303.9,-114.0,2.0,0.0,1,0
P4704,7.0685834705770345,3.0,1.0,101.3,20.02765316663493,303.9,-114.0,2.5,0.0,1,0
P4705,7.0685834705770345,3.0,1.0,101.3,20.02765316663493,303.9,-32.0,1.5,0.0,1,0
P4706,7.0685834705770345,3.0,1.0,101.3,20.02765316663493,303.9,-32.0,2.0,0.0,1,0
P4707,7.0685834705770345,3.0,1.0,101.3,20.02765316663493,303.9,-32.0,2.5,0.0,1,0
P4708,7.0685834705770345,3.0,1.0,101.3,20.02765316663493,303.9,50.0,1.5,0.0,1,0
P4709,7.0685834705770345,3.0,1.0,101.3,20.02765316663493,303.9,50.0,2.0,0.0,1,0
P4710,7.0685834705770345,3.0,1.0,101.3,20.02765316663493,303.9,50.0,2.5,0.0,1,0
P4711,7.0685834705770345,3.0,1.0,367.9666666666667,20.02765316663493,1103.9,-196.0,1.5,0.0,1,0
P4712,7.0685834705770345,3.0,1.0,367.9666666666667,20.02765316663493,1103.9,-196.0,2.0,0.0,1,0
P4713,7.0685834705770345,3.0,1.0,367.9666666666667,20.02765316663493,1103.9,-196.0,2.5,0.0,1,0
P4714,7.0685834705770345,3.0,1.0,367.9666666666667,20.02765316663493,1103.9,-114.0,1.5,0.0,1,0
P4715,7.0685834705770345,3.0,1.0,367.9666666666667,20.02765316663493,1103.9,-114.0,2.0,0.0,1,0
P4716,7.0685834705770345,3.0,1.0,367.9666666666667,20.02765316663493,1103.9,-114.0,2.5,0.0,1,0
P4717,7.0685834705770345,3.0,1.0,367.9666666666667,20.02765316663493,1103.9,-32.0,1.5,0.0,1,0
P4718,7.0685834705770345,3.0,1.0,367.9666666666667,20.02765316663493,1103.9,-32.0,2.0,0.0,1,0
P4719,7.0685834705770345,3.0,1.0,367.9666666666667,20.02765316663493,1103.9,-32.0,2.5,0.0,1,0
P4720,7.0685834705770345,3.0,1.0,367.9666666666667,20.02765316663493,1103.9,50.0,1.5,0.0,1,0
P4721,7.0685834705770345,3.0,1.0,367.9666666666667,20.02765316663493,1103.9,50.0,2.0,0.0,1,0
P4722,7.0685834705770345,3.0,1.0,367.9666666666667,20.02765316663493,1103.9,50.0,2.5,0.0,1,0
P4723,7.0685834705770345,3.0,1.0,734.6333333333333,20.02765316663493,2203.9,-196.0,1.5,0.0,1,0
P4724,7.0685834705770345,3.0,1.0,734.6333333333333,20.02765316663493,2203.9,-196.0,2.0,0.0,1,0
P4725,7.0685834705770345,3.0,1.0,734.6333333333333,20.02765316663493,2203.9,-196.0,2.5,0.0,1,0
P4726,7.0685834705770345,3.0,1.0,734.6333333333333,20.02765316663493,2203.9,-114.0,1.5,0.0,1,0
P4727,7.0685834705770345,3.0,1.0,734.6333333333333,20.02765316663493,2203.9,-114.0,2.0,0.0,1,0
P4728,7.0685834705770345,3.0,1.0,734.6333333333333,20.02765316663493,2203.9,-114.0,2.5,0.0,1,0
P4729,7.0685834705770345,3.0,1.0,734.6333333333333,20.02765316663493,2203.9,-32.0,1.5,0.0,1,0
P4730,7.0685834705770345,3.0,1.0,734.6333333333333,20.02765316663493,2203.9,-32.0,2.0,0.0,1,0
P4731,7.0685834705770345,3.0,1.0,734.6333333333333,20.02765316663493,2203.9,-32.0,2.5,0.0,1,0
P4732,7.0685834705770345,3.0,1.0,734.6333333333333,20.02765316663493,2203.9,50.0,1.5,0.0,1,0
P4733,7.0685834705770345,3.0,1.0,734.6333333333333,20.02765316663493,2203.9,50.0,2.0,0.0,1,0
P4734,7.0685834705770345,3.0,1.0,734.6333333333333,20.02765316663493,2203.9,50.0,2.5,0.0,1,0
P4735,7.0685834705770345,3.0,1.0,1101.3,20.02765316663493,3303.8999999999996,-196.0,1.5,0.0,1,0
P4736,7.0685834705770345,3.0,1.0,1101.3,20.02765316663493,3303.8999999999996,-196.0,2.0,0.0,1,0
P4737,7.0685834705770345,3.0,1.0,1101.3,20.02765316663493,3303.8999999999996,-196.0,2.5,0.0,1,0
P4738,7.0685834705770345,3.0,1.0,1101.3,20.02765316663493,3303.8999999999996,-114.0,1.5,0.0,1,0
P4739,7.0685834705770345,3.0,1.0,1101.3,20.02765316663493,3303.8999999999996,-114.0,2.0,0.0,1,0
P4740,7.0685834705770345,3.0,1.0,1101.3,20.02765316663493,3303.8999999999996,-114.0,2.5,0.0,1,0
P4741,7.0685834705770345,3.0,1.0,1101.3,20.02765316663493,3303.8999999999996,-32.0,1.5,0.0,1,0
P4742,7.0685834705770345,3.0,1.0,1101.3,20.02765316663493,3303.8999999999996,-32.0,2.0,0.0,1,0
P4743,7.0685834705770345,3.0,1.0,1101.3,20.02765316663493,3303.8999999999996,-32.0,2.5,0.0,1,0
P4744,7.0685834705770345,3.0,1.0,1101.3,20.02765316663493,3303.8999999999996,50.0,1.5,0.0,1,0
P4745,7.0685834705770345,3.0,1.0,1101.3,20.02765316663493,3303.8999999999996,50.0,2.0,0.0,1,0
P4746,7.0685834705770345,3.0,1.0,1101.3,20.02765316663493,3303.8999999999996,50.0,2.5,0.0,1,0
P4783,28.274333882308134,3.0,4.0,1101.3,48.30198704894307,3303.8999999999996,-196.0,1.5,0.0,1,0
P4784,28.274333882308134,3.0,4.0,1101.3,48.30198704894307,3303.8999999999996,-196.0,2.0,0.0,1,0
P4785,28.274333882308134,3.0,4.0,1101.3,48.30198704894307,3303.8999999999996,-196.0,2.5,0.0,1,0
P4786,28.274333882308134,3.0,4.0,1101.3,48.30198704894307,3303.8999999999996,-114.0,1.5,0.0,1,0
P4787,28.274333882308134,3.0,4.0,1101.3,48.30198704894307,3303.8999999999996,-114.0,2.0,0.0,1,0
P4788,28.274333882308134,3.0,4.0,1101.3,48.30198704894307,3303.8999999999996,-114.0,2.5,0.0,1,0
P4789,28.274333882308134,3.0,4.0,1101.3,48.30198704894307,3303.8999999999996,-32.0,1.5,0.0,1,0
P4790,28.274333882308134,3.0,4.0,1101.3,48.30198704894307,3303.8999999999996,-32.0,2.0,0.0,1,0
P4791,28.274333882308134,3.0,4.0,1101.3,48.30198704894307,3303.8999999999996,-32.0,2.5,0.0,1,0
P4792,28.274333882308134,3.0,4.0,1101.3,48.30198704894307,3303.8999999999996,50.0,1.5,0.0,1,0
P4793,28.274333882308134,3.0,4.0,1101.3,48.30198704894307,3303.8999999999996,50.0,2.0,0.0,1,0
P4794,28.274333882308134,3.0,4.0,1101.3,48.30198704894307,3303.8999999999996,50.0,2.5,0.0,1,0
P4891,0.0706858347057703,0.3,1.0,101.3,1.0485065481355935,30.389999999999997,-196.0,0.0,0.0,1,0
P4892,0.0706858347057703,0.3,1.0,101.3,1.0485065481355935,30.389999999999997,-196.0,1.25,0.0,1,0
P4893,0.0706858347057703,0.3,1.0,101.3,1.0485065481355935,30.389999999999997,-196.0,2.5,0.0,1,0
P4894,0.0706858347057703,0.3,1.0,101.3,1.0485065481355935,30.389999999999997,-14.0,0.0,0.0,1,0
P4895,0.0706858347057703,0.3,1.0,101.3,1.0485065481355935,30.389999999999997,-14.0,1.25,0.0,1,0
P4896,0.0706858347057703,0.3,1.0,101.3,1.0485065481355935,30.389999999999997,-14.0,2.5,0.0,1,0
P4897,0.0706858347057703,0.3,1.0,101.3,1.0485065481355935,30.389999999999997,168.0,0.0,0.0,1,0
P4898,0.0706858347057703,0.3,1.0,101.3,1.0485065481355935,30.389999999999997,168.0,1.25,0.0,1,0
P4899,0.0706858347057703,0.3,1.0,101.3,1.0485065481355935,30.389999999999997,168.0,2.5,0.0,1,0
P4900,0.0706858347057703,0.3,1.0,101.3,1.0485065481355935,30.389999999999997,350.0,0.0,0.0,1,0
P4901,0.0706858347057703,0.3,1.0,101.3,1.0485065481355935,30.389999999999997,350.0,1.25,0.0,1,0
P4902,0.0706858347057703,0.3,1.0,101.3,1.0485065481355935,30.389999999999997,350.0,2.5,0.0,1,0
P4903,0.0706858347057703,0.3,1.0,3367.966666666667,1.0485065481355935,1010.3900000000001,-196.0,0.0,0.0,1,0
P4904,0.0706858347057703,0.3,1.0,3367.966666666667,1.0485065481355935,1010.3900000000001,-196.0,1.25,0.0,1,0
P4905,0.0706858347057703,0.3,1.0,3367.966666666667,1.0485065481355935,1010.3900000000001,-196.0,2.5,0.0,1,0
P4906,0.0706858347057703,0.3,1.0,3367.966666666667,1.0485065481355935,1010.3900000000001,-14.0,0.0,0.0,1,0
P4907,0.0706858347057703,0.3,1.0,3367.966666666667,1.0485065481355935,1010.3900000000001,-14.0,1.25,0.0,1,0
P4908,0.0706858347057703,0.3,1.0,3367.966666666667,1.0485065481355935,1010.3900000000001,-14.0,2.5,0.0,1,0
P4909,0.0706858347057703,0.3,1.0,3367.966666666667,1.0485065481355935,1010.3900000000001,168.0,0.0,0.0,1,0
P4910,0.0706858347057703,0.3,1.0,3367.966666666667,1.0485065481355935,1010.3900000000001,168.0,1.25,0.0,1,0
P4911,0.0706858347057703,0.3,1.0,3367.966666666667,1.0485065481355935,1010.3900000000001,168.0,2.5,0.0,1,0
P4912,0.0706858347057703,0.3,1.0,3367.966666666667,1.0485065481355935,1010.3900000000001,350.0,0.0,0.0,1,0
P4913,0.0706858347057703,0.3,1.0,3367.966666666667,1.0485065481355935,1010.3900000000001,350.0,1.25,0.0,1,0
P4914,0.0706858347057703,0.3,1.0,3367.966666666667,1.0485065481355935,1010.3900000000001,350.0,2.5,0.0,1,0
P4915,0.0706858347057703,0.3,1.0,6734.633333333333,1.0485065481355935,2020.3899999999999,-196.0,0.0,0.0,1,0
P4916,0.0706858347057703,0.3,1.0,6734.633333333333,1.0485065481355935,2020.3899999999999,-196.0,1.25,0.0,1,0
P4917,0.0706858347057703,0.3,1.0,6734.633333333333,1.0485065481355935,2020.3899999999999,-196.0,2.5,0.0,1,0
P4918,0.0706858347057703,0.3,1.0,6734.633333333333,1.0485065481355935,2020.3899999999999,-14.0,0.0,0.0,1,0
P4919,0.0706858347057703,0.3,1.0,6734.633333333333,1.0485065481355935,2020.3899999999999,-14.0,1.25,0.0,1,0
P4920,0.0706858347057703,0.3,1.0,6734.633333333333,1.0485065481355935,2020.3899999999999,-14.0,2.5,0.0,1,0
P4921,0.0706858347057703,0.3,1.0,6734.633333333333,1.0485065481355935,2020.3899999999999,168.0,0.0,0.0,1,0
P4922,0.0706858347057703,0.3,1.0,6734.633333333333,1.0485065481355935,2020.3899999999999,168.0,1.25,0.0,1,0
P4923,0.0706858347057703,0.3,1.0,6734.633333333333,1.0485065481355935,2020.3899999999999,168.0,2.5,0.0,1,0
P4924,0.0706858347057703,0.3,1.0,6734.633333333333,1.0485065481355935,2020.3899999999999,350.0,0.0,0.0,1,0
P4925,0.0706858347057703,0.3,1.0,6734.633333333333,1.0485065481355935,2020.3899999999999,350.0,1.25,0.0,1,0
P4926,0.0706858347057703,0.3,1.0,6734.633333333333,1.0485065481355935,2020.3899999999999,350.0,2.5,0.0,1,0
P4927,0.0706858347057703,0.3,1.0,10101.3,1.0485065481355935,3030.39,-196.0,0.0,0.0,1,0
P4928,0.0706858347057703,0.3,1.0,10101.3,1.0485065481355935,3030.39,-196.0,1.25,0.0,1,0
P4929,0.0706858347057703,0.3,1.0,10101.3,1.0485065481355935,3030.39,-196.0,2.5,0.0,1,0
P4930,0.0706858347057703,0.3,1.0,10101.3,1.0485065481355935,3030.39,-14.0,0.0,0.0,1,0
P4931,0.0706858347057703,0.3,1.0,10101.3,1.0485065481355935,3030.39,-14.0,1.25,0.0,1,0
P4932,0.0706858347057703,0.3,1.0,10101.3,1.0485065481355935,3030.39,-14.0,2.5,0.0,1,0
P4933,0.0706858347057703,0.3,1.0,10101.3,1.0485065481355935,3030.39,168.0,0.0,0.0,1,0
P4934,0.0706858347057703,0.3,1.0,10101.3,1.0485065481355935,3030.39,168.0,1.25,0.0,1,0
P4936,0.0706858347057703,0.3,1.0,10101.3,1.0485065481355935,3030.39,350.0,0.0,0.0,1,0
P4937,0.0706858347057703,0.3,1.0,10101.3,1.0485065481355935,3030.39,350.0,1.25,0.0,1,0
P4939,0.2356194490192344,0.3,3.333333333333333,101.3,3.2476214056484483,30.389999999999997,-196.0,0.0,0.0,1,0
P4940,0.2356194490192344,0.3,3.333333333333333,101.3,3.2476214056484483,30.389999999999997,-196.0,1.25,0.0,1,0
P4941,0.2356194490192344,0.3,3.333333333333333,101.3,3.2476214056484483,30.389999999999997,-196.0,2.5,0.0,1,0
P4942,0.2356194490192344,0.3,3.333333333333333,101.3,3.2476214056484483,30.389999999999997,-14.0,0.0,0.0,1,0
P4943,0.2356194490192344,0.3,3.333333333333333,101.3,3.2476214056484483,30.389999999999997,-14.0,1.25,0.0,1,0
P4944,0.2356194490192344,0.3,3.333333333333333,101.3,3.2476214056484483,30.389999999999997,-14.0,2.5,0.0,1,0
P4945,0.2356194490192344,0.3,3.333333333333333,101.3,3.2476214056484483,30.389999999999997,168.0,0.0,0.0,1,0
P4946,0.2356194490192344,0.3,3.333333333333333,101.3,3.2476214056484483,30.389999999999997,168.0,1.25,0.0,1,0
P4947,0.2356194490192344,0.3,3.333333333333333,101.3,3.2476214056484483,30.389999999999997,168.0,2.5,0.0,1,0
P4948,0.2356194490192344,0.3,3.333333333333333,101.3,3.2476214056484483,30.389999999999997,350.0,0.0,0.0,1,0
P4949,0.2356194490192344,0.3,3.333333333333333,101.3,3.2476214056484483,30.389999999999997,350.0,1.25,0.0,1,0
P4950,0.2356194490192344,0.3,3.333333333333333,101.3,3.2476214056484483,30.389999999999997,350.0,2.5,0.0,1,0
P4951,0.2356194490192344,0.3,3.333333333333333,3367.966666666667,3.2476214056484483,1010.3900000000001,-196.0,0.0,0.0,1,0
P4952,0.2356194490192344,0.3,3.333333333333333,3367.966666666667,3.2476214056484483,1010.3900000000001,-196.0,1.25,0.0,1,0
P4953,0.2356194490192344,0.3,3.333333333333333,3367.966666666667,3.2476214056484483,1010.3900000000001,-196.0,2.5,0.0,1,0
P4954,0.2356194490192344,0.3,3.333333333333333,3367.966666666667,3.2476214056484483,1010.3900000000001,-14.0,0.0,0.0,1,0
P4955,0.2356194490192344,0.3,3.333333333333333,3367.966666666667,3.2476214056484483,1010.3900000000001,-14.0,1.25,0.0,1,0
P4956,0.2356194490192344,0.3,3.333333333333333,3367.966666666667,3.2476214056484483,1010.3900000000001,-14.0,2.5,0.0,1,0
P4957,0.2356194490192344,0.3,3.333333333333333,3367.966666666667,3.2476214056484483,1010.3900000000001,168.0,0.0,0.0,1,0
P4958,0.2356194490192344,0.3,3.333333333333333,3367.966666666667,3.2476214056484483,1010.3900000000001,168.0,1.25,0.0,1,0
P4959,0.2356194490192344,0.3,3.333333333333333,3367.966666666667,3.2476214056484483,1010.3900000000001,168.0,2.5,0.0,1,0
P4960,0.2356194490192344,0.3,3.333333333333333,3367.966666666667,3.2476214056484483,1010.3900000000001,350.0,0.0,0.0,1,0
P4961,0.2356194490192344,0.3,3.333333333333333,3367.966666666667,3.2476214056484483,1010.3900000000001,350.0,1.25,0.0,1,0
P4962,0.2356194490192344,0.3,3.333333333333333,3367.966666666667,3.2476214056484483,1010.3900000000001,350.0,2.5,0.0,1,0
P4963,0.2356194490192344,0.3,3.333333333333333,6734.633333333333,3.2476214056484483,2020.3899999999999,-196.0,0.0,0.0,1,0
P4964,0.2356194490192344,0.3,3.333333333333333,6734.633333333333,3.2476214056484483,2020.3899999999999,-196.0,1.25,0.0,1,0
P4965,0.2356194490192344,0.3,3.333333333333333,6734.633333333333,3.2476214056484483,2020.3899999999999,-196.0,2.5,0.0,1,0
P4966,0.2356194490192344,0.3,3.333333333333333,6734.633333333333,3.2476214056484483,2020.3899999999999,-14.0,0.0,0.0,1,0
P4967,0.2356194490192344,0.3,3.333333333333333,6734.633333333333,3.2476214056484483,2020.3899999999999,-14.0,1.25,0.0,1,0
P4968,0.2356194490192344,0.3,3.333333333333333,6734.633333333333,3.2476214056484483,2020.3899999999999,-14.0,2.5,0.0,1,0
P4969,0.2356194490192344,0.3,3.333333333333333,6734.633333333333,3.2476214056484483,2020.3899999999999,168.0,0.0,0.0,1,0
P4970,0.2356194490192344,0.3,3.333333333333333,6734.633333333333,3.2476214056484483,2020.3899999999999,168.0,1.25,0.0,1,0
P4971,0.2356194490192344,0.3,3.333333333333333,6734.633333333333,3.2476214056484483,2020.3899999999999,168.0,2.5,0.0,1,0
P4972,0.2356194490192344,0.3,3.333333333333333,6734.633333333333,3.2476214056484483,2020.3899999999999,350.0,0.0,0.0,1,0
P4973,0.2356194490192344,0.3,3.333333333333333,6734.633333333333,3.2476214056484483,2020.3899999999999,350.0,1.25,0.0,1,0
P4974,0.2356194490192344,0.3,3.333333333333333,6734.633333333333,3.2476214056484483,2020.3899999999999,350.0,2.5,0.0,1,0
P4975,0.2356194490192344,0.3,3.333333333333333,10101.3,3.2476214056484483,3030.39,-196.0,0.0,0.0,1,0
P4976,0.2356194490192344,0.3,3.333333333333333,10101.3,3.2476214056484483,3030.39,-196.0,1.25,0.0,1,0
P4977,0.2356194490192344,0.3,3.333333333333333,10101.3,3.2476214056484483,3030.39,-196.0,2.5,0.0,1,0
P4978,0.2356194490192344,0.3,3.333333333333333,10101.3,3.2476214056484483,3030.39,-14.0,0.0,0.0,1,0
P4979,0.2356194490192344,0.3,3.333333333333333,10101.3,3.2476214056484483,3030.39,-14.0,1.25,0.0,1,0
P4980,0.2356194490192344,0.3,3.333333333333333,10101.3,3.2476214056484483,3030.39,-14.0,2.5,0.0,1,0
P4981,0.2356194490192344,0.3,3.333333333333333,10101.3,3.2476214056484483,3030.39,168.0,0.0,0.0,1,0
P4982,0.2356194490192344,0.3,3.333333333333333,10101.3,3.2476214056484483,3030.39,168.0,1.25,0.0,1,0
P4983,0.2356194490192344,0.3,3.333333333333333,10101.3,3.2476214056484483,3030.39,168.0,2.5,0.0,1,0
P4984,0.2356194490192344,0.3,3.333333333333333,10101.3,3.2476214056484483,3030.39,350.0,0.0,0.0,1,0
P4985,0.2356194490192344,0.3,3.333333333333333,10101.3,3.2476214056484483,3030.39,350.0,1.25,0.0,1,0
P4986,0.2356194490192344,0.3,3.333333333333333,10101.3,3.2476214056484483,3030.39,350.0,2.5,0.0,1,0
P4987,0.4005530633326986,0.3,5.666666666666667,101.3,5.446736263161304,30.389999999999997,-196.0,0.0,0.0,1,0
P4988,0.4005530633326986,0.3,5.666666666666667,101.3,5.446736263161304,30.389999999999997,-196.0,1.25,0.0,1,0
P4989,0.4005530633326986,0.3,5.666666666666667,101.3,5.446736263161304,30.389999999999997,-196.0,2.5,0.0,1,0
P4990,0.4005530633326986,0.3,5.666666666666667,101.3,5.446736263161304,30.389999999999997,-14.0,0.0,0.0,1,0
P4991,0.4005530633326986,0.3,5.666666666666667,101.3,5.446736263161304,30.389999999999997,-14.0,1.25,0.0,1,0
P4992,0.4005530633326986,0.3,5.666666666666667,101.3,5.446736263161304,30.389999999999997,-14.0,2.5,0.0,1,0
P4993,0.4005530633326986,0.3,5.666666666666667,101.3,5.446736263161304,30.389999999999997,168.0,0.0,0.0,1,0
P4994,0.4005530633326986,0.3,5.666666666666667,101.3,5.446736263161304,30.389999999999997,168.0,1.25,0.0,1,0
P4995,0.4005530633326986,0.3,5.666666666666667,101.3,5.446736263161304,30.389999999999997,168.0,2.5,0.0,1,0
P4996,0.4005530633326986,0.3,5.666666666666667,101.3,5.446736263161304,30.389999999999997,350.0,0.0,0.0,1,0
P4997,0.4005530633326986,0.3,5.666666666666667,101.3,5.446736263161304,30.389999999999997,350.0,1.25,0.0,1,0
P4998,0.4005530633326986,0.3,5.666666666666667,101.3,5.446736263161304,30.389999999999997,350.0,2.5,0.0,1,0
P4999,0.4005530633326986,0.3,5.666666666666667,3367.966666666667,5.446736263161304,1010.3900000000001,-196.0,0.0,0.0,1,0
P5000,0.4005530633326986,0.3,5.666666666666667,3367.966666666667,5.446736263161304,1010.3900000000001,-196.0,1.25,0.0,1,0
P5001,0.4005530633326986,0.3,5.666666666666667,3367.966666666667,5.446736263161304,1010.3900000000001,-196.0,2.5,0.0,1,0
P5002,0.4005530633326986,0.3,5.666666666666667,3367.966666666667,5.446736263161304,1010.3900000000001,-14.0,0.0,0.0,1,0
P5003,0.4005530633326986,0.3,5.666666666666667,3367.966666666667,5.446736263161304,1010.3900000000001,-14.0,1.25,0.0,1,0
P5004,0.4005530633326986,0.3,5.666666666666667,3367.966666666667,5.446736263161304,1010.3900000000001,-14.0,2.5,0.0,1,0
P5005,0.4005530633326986,0.3,5.666666666666667,3367.966666666667,5.446736263161304,1010.3900000000001,168.0,0.0,0.0,1,0
P5006,0.4005530633326986,0.3,5.666666666666667,3367.966666666667,5.446736263161304,1010.3900000000001,168.0,1.25,0.0,1,0
P5007,0.4005530633326986,0.3,5.666666666666667,3367.966666666667,5.446736263161304,1010.3900000000001,168.0,2.5,0.0,1,0
P5008,0.4005530633326986,0.3,5.666666666666667,3367.966666666667,5.446736263161304,1010.3900000000001,350.0,0.0,0.0,1,0
P5009,0.4005530633326986,0.3,5.666666666666667,3367.966666666667,5.446736263161304,1010.3900000000001,350.0,1.25,0.0,1,0
P5010,0.4005530633326986,0.3,5.666666666666667,3367.966666666667,5.446736263161304,1010.3900000000001,350.0,2.5,0.0,1,0
P5011,0.4005530633326986,0.3,5.666666666666667,6734.633333333333,5.446736263161304,2020.3899999999999,-196.0,0.0,0.0,1,0
P5012,0.4005530633326986,0.3,5.666666666666667,6734.633333333333,5.446736263161304,2020.3899999999999,-196.0,1.25,0.0,1,0
P5013,0.4005530633326986,0.3,5.666666666666667,6734.633333333333,5.446736263161304,2020.3899999999999,-196.0,2.5,0.0,1,0
P5014,0.4005530633326986,0.3,5.666666666666667,6734.633333333333,5.446736263161304,2020.3899999999999,-14.0,0.0,0.0,1,0
P5015,0.4005530633326986,0.3,5.666666666666667,6734.633333333333,5.446736263161304,2020.3899999999999,-14.0,1.25,0.0,1,0
P5016,0.4005530633326986,0.3,5.666666666666667,6734.633333333333,5.446736263161304,2020.3899999999999,-14.0,2.5,0.0,1,0
P5017,0.4005530633326986,0.3,5.666666666666667,6734.633333333333,5.446736263161304,2020.3899999999999,168.0,0.0,0.0,1,0
P5018,0.4005530633326986,0.3,5.666666666666667,6734.633333333333,5.446736263161304,2020.3899999999999,168.0,1.25,0.0,1,0
P5019,0.4005530633326986,0.3,5.666666666666667,6734.633333333333,5.446736263161304,2020.3899999999999,168.0,2.5,0.0,1,0
P5020,0.4005530633326986,0.3,5.666666666666667,6734.633333333333,5.446736263161304,2020.3899999999999,350.0,0.0,0.0,1,0
P5021,0.4005530633326986,0.3,5.666666666666667,6734.633333333333,5.446736263161304,2020.3899999999999,350.0,1.25,0.0,1,0
P5022,0.4005530633326986,0.3,5.666666666666667,6734.633333333333,5.446736263161304,2020.3899999999999,350.0,2.5,0.0,1,0
P5023,0.4005530633326986,0.3,5.666666666666667,10101.3,5.446736263161304,3030.39,-196.0,0.0,0.0,1,0
P5024,0.4005530633326986,0.3,5.666666666666667,10101.3,5.446736263161304,3030.39,-196.0,1.25,0.0,1,0
P5025,0.4005530633326986,0.3,5.666666666666667,10101.3,5.446736263161304,3030.39,-196.0,2.5,0.0,1,0
P5026,0.4005530633326986,0.3,5.666666666666667,10101.3,5.446736263161304,3030.39,-14.0,0.0,0.0,1,0
P5027,0.4005530633326986,0.3,5.666666666666667,10101.3,5.446736263161304,3030.39,-14.0,1.25,0.0,1,0
P5028,0.4005530633326986,0.3,5.666666666666667,10101.3,5.446736263161304,3030.39,-14.0,2.5,0.0,1,0
P5029,0.4005530633326986,0.3,5.666666666666667,10101.3,5.446736263161304,3030.39,168.0,0.0,0.0,1,0
P5030,0.4005530633326986,0.3,5.666666666666667,10101.3,5.446736263161304,3030.39,168.0,1.25,0.0,1,0
P5031,0.4005530633326986,0.3,5.666666666666667,10101.3,5.446736263161304,3030.39,168.0,2.5,0.0,1,0
P5032,0.4005530633326986,0.3,5.666666666666667,10101.3,5.446736263161304,3030.39,350.0,0.0,0.0,1,0
P5033,0.4005530633326986,0.3,5.666666666666667,10101.3,5.446736263161304,3030.39,350.0,1.25,0.0,1,0
P5034,0.4005530633326986,0.3,5.666666666666667,10101.3,5.446736263161304,3030.39,350.0,2.5,0.0,1,0
P5035,0.5654866776461628,0.3,8.0,101.3,7.645851120674159,30.389999999999997,-196.0,0.0,0.0,1,0
P5036,0.5654866776461628,0.3,8.0,101.3,7.645851120674159,30.389999999999997,-196.0,1.25,0.0,1,0
P5037,0.5654866776461628,0.3,8.0,101.3,7.645851120674159,30.389999999999997,-196.0,2.5,0.0,1,0
P5038,0.5654866776461628,0.3,8.0,101.3,7.645851120674159,30.389999999999997,-14.0,0.0,0.0,1,0
P5039,0.5654866776461628,0.3,8.0,101.3,7.645851120674159,30.389999999999997,-14.0,1.25,0.0,1,0
P5040,0.5654866776461628,0.3,8.0,101.3,7.645851120674159,30.389999999999997,-14.0,2.5,0.0,1,0
P5041,0.5654866776461628,0.3,8.0,101.3,7.645851120674159,30.389999999999997,168.0,0.0,0.0,1,0
P5042,0.5654866776461628,0.3,8.0,101.3,7.645851120674159,30.389999999999997,168.0,1.25,0.0,1,0
P5043,0.5654866776461628,0.3,8.0,101.3,7.645851120674159,30.389999999999997,168.0,2.5,0.0,1,0
P5044,0.5654866776461628,0.3,8.0,101.3,7.645851120674159,30.389999999999997,350.0,0.0,0.0,1,0
P5045,0.5654866776461628,0.3,8.0,101.3,7.645851120674159,30.389999999999997,350.0,1.25,0.0,1,0
P5046,0.5654866776461628,0.3,8.0,101.3,7.645851120674159,30.389999999999997,350.0,2.5,0.0,1,0
P5047,0.5654866776461628,0.3,8.0,3367.966666666667,7.645851120674159,1010.3900000000001,-196.0,0.0,0.0,1,0
P5048,0.5654866776461628,0.3,8.0,3367.966666666667,7.645851120674159,1010.3900000000001,-196.0,1.25,0.0,1,0
P5049,0.5654866776461628,0.3,8.0,3367.966666666667,7.645851120674159,1010.3900000000001,-196.0,2.5,0.0,1,0
P5050,0.5654866776461628,0.3,8.0,3367.966666666667,7.645851120674159,1010.3900000000001,-14.0,0.0,0.0,1,0
P5051,0.5654866776461628,0.3,8.0,3367.966666666667,7.645851120674159,1010.3900000000001,-14.0,1.25,0.0,1,0
P5052,0.5654866776461628,0.3,8.0,3367.966666666667,7.645851120674159,1010.3900000000001,-14.0,2.5,0.0,1,0
P5053,0.5654866776461628,0.3,8.0,3367.966666666667,7.645851120674159,1010.3900000000001,168.0,0.0,0.0,1,0
P5054,0.5654866776461628,0.3,8.0,3367.966666666667,7.645851120674159,1010.3900000000001,168.0,1.25,0.0,1,0
P5055,0.5654866776461628,0.3,8.0,3367.966666666667,7.645851120674159,1010.3900000000001,168.0,2.5,0.0,1,0
P5056,0.5654866776461628,0.3,8.0,3367.966666666667,7.645851120674159,1010.3900000000001,350.0,0.0,0.0,1,0
P5057,0.5654866776461628,0.3,8.0,3367.966666666667,7.645851120674159,1010.3900000000001,350.0,1.25,0.0,1,0
P5058,0.5654866776461628,0.3,8.0,3367.966666666667,7.645851120674159,1010.3900000000001,350.0,2.5,0.0,1,0
P5059,0.5654866776461628,0.3,8.0,6734.633333333333,7.645851120674159,2020.3899999999999,-196.0,0.0,0.0,1,0
P5060,0.5654866776461628,0.3,8.0,6734.633333333333,7.645851120674159,2020.3899999999999,-196.0,1.25,0.0,1,0
P5061,0.5654866776461628,0.3,8.0,6734.633333333333,7.645851120674159,2020.3899999999999,-196.0,2.5,0.0,1,0
P5062,0.5654866776461628,0.3,8.0,6734.633333333333,7.645851120674159,2020.3899999999999,-14.0,0.0,0.0,1,0
P5063,0.5654866776461628,0.3,8.0,6734.633333333333,7.645851120674159,2020.3899999999999,-14.0,1.25,0.0,1,0
P5064,0.5654866776461628,0.3,8.0,6734.633333333333,7.645851120674159,2020.3899999999999,-14.0,2.5,0.0,1,0
P5065,0.5654866776461628,0.3,8.0,6734.633333333333,7.645851120674159,2020.3899999999999,168.0,0.0,0.0,1,0
P5066,0.5654866776461628,0.3,8.0,6734.633333333333,7.645851120674159,2020.3899999999999,168.0,1.25,0.0,1,0
P5067,0.5654866776461628,0.3,8.0,6734.633333333333,7.645851120674159,2020.3899999999999,168.0,2.5,0.0,1,0
P5068,0.5654866776461628,0.3,8.0,6734.633333333333,7.645851120674159,2020.3899999999999,350.0,0.0,0.0,1,0
P5069,0.5654866776461628,0.3,8.0,6734.633333333333,7.645851120674159,2020.3899999999999,350.0,1.25,0.0,1,0
P5070,0.5654866776461628,0.3,8.0,6734.633333333333,7.645851120674159,2020.3899999999999,350.0,2.5,0.0,1,0
P5071,0.5654866776461628,0.3,8.0,10101.3,7.645851120674159,3030.39,-196.0,0.0,0.0,1,0
P5072,0.5654866776461628,0.3,8.0,10101.3,7.645851120674159,3030.39,-196.0,1.25,0.0,1,0
P5073,0.5654866776461628,0.3,8.0,10101.3,7.645851120674159,3030.39,-196.0,2.5,0.0,1,0
P5074,0.5654866776461628,0.3,8.0,10101.3,7.645851120674159,3030.39,-14.0,0.0,0.0,1,0
P5075,0.5654866776461628,0.3,8.0,10101.3,7.645851120674159,3030.39,-14.0,1.25,0.0,1,0
P5076,0.5654866776461628,0.3,8.0,10101.3,7.645851120674159,3030.39,-14.0,2.5,0.0,1,0
P5077,0.5654866776461628,0.3,8.0,10101.3,7.645851120674159,3030.39,168.0,0.0,0.0,1,0
P5078,0.5654866776461628,0.3,8.0,10101.3,7.645851120674159,3030.39,168.0,1.25,0.0,1,0
P5079,0.5654866776461628,0.3,8.0,10101.3,7.645851120674159,3030.39,168.0,2.5,0.0,1,0
P5080,0.5654866776461628,0.3,8.0,10101.3,7.645851120674159,3030.39,350.0,0.0,0.0,1,0
P5081,0.5654866776461628,0.3,8.0,10101.3,7.645851120674159,3030.39,350.0,1.25,0.0,1,0
P5082,0.5654866776461628,0.3,8.0,10101.3,7.645851120674159,3030.39,350.0,2.5,0.0,1,0
P5083,0.2164753687864216,0.5249999999999999,1.0,101.3,1.9740491963142737,53.18249999999999,-196.0,0.0,0.0,1,0
P5084,0.2164753687864216,0.5249999999999999,1.0,101.3,1.9740491963142737,53.18249999999999,-196.0,1.25,0.0,1,0
P5085,0.2164753687864216,0.5249999999999999,1.0,101.3,1.9740491963142737,53.18249999999999,-196.0,2.5,0.0,1,0
P5086,0.2164753687864216,0.5249999999999999,1.0,101.3,1.9740491963142737,53.18249999999999,-14.0,0.0,0.0,1,0
P5087,0.2164753687864216,0.5249999999999999,1.0,101.3,1.9740491963142737,53.18249999999999,-14.0,1.25,0.0,1,0
P5088,0.2164753687864216,0.5249999999999999,1.0,101.3,1.9740491963142737,53.18249999999999,-14.0,2.5,0.0,1,0
P5089,0.2164753687864216,0.5249999999999999,1.0,101.3,1.9740491963142737,53.18249999999999,168.0,0.0,0.0,1,0
P5090,0.2164753687864216,0.5249999999999999,1.0,101.3,1.9740491963142737,53.18249999999999,168.0,1.25,0.0,1,0
P5091,0.2164753687864216,0.5249999999999999,1.0,101.3,1.9740491963142737,53.18249999999999,168.0,2.5,0.0,1,0
P5092,0.2164753687864216,0.5249999999999999,1.0,101.3,1.9740491963142737,53.18249999999999,350.0,0.0,0.0,1,0
P5093,0.2164753687864216,0.5249999999999999,1.0,101.3,1.9740491963142737,53.18249999999999,350.0,1.25,0.0,1,0
P5094,0.2164753687864216,0.5249999999999999,1.0,101.3,1.9740491963142737,53.18249999999999,350.0,2.5,0.0,1,0
P5095,0.2164753687864216,0.5249999999999999,1.0,3367.966666666667,1.9740491963142737,1768.1825,-196.0,0.0,0.0,1,0
P5096,0.2164753687864216,0.5249999999999999,1.0,3367.966666666667,1.9740491963142737,1768.1825,-196.0,1.25,0.0,1,0
P5097,0.2164753687864216,0.5249999999999999,1.0,3367.966666666667,1.9740491963142737,1768.1825,-196.0,2.5,0.0,1,0
P5098,0.2164753687864216,0.5249999999999999,1.0,3367.966666666667,1.9740491963142737,1768.1825,-14.0,0.0,0.0,1,0
P5099,0.2164753687864216,0.5249999999999999,1.0,3367.966666666667,1.9740491963142737,1768.1825,-14.0,1.25,0.0,1,0
P5100,0.2164753687864216,0.5249999999999999,1.0,3367.966666666667,1.9740491963142737,1768.1825,-14.0,2.5,0.0,1,0
P5101,0.2164753687864216,0.5249999999999999,1.0,3367.966666666667,1.9740491963142737,1768.1825,168.0,0.0,0.0,1,0
P5102,0.2164753687864216,0.5249999999999999,1.0,3367.966666666667,1.9740491963142737,1768.1825,168.0,1.25,0.0,1,0
P5103,0.2164753687864216,0.5249999999999999,1.0,3367.966666666667,1.9740491963142737,1768.1825,168.0,2.5,0.0,1,0
P5104,0.2164753687864216,0.5249999999999999,1.0,3367.966666666667,1.9740491963142737,1768.1825,350.0,0.0,0.0,1,0
P5105,0.2164753687864216,0.5249999999999999,1.0,3367.966666666667,1.9740491963142737,1768.1825,350.0,1.25,0.0,1,0
P5106,0.2164753687864216,0.5249999999999999,1.0,3367.966666666667,1.9740491963142737,1768.1825,350.0,2.5,0.0,1,0
P5107,0.2164753687864216,0.5249999999999999,1.0,6734.633333333333,1.9740491963142737,3535.6824999999994,-196.0,0.0,0.0,1,0
P5108,0.2164753687864216,0.5249999999999999,1.0,6734.633333333333,1.9740491963142737,3535.6824999999994,-196.0,1.25,0.0,1,0
P5109,0.2164753687864216,0.5249999999999999,1.0,6734.633333333333,1.9740491963142737,3535.6824999999994,-196.0,2.5,0.0,1,0
P5110,0.2164753687864216,0.5249999999999999,1.0,6734.633333333333,1.9740491963142737,3535.6824999999994,-14.0,0.0,0.0,1,0
P5111,0.2164753687864216,0.5249999999999999,1.0,6734.633333333333,1.9740491963142737,3535.6824999999994,-14.0,1.25,0.0,1,0
P5112,0.2164753687864216,0.5249999999999999,1.0,6734.633333333333,1.9740491963142737,3535.6824999999994,-14.0,2.5,0.0,1,0
P5113,0.2164753687864216,0.5249999999999999,1.0,6734.633333333333,1.9740491963142737,3535.6824999999994,168.0,0.0,0.0,1,0
P5114,0.2164753687864216,0.5249999999999999,1.0,6734.633333333333,1.9740491963142737,3535.6824999999994,168.0,1.25,0.0,1,0
P5115,0.2164753687864216,0.5249999999999999,1.0,6734.633333333333,1.9740491963142737,3535.6824999999994,168.0,2.5,0.0,1,0
P5116,0.2164753687864216,0.5249999999999999,1.0,6734.633333333333,1.9740491963142737,3535.6824999999994,350.0,0.0,0.0,1,0
P5117,0.2164753687864216,0.5249999999999999,1.0,6734.633333333333,1.9740491963142737,3535.6824999999994,350.0,1.25,0.0,1,0
P5118,0.2164753687864216,0.5249999999999999,1.0,6734.633333333333,1.9740491963142737,3535.6824999999994,350.0,2.5,0.0,1,0
P5119,0.2164753687864216,0.5249999999999999,1.0,10101.3,1.9740491963142737,5303.182499999999,-196.0,0.0,0.0,1,0
P5120,0.2164753687864216,0.5249999999999999,1.0,10101.3,1.9740491963142737,5303.182499999999,-196.0,1.25,0.0,1,0
P5121,0.2164753687864216,0.5249999999999999,1.0,10101.3,1.9740491963142737,5303.182499999999,-196.0,2.5,0.0,1,0
P5122,0.2164753687864216,0.5249999999999999,1.0,10101.3,1.9740491963142737,5303.182499999999,-14.0,0.0,0.0,1,0
P5123,0.2164753687864216,0.5249999999999999,1.0,10101.3,1.9740491963142737,5303.182499999999,-14.0,1.25,0.0,1,0
P5124,0.2164753687864216,0.5249999999999999,1.0,10101.3,1.9740491963142737,5303.182499999999,-14.0,2.5,0.0,1,0
P5125,0.2164753687864216,0.5249999999999999,1.0,10101.3,1.9740491963142737,5303.182499999999,168.0,0.0,0.0,1,0
P5126,0.2164753687864216,0.5249999999999999,1.0,10101.3,1.9740491963142737,5303.182499999999,168.0,1.25,0.0,1,0
P5127,0.2164753687864216,0.5249999999999999,1.0,10101.3,1.9740491963142737,5303.182499999999,168.0,2.5,0.0,1,0
P5128,0.2164753687864216,0.5249999999999999,1.0,10101.3,1.9740491963142737,5303.182499999999,350.0,0.0,0.0,1,0
P5129,0.2164753687864216,0.5249999999999999,1.0,10101.3,1.9740491963142737,5303.182499999999,350.0,1.25,0.0,1,0
P5130,0.2164753687864216,0.5249999999999999,1.0,10101.3,1.9740491963142737,5303.182499999999,350.0,2.5,0.0,1,0
P5131,0.7215845626214052,0.5249999999999999,3.333333333333333,101.3,5.822500196961769,53.18249999999999,-196.0,0.0,0.0,1,0
P5132,0.7215845626214052,0.5249999999999999,3.333333333333333,101.3,5.822500196961769,53.18249999999999,-196.0,1.25,0.0,1,0
P5133,0.7215845626214052,0.5249999999999999,3.333333333333333,101.3,5.822500196961769,53.18249999999999,-196.0,2.5,0.0,1,0
P5134,0.7215845626214052,0.5249999999999999,3.333333333333333,101.3,5.822500196961769,53.18249999999999,-14.0,0.0,0.0,1,0
P5135,0.7215845626214052,0.5249999999999999,3.333333333333333,101.3,5.822500196961769,53.18249999999999,-14.0,1.25,0.0,1,0
P5136,0.7215845626214052,0.5249999999999999,3.333333333333333,101.3,5.822500196961769,53.18249999999999,-14.0,2.5,0.0,1,0
P5137,0.7215845626214052,0.5249999999999999,3.333333333333333,101.3,5.822500196961769,53.18249999999999,168.0,0.0,0.0,1,0
P5138,0.7215845626214052,0.5249999999999999,3.333333333333333,101.3,5.822500196961769,53.18249999999999,168.0,1.25,0.0,1,0
P5139,0.7215845626214052,0.5249999999999999,3.333333333333333,101.3,5.822500196961769,53.18249999999999,168.0,2.5,0.0,1,0
P5140,0.7215845626214052,0.5249999999999999,3.333333333333333,101.3,5.822500196961769,53.18249999999999,350.0,0.0,0.0,1,0
P5141,0.7215845626214052,0.5249999999999999,3.333333333333333,101.3,5.822500196961769,53.18249999999999,350.0,1.25,0.0,1,0
P5142,0.7215845626214052,0.5249999999999999,3.333333333333333,101.3,5.822500196961769,53.18249999999999,350.0,2.5,0.0,1,0
P5143,0.7215845626214052,0.5249999999999999,3.333333333333333,3367.966666666667,5.822500196961769,1768.1825,-196.0,0.0,0.0,1,0
P5144,0.7215845626214052,0.5249999999999999,3.333333333333333,3367.966666666667,5.822500196961769,1768.1825,-196.0,1.25,0.0,1,0
P5145,0.7215845626214052,0.5249999999999999,3.333333333333333,3367.966666666667,5.822500196961769,1768.1825,-196.0,2.5,0.0,1,0
P5146,0.7215845626214052,0.5249999999999999,3.333333333333333,3367.966666666667,5.822500196961769,1768.1825,-14.0,0.0,0.0,1,0
P5147,0.7215845626214052,0.5249999999999999,3.333333333333333,3367.966666666667,5.822500196961769,1768.1825,-14.0,1.25,0.0,1,0
P5148,0.7215845626214052,0.5249999999999999,3.333333333333333,3367.966666666667,5.822500196961769,1768.1825,-14.0,2.5,0.0,1,0
P5149,0.7215845626214052,0.5249999999999999,3.333333333333333,3367.966666666667,5.822500196961769,1768.1825,168.0,0.0,0.0,1,0
P5150,0.7215845626214052,0.5249999999999999,3.333333333333333,3367.966666666667,5.822500196961769,1768.1825,168.0,1.25,0.0,1,0
P5151,0.7215845626214052,0.5249999999999999,3.333333333333333,3367.966666666667,5.822500196961769,1768.1825,168.0,2.5,0.0,1,0
P5152,0.7215845626214052,0.5249999999999999,3.333333333333333,3367.966666666667,5.822500196961769,1768.1825,350.0,0.0,0.0,1,0
P5153,0.7215845626214052,0.5249999999999999,3.333333333333333,3367.966666666667,5.822500196961769,1768.1825,350.0,1.25,0.0,1,0
P5154,0.7215845626214052,0.5249999999999999,3.333333333333333,3367.966666666667,5.822500196961769,1768.1825,350.0,2.5,0.0,1,0
P5155,0.7215845626214052,0.5249999999999999,3.333333333333333,6734.633333333333,5.822500196961769,3535.6824999999994,-196.0,0.0,0.0,1,0
P5156,0.7215845626214052,0.5249999999999999,3.333333333333333,6734.633333333333,5.822500196961769,3535.6824999999994,-196.0,1.25,0.0,1,0
P5157,0.7215845626214052,0.5249999999999999,3.333333333333333,6734.633333333333,5.822500196961769,3535.6824999999994,-196.0,2.5,0.0,1,0
P5158,0.7215845626214052,0.5249999999999999,3.333333333333333,6734.633333333333,5.822500196961769,3535.6824999999994,-14.0,0.0,0.0,1,0
P5159,0.7215845626214052,0.5249999999999999,3.333333333333333,6734.633333333333,5.822500196961769,3535.6824999999994,-14.0,1.25,0.0,1,0
P5160,0.7215845626214052,0.5249999999999999,3.333333333333333,6734.633333333333,5.822500196961769,3535.6824999999994,-14.0,2.5,0.0,1,0
P5161,0.7215845626214052,0.5249999999999999,3.333333333333333,6734.633333333333,5.822500196961769,3535.6824999999994,168.0,0.0,0.0,1,0
P5162,0.7215845626214052,0.5249999999999999,3.333333333333333,6734.633333333333,5.822500196961769,3535.6824999999994,168.0,1.25,0.0,1,0
P5163,0.7215845626214052,0.5249999999999999,3.333333333333333,6734.633333333333,5.822500196961769,3535.6824999999994,168.0,2.5,0.0,1,0
P5164,0.7215845626214052,0.5249999999999999,3.333333333333333,6734.633333333333,5.822500196961769,3535.6824999999994,350.0,0.0,0.0,1,0
P5165,0.7215845626214052,0.5249999999999999,3.333333333333333,6734.633333333333,5.822500196961769,3535.6824999999994,350.0,1.25,0.0,1,0
P5166,0.7215845626214052,0.5249999999999999,3.333333333333333,6734.633333333333,5.822500196961769,3535.6824999999994,350.0,2.5,0.0,1,0
P5167,0.7215845626214052,0.5249999999999999,3.333333333333333,10101.3,5.822500196961769,5303.182499999999,-196.0,0.0,0.0,1,0
P5168,0.7215845626214052,0.5249999999999999,3.333333333333333,10101.3,5.822500196961769,5303.182499999999,-196.0,1.25,0.0,1,0
P5169,0.7215845626214052,0.5249999999999999,3.333333333333333,10101.3,5.822500196961769,5303.182499999999,-196.0,2.5,0.0,1,0
P5170,0.7215845626214052,0.5249999999999999,3.333333333333333,10101.3,5.822500196961769,5303.182499999999,-14.0,0.0,0.0,1,0
P5171,0.7215845626214052,0.5249999999999999,3.333333333333333,10101.3,5.822500196961769,5303.182499999999,-14.0,1.25,0.0,1,0
P5172,0.7215845626214052,0.5249999999999999,3.333333333333333,10101.3,5.822500196961769,5303.182499999999,-14.0,2.5,0.0,1,0
P5173,0.7215845626214052,0.5249999999999999,3.333333333333333,10101.3,5.822500196961769,5303.182499999999,168.0,0.0,0.0,1,0
P5174,0.7215845626214052,0.5249999999999999,3.333333333333333,10101.3,5.822500196961769,5303.182499999999,168.0,1.25,0.0,1,0
P5175,0.7215845626214052,0.5249999999999999,3.333333333333333,10101.3,5.822500196961769,5303.182499999999,168.0,2.5,0.0,1,0
P5176,0.7215845626214052,0.5249999999999999,3.333333333333333,10101.3,5.822500196961769,5303.182499999999,350.0,0.0,0.0,1,0
P5177,0.7215845626214052,0.5249999999999999,3.333333333333333,10101.3,5.822500196961769,5303.182499999999,350.0,1.25,0.0,1,0
P5178,0.7215845626214052,0.5249999999999999,3.333333333333333,10101.3,5.822500196961769,5303.182499999999,350.0,2.5,0.0,1,0
P5179,1.2266937564563891,0.5249999999999999,5.666666666666667,101.3,9.670951197609266,53.18249999999999,-196.0,0.0,0.0,1,0
P5180,1.2266937564563891,0.5249999999999999,5.666666666666667,101.3,9.670951197609266,53.18249999999999,-196.0,1.25,0.0,1,0
P5181,1.2266937564563891,0.5249999999999999,5.666666666666667,101.3,9.670951197609266,53.18249999999999,-196.0,2.5,0.0,1,0
P5182,1.2266937564563891,0.5249999999999999,5.666666666666667,101.3,9.670951197609266,53.18249999999999,-14.0,0.0,0.0,1,0
P5183,1.2266937564563891,0.5249999999999999,5.666666666666667,101.3,9.670951197609266,53.18249999999999,-14.0,1.25,0.0,1,0
P5184,1.2266937564563891,0.5249999999999999,5.666666666666667,101.3,9.670951197609266,53.18249999999999,-14.0,2.5,0.0,1,0
P5185,1.2266937564563891,0.5249999999999999,5.666666666666667,101.3,9.670951197609266,53.18249999999999,168.0,0.0,0.0,1,0
P5186,1.2266937564563891,0.5249999999999999,5.666666666666667,101.3,9.670951197609266,53.18249999999999,168.0,1.25,0.0,1,0
P5187,1.2266937564563891,0.5249999999999999,5.666666666666667,101.3,9.670951197609266,53.18249999999999,168.0,2.5,0.0,1,0
P5188,1.2266937564563891,0.5249999999999999,5.666666666666667,101.3,9.670951197609266,53.18249999999999,350.0,0.0,0.0,1,0
P5189,1.2266937564563891,0.5249999999999999,5.666666666666667,101.3,9.670951197609266,53.18249999999999,350.0,1.25,0.0,1,0
P5190,1.2266937564563891,0.5249999999999999,5.666666666666667,101.3,9.670951197609266,53.18249999999999,350.0,2.5,0.0,1,0
P5191,1.2266937564563891,0.5249999999999999,5.666666666666667,3367.966666666667,9.670951197609266,1768.1825,-196.0,0.0,0.0,1,0
P5192,1.2266937564563891,0.5249999999999999,5.666666666666667,3367.966666666667,9.670951197609266,1768.1825,-196.0,1.25,0.0,1,0
P5193,1.2266937564563891,0.5249999999999999,5.666666666666667,3367.966666666667,9.670951197609266,1768.1825,-196.0,2.5,0.0,1,0
P5194,1.2266937564563891,0.5249999999999999,5.666666666666667,3367.966666666667,9.670951197609266,1768.1825,-14.0,0.0,0.0,1,0
P5195,1.2266937564563891,0.5249999999999999,5.666666666666667,3367.966666666667,9.670951197609266,1768.1825,-14.0,1.25,0.0,1,0
P5196,1.2266937564563891,0.5249999999999999,5.666666666666667,3367.966666666667,9.670951197609266,1768.1825,-14.0,2.5,0.0,1,0
P5197,1.2266937564563891,0.5249999999999999,5.666666666666667,3367.966666666667,9.670951197609266,1768.1825,168.0,0.0,0.0,1,0
P5198,1.2266937564563891,0.5249999999999999,5.666666666666667,3367.966666666667,9.670951197609266,1768.1825,168.0,1.25,0.0,1,0
P5199,1.2266937564563891,0.5249999999999999,5.666666666666667,3367.966666666667,9.670951197609266,1768.1825,168.0,2.5,0.0,1,0
P5200,1.2266937564563891,0.5249999999999999,5.666666666666667,3367.966666666667,9.670951197609266,1768.1825,350.0,0.0,0.0,1,0
P5201,1.2266937564563891,0.5249999999999999,5.666666666666667,3367.966666666667,9.670951197609266,1768.1825,350.0,1.25,0.0,1,0
P5202,1.2266937564563891,0.5249999999999999,5.666666666666667,3367.966666666667,9.670951197609266,1768.1825,350.0,2.5,0.0,1,0
P5203,1.2266937564563891,0.5249999999999999,5.666666666666667,6734.633333333333,9.670951197609266,3535.6824999999994,-196.0,0.0,0.0,1,0
P5204,1.2266937564563891,0.5249999999999999,5.666666666666667,6734.633333333333,9.670951197609266,3535.6824999999994,-196.0,1.25,0.0,1,0
P5205,1.2266937564563891,0.5249999999999999,5.666666666666667,6734.633333333333,9.670951197609266,3535.6824999999994,-196.0,2.5,0.0,1,0
P5206,1.2266937564563891,0.5249999999999999,5.666666666666667,6734.633333333333,9.670951197609266,3535.6824999999994,-14.0,0.0,0.0,1,0
P5207,1.2266937564563891,0.5249999999999999,5.666666666666667,6734.633333333333,9.670951197609266,3535.6824999999994,-14.0,1.25,0.0,1,0
P5208,1.2266937564563891,0.5249999999999999,5.666666666666667,6734.633333333333,9.670951197609266,3535.6824999999994,-14.0,2.5,0.0,1,0
P5209,1.2266937564563891,0.5249999999999999,5.666666666666667,6734.633333333333,9.670951197609266,3535.6824999999994,168.0,0.0,0.0,1,0
P5210,1.2266937564563891,0.5249999999999999,5.666666666666667,6734.633333333333,9.670951197609266,3535.6824999999994,168.0,1.25,0.0,1,0
P5211,1.2266937564563891,0.5249999999999999,5.666666666666667,6734.633333333333,9.670951197609266,3535.6824999999994,168.0,2.5,0.0,1,0
P5212,1.2266937564563891,0.5249999999999999,5.666666666666667,6734.633333333333,9.670951197609266,3535.6824999999994,350.0,0.0,0.0,1,0
P5213,1.2266937564563891,0.5249999999999999,5.666666666666667,6734.633333333333,9.670951197609266,3535.6824999999994,350.0,1.25,0.0,1,0
P5214,1.2266937564563891,0.5249999999999999,5.666666666666667,6734.633333333333,9.670951197609266,3535.6824999999994,350.0,2.5,0.0,1,0
P5215,1.2266937564563891,0.5249999999999999,5.666666666666667,10101.3,9.670951197609266,5303.182499999999,-196.0,0.0,0.0,1,0
P5216,1.2266937564563891,0.5249999999999999,5.666666666666667,10101.3,9.670951197609266,5303.182499999999,-196.0,1.25,0.0,1,0
P5217,1.2266937564563891,0.5249999999999999,5.666666666666667,10101.3,9.670951197609266,5303.182499999999,-196.0,2.5,0.0,1,0
P5218,1.2266937564563891,0.5249999999999999,5.666666666666667,10101.3,9.670951197609266,5303.182499999999,-14.0,0.0,0.0,1,0
P5219,1.2266937564563891,0.5249999999999999,5.666666666666667,10101.3,9.670951197609266,5303.182499999999,-14.0,1.25,0.0,1,0
P5220,1.2266937564563891,0.5249999999999999,5.666666666666667,10101.3,9.670951197609266,5303.182499999999,-14.0,2.5,0.0,1,0
P5221,1.2266937564563891,0.5249999999999999,5.666666666666667,10101.3,9.670951197609266,5303.182499999999,168.0,0.0,0.0,1,0
P5222,1.2266937564563891,0.5249999999999999,5.666666666666667,10101.3,9.670951197609266,5303.182499999999,168.0,1.25,0.0,1,0
P5223,1.2266937564563891,0.5249999999999999,5.666666666666667,10101.3,9.670951197609266,5303.182499999999,168.0,2.5,0.0,1,0
P5224,1.2266937564563891,0.5249999999999999,5.666666666666667,10101.3,9.670951197609266,5303.182499999999,350.0,0.0,0.0,1,0
P5225,1.2266937564563891,0.5249999999999999,5.666666666666667,10101.3,9.670951197609266,5303.182499999999,350.0,1.25,0.0,1,0
P5226,1.2266937564563891,0.5249999999999999,5.666666666666667,10101.3,9.670951197609266,5303.182499999999,350.0,2.5,0.0,1,0
P5227,1.7318029502913728,0.5249999999999999,8.0,101.3,13.519402198256762,53.18249999999999,-196.0,0.0,0.0,1,0
P5228,1.7318029502913728,0.5249999999999999,8.0,101.3,13.519402198256762,53.18249999999999,-196.0,1.25,0.0,1,0
P5229,1.7318029502913728,0.5249999999999999,8.0,101.3,13.519402198256762,53.18249999999999,-196.0,2.5,0.0,1,0
P5230,1.7318029502913728,0.5249999999999999,8.0,101.3,13.519402198256762,53.18249999999999,-14.0,0.0,0.0,1,0
P5231,1.7318029502913728,0.5249999999999999,8.0,101.3,13.519402198256762,53.18249999999999,-14.0,1.25,0.0,1,0
P5232,1.7318029502913728,0.5249999999999999,8.0,101.3,13.519402198256762,53.18249999999999,-14.0,2.5,0.0,1,0
P5233,1.7318029502913728,0.5249999999999999,8.0,101.3,13.519402198256762,53.18249999999999,168.0,0.0,0.0,1,0
P5234,1.7318029502913728,0.5249999999999999,8.0,101.3,13.519402198256762,53.18249999999999,168.0,1.25,0.0,1,0
P5235,1.7318029502913728,0.5249999999999999,8.0,101.3,13.519402198256762,53.18249999999999,168.0,2.5,0.0,1,0
P5236,1.7318029502913728,0.5249999999999999,8.0,101.3,13.519402198256762,53.18249999999999,350.0,0.0,0.0,1,0
P5237,1.7318029502913728,0.5249999999999999,8.0,101.3,13.519402198256762,53.18249999999999,350.0,1.25,0.0,1,0
P5238,1.7318029502913728,0.5249999999999999,8.0,101.3,13.519402198256762,53.18249999999999,350.0,2.5,0.0,1,0
P5239,1.7318029502913728,0.5249999999999999,8.0,3367.966666666667,13.519402198256762,1768.1825,-196.0,0.0,0.0,1,0
P5240,1.7318029502913728,0.5249999999999999,8.0,3367.966666666667,13.519402198256762,1768.1825,-196.0,1.25,0.0,1,0
P5241,1.7318029502913728,0.5249999999999999,8.0,3367.966666666667,13.519402198256762,1768.1825,-196.0,2.5,0.0,1,0
P5242,1.7318029502913728,0.5249999999999999,8.0,3367.966666666667,13.519402198256762,1768.1825,-14.0,0.0,0.0,1,0
P5243,1.7318029502913728,0.5249999999999999,8.0,3367.966666666667,13.519402198256762,1768.1825,-14.0,1.25,0.0,1,0
P5244,1.7318029502913728,0.5249999999999999,8.0,3367.966666666667,13.519402198256762,1768.1825,-14.0,2.5,0.0,1,0
P5245,1.7318029502913728,0.5249999999999999,8.0,3367.966666666667,13.519402198256762,1768.1825,168.0,0.0,0.0,1,0
P5246,1.7318029502913728,0.5249999999999999,8.0,3367.966666666667,13.519402198256762,1768.1825,168.0,1.25,0.0,1,0
P5247,1.7318029502913728,0.5249999999999999,8.0,3367.966666666667,13.519402198256762,1768.1825,168.0,2.5,0.0,1,0
P5248,1.7318029502913728,0.5249999999999999,8.0,3367.966666666667,13.519402198256762,1768.1825,350.0,0.0,0.0,1,0
P5249,1.7318029502913728,0.5249999999999999,8.0,3367.966666666667,13.519402198256762,1768.1825,350.0,1.25,0.0,1,0
P5250,1.7318029502913728,0.5249999999999999,8.0,3367.966666666667,13.519402198256762,1768.1825,350.0,2.5,0.0,1,0
P5251,1.7318029502913728,0.5249999999999999,8.0,6734.633333333333,13.519402198256762,3535.6824999999994,-196.0,0.0,0.0,1,0
P5252,1.7318029502913728,0.5249999999999999,8.0,6734.633333333333,13.519402198256762,3535.6824999999994,-196.0,1.25,0.0,1,0
P5253,1.7318029502913728,0.5249999999999999,8.0,6734.633333333333,13.519402198256762,3535.6824999999994,-196.0,2.5,0.0,1,0
P5254,1.7318029502913728,0.5249999999999999,8.0,6734.633333333333,13.519402198256762,3535.6824999999994,-14.0,0.0,0.0,1,0
P5255,1.7318029502913728,0.5249999999999999,8.0,6734.633333333333,13.519402198256762,3535.6824999999994,-14.0,1.25,0.0,1,0
P5256,1.7318029502913728,0.5249999999999999,8.0,6734.633333333333,13.519402198256762,3535.6824999999994,-14.0,2.5,0.0,1,0
P5257,1.7318029502913728,0.5249999999999999,8.0,6734.633333333333,13.519402198256762,3535.6824999999994,168.0,0.0,0.0,1,0
P5258,1.7318029502913728,0.5249999999999999,8.0,6734.633333333333,13.519402198256762,3535.6824999999994,168.0,1.25,0.0,1,0
P5259,1.7318029502913728,0.5249999999999999,8.0,6734.633333333333,13.519402198256762,3535.6824999999994,168.0,2.5,0.0,1,0
P5260,1.7318029502913728,0.5249999999999999,8.0,6734.633333333333,13.519402198256762,3535.6824999999994,350.0,0.0,0.0,1,0
P5261,1.7318029502913728,0.5249999999999999,8.0,6734.633333333333,13.519402198256762,3535.6824999999994,350.0,1.25,0.0,1,0
P5262,1.7318029502913728,0.5249999999999999,8.0,6734.633333333333,13.519402198256762,3535.6824999999994,350.0,2.5,0.0,1,0
P5263,1.7318029502913728,0.5249999999999999,8.0,10101.3,13.519402198256762,5303.182499999999,-196.0,0.0,0.0,1,0
P5264,1.7318029502913728,0.5249999999999999,8.0,10101.3,13.519402198256762,5303.182499999999,-196.0,1.25,0.0,1,0
P5265,1.7318029502913728,0.5249999999999999,8.0,10101.3,13.519402198256762,5303.182499999999,-196.0,2.5,0.0,1,0
P5266,1.7318029502913728,0.5249999999999999,8.0,10101.3,13.519402198256762,5303.182499999999,-14.0,0.0,0.0,1,0
P5267,1.7318029502913728,0.5249999999999999,8.0,10101.3,13.519402198256762,5303.182499999999,-14.0,1.25,0.0,1,0
P5268,1.7318029502913728,0.5249999999999999,8.0,10101.3,13.519402198256762,5303.182499999999,-14.0,2.5,0.0,1,0
P5269,1.7318029502913728,0.5249999999999999,8.0,10101.3,13.519402198256762,5303.182499999999,168.0,0.0,0.0,1,0
P5270,1.7318029502913728,0.5249999999999999,8.0,10101.3,13.519402198256762,5303.182499999999,168.0,1.25,0.0,1,0
P5271,1.7318029502913728,0.5249999999999999,8.0,10101.3,13.519402198256762,5303.182499999999,168.0,2.5,0.0,1,0
P5272,1.7318029502913728,0.5249999999999999,8.0,10101.3,13.519402198256762,5303.182499999999,350.0,0.0,0.0,1,0
P5273,1.7318029502913728,0.5249999999999999,8.0,10101.3,13.519402198256762,5303.182499999999,350.0,1.25,0.0,1,0
P5274,1.7318029502913728,0.5249999999999999,8.0,10101.3,13.519402198256762,5303.182499999999,350.0,2.5,0.0,1,0
P5275,0.4417864669110646,0.75,1.0,101.3,3.018874190558942,75.975,-196.0,0.0,0.0,1,0
P5276,0.4417864669110646,0.75,1.0,101.3,3.018874190558942,75.975,-196.0,1.25,0.0,1,0
P5277,0.4417864669110646,0.75,1.0,101.3,3.018874190558942,75.975,-196.0,2.5,0.0,1,0
P5278,0.4417864669110646,0.75,1.0,101.3,3.018874190558942,75.975,-14.0,0.0,0.0,1,0
P5279,0.4417864669110646,0.75,1.0,101.3,3.018874190558942,75.975,-14.0,1.25,0.0,1,0
P5280,0.4417864669110646,0.75,1.0,101.3,3.018874190558942,75.975,-14.0,2.5,0.0,1,0
P5281,0.4417864669110646,0.75,1.0,101.3,3.018874190558942,75.975,168.0,0.0,0.0,1,0
P5282,0.4417864669110646,0.75,1.0,101.3,3.018874190558942,75.975,168.0,1.25,0.0,1,0
P5283,0.4417864669110646,0.75,1.0,101.3,3.018874190558942,75.975,168.0,2.5,0.0,1,0
P5284,0.4417864669110646,0.75,1.0,101.3,3.018874190558942,75.975,350.0,0.0,0.0,1,0
P5285,0.4417864669110646,0.75,1.0,101.3,3.018874190558942,75.975,350.0,1.25,0.0,1,0
P5286,0.4417864669110646,0.75,1.0,101.3,3.018874190558942,75.975,350.0,2.5,0.0,1,0
P5287,0.4417864669110646,0.75,1.0,3367.966666666667,3.018874190558942,2525.9750000000004,-196.0,0.0,0.0,1,0
P5288,0.4417864669110646,0.75,1.0,3367.966666666667,3.018874190558942,2525.9750000000004,-196.0,1.25,0.0,1,0
P5289,0.4417864669110646,0.75,1.0,3367.966666666667,3.018874190558942,2525.9750000000004,-196.0,2.5,0.0,1,0
P5290,0.4417864669110646,0.75,1.0,3367.966666666667,3.018874190558942,2525.9750000000004,-14.0,0.0,0.0,1,0
P5291,0.4417864669110646,0.75,1.0,3367.966666666667,3.018874190558942,2525.9750000000004,-14.0,1.25,0.0,1,0
P5292,0.4417864669110646,0.75,1.0,3367.966666666667,3.018874190558942,2525.9750000000004,-14.0,2.5,0.0,1,0
P5293,0.4417864669110646,0.75,1.0,3367.966666666667,3.018874190558942,2525.9750000000004,168.0,0.0,0.0,1,0
P5294,0.4417864669110646,0.75,1.0,3367.966666666667,3.018874190558942,2525.9750000000004,168.0,1.25,0.0,1,0
P5295,0.4417864669110646,0.75,1.0,3367.966666666667,3.018874190558942,2525.9750000000004,168.0,2.5,0.0,1,0
P5296,0.4417864669110646,0.75,1.0,3367.966666666667,3.018874190558942,2525.9750000000004,350.0,0.0,0.0,1,0
P5297,0.4417864669110646,0.75,1.0,3367.966666666667,3.018874190558942,2525.9750000000004,350.0,1.25,0.0,1,0
P5298,0.4417864669110646,0.75,1.0,3367.966666666667,3.018874190558942,2525.9750000000004,350.0,2.5,0.0,1,0
P5299,0.4417864669110646,0.75,1.0,6734.633333333333,3.018874190558942,5050.975,-196.0,0.0,0.0,1,0
P5300,0.4417864669110646,0.75,1.0,6734.633333333333,3.018874190558942,5050.975,-196.0,1.25,0.0,1,0
P5301,0.4417864669110646,0.75,1.0,6734.633333333333,3.018874190558942,5050.975,-196.0,2.5,0.0,1,0
P5302,0.4417864669110646,0.75,1.0,6734.633333333333,3.018874190558942,5050.975,-14.0,0.0,0.0,1,0
P5303,0.4417864669110646,0.75,1.0,6734.633333333333,3.018874190558942,5050.975,-14.0,1.25,0.0,1,0
P5304,0.4417864669110646,0.75,1.0,6734.633333333333,3.018874190558942,5050.975,-14.0,2.5,0.0,1,0
P5305,0.4417864669110646,0.75,1.0,6734.633333333333,3.018874190558942,5050.975,168.0,0.0,0.0,1,0
P5306,0.4417864669110646,0.75,1.0,6734.633333333333,3.018874190558942,5050.975,168.0,1.25,0.0,1,0
P5307,0.4417864669110646,0.75,1.0,6734.633333333333,3.018874190558942,5050.975,168.0,2.5,0.0,1,0
P5308,0.4417864669110646,0.75,1.0,6734.633333333333,3.018874190558942,5050.975,350.0,0.0,0.0,1,0
P5309,0.4417864669110646,0.75,1.0,6734.633333333333,3.018874190558942,5050.975,350.0,1.25,0.0,1,0
P5310,0.4417864669110646,0.75,1.0,6734.633333333333,3.018874190558942,5050.975,350.0,2.5,0.0,1,0
P5311,0.4417864669110646,0.75,1.0,10101.3,3.018874190558942,7575.974999999999,-196.0,0.0,0.0,1,0
P5312,0.4417864669110646,0.75,1.0,10101.3,3.018874190558942,7575.974999999999,-196.0,1.25,0.0,1,0
P5313,0.4417864669110646,0.75,1.0,10101.3,3.018874190558942,7575.974999999999,-196.0,2.5,0.0,1,0
P5314,0.4417864669110646,0.75,1.0,10101.3,3.018874190558942,7575.974999999999,-14.0,0.0,0.0,1,0
P5315,0.4417864669110646,0.75,1.0,10101.3,3.018874190558942,7575.974999999999,-14.0,1.25,0.0,1,0
P5316,0.4417864669110646,0.75,1.0,10101.3,3.018874190558942,7575.974999999999,-14.0,2.5,0.0,1,0
P5317,0.4417864669110646,0.75,1.0,10101.3,3.018874190558942,7575.974999999999,168.0,0.0,0.0,1,0
P5318,0.4417864669110646,0.75,1.0,10101.3,3.018874190558942,7575.974999999999,168.0,1.25,0.0,1,0
P5319,0.4417864669110646,0.75,1.0,10101.3,3.018874190558942,7575.974999999999,168.0,2.5,0.0,1,0
P5320,0.4417864669110646,0.75,1.0,10101.3,3.018874190558942,7575.974999999999,350.0,0.0,0.0,1,0
P5321,0.4417864669110646,0.75,1.0,10101.3,3.018874190558942,7575.974999999999,350.0,1.25,0.0,1,0
P5322,0.4417864669110646,0.75,1.0,10101.3,3.018874190558942,7575.974999999999,350.0,2.5,0.0,1,0
P5323,1.4726215563702154,0.75,3.333333333333333,101.3,8.516661334341078,75.975,-196.0,0.0,0.0,1,0
P5324,1.4726215563702154,0.75,3.333333333333333,101.3,8.516661334341078,75.975,-196.0,1.25,0.0,1,0
P5325,1.4726215563702154,0.75,3.333333333333333,101.3,8.516661334341078,75.975,-196.0,2.5,0.0,1,0
P5326,1.4726215563702154,0.75,3.333333333333333,101.3,8.516661334341078,75.975,-14.0,0.0,0.0,1,0
P5327,1.4726215563702154,0.75,3.333333333333333,101.3,8.516661334341078,75.975,-14.0,1.25,0.0,1,0
P5328,1.4726215563702154,0.75,3.333333333333333,101.3,8.516661334341078,75.975,-14.0,2.5,0.0,1,0
P5329,1.4726215563702154,0.75,3.333333333333333,101.3,8.516661334341078,75.975,168.0,0.0,0.0,1,0
P5330,1.4726215563702154,0.75,3.333333333333333,101.3,8.516661334341078,75.975,168.0,1.25,0.0,1,0
P5331,1.4726215563702154,0.75,3.333333333333333,101.3,8.516661334341078,75.975,168.0,2.5,0.0,1,0
P5332,1.4726215563702154,0.75,3.333333333333333,101.3,8.516661334341078,75.975,350.0,0.0,0.0,1,0
P5333,1.4726215563702154,0.75,3.333333333333333,101.3,8.516661334341078,75.975,350.0,1.25,0.0,1,0
P5334,1.4726215563702154,0.75,3.333333333333333,101.3,8.516661334341078,75.975,350.0,2.5,0.0,1,0
P5335,1.4726215563702154,0.75,3.333333333333333,3367.966666666667,8.516661334341078,2525.9750000000004,-196.0,0.0,0.0,1,0
P5336,1.4726215563702154,0.75,3.333333333333333,3367.966666666667,8.516661334341078,2525.9750000000004,-196.0,1.25,0.0,1,0
P5337,1.4726215563702154,0.75,3.333333333333333,3367.966666666667,8.516661334341078,2525.9750000000004,-196.0,2.5,0.0,1,0
P5338,1.4726215563702154,0.75,3.333333333333333,3367.966666666667,8.516661334341078,2525.9750000000004,-14.0,0.0,0.0,1,0
P5339,1.4726215563702154,0.75,3.333333333333333,3367.966666666667,8.516661334341078,2525.9750000000004,-14.0,1.25,0.0,1,0
P5340,1.4726215563702154,0.75,3.333333333333333,3367.966666666667,8.516661334341078,2525.9750000000004,-14.0,2.5,0.0,1,0
P5341,1.4726215563702154,0.75,3.333333333333333,3367.966666666667,8.516661334341078,2525.9750000000004,168.0,0.0,0.0,1,0
P5342,1.4726215563702154,0.75,3.333333333333333,3367.966666666667,8.516661334341078,2525.9750000000004,168.0,1.25,0.0,1,0
P5343,1.4726215563702154,0.75,3.333333333333333,3367.966666666667,8.516661334341078,2525.9750000000004,168.0,2.5,0.0,1,0
P5344,1.4726215563702154,0.75,3.333333333333333,3367.966666666667,8.516661334341078,2525.9750000000004,350.0,0.0,0.0,1,0
P5345,1.4726215563702154,0.75,3.333333333333333,3367.966666666667,8.516661334341078,2525.9750000000004,350.0,1.25,0.0,1,0
P5346,1.4726215563702154,0.75,3.333333333333333,3367.966666666667,8.516661334341078,2525.9750000000004,350.0,2.5,0.0,1,0
P5347,1.4726215563702154,0.75,3.333333333333333,6734.633333333333,8.516661334341078,5050.975,-196.0,0.0,0.0,1,0
P5348,1.4726215563702154,0.75,3.333333333333333,6734.633333333333,8.516661334341078,5050.975,-196.0,1.25,0.0,1,0
P5349,1.4726215563702154,0.75,3.333333333333333,6734.633333333333,8.516661334341078,5050.975,-196.0,2.5,0.0,1,0
P5350,1.4726215563702154,0.75,3.333333333333333,6734.633333333333,8.516661334341078,5050.975,-14.0,0.0,0.0,1,0
P5351,1.4726215563702154,0.75,3.333333333333333,6734.633333333333,8.516661334341078,5050.975,-14.0,1.25,0.0,1,0
P5352,1.4726215563702154,0.75,3.333333333333333,6734.633333333333,8.516661334341078,5050.975,-14.0,2.5,0.0,1,0
P5353,1.4726215563702154,0.75,3.333333333333333,6734.633333333333,8.516661334341078,5050.975,168.0,0.0,0.0,1,0
P5354,1.4726215563702154,0.75,3.333333333333333,6734.633333333333,8.516661334341078,5050.975,168.0,1.25,0.0,1,0
P5355,1.4726215563702154,0.75,3.333333333333333,6734.633333333333,8.516661334341078,5050.975,168.0,2.5,0.0,1,0
P5356,1.4726215563702154,0.75,3.333333333333333,6734.633333333333,8.516661334341078,5050.975,350.0,0.0,0.0,1,0
P5357,1.4726215563702154,0.75,3.333333333333333,6734.633333333333,8.516661334341078,5050.975,350.0,1.25,0.0,1,0
P5358,1.4726215563702154,0.75,3.333333333333333,6734.633333333333,8.516661334341078,5050.975,350.0,2.5,0.0,1,0
P5359,1.4726215563702154,0.75,3.333333333333333,10101.3,8.516661334341078,7575.974999999999,-196.0,0.0,0.0,1,0
P5360,1.4726215563702154,0.75,3.333333333333333,10101.3,8.516661334341078,7575.974999999999,-196.0,1.25,0.0,1,0
P5361,1.4726215563702154,0.75,3.333333333333333,10101.3,8.516661334341078,7575.974999999999,-196.0,2.5,0.0,1,0
P5362,1.4726215563702154,0.75,3.333333333333333,10101.3,8.516661334341078,7575.974999999999,-14.0,0.0,0.0,1,0
P5363,1.4726215563702154,0.75,3.333333333333333,10101.3,8.516661334341078,7575.974999999999,-14.0,1.25,0.0,1,0
P5364,1.4726215563702154,0.75,3.333333333333333,10101.3,8.516661334341078,7575.974999999999,-14.0,2.5,0.0,1,0
P5365,1.4726215563702154,0.75,3.333333333333333,10101.3,8.516661334341078,7575.974999999999,168.0,0.0,0.0,1,0
P5366,1.4726215563702154,0.75,3.333333333333333,10101.3,8.516661334341078,7575.974999999999,168.0,1.25,0.0,1,0
P5367,1.4726215563702154,0.75,3.333333333333333,10101.3,8.516661334341078,7575.974999999999,168.0,2.5,0.0,1,0
P5368,1.4726215563702154,0.75,3.333333333333333,10101.3,8.516661334341078,7575.974999999999,350.0,0.0,0.0,1,0
P5369,1.4726215563702154,0.75,3.333333333333333,10101.3,8.516661334341078,7575.974999999999,350.0,1.25,0.0,1,0
P5370,1.4726215563702154,0.75,3.333333333333333,10101.3,8.516661334341078,7575.974999999999,350.0,2.5,0.0,1,0
P5371,2.5034566458293663,0.75,5.666666666666667,101.3,14.014448478123219,75.975,-196.0,0.0,0.0,1,0
P5372,2.5034566458293663,0.75,5.666666666666667,101.3,14.014448478123219,75.975,-196.0,1.25,0.0,1,0
P5373,2.5034566458293663,0.75,5.666666666666667,101.3,14.014448478123219,75.975,-196.0,2.5,0.0,1,0
P5374,2.5034566458293663,0.75,5.666666666666667,101.3,14.014448478123219,75.975,-14.0,0.0,0.0,1,0
P5375,2.5034566458293663,0.75,5.666666666666667,101.3,14.014448478123219,75.975,-14.0,1.25,0.0,1,0
P5376,2.5034566458293663,0.75,5.666666666666667,101.3,14.014448478123219,75.975,-14.0,2.5,0.0,1,0
P5377,2.5034566458293663,0.75,5.666666666666667,101.3,14.014448478123219,75.975,168.0,0.0,0.0,1,0
P5378,2.5034566458293663,0.75,5.666666666666667,101.3,14.014448478123219,75.975,168.0,1.25,0.0,1,0
P5379,2.5034566458293663,0.75,5.666666666666667,101.3,14.014448478123219,75.975,168.0,2.5,0.0,1,0
P5380,2.5034566458293663,0.75,5.666666666666667,101.3,14.014448478123219,75.975,350.0,0.0,0.0,1,0
P5381,2.5034566458293663,0.75,5.666666666666667,101.3,14.014448478123219,75.975,350.0,1.25,0.0,1,0
P5382,2.5034566458293663,0.75,5.666666666666667,101.3,14.014448478123219,75.975,350.0,2.5,0.0,1,0
P5383,2.5034566458293663,0.75,5.666666666666667,3367.966666666667,14.014448478123219,2525.9750000000004,-196.0,0.0,0.0,1,0
P5384,2.5034566458293663,0.75,5.666666666666667,3367.966666666667,14.014448478123219,2525.9750000000004,-196.0,1.25,0.0,1,0
P5385,2.5034566458293663,0.75,5.666666666666667,3367.966666666667,14.014448478123219,2525.9750000000004,-196.0,2.5,0.0,1,0
P5386,2.5034566458293663,0.75,5.666666666666667,3367.966666666667,14.014448478123219,2525.9750000000004,-14.0,0.0,0.0,1,0
P5387,2.5034566458293663,0.75,5.666666666666667,3367.966666666667,14.014448478123219,2525.9750000000004,-14.0,1.25,0.0,1,0
P5388,2.5034566458293663,0.75,5.666666666666667,3367.966666666667,14.014448478123219,2525.9750000000004,-14.0,2.5,0.0,1,0
P5389,2.5034566458293663,0.75,5.666666666666667,3367.966666666667,14.014448478123219,2525.9750000000004,168.0,0.0,0.0,1,0
P5390,2.5034566458293663,0.75,5.666666666666667,3367.966666666667,14.014448478123219,2525.9750000000004,168.0,1.25,0.0,1,0
P5391,2.5034566458293663,0.75,5.666666666666667,3367.966666666667,14.014448478123219,2525.9750000000004,168.0,2.5,0.0,1,0
P5392,2.5034566458293663,0.75,5.666666666666667,3367.966666666667,14.014448478123219,2525.9750000000004,350.0,0.0,0.0,1,0
P5393,2.5034566458293663,0.75,5.666666666666667,3367.966666666667,14.014448478123219,2525.9750000000004,350.0,1.25,0.0,1,0
P5394,2.5034566458293663,0.75,5.666666666666667,3367.966666666667,14.014448478123219,2525.9750000000004,350.0,2.5,0.0,1,0
P5395,2.5034566458293663,0.75,5.666666666666667,6734.633333333333,14.014448478123219,5050.975,-196.0,0.0,0.0,1,0
P5396,2.5034566458293663,0.75,5.666666666666667,6734.633333333333,14.014448478123219,5050.975,-196.0,1.25,0.0,1,0
P5397,2.5034566458293663,0.75,5.666666666666667,6734.633333333333,14.014448478123219,5050.975,-196.0,2.5,0.0,1,0
P5398,2.5034566458293663,0.75,5.666666666666667,6734.633333333333,14.014448478123219,5050.975,-14.0,0.0,0.0,1,0
P5399,2.5034566458293663,0.75,5.666666666666667,6734.633333333333,14.014448478123219,5050.975,-14.0,1.25,0.0,1,0
P5400,2.5034566458293663,0.75,5.666666666666667,6734.633333333333,14.014448478123219,5050.975,-14.0,2.5,0.0,1,0
P5401,2.5034566458293663,0.75,5.666666666666667,6734.633333333333,14.014448478123219,5050.975,168.0,0.0,0.0,1,0
P5402,2.5034566458293663,0.75,5.666666666666667,6734.633333333333,14.014448478123219,5050.975,168.0,1.25,0.0,1,0
P5403,2.5034566458293663,0.75,5.666666666666667,6734.633333333333,14.014448478123219,5050.975,168.0,2.5,0.0,1,0
P5404,2.5034566458293663,0.75,5.666666666666667,6734.633333333333,14.014448478123219,5050.975,350.0,0.0,0.0,1,0
P5405,2.5034566458293663,0.75,5.666666666666667,6734.633333333333,14.014448478123219,5050.975,350.0,1.25,0.0,1,0
P5406,2.5034566458293663,0.75,5.666666666666667,6734.633333333333,14.014448478123219,5050.975,350.0,2.5,0.0,1,0
P5407,2.5034566458293663,0.75,5.666666666666667,10101.3,14.014448478123219,7575.974999999999,-196.0,0.0,0.0,1,0
P5408,2.5034566458293663,0.75,5.666666666666667,10101.3,14.014448478123219,7575.974999999999,-196.0,1.25,0.0,1,0
P5409,2.5034566458293663,0.75,5.666666666666667,10101.3,14.014448478123219,7575.974999999999,-196.0,2.5,0.0,1,0
P5410,2.5034566458293663,0.75,5.666666666666667,10101.3,14.014448478123219,7575.974999999999,-14.0,0.0,0.0,1,0
P5411,2.5034566458293663,0.75,5.666666666666667,10101.3,14.014448478123219,7575.974999999999,-14.0,1.25,0.0,1,0
P5412,2.5034566458293663,0.75,5.666666666666667,10101.3,14.014448478123219,7575.974999999999,-14.0,2.5,0.0,1,0
P5413,2.5034566458293663,0.75,5.666666666666667,10101.3,14.014448478123219,7575.974999999999,168.0,0.0,0.0,1,0
P5414,2.5034566458293663,0.75,5.666666666666667,10101.3,14.014448478123219,7575.974999999999,168.0,1.25,0.0,1,0
P5415,2.5034566458293663,0.75,5.666666666666667,10101.3,14.014448478123219,7575.974999999999,168.0,2.5,0.0,1,0
P5416,2.5034566458293663,0.75,5.666666666666667,10101.3,14.014448478123219,7575.974999999999,350.0,0.0,0.0,1,0
P5417,2.5034566458293663,0.75,5.666666666666667,10101.3,14.014448478123219,7575.974999999999,350.0,1.25,0.0,1,0
P5418,2.5034566458293663,0.75,5.666666666666667,10101.3,14.014448478123219,7575.974999999999,350.0,2.5,0.0,1,0
P5419,3.5342917352885173,0.75,8.0,101.3,19.512235621905354,75.975,-196.0,0.0,0.0,1,0
P5420,3.5342917352885173,0.75,8.0,101.3,19.512235621905354,75.975,-196.0,1.25,0.0,1,0
P5421,3.5342917352885173,0.75,8.0,101.3,19.512235621905354,75.975,-196.0,2.5,0.0,1,0
P5422,3.5342917352885173,0.75,8.0,101.3,19.512235621905354,75.975,-14.0,0.0,0.0,1,0
P5423,3.5342917352885173,0.75,8.0,101.3,19.512235621905354,75.975,-14.0,1.25,0.0,1,0
P5424,3.5342917352885173,0.75,8.0,101.3,19.512235621905354,75.975,-14.0,2.5,0.0,1,0
P5425,3.5342917352885173,0.75,8.0,101.3,19.512235621905354,75.975,168.0,0.0,0.0,1,0
P5426,3.5342917352885173,0.75,8.0,101.3,19.512235621905354,75.975,168.0,1.25,0.0,1,0
P5427,3.5342917352885173,0.75,8.0,101.3,19.512235621905354,75.975,168.0,2.5,0.0,1,0
P5428,3.5342917352885173,0.75,8.0,101.3,19.512235621905354,75.975,350.0,0.0,0.0,1,0
P5429,3.5342917352885173,0.75,8.0,101.3,19.512235621905354,75.975,350.0,1.25,0.0,1,0
P5430,3.5342917352885173,0.75,8.0,101.3,19.512235621905354,75.975,350.0,2.5,0.0,1,0
P5431,3.5342917352885173,0.75,8.0,3367.966666666667,19.512235621905354,2525.9750000000004,-196.0,0.0,0.0,1,0
P5432,3.5342917352885173,0.75,8.0,3367.966666666667,19.512235621905354,2525.9750000000004,-196.0,1.25,0.0,1,0
P5433,3.5342917352885173,0.75,8.0,3367.966666666667,19.512235621905354,2525.9750000000004,-196.0,2.5,0.0,1,0
P5434,3.5342917352885173,0.75,8.0,3367.966666666667,19.512235621905354,2525.9750000000004,-14.0,0.0,0.0,1,0
P5435,3.5342917352885173,0.75,8.0,3367.966666666667,19.512235621905354,2525.9750000000004,-14.0,1.25,0.0,1,0
P5436,3.5342917352885173,0.75,8.0,3367.966666666667,19.512235621905354,2525.9750000000004,-14.0,2.5,0.0,1,0
P5437,3.5342917352885173,0.75,8.0,3367.966666666667,19.512235621905354,2525.9750000000004,168.0,0.0,0.0,1,0
P5438,3.5342917352885173,0.75,8.0,3367.966666666667,19.512235621905354,2525.9750000000004,168.0,1.25,0.0,1,0
P5439,3.5342917352885173,0.75,8.0,3367.966666666667,19.512235621905354,2525.9750000000004,168.0,2.5,0.0,1,0
P5440,3.5342917352885173,0.75,8.0,3367.966666666667,19.512235621905354,2525.9750000000004,350.0,0.0,0.0,1,0
P5441,3.5342917352885173,0.75,8.0,3367.966666666667,19.512235621905354,2525.9750000000004,350.0,1.25,0.0,1,0
P5442,3.5342917352885173,0.75,8.0,3367.966666666667,19.512235621905354,2525.9750000000004,350.0,2.5,0.0,1,0
P5443,3.5342917352885173,0.75,8.0,6734.633333333333,19.512235621905354,5050.975,-196.0,0.0,0.0,1,0
P5444,3.5342917352885173,0.75,8.0,6734.633333333333,19.512235621905354,5050.975,-196.0,1.25,0.0,1,0
P5445,3.5342917352885173,0.75,8.0,6734.633333333333,19.512235621905354,5050.975,-196.0,2.5,0.0,1,0
P5446,3.5342917352885173,0.75,8.0,6734.633333333333,19.512235621905354,5050.975,-14.0,0.0,0.0,1,0
P5447,3.5342917352885173,0.75,8.0,6734.633333333333,19.512235621905354,5050.975,-14.0,1.25,0.0,1,0
P5448,3.5342917352885173,0.75,8.0,6734.633333333333,19.512235621905354,5050.975,-14.0,2.5,0.0,1,0
P5449,3.5342917352885173,0.75,8.0,6734.633333333333,19.512235621905354,5050.975,168.0,0.0,0.0,1,0
P5450,3.5342917352885173,0.75,8.0,6734.633333333333,19.512235621905354,5050.975,168.0,1.25,0.0,1,0
P5451,3.5342917352885173,0.75,8.0,6734.633333333333,19.512235621905354,5050.975,168.0,2.5,0.0,1,0
P5452,3.5342917352885173,0.75,8.0,6734.633333333333,19.512235621905354,5050.975,350.0,0.0,0.0,1,0
P5453,3.5342917352885173,0.75,8.0,6734.633333333333,19.512235621905354,5050.975,350.0,1.25,0.0,1,0
P5454,3.5342917352885173,0.75,8.0,6734.633333333333,19.512235621905354,5050.975,350.0,2.5,0.0,1,0
P5455,3.5342917352885173,0.75,8.0,10101.3,19.512235621905354,7575.974999999999,-196.0,0.0,0.0,1,0
P5456,3.5342917352885173,0.75,8.0,10101.3,19.512235621905354,7575.974999999999,-196.0,1.25,0.0,1,0
P5457,3.5342917352885173,0.75,8.0,10101.3,19.512235621905354,7575.974999999999,-196.0,2.5,0.0,1,0
P5458,3.5342917352885173,0.75,8.0,10101.3,19.512235621905354,7575.974999999999,-14.0,0.0,0.0,1,0
P5459,3.5342917352885173,0.75,8.0,10101.3,19.512235621905354,7575.974999999999,-14.0,1.25,0.0,1,0
P5460,3.5342917352885173,0.75,8.0,10101.3,19.512235621905354,7575.974999999999,-14.0,2.5,0.0,1,0
P5461,3.5342917352885173,0.75,8.0,10101.3,19.512235621905354,7575.974999999999,168.0,0.0,0.0,1,0
P5462,3.5342917352885173,0.75,8.0,10101.3,19.512235621905354,7575.974999999999,168.0,1.25,0.0,1,0
P5463,3.5342917352885173,0.75,8.0,10101.3,19.512235621905354,7575.974999999999,168.0,2.5,0.0,1,0
P5464,3.5342917352885173,0.75,8.0,10101.3,19.512235621905354,7575.974999999999,350.0,0.0,0.0,1,0
P5465,3.5342917352885173,0.75,8.0,10101.3,19.512235621905354,7575.974999999999,350.0,1.25,0.0,1,0
P5466,3.5342917352885173,0.75,8.0,10101.3,19.512235621905354,7575.974999999999,350.0,2.5,0.0,1,0
P5467,0.7466191290796991,0.975,1.0,101.3,4.182981530869597,98.7675,-196.0,0.0,0.0,1,0
P5468,0.7466191290796991,0.975,1.0,101.3,4.182981530869597,98.7675,-196.0,1.25,0.0,1,0
P5469,0.7466191290796991,0.975,1.0,101.3,4.182981530869597,98.7675,-196.0,2.5,0.0,1,0
P5470,0.7466191290796991,0.975,1.0,101.3,4.182981530869597,98.7675,-14.0,0.0,0.0,1,0
P5471,0.7466191290796991,0.975,1.0,101.3,4.182981530869597,98.7675,-14.0,1.25,0.0,1,0
P5472,0.7466191290796991,0.975,1.0,101.3,4.182981530869597,98.7675,-14.0,2.5,0.0,1,0
P5473,0.7466191290796991,0.975,1.0,101.3,4.182981530869597,98.7675,168.0,0.0,0.0,1,0
P5474,0.7466191290796991,0.975,1.0,101.3,4.182981530869597,98.7675,168.0,1.25,0.0,1,0
P5475,0.7466191290796991,0.975,1.0,101.3,4.182981530869597,98.7675,168.0,2.5,0.0,1,0
P5476,0.7466191290796991,0.975,1.0,101.3,4.182981530869597,98.7675,350.0,0.0,0.0,1,0
P5477,0.7466191290796991,0.975,1.0,101.3,4.182981530869597,98.7675,350.0,1.25,0.0,1,0
P5478,0.7466191290796991,0.975,1.0,101.3,4.182981530869597,98.7675,350.0,2.5,0.0,1,0
P5479,0.7466191290796991,0.975,1.0,3367.966666666667,4.182981530869597,3283.7675000000004,-196.0,0.0,0.0,1,0
P5480,0.7466191290796991,0.975,1.0,3367.966666666667,4.182981530869597,3283.7675000000004,-196.0,1.25,0.0,1,0
P5481,0.7466191290796991,0.975,1.0,3367.966666666667,4.182981530869597,3283.7675000000004,-196.0,2.5,0.0,1,0
P5482,0.7466191290796991,0.975,1.0,3367.966666666667,4.182981530869597,3283.7675000000004,-14.0,0.0,0.0,1,0
P5483,0.7466191290796991,0.975,1.0,3367.966666666667,4.182981530869597,3283.7675000000004,-14.0,1.25,0.0,1,0
P5484,0.7466191290796991,0.975,1.0,3367.966666666667,4.182981530869597,3283.7675000000004,-14.0,2.5,0.0,1,0
P5485,0.7466191290796991,0.975,1.0,3367.966666666667,4.182981530869597,3283.7675000000004,168.0,0.0,0.0,1,0
P5486,0.7466191290796991,0.975,1.0,3367.966666666667,4.182981530869597,3283.7675000000004,168.0,1.25,0.0,1,0
P5487,0.7466191290796991,0.975,1.0,3367.966666666667,4.182981530869597,3283.7675000000004,168.0,2.5,0.0,1,0
P5488,0.7466191290796991,0.975,1.0,3367.966666666667,4.182981530869597,3283.7675000000004,350.0,0.0,0.0,1,0
P5489,0.7466191290796991,0.975,1.0,3367.966666666667,4.182981530869597,3283.7675000000004,350.0,1.25,0.0,1,0
P5490,0.7466191290796991,0.975,1.0,3367.966666666667,4.182981530869597,3283.7675000000004,350.0,2.5,0.0,1,0
P5491,0.7466191290796991,0.975,1.0,6734.633333333333,4.182981530869597,6566.2675,-196.0,0.0,0.0,1,0
P5492,0.7466191290796991,0.975,1.0,6734.633333333333,4.182981530869597,6566.2675,-196.0,1.25,0.0,1,0
P5493,0.7466191290796991,0.975,1.0,6734.633333333333,4.182981530869597,6566.2675,-196.0,2.5,0.0,1,0
P5494,0.7466191290796991,0.975,1.0,6734.633333333333,4.182981530869597,6566.2675,-14.0,0.0,0.0,1,0
P5495,0.7466191290796991,0.975,1.0,6734.633333333333,4.182981530869597,6566.2675,-14.0,1.25,0.0,1,0
P5496,0.7466191290796991,0.975,1.0,6734.633333333333,4.182981530869597,6566.2675,-14.0,2.5,0.0,1,0
P5497,0.7466191290796991,0.975,1.0,6734.633333333333,4.182981530869597,6566.2675,168.0,0.0,0.0,1,0
P5498,0.7466191290796991,0.975,1.0,6734.633333333333,4.182981530869597,6566.2675,168.0,1.25,0.0,1,0
P5499,0.7466191290796991,0.975,1.0,6734.633333333333,4.182981530869597,6566.2675,168.0,2.5,0.0,1,0
P5500,0.7466191290796991,0.975,1.0,6734.633333333333,4.182981530869597,6566.2675,350.0,0.0,0.0,1,0
P5501,0.7466191290796991,0.975,1.0,6734.633333333333,4.182981530869597,6566.2675,350.0,1.25,0.0,1,0
P5502,0.7466191290796991,0.975,1.0,6734.633333333333,4.182981530869597,6566.2675,350.0,2.5,0.0,1,0
P5503,0.7466191290796991,0.975,1.0,10101.3,4.182981530869597,9848.7675,-196.0,0.0,0.0,1,0
P5504,0.7466191290796991,0.975,1.0,10101.3,4.182981530869597,9848.7675,-196.0,1.25,0.0,1,0
P5505,0.7466191290796991,0.975,1.0,10101.3,4.182981530869597,9848.7675,-196.0,2.5,0.0,1,0
P5506,0.7466191290796991,0.975,1.0,10101.3,4.182981530869597,9848.7675,-14.0,0.0,0.0,1,0
P5507,0.7466191290796991,0.975,1.0,10101.3,4.182981530869597,9848.7675,-14.0,1.25,0.0,1,0
P5508,0.7466191290796991,0.975,1.0,10101.3,4.182981530869597,9848.7675,-14.0,2.5,0.0,1,0
P5509,0.7466191290796991,0.975,1.0,10101.3,4.182981530869597,9848.7675,168.0,0.0,0.0,1,0
P5510,0.7466191290796991,0.975,1.0,10101.3,4.182981530869597,9848.7675,168.0,1.25,0.0,1,0
P5511,0.7466191290796991,0.975,1.0,10101.3,4.182981530869597,9848.7675,168.0,2.5,0.0,1,0
P5512,0.7466191290796991,0.975,1.0,10101.3,4.182981530869597,9848.7675,350.0,0.0,0.0,1,0
P5513,0.7466191290796991,0.975,1.0,10101.3,4.182981530869597,9848.7675,350.0,1.25,0.0,1,0
P5514,0.7466191290796991,0.975,1.0,10101.3,4.182981530869597,9848.7675,350.0,2.5,0.0,1,0
P5515,2.488730430265663,0.975,3.333333333333333,101.3,11.330104817786376,98.7675,-196.0,0.0,0.0,1,0
P5516,2.488730430265663,0.975,3.333333333333333,101.3,11.330104817786376,98.7675,-196.0,1.25,0.0,1,0
P5517,2.488730430265663,0.975,3.333333333333333,101.3,11.330104817786376,98.7675,-196.0,2.5,0.0,1,0
P5518,2.488730430265663,0.975,3.333333333333333,101.3,11.330104817786376,98.7675,-14.0,0.0,0.0,1,0
P5519,2.488730430265663,0.975,3.333333333333333,101.3,11.330104817786376,98.7675,-14.0,1.25,0.0,1,0
P5520,2.488730430265663,0.975,3.333333333333333,101.3,11.330104817786376,98.7675,-14.0,2.5,0.0,1,0
P5521,2.488730430265663,0.975,3.333333333333333,101.3,11.330104817786376,98.7675,168.0,0.0,0.0,1,0
P5522,2.488730430265663,0.975,3.333333333333333,101.3,11.330104817786376,98.7675,168.0,1.25,0.0,1,0
P5523,2.488730430265663,0.975,3.333333333333333,101.3,11.330104817786376,98.7675,168.0,2.5,0.0,1,0
P5524,2.488730430265663,0.975,3.333333333333333,101.3,11.330104817786376,98.7675,350.0,0.0,0.0,1,0
P5525,2.488730430265663,0.975,3.333333333333333,101.3,11.330104817786376,98.7675,350.0,1.25,0.0,1,0
P5526,2.488730430265663,0.975,3.333333333333333,101.3,11.330104817786376,98.7675,350.0,2.5,0.0,1,0
P5527,2.488730430265663,0.975,3.333333333333333,3367.966666666667,11.330104817786376,3283.7675000000004,-196.0,0.0,0.0,1,0
P5528,2.488730430265663,0.975,3.333333333333333,3367.966666666667,11.330104817786376,3283.7675000000004,-196.0,1.25,0.0,1,0
P5529,2.488730430265663,0.975,3.333333333333333,3367.966666666667,11.330104817786376,3283.7675000000004,-196.0,2.5,0.0,1,0
P5530,2.488730430265663,0.975,3.333333333333333,3367.966666666667,11.330104817786376,3283.7675000000004,-14.0,0.0,0.0,1,0
P5531,2.488730430265663,0.975,3.333333333333333,3367.966666666667,11.330104817786376,3283.7675000000004,-14.0,1.25,0.0,1,0
P5532,2.488730430265663,0.975,3.333333333333333,3367.966666666667,11.330104817786376,3283.7675000000004,-14.0,2.5,0.0,1,0
P5533,2.488730430265663,0.975,3.333333333333333,3367.966666666667,11.330104817786376,3283.7675000000004,168.0,0.0,0.0,1,0
P5534,2.488730430265663,0.975,3.333333333333333,3367.966666666667,11.330104817786376,3283.7675000000004,168.0,1.25,0.0,1,0
P5535,2.488730430265663,0.975,3.333333333333333,3367.966666666667,11.330104817786376,3283.7675000000004,168.0,2.5,0.0,1,0
P5536,2.488730430265663,0.975,3.333333333333333,3367.966666666667,11.330104817786376,3283.7675000000004,350.0,0.0,0.0,1,0
P5537,2.488730430265663,0.975,3.333333333333333,3367.966666666667,11.330104817786376,3283.7675000000004,350.0,1.25,0.0,1,0
P5538,2.488730430265663,0.975,3.333333333333333,3367.966666666667,11.330104817786376,3283.7675000000004,350.0,2.5,0.0,1,0
P5539,2.488730430265663,0.975,3.333333333333333,6734.633333333333,11.330104817786376,6566.2675,-196.0,0.0,0.0,1,0
P5540,2.488730430265663,0.975,3.333333333333333,6734.633333333333,11.330104817786376,6566.2675,-196.0,1.25,0.0,1,0
P5541,2.488730430265663,0.975,3.333333333333333,6734.633333333333,11.330104817786376,6566.2675,-196.0,2.5,0.0,1,0
P5542,2.488730430265663,0.975,3.333333333333333,6734.633333333333,11.330104817786376,6566.2675,-14.0,0.0,0.0,1,0
P5543,2.488730430265663,0.975,3.333333333333333,6734.633333333333,11.330104817786376,6566.2675,-14.0,1.25,0.0,1,0
P5544,2.488730430265663,0.975,3.333333333333333,6734.633333333333,11.330104817786376,6566.2675,-14.0,2.5,0.0,1,0
P5545,2.488730430265663,0.975,3.333333333333333,6734.633333333333,11.330104817786376,6566.2675,168.0,0.0,0.0,1,0
P5546,2.488730430265663,0.975,3.333333333333333,6734.633333333333,11.330104817786376,6566.2675,168.0,1.25,0.0,1,0
P5547,2.488730430265663,0.975,3.333333333333333,6734.633333333333,11.330104817786376,6566.2675,168.0,2.5,0.0,1,0
P5548,2.488730430265663,0.975,3.333333333333333,6734.633333333333,11.330104817786376,6566.2675,350.0,0.0,0.0,1,0
P5549,2.488730430265663,0.975,3.333333333333333,6734.633333333333,11.330104817786376,6566.2675,350.0,1.25,0.0,1,0
P5550,2.488730430265663,0.975,3.333333333333333,6734.633333333333,11.330104817786376,6566.2675,350.0,2.5,0.0,1,0
P5551,2.488730430265663,0.975,3.333333333333333,10101.3,11.330104817786376,9848.7675,-196.0,0.0,0.0,1,0
P5552,2.488730430265663,0.975,3.333333333333333,10101.3,11.330104817786376,9848.7675,-196.0,1.25,0.0,1,0
P5553,2.488730430265663,0.975,3.333333333333333,10101.3,11.330104817786376,9848.7675,-196.0,2.5,0.0,1,0
P5554,2.488730430265663,0.975,3.333333333333333,10101.3,11.330104817786376,9848.7675,-14.0,0.0,0.0,1,0
P5555,2.488730430265663,0.975,3.333333333333333,10101.3,11.330104817786376,9848.7675,-14.0,1.25,0.0,1,0
P5556,2.488730430265663,0.975,3.333333333333333,10101.3,11.330104817786376,9848.7675,-14.0,2.5,0.0,1,0
P5557,2.488730430265663,0.975,3.333333333333333,10101.3,11.330104817786376,9848.7675,168.0,0.0,0.0,1,0
P5558,2.488730430265663,0.975,3.333333333333333,10101.3,11.330104817786376,9848.7675,168.0,1.25,0.0,1,0
P5559,2.488730430265663,0.975,3.333333333333333,10101.3,11.330104817786376,9848.7675,168.0,2.5,0.0,1,0
P5560,2.488730430265663,0.975,3.333333333333333,10101.3,11.330104817786376,9848.7675,350.0,0.0,0.0,1,0
P5561,2.488730430265663,0.975,3.333333333333333,10101.3,11.330104817786376,9848.7675,350.0,1.25,0.0,1,0
P5562,2.488730430265663,0.975,3.333333333333333,10101.3,11.330104817786376,9848.7675,350.0,2.5,0.0,1,0
P5563,4.230841731451628,0.975,5.666666666666667,101.3,18.47722810470316,98.7675,-196.0,0.0,0.0,1,0
P5564,4.230841731451628,0.975,5.666666666666667,101.3,18.47722810470316,98.7675,-196.0,1.25,0.0,1,0
P5565,4.230841731451628,0.975,5.666666666666667,101.3,18.47722810470316,98.7675,-196.0,2.5,0.0,1,0
P5566,4.230841731451628,0.975,5.666666666666667,101.3,18.47722810470316,98.7675,-14.0,0.0,0.0,1,0
P5567,4.230841731451628,0.975,5.666666666666667,101.3,18.47722810470316,98.7675,-14.0,1.25,0.0,1,0
P5568,4.230841731451628,0.975,5.666666666666667,101.3,18.47722810470316,98.7675,-14.0,2.5,0.0,1,0
P5569,4.230841731451628,0.975,5.666666666666667,101.3,18.47722810470316,98.7675,168.0,0.0,0.0,1,0
P5570,4.230841731451628,0.975,5.666666666666667,101.3,18.47722810470316,98.7675,168.0,1.25,0.0,1,0
P5571,4.230841731451628,0.975,5.666666666666667,101.3,18.47722810470316,98.7675,168.0,2.5,0.0,1,0
P5572,4.230841731451628,0.975,5.666666666666667,101.3,18.47722810470316,98.7675,350.0,0.0,0.0,1,0
P5573,4.230841731451628,0.975,5.666666666666667,101.3,18.47722810470316,98.7675,350.0,1.25,0.0,1,0
P5574,4.230841731451628,0.975,5.666666666666667,101.3,18.47722810470316,98.7675,350.0,2.5,0.0,1,0
P5575,4.230841731451628,0.975,5.666666666666667,3367.966666666667,18.47722810470316,3283.7675000000004,-196.0,0.0,0.0,1,0
P5576,4.230841731451628,0.975,5.666666666666667,3367.966666666667,18.47722810470316,3283.7675000000004,-196.0,1.25,0.0,1,0
P5577,4.230841731451628,0.975,5.666666666666667,3367.966666666667,18.47722810470316,3283.7675000000004,-196.0,2.5,0.0,1,0
P5578,4.230841731451628,0.975,5.666666666666667,3367.966666666667,18.47722810470316,3283.7675000000004,-14.0,0.0,0.0,1,0
P5579,4.230841731451628,0.975,5.666666666666667,3367.966666666667,18.47722810470316,3283.7675000000004,-14.0,1.25,0.0,1,0
P5580,4.230841731451628,0.975,5.666666666666667,3367.966666666667,18.47722810470316,3283.7675000000004,-14.0,2.5,0.0,1,0
P5581,4.230841731451628,0.975,5.666666666666667,3367.966666666667,18.47722810470316,3283.7675000000004,168.0,0.0,0.0,1,0
P5582,4.230841731451628,0.975,5.666666666666667,3367.966666666667,18.47722810470316,3283.7675000000004,168.0,1.25,0.0,1,0
P5583,4.230841731451628,0.975,5.666666666666667,3367.966666666667,18.47722810470316,3283.7675000000004,168.0,2.5,0.0,1,0
P5584,4.230841731451628,0.975,5.666666666666667,3367.966666666667,18.47722810470316,3283.7675000000004,350.0,0.0,0.0,1,0
P5585,4.230841731451628,0.975,5.666666666666667,3367.966666666667,18.47722810470316,3283.7675000000004,350.0,1.25,0.0,1,0
P5586,4.230841731451628,0.975,5.666666666666667,3367.966666666667,18.47722810470316,3283.7675000000004,350.0,2.5,0.0,1,0
P5587,4.230841731451628,0.975,5.666666666666667,6734.633333333333,18.47722810470316,6566.2675,-196.0,0.0,0.0,1,0
P5588,4.230841731451628,0.975,5.666666666666667,6734.633333333333,18.47722810470316,6566.2675,-196.0,1.25,0.0,1,0
P5589,4.230841731451628,0.975,5.666666666666667,6734.633333333333,18.47722810470316,6566.2675,-196.0,2.5,0.0,1,0
P5590,4.230841731451628,0.975,5.666666666666667,6734.633333333333,18.47722810470316,6566.2675,-14.0,0.0,0.0,1,0
P5591,4.230841731451628,0.975,5.666666666666667,6734.633333333333,18.47722810470316,6566.2675,-14.0,1.25,0.0,1,0
P5592,4.230841731451628,0.975,5.666666666666667,6734.633333333333,18.47722810470316,6566.2675,-14.0,2.5,0.0,1,0
P5593,4.230841731451628,0.975,5.666666666666667,6734.633333333333,18.47722810470316,6566.2675,168.0,0.0,0.0,1,0
P5594,4.230841731451628,0.975,5.666666666666667,6734.633333333333,18.47722810470316,6566.2675,168.0,1.25,0.0,1,0
P5595,4.230841731451628,0.975,5.666666666666667,6734.633333333333,18.47722810470316,6566.2675,168.0,2.5,0.0,1,0
P5596,4.230841731451628,0.975,5.666666666666667,6734.633333333333,18.47722810470316,6566.2675,350.0,0.0,0.0,1,0
P5597,4.230841731451628,0.975,5.666666666666667,6734.633333333333,18.47722810470316,6566.2675,350.0,1.25,0.0,1,0
P5598,4.230841731451628,0.975,5.666666666666667,6734.633333333333,18.47722810470316,6566.2675,350.0,2.5,0.0,1,0
P5599,4.230841731451628,0.975,5.666666666666667,10101.3,18.47722810470316,9848.7675,-196.0,0.0,0.0,1,0
P5600,4.230841731451628,0.975,5.666666666666667,10101.3,18.47722810470316,9848.7675,-196.0,1.25,0.0,1,0
P5601,4.230841731451628,0.975,5.666666666666667,10101.3,18.47722810470316,9848.7675,-196.0,2.5,0.0,1,0
P5602,4.230841731451628,0.975,5.666666666666667,10101.3,18.47722810470316,9848.7675,-14.0,0.0,0.0,1,0
P5603,4.230841731451628,0.975,5.666666666666667,10101.3,18.47722810470316,9848.7675,-14.0,1.25,0.0,1,0
P5604,4.230841731451628,0.975,5.666666666666667,10101.3,18.47722810470316,9848.7675,-14.0,2.5,0.0,1,0
P5605,4.230841731451628,0.975,5.666666666666667,10101.3,18.47722810470316,9848.7675,168.0,0.0,0.0,1,0
P5606,4.230841731451628,0.975,5.666666666666667,10101.3,18.47722810470316,9848.7675,168.0,1.25,0.0,1,0
P5607,4.230841731451628,0.975,5.666666666666667,10101.3,18.47722810470316,9848.7675,168.0,2.5,0.0,1,0
P5608,4.230841731451628,0.975,5.666666666666667,10101.3,18.47722810470316,9848.7675,350.0,0.0,0.0,1,0
P5609,4.230841731451628,0.975,5.666666666666667,10101.3,18.47722810470316,9848.7675,350.0,1.25,0.0,1,0
P5610,4.230841731451628,0.975,5.666666666666667,10101.3,18.47722810470316,9848.7675,350.0,2.5,0.0,1,0
P5611,5.972953032637593,0.975,8.0,101.3,25.624351391619935,98.7675,-196.0,0.0,0.0,1,0
P5612,5.972953032637593,0.975,8.0,101.3,25.624351391619935,98.7675,-196.0,1.25,0.0,1,0
P5613,5.972953032637593,0.975,8.0,101.3,25.624351391619935,98.7675,-196.0,2.5,0.0,1,0
P5614,5.972953032637593,0.975,8.0,101.3,25.624351391619935,98.7675,-14.0,0.0,0.0,1,0
P5615,5.972953032637593,0.975,8.0,101.3,25.624351391619935,98.7675,-14.0,1.25,0.0,1,0
P5616,5.972953032637593,0.975,8.0,101.3,25.624351391619935,98.7675,-14.0,2.5,0.0,1,0
P5617,5.972953032637593,0.975,8.0,101.3,25.624351391619935,98.7675,168.0,0.0,0.0,1,0
P5618,5.972953032637593,0.975,8.0,101.3,25.624351391619935,98.7675,168.0,1.25,0.0,1,0
P5619,5.972953032637593,0.975,8.0,101.3,25.624351391619935,98.7675,168.0,2.5,0.0,1,0
P5620,5.972953032637593,0.975,8.0,101.3,25.624351391619935,98.7675,350.0,0.0,0.0,1,0
P5621,5.972953032637593,0.975,8.0,101.3,25.624351391619935,98.7675,350.0,1.25,0.0,1,0
P5622,5.972953032637593,0.975,8.0,101.3,25.624351391619935,98.7675,350.0,2.5,0.0,1,0
P5623,5.972953032637593,0.975,8.0,3367.966666666667,25.624351391619935,3283.7675000000004,-196.0,0.0,0.0,1,0
P5624,5.972953032637593,0.975,8.0,3367.966666666667,25.624351391619935,3283.7675000000004,-196.0,1.25,0.0,1,0
P5625,5.972953032637593,0.975,8.0,3367.966666666667,25.624351391619935,3283.7675000000004,-196.0,2.5,0.0,1,0
P5626,5.972953032637593,0.975,8.0,3367.966666666667,25.624351391619935,3283.7675000000004,-14.0,0.0,0.0,1,0
P5627,5.972953032637593,0.975,8.0,3367.966666666667,25.624351391619935,3283.7675000000004,-14.0,1.25,0.0,1,0
P5628,5.972953032637593,0.975,8.0,3367.966666666667,25.624351391619935,3283.7675000000004,-14.0,2.5,0.0,1,0
P5629,5.972953032637593,0.975,8.0,3367.966666666667,25.624351391619935,3283.7675000000004,168.0,0.0,0.0,1,0
P5630,5.972953032637593,0.975,8.0,3367.966666666667,25.624351391619935,3283.7675000000004,168.0,1.25,0.0,1,0
P5631,5.972953032637593,0.975,8.0,3367.966666666667,25.624351391619935,3283.7675000000004,168.0,2.5,0.0,1,0
P5632,5.972953032637593,0.975,8.0,3367.966666666667,25.624351391619935,3283.7675000000004,350.0,0.0,0.0,1,0
P5633,5.972953032637593,0.975,8.0,3367.966666666667,25.624351391619935,3283.7675000000004,350.0,1.25,0.0,1,0
P5634,5.972953032637593,0.975,8.0,3367.966666666667,25.624351391619935,3283.7675000000004,350.0,2.5,0.0,1,0
P5635,5.972953032637593,0.975,8.0,6734.633333333333,25.624351391619935,6566.2675,-196.0,0.0,0.0,1,0
P5636,5.972953032637593,0.975,8.0,6734.633333333333,25.624351391619935,6566.2675,-196.0,1.25,0.0,1,0
P5637,5.972953032637593,0.975,8.0,6734.633333333333,25.624351391619935,6566.2675,-196.0,2.5,0.0,1,0
P5638,5.972953032637593,0.975,8.0,6734.633333333333,25.624351391619935,6566.2675,-14.0,0.0,0.0,1,0
P5639,5.972953032637593,0.975,8.0,6734.633333333333,25.624351391619935,6566.2675,-14.0,1.25,0.0,1,0
P5640,5.972953032637593,0.975,8.0,6734.633333333333,25.624351391619935,6566.2675,-14.0,2.5,0.0,1,0
P5641,5.972953032637593,0.975,8.0,6734.633333333333,25.624351391619935,6566.2675,168.0,0.0,0.0,1,0
P5642,5.972953032637593,0.975,8.0,6734.633333333333,25.624351391619935,6566.2675,168.0,1.25,0.0,1,0
P5643,5.972953032637593,0.975,8.0,6734.633333333333,25.624351391619935,6566.2675,168.0,2.5,0.0,1,0
P5644,5.972953032637593,0.975,8.0,6734.633333333333,25.624351391619935,6566.2675,350.0,0.0,0.0,1,0
P5645,5.972953032637593,0.975,8.0,6734.633333333333,25.624351391619935,6566.2675,350.0,1.25,0.0,1,0
P5646,5.972953032637593,0.975,8.0,6734.633333333333,25.624351391619935,6566.2675,350.0,2.5,0.0,1,0
P5647,5.972953032637593,0.975,8.0,10101.3,25.624351391619935,9848.7675,-196.0,0.0,0.0,1,0
P5648,5.972953032637593,0.975,8.0,10101.3,25.624351391619935,9848.7675,-196.0,1.25,0.0,1,0
P5649,5.972953032637593,0.975,8.0,10101.3,25.624351391619935,9848.7675,-196.0,2.5,0.0,1,0
P5650,5.972953032637593,0.975,8.0,10101.3,25.624351391619935,9848.7675,-14.0,0.0,0.0,1,0
P5651,5.972953032637593,0.975,8.0,10101.3,25.624351391619935,9848.7675,-14.0,1.25,0.0,1,0
P5652,5.972953032637593,0.975,8.0,10101.3,25.624351391619935,9848.7675,-14.0,2.5,0.0,1,0
P5653,5.972953032637593,0.975,8.0,10101.3,25.624351391619935,9848.7675,168.0,0.0,0.0,1,0
P5654,5.972953032637593,0.975,8.0,10101.3,25.624351391619935,9848.7675,168.0,1.25,0.0,1,0
P5655,5.972953032637593,0.975,8.0,10101.3,25.624351391619935,9848.7675,168.0,2.5,0.0,1,0
P5656,5.972953032637593,0.975,8.0,10101.3,25.624351391619935,9848.7675,350.0,0.0,0.0,1,0
P5657,5.972953032637593,0.975,8.0,10101.3,25.624351391619935,9848.7675,350.0,1.25,0.0,1,0
P5658,5.972953032637593,0.975,8.0,10101.3,25.624351391619935,9848.7675,350.0,2.5,0.0,1,0
P5659,1.1309733552923256,1.2,1.0,101.3,5.46637121724624,121.55999999999999,-196.0,0.0,0.0,1,0
P5660,1.1309733552923256,1.2,1.0,101.3,5.46637121724624,121.55999999999999,-196.0,1.25,0.0,1,0
P5661,1.1309733552923256,1.2,1.0,101.3,5.46637121724624,121.55999999999999,-196.0,2.5,0.0,1,0
P5662,1.1309733552923256,1.2,1.0,101.3,5.46637121724624,121.55999999999999,-14.0,0.0,0.0,1,0
P5663,1.1309733552923256,1.2,1.0,101.3,5.46637121724624,121.55999999999999,-14.0,1.25,0.0,1,0
P5664,1.1309733552923256,1.2,1.0,101.3,5.46637121724624,121.55999999999999,-14.0,2.5,0.0,1,0
P5665,1.1309733552923256,1.2,1.0,101.3,5.46637121724624,121.55999999999999,168.0,0.0,0.0,1,0
P5666,1.1309733552923256,1.2,1.0,101.3,5.46637121724624,121.55999999999999,168.0,1.25,0.0,1,0
P5667,1.1309733552923256,1.2,1.0,101.3,5.46637121724624,121.55999999999999,168.0,2.5,0.0,1,0
P5668,1.1309733552923256,1.2,1.0,101.3,5.46637121724624,121.55999999999999,350.0,0.0,0.0,1,0
P5669,1.1309733552923256,1.2,1.0,101.3,5.46637121724624,121.55999999999999,350.0,1.25,0.0,1,0
P5670,1.1309733552923256,1.2,1.0,101.3,5.46637121724624,121.55999999999999,350.0,2.5,0.0,1,0
P5671,1.1309733552923256,1.2,1.0,3367.966666666667,5.46637121724624,4041.5600000000004,-196.0,0.0,0.0,1,0
P5672,1.1309733552923256,1.2,1.0,3367.966666666667,5.46637121724624,4041.5600000000004,-196.0,1.25,0.0,1,0
P5673,1.1309733552923256,1.2,1.0,3367.966666666667,5.46637121724624,4041.5600000000004,-196.0,2.5,0.0,1,0
P5674,1.1309733552923256,1.2,1.0,3367.966666666667,5.46637121724624,4041.5600000000004,-14.0,0.0,0.0,1,0
P5675,1.1309733552923256,1.2,1.0,3367.966666666667,5.46637121724624,4041.5600000000004,-14.0,1.25,0.0,1,0
P5676,1.1309733552923256,1.2,1.0,3367.966666666667,5.46637121724624,4041.5600000000004,-14.0,2.5,0.0,1,0
P5677,1.1309733552923256,1.2,1.0,3367.966666666667,5.46637121724624,4041.5600000000004,168.0,0.0,0.0,1,0
P5678,1.1309733552923256,1.2,1.0,3367.966666666667,5.46637121724624,4041.5600000000004,168.0,1.25,0.0,1,0
P5679,1.1309733552923256,1.2,1.0,3367.966666666667,5.46637121724624,4041.5600000000004,168.0,2.5,0.0,1,0
P5680,1.1309733552923256,1.2,1.0,3367.966666666667,5.46637121724624,4041.5600000000004,350.0,0.0,0.0,1,0
P5681,1.1309733552923256,1.2,1.0,3367.966666666667,5.46637121724624,4041.5600000000004,350.0,1.25,0.0,1,0
P5682,1.1309733552923256,1.2,1.0,3367.966666666667,5.46637121724624,4041.5600000000004,350.0,2.5,0.0,1,0
P5683,1.1309733552923256,1.2,1.0,6734.633333333333,5.46637121724624,8081.5599999999995,-196.0,0.0,0.0,1,0
P5684,1.1309733552923256,1.2,1.0,6734.633333333333,5.46637121724624,8081.5599999999995,-196.0,1.25,0.0,1,0
P5685,1.1309733552923256,1.2,1.0,6734.633333333333,5.46637121724624,8081.5599999999995,-196.0,2.5,0.0,1,0
P5686,1.1309733552923256,1.2,1.0,6734.633333333333,5.46637121724624,8081.5599999999995,-14.0,0.0,0.0,1,0
P5687,1.1309733552923256,1.2,1.0,6734.633333333333,5.46637121724624,8081.5599999999995,-14.0,1.25,0.0,1,0
P5688,1.1309733552923256,1.2,1.0,6734.633333333333,5.46637121724624,8081.5599999999995,-14.0,2.5,0.0,1,0
P5689,1.1309733552923256,1.2,1.0,6734.633333333333,5.46637121724624,8081.5599999999995,168.0,0.0,0.0,1,0
P5690,1.1309733552923256,1.2,1.0,6734.633333333333,5.46637121724624,8081.5599999999995,168.0,1.25,0.0,1,0
P5691,1.1309733552923256,1.2,1.0,6734.633333333333,5.46637121724624,8081.5599999999995,168.0,2.5,0.0,1,0
P5692,1.1309733552923256,1.2,1.0,6734.633333333333,5.46637121724624,8081.5599999999995,350.0,0.0,0.0,1,0
P5693,1.1309733552923256,1.2,1.0,6734.633333333333,5.46637121724624,8081.5599999999995,350.0,1.25,0.0,1,0
P5694,1.1309733552923256,1.2,1.0,6734.633333333333,5.46637121724624,8081.5599999999995,350.0,2.5,0.0,1,0
P5695,1.1309733552923256,1.2,1.0,10101.3,5.46637121724624,12121.56,-196.0,0.0,0.0,1,0
P5696,1.1309733552923256,1.2,1.0,10101.3,5.46637121724624,12121.56,-196.0,1.25,0.0,1,0
P5697,1.1309733552923256,1.2,1.0,10101.3,5.46637121724624,12121.56,-196.0,2.5,0.0,1,0
P5698,1.1309733552923256,1.2,1.0,10101.3,5.46637121724624,12121.56,-14.0,0.0,0.0,1,0
P5699,1.1309733552923256,1.2,1.0,10101.3,5.46637121724624,12121.56,-14.0,1.25,0.0,1,0
P5700,1.1309733552923256,1.2,1.0,10101.3,5.46637121724624,12121.56,-14.0,2.5,0.0,1,0
P5701,1.1309733552923256,1.2,1.0,10101.3,5.46637121724624,12121.56,168.0,0.0,0.0,1,0
P5702,1.1309733552923256,1.2,1.0,10101.3,5.46637121724624,12121.56,168.0,1.25,0.0,1,0
P5703,1.1309733552923256,1.2,1.0,10101.3,5.46637121724624,12121.56,168.0,2.5,0.0,1,0
P5704,1.1309733552923256,1.2,1.0,10101.3,5.46637121724624,12121.56,350.0,0.0,0.0,1,0
P5705,1.1309733552923256,1.2,1.0,10101.3,5.46637121724624,12121.56,350.0,1.25,0.0,1,0
P5706,1.1309733552923256,1.2,1.0,10101.3,5.46637121724624,12121.56,350.0,2.5,0.0,1,0
P5707,3.769911184307752,1.2,3.333333333333333,101.3,14.262830647297658,121.55999999999999,-196.0,0.0,0.0,1,0
P5708,3.769911184307752,1.2,3.333333333333333,101.3,14.262830647297658,121.55999999999999,-196.0,1.25,0.0,1,0
P5709,3.769911184307752,1.2,3.333333333333333,101.3,14.262830647297658,121.55999999999999,-196.0,2.5,0.0,1,0
P5710,3.769911184307752,1.2,3.333333333333333,101.3,14.262830647297658,121.55999999999999,-14.0,0.0,0.0,1,0
P5711,3.769911184307752,1.2,3.333333333333333,101.3,14.262830647297658,121.55999999999999,-14.0,1.25,0.0,1,0
P5712,3.769911184307752,1.2,3.333333333333333,101.3,14.262830647297658,121.55999999999999,-14.0,2.5,0.0,1,0
P5713,3.769911184307752,1.2,3.333333333333333,101.3,14.262830647297658,121.55999999999999,168.0,0.0,0.0,1,0
P5714,3.769911184307752,1.2,3.333333333333333,101.3,14.262830647297658,121.55999999999999,168.0,1.25,0.0,1,0
P5715,3.769911184307752,1.2,3.333333333333333,101.3,14.262830647297658,121.55999999999999,168.0,2.5,0.0,1,0
P5716,3.769911184307752,1.2,3.333333333333333,101.3,14.262830647297658,121.55999999999999,350.0,0.0,0.0,1,0
P5717,3.769911184307752,1.2,3.333333333333333,101.3,14.262830647297658,121.55999999999999,350.0,1.25,0.0,1,0
P5718,3.769911184307752,1.2,3.333333333333333,101.3,14.262830647297658,121.55999999999999,350.0,2.5,0.0,1,0
P5719,3.769911184307752,1.2,3.333333333333333,3367.966666666667,14.262830647297658,4041.5600000000004,-196.0,0.0,0.0,1,0
P5720,3.769911184307752,1.2,3.333333333333333,3367.966666666667,14.262830647297658,4041.5600000000004,-196.0,1.25,0.0,1,0
P5721,3.769911184307752,1.2,3.333333333333333,3367.966666666667,14.262830647297658,4041.5600000000004,-196.0,2.5,0.0,1,0
P5722,3.769911184307752,1.2,3.333333333333333,3367.966666666667,14.262830647297658,4041.5600000000004,-14.0,0.0,0.0,1,0
P5723,3.769911184307752,1.2,3.333333333333333,3367.966666666667,14.262830647297658,4041.5600000000004,-14.0,1.25,0.0,1,0
P5724,3.769911184307752,1.2,3.333333333333333,3367.966666666667,14.262830647297658,4041.5600000000004,-14.0,2.5,0.0,1,0
P5725,3.769911184307752,1.2,3.333333333333333,3367.966666666667,14.262830647297658,4041.5600000000004,168.0,0.0,0.0,1,0
P5726,3.769911184307752,1.2,3.333333333333333,3367.966666666667,14.262830647297658,4041.5600000000004,168.0,1.25,0.0,1,0
P5727,3.769911184307752,1.2,3.333333333333333,3367.966666666667,14.262830647297658,4041.5600000000004,168.0,2.5,0.0,1,0
P5728,3.769911184307752,1.2,3.333333333333333,3367.966666666667,14.262830647297658,4041.5600000000004,350.0,0.0,0.0,1,0
P5729,3.769911184307752,1.2,3.333333333333333,3367.966666666667,14.262830647297658,4041.5600000000004,350.0,1.25,0.0,1,0
P5730,3.769911184307752,1.2,3.333333333333333,3367.966666666667,14.262830647297658,4041.5600000000004,350.0,2.5,0.0,1,0
P5731,3.769911184307752,1.2,3.333333333333333,6734.633333333333,14.262830647297658,8081.5599999999995,-196.0,0.0,0.0,1,0
P5732,3.769911184307752,1.2,3.333333333333333,6734.633333333333,14.262830647297658,8081.5599999999995,-196.0,1.25,0.0,1,0
P5733,3.769911184307752,1.2,3.333333333333333,6734.633333333333,14.262830647297658,8081.5599999999995,-196.0,2.5,0.0,1,0
P5734,3.769911184307752,1.2,3.333333333333333,6734.633333333333,14.262830647297658,8081.5599999999995,-14.0,0.0,0.0,1,0
P5735,3.769911184307752,1.2,3.333333333333333,6734.633333333333,14.262830647297658,8081.5599999999995,-14.0,1.25,0.0,1,0
P5736,3.769911184307752,1.2,3.333333333333333,6734.633333333333,14.262830647297658,8081.5599999999995,-14.0,2.5,0.0,1,0
P5737,3.769911184307752,1.2,3.333333333333333,6734.633333333333,14.262830647297658,8081.5599999999995,168.0,0.0,0.0,1,0
P5738,3.769911184307752,1.2,3.333333333333333,6734.633333333333,14.262830647297658,8081.5599999999995,168.0,1.25,0.0,1,0
P5739,3.769911184307752,1.2,3.333333333333333,6734.633333333333,14.262830647297658,8081.5599999999995,168.0,2.5,0.0,1,0
P5740,3.769911184307752,1.2,3.333333333333333,6734.633333333333,14.262830647297658,8081.5599999999995,350.0,0.0,0.0,1,0
P5741,3.769911184307752,1.2,3.333333333333333,6734.633333333333,14.262830647297658,8081.5599999999995,350.0,1.25,0.0,1,0
P5742,3.769911184307752,1.2,3.333333333333333,6734.633333333333,14.262830647297658,8081.5599999999995,350.0,2.5,0.0,1,0
P5743,3.769911184307752,1.2,3.333333333333333,10101.3,14.262830647297658,12121.56,-196.0,0.0,0.0,1,0
P5744,3.769911184307752,1.2,3.333333333333333,10101.3,14.262830647297658,12121.56,-196.0,1.25,0.0,1,0
P5745,3.769911184307752,1.2,3.333333333333333,10101.3,14.262830647297658,12121.56,-196.0,2.5,0.0,1,0
P5746,3.769911184307752,1.2,3.333333333333333,10101.3,14.262830647297658,12121.56,-14.0,0.0,0.0,1,0
P5747,3.769911184307752,1.2,3.333333333333333,10101.3,14.262830647297658,12121.56,-14.0,1.25,0.0,1,0
P5748,3.769911184307752,1.2,3.333333333333333,10101.3,14.262830647297658,12121.56,-14.0,2.5,0.0,1,0
P5749,3.769911184307752,1.2,3.333333333333333,10101.3,14.262830647297658,12121.56,168.0,0.0,0.0,1,0
P5750,3.769911184307752,1.2,3.333333333333333,10101.3,14.262830647297658,12121.56,168.0,1.25,0.0,1,0
P5751,3.769911184307752,1.2,3.333333333333333,10101.3,14.262830647297658,12121.56,168.0,2.5,0.0,1,0
P5752,3.769911184307752,1.2,3.333333333333333,10101.3,14.262830647297658,12121.56,350.0,0.0,0.0,1,0
P5753,3.769911184307752,1.2,3.333333333333333,10101.3,14.262830647297658,12121.56,350.0,1.25,0.0,1,0
P5754,3.769911184307752,1.2,3.333333333333333,10101.3,14.262830647297658,12121.56,350.0,2.5,0.0,1,0
P5755,6.408849013323178,1.2,5.666666666666667,101.3,23.059290077349083,121.55999999999999,-196.0,0.0,0.0,1,0
P5756,6.408849013323178,1.2,5.666666666666667,101.3,23.059290077349083,121.55999999999999,-196.0,1.25,0.0,1,0
P5757,6.408849013323178,1.2,5.666666666666667,101.3,23.059290077349083,121.55999999999999,-196.0,2.5,0.0,1,0
P5758,6.408849013323178,1.2,5.666666666666667,101.3,23.059290077349083,121.55999999999999,-14.0,0.0,0.0,1,0
P5759,6.408849013323178,1.2,5.666666666666667,101.3,23.059290077349083,121.55999999999999,-14.0,1.25,0.0,1,0
P5760,6.408849013323178,1.2,5.666666666666667,101.3,23.059290077349083,121.55999999999999,-14.0,2.5,0.0,1,0
P5761,6.408849013323178,1.2,5.666666666666667,101.3,23.059290077349083,121.55999999999999,168.0,0.0,0.0,1,0
P5762,6.408849013323178,1.2,5.666666666666667,101.3,23.059290077349083,121.55999999999999,168.0,1.25,0.0,1,0
P5763,6.408849013323178,1.2,5.666666666666667,101.3,23.059290077349083,121.55999999999999,168.0,2.5,0.0,1,0
P5764,6.408849013323178,1.2,5.666666666666667,101.3,23.059290077349083,121.55999999999999,350.0,0.0,0.0,1,0
P5765,6.408849013323178,1.2,5.666666666666667,101.3,23.059290077349083,121.55999999999999,350.0,1.25,0.0,1,0
P5766,6.408849013323178,1.2,5.666666666666667,101.3,23.059290077349083,121.55999999999999,350.0,2.5,0.0,1,0
P5767,6.408849013323178,1.2,5.666666666666667,3367.966666666667,23.059290077349083,4041.5600000000004,-196.0,0.0,0.0,1,0
P5768,6.408849013323178,1.2,5.666666666666667,3367.966666666667,23.059290077349083,4041.5600000000004,-196.0,1.25,0.0,1,0
P5769,6.408849013323178,1.2,5.666666666666667,3367.966666666667,23.059290077349083,4041.5600000000004,-196.0,2.5,0.0,1,0
P5770,6.408849013323178,1.2,5.666666666666667,3367.966666666667,23.059290077349083,4041.5600000000004,-14.0,0.0,0.0,1,0
P5771,6.408849013323178,1.2,5.666666666666667,3367.966666666667,23.059290077349083,4041.5600000000004,-14.0,1.25,0.0,1,0
P5772,6.408849013323178,1.2,5.666666666666667,3367.966666666667,23.059290077349083,4041.5600000000004,-14.0,2.5,0.0,1,0
P5773,6.408849013323178,1.2,5.666666666666667,3367.966666666667,23.059290077349083,4041.5600000000004,168.0,0.0,0.0,1,0
P5774,6.408849013323178,1.2,5.666666666666667,3367.966666666667,23.059290077349083,4041.5600000000004,168.0,1.25,0.0,1,0
P5775,6.408849013323178,1.2,5.666666666666667,3367.966666666667,23.059290077349083,4041.5600000000004,168.0,2.5,0.0,1,0
P5776,6.408849013323178,1.2,5.666666666666667,3367.966666666667,23.059290077349083,4041.5600000000004,350.0,0.0,0.0,1,0
P5777,6.408849013323178,1.2,5.666666666666667,3367.966666666667,23.059290077349083,4041.5600000000004,350.0,1.25,0.0,1,0
P5778,6.408849013323178,1.2,5.666666666666667,3367.966666666667,23.059290077349083,4041.5600000000004,350.0,2.5,0.0,1,0
P5779,6.408849013323178,1.2,5.666666666666667,6734.633333333333,23.059290077349083,8081.5599999999995,-196.0,0.0,0.0,1,0
P5780,6.408849013323178,1.2,5.666666666666667,6734.633333333333,23.059290077349083,8081.5599999999995,-196.0,1.25,0.0,1,0
P5781,6.408849013323178,1.2,5.666666666666667,6734.633333333333,23.059290077349083,8081.5599999999995,-196.0,2.5,0.0,1,0
P5782,6.408849013323178,1.2,5.666666666666667,6734.633333333333,23.059290077349083,8081.5599999999995,-14.0,0.0,0.0,1,0
P5783,6.408849013323178,1.2,5.666666666666667,6734.633333333333,23.059290077349083,8081.5599999999995,-14.0,1.25,0.0,1,0
P5784,6.408849013323178,1.2,5.666666666666667,6734.633333333333,23.059290077349083,8081.5599999999995,-14.0,2.5,0.0,1,0
P5785,6.408849013323178,1.2,5.666666666666667,6734.633333333333,23.059290077349083,8081.5599999999995,168.0,0.0,0.0,1,0
P5786,6.408849013323178,1.2,5.666666666666667,6734.633333333333,23.059290077349083,8081.5599999999995,168.0,1.25,0.0,1,0
P5787,6.408849013323178,1.2,5.666666666666667,6734.633333333333,23.059290077349083,8081.5599999999995,168.0,2.5,0.0,1,0
P5788,6.408849013323178,1.2,5.666666666666667,6734.633333333333,23.059290077349083,8081.5599999999995,350.0,0.0,0.0,1,0
P5789,6.408849013323178,1.2,5.666666666666667,6734.633333333333,23.059290077349083,8081.5599999999995,350.0,1.25,0.0,1,0
P5790,6.408849013323178,1.2,5.666666666666667,6734.633333333333,23.059290077349083,8081.5599999999995,350.0,2.5,0.0,1,0
P5791,6.408849013323178,1.2,5.666666666666667,10101.3,23.059290077349083,12121.56,-196.0,0.0,0.0,1,0
P5792,6.408849013323178,1.2,5.666666666666667,10101.3,23.059290077349083,12121.56,-196.0,1.25,0.0,1,0
P5793,6.408849013323178,1.2,5.666666666666667,10101.3,23.059290077349083,12121.56,-196.0,2.5,0.0,1,0
P5794,6.408849013323178,1.2,5.666666666666667,10101.3,23.059290077349083,12121.56,-14.0,0.0,0.0,1,0
P5795,6.408849013323178,1.2,5.666666666666667,10101.3,23.059290077349083,12121.56,-14.0,1.25,0.0,1,0
P5796,6.408849013323178,1.2,5.666666666666667,10101.3,23.059290077349083,12121.56,-14.0,2.5,0.0,1,0
P5797,6.408849013323178,1.2,5.666666666666667,10101.3,23.059290077349083,12121.56,168.0,0.0,0.0,1,0
P5798,6.408849013323178,1.2,5.666666666666667,10101.3,23.059290077349083,12121.56,168.0,1.25,0.0,1,0
P5799,6.408849013323178,1.2,5.666666666666667,10101.3,23.059290077349083,12121.56,168.0,2.5,0.0,1,0
P5800,6.408849013323178,1.2,5.666666666666667,10101.3,23.059290077349083,12121.56,350.0,0.0,0.0,1,0
P5801,6.408849013323178,1.2,5.666666666666667,10101.3,23.059290077349083,12121.56,350.0,1.25,0.0,1,0
P5802,6.408849013323178,1.2,5.666666666666667,10101.3,23.059290077349083,12121.56,350.0,2.5,0.0,1,0
P5803,9.047786842338605,1.2,8.0,101.3,31.855749507400503,121.55999999999999,-196.0,0.0,0.0,1,0
P5804,9.047786842338605,1.2,8.0,101.3,31.855749507400503,121.55999999999999,-196.0,1.25,0.0,1,0
P5805,9.047786842338605,1.2,8.0,101.3,31.855749507400503,121.55999999999999,-196.0,2.5,0.0,1,0
P5806,9.047786842338605,1.2,8.0,101.3,31.855749507400503,121.55999999999999,-14.0,0.0,0.0,1,0
P5807,9.047786842338605,1.2,8.0,101.3,31.855749507400503,121.55999999999999,-14.0,1.25,0.0,1,0
P5808,9.047786842338605,1.2,8.0,101.3,31.855749507400503,121.55999999999999,-14.0,2.5,0.0,1,0
P5809,9.047786842338605,1.2,8.0,101.3,31.855749507400503,121.55999999999999,168.0,0.0,0.0,1,0
P5810,9.047786842338605,1.2,8.0,101.3,31.855749507400503,121.55999999999999,168.0,1.25,0.0,1,0
P5811,9.047786842338605,1.2,8.0,101.3,31.855749507400503,121.55999999999999,168.0,2.5,0.0,1,0
P5812,9.047786842338605,1.2,8.0,101.3,31.855749507400503,121.55999999999999,350.0,0.0,0.0,1,0
P5813,9.047786842338605,1.2,8.0,101.3,31.855749507400503,121.55999999999999,350.0,1.25,0.0,1,0
P5814,9.047786842338605,1.2,8.0,101.3,31.855749507400503,121.55999999999999,350.0,2.5,0.0,1,0
P5815,9.047786842338605,1.2,8.0,3367.966666666667,31.855749507400503,4041.5600000000004,-196.0,0.0,0.0,1,0
P5816,9.047786842338605,1.2,8.0,3367.966666666667,31.855749507400503,4041.5600000000004,-196.0,1.25,0.0,1,0
P5817,9.047786842338605,1.2,8.0,3367.966666666667,31.855749507400503,4041.5600000000004,-196.0,2.5,0.0,1,0
P5818,9.047786842338605,1.2,8.0,3367.966666666667,31.855749507400503,4041.5600000000004,-14.0,0.0,0.0,1,0
P5819,9.047786842338605,1.2,8.0,3367.966666666667,31.855749507400503,4041.5600000000004,-14.0,1.25,0.0,1,0
P5820,9.047786842338605,1.2,8.0,3367.966666666667,31.855749507400503,4041.5600000000004,-14.0,2.5,0.0,1,0
P5821,9.047786842338605,1.2,8.0,3367.966666666667,31.855749507400503,4041.5600000000004,168.0,0.0,0.0,1,0
P5822,9.047786842338605,1.2,8.0,3367.966666666667,31.855749507400503,4041.5600000000004,168.0,1.25,0.0,1,0
P5823,9.047786842338605,1.2,8.0,3367.966666666667,31.855749507400503,4041.5600000000004,168.0,2.5,0.0,1,0
P5824,9.047786842338605,1.2,8.0,3367.966666666667,31.855749507400503,4041.5600000000004,350.0,0.0,0.0,1,0
P5825,9.047786842338605,1.2,8.0,3367.966666666667,31.855749507400503,4041.5600000000004,350.0,1.25,0.0,1,0
P5826,9.047786842338605,1.2,8.0,3367.966666666667,31.855749507400503,4041.5600000000004,350.0,2.5,0.0,1,0
P5827,9.047786842338605,1.2,8.0,6734.633333333333,31.855749507400503,8081.5599999999995,-196.0,0.0,0.0,1,0
P5828,9.047786842338605,1.2,8.0,6734.633333333333,31.855749507400503,8081.5599999999995,-196.0,1.25,0.0,1,0
P5829,9.047786842338605,1.2,8.0,6734.633333333333,31.855749507400503,8081.5599999999995,-196.0,2.5,0.0,1,0
P5830,9.047786842338605,1.2,8.0,6734.633333333333,31.855749507400503,8081.5599999999995,-14.0,0.0,0.0,1,0
P5831,9.047786842338605,1.2,8.0,6734.633333333333,31.855749507400503,8081.5599999999995,-14.0,1.25,0.0,1,0
P5832,9.047786842338605,1.2,8.0,6734.633333333333,31.855749507400503,8081.5599999999995,-14.0,2.5,0.0,1,0
P5833,9.047786842338605,1.2,8.0,6734.633333333333,31.855749507400503,8081.5599999999995,168.0,0.0,0.0,1,0
P5834,9.047786842338605,1.2,8.0,6734.633333333333,31.855749507400503,8081.5599999999995,168.0,1.25,0.0,1,0
P5835,9.047786842338605,1.2,8.0,6734.633333333333,31.855749507400503,8081.5599999999995,168.0,2.5,0.0,1,0
P5836,9.047786842338605,1.2,8.0,6734.633333333333,31.855749507400503,8081.5599999999995,350.0,0.0,0.0,1,0
P5837,9.047786842338605,1.2,8.0,6734.633333333333,31.855749507400503,8081.5599999999995,350.0,1.25,0.0,1,0
P5838,9.047786842338605,1.2,8.0,6734.633333333333,31.855749507400503,8081.5599999999995,350.0,2.5,0.0,1,0
P5839,9.047786842338605,1.2,8.0,10101.3,31.855749507400503,12121.56,-196.0,0.0,0.0,1,0
P5840,9.047786842338605,1.2,8.0,10101.3,31.855749507400503,12121.56,-196.0,1.25,0.0,1,0
P5841,9.047786842338605,1.2,8.0,10101.3,31.855749507400503,12121.56,-196.0,2.5,0.0,1,0
P5842,9.047786842338605,1.2,8.0,10101.3,31.855749507400503,12121.56,-14.0,0.0,0.0,1,0
P5843,9.047786842338605,1.2,8.0,10101.3,31.855749507400503,12121.56,-14.0,1.25,0.0,1,0
P5844,9.047786842338605,1.2,8.0,10101.3,31.855749507400503,12121.56,-14.0,2.5,0.0,1,0
P5845,9.047786842338605,1.2,8.0,10101.3,31.855749507400503,12121.56,168.0,0.0,0.0,1,0
P5846,9.047786842338605,1.2,8.0,10101.3,31.855749507400503,12121.56,168.0,1.25,0.0,1,0
P5847,9.047786842338605,1.2,8.0,10101.3,31.855749507400503,12121.56,168.0,2.5,0.0,1,0
P5848,9.047786842338605,1.2,8.0,10101.3,31.855749507400503,12121.56,350.0,0.0,0.0,1,0
P5849,9.047786842338605,1.2,8.0,10101.3,31.855749507400503,12121.56,350.0,1.25,0.0,1,0
P5850,9.047786842338605,1.2,8.0,10101.3,31.855749507400503,12121.56,350.0,2.5,0.0,1,0
P5872,188.49555921538757,4.0,15.0,1034.6333333333332,207.34511513692632,4138.533333333333,450.0,4.0,0.0,1,0
P5873,188.49555921538757,4.0,15.0,1034.6333333333332,207.34511513692632,4138.533333333333,450.0,5.0,0.0,1,0
P5874,188.49555921538757,4.0,15.0,1034.6333333333332,207.34511513692632,4138.533333333333,450.0,6.0,0.0,1,0
P5875,188.49555921538757,4.0,15.0,2067.966666666667,207.34511513692632,8271.866666666669,200.0,4.0,0.0,1,0
P5876,188.49555921538757,4.0,15.0,2067.966666666667,207.34511513692632,8271.866666666669,200.0,5.0,0.0,1,0
P5877,188.49555921538757,4.0,15.0,2067.966666666667,207.34511513692632,8271.866666666669,200.0,6.0,0.0,1,0
P5878,188.49555921538757,4.0,15.0,2067.966666666667,207.34511513692632,8271.866666666669,283.3333333333333,4.0,0.0,1,0
P5879,188.49555921538757,4.0,15.0,2067.966666666667,207.34511513692632,8271.866666666669,283.3333333333333,5.0,0.0,1,0
P5880,188.49555921538757,4.0,15.0,2067.966666666667,207.34511513692632,8271.866666666669,283.3333333333333,6.0,0.0,1,0
P5881,188.49555921538757,4.0,15.0,2067.966666666667,207.34511513692632,8271.866666666669,366.6666666666666,4.0,0.0,1,0
P5882,188.49555921538757,4.0,15.0,2067.966666666667,207.34511513692632,8271.866666666669,366.6666666666666,5.0,0.0,1,0
P5883,188.49555921538757,4.0,15.0,2067.966666666667,207.34511513692632,8271.866666666669,366.6666666666666,6.0,0.0,1,0
P5884,188.49555921538757,4.0,15.0,2067.966666666667,207.34511513692632,8271.866666666669,450.0,4.0,0.0,1,0
P5885,188.49555921538757,4.0,15.0,2067.966666666667,207.34511513692632,8271.866666666669,450.0,5.0,0.0,1,0
P5886,188.49555921538757,4.0,15.0,2067.966666666667,207.34511513692632,8271.866666666669,450.0,6.0,0.0,1,0
P5887,188.49555921538757,4.0,15.0,3101.3,207.34511513692632,12405.2,200.0,4.0,0.0,1,0
P5888,188.49555921538757,4.0,15.0,3101.3,207.34511513692632,12405.2,200.0,5.0,0.0,1,0
P5889,188.49555921538757,4.0,15.0,3101.3,207.34511513692632,12405.2,200.0,6.0,0.0,1,0
P5890,188.49555921538757,4.0,15.0,3101.3,207.34511513692632,12405.2,283.3333333333333,4.0,0.0,1,0
P5891,188.49555921538757,4.0,15.0,3101.3,207.34511513692632,12405.2,283.3333333333333,5.0,0.0,1,0
P5892,188.49555921538757,4.0,15.0,3101.3,207.34511513692632,12405.2,283.3333333333333,6.0,0.0,1,0
P5893,188.49555921538757,4.0,15.0,3101.3,207.34511513692632,12405.2,366.6666666666666,4.0,0.0,1,0
P5894,188.49555921538757,4.0,15.0,3101.3,207.34511513692632,12405.2,366.6666666666666,5.0,0.0,1,0
P5895,188.49555921538757,4.0,15.0,3101.3,207.34511513692632,12405.2,366.6666666666666,6.0,0.0,1,0
P5896,188.49555921538757,4.0,15.0,3101.3,207.34511513692632,12405.2,450.0,4.0,0.0,1,0
P5897,188.49555921538757,4.0,15.0,3101.3,207.34511513692632,12405.2,450.0,5.0,0.0,1,0
P5898,188.49555921538757,4.0,15.0,3101.3,207.34511513692632,12405.2,450.0,6.0,0.0,1,0
P5923,335.10321638291117,4.0,26.66666666666666,2067.966666666667,353.9527723044499,8271.866666666669,200.0,4.0,0.0,1,0
P5924,335.10321638291117,4.0,26.66666666666666,2067.966666666667,353.9527723044499,8271.866666666669,200.0,5.0,0.0,1,0
P5925,335.10321638291117,4.0,26.66666666666666,2067.966666666667,353.9527723044499,8271.866666666669,200.0,6.0,0.0,1,0
P5926,335.10321638291117,4.0,26.66666666666666,2067.966666666667,353.9527723044499,8271.866666666669,283.3333333333333,4.0,0.0,1,0
P5927,335.10321638291117,4.0,26.66666666666666,2067.966666666667,353.9527723044499,8271.866666666669,283.3333333333333,5.0,0.0,1,0
P5928,335.10321638291117,4.0,26.66666666666666,2067.966666666667,353.9527723044499,8271.866666666669,283.3333333333333,6.0,0.0,1,0
P5929,335.10321638291117,4.0,26.66666666666666,2067.966666666667,353.9527723044499,8271.866666666669,366.6666666666666,4.0,0.0,1,0
P5930,335.10321638291117,4.0,26.66666666666666,2067.966666666667,353.9527723044499,8271.866666666669,366.6666666666666,5.0,0.0,1,0
P5931,335.10321638291117,4.0,26.66666666666666,2067.966666666667,353.9527723044499,8271.866666666669,366.6666666666666,6.0,0.0,1,0
P5932,335.10321638291117,4.0,26.66666666666666,2067.966666666667,353.9527723044499,8271.866666666669,450.0,4.0,0.0,1,0
P5933,335.10321638291117,4.0,26.66666666666666,2067.966666666667,353.9527723044499,8271.866666666669,450.0,5.0,0.0,1,0
P5934,335.10321638291117,4.0,26.66666666666666,2067.966666666667,353.9527723044499,8271.866666666669,450.0,6.0,0.0,1,0
P5935,335.10321638291117,4.0,26.66666666666666,3101.3,353.9527723044499,12405.2,200.0,4.0,0.0,1,0
P5936,335.10321638291117,4.0,26.66666666666666,3101.3,353.9527723044499,12405.2,200.0,5.0,0.0,1,0
P5937,335.10321638291117,4.0,26.66666666666666,3101.3,353.9527723044499,12405.2,200.0,6.0,0.0,1,0
P5938,335.10321638291117,4.0,26.66666666666666,3101.3,353.9527723044499,12405.2,283.3333333333333,4.0,0.0,1,0
P5939,335.10321638291117,4.0,26.66666666666666,3101.3,353.9527723044499,12405.2,283.3333333333333,5.0,0.0,1,0
P5940,335.10321638291117,4.0,26.66666666666666,3101.3,353.9527723044499,12405.2,283.3333333333333,6.0,0.0,1,0
P5941,335.10321638291117,4.0,26.66666666666666,3101.3,353.9527723044499,12405.2,366.6666666666666,4.0,0.0,1,0
P5942,335.10321638291117,4.0,26.66666666666666,3101.3,353.9527723044499,12405.2,366.6666666666666,5.0,0.0,1,0
P5943,335.10321638291117,4.0,26.66666666666666,3101.3,353.9527723044499,12405.2,366.6666666666666,6.0,0.0,1,0
P5944,335.10321638291117,4.0,26.66666666666666,3101.3,353.9527723044499,12405.2,450.0,4.0,0.0,1,0
P5945,335.10321638291117,4.0,26.66666666666666,3101.3,353.9527723044499,12405.2,450.0,5.0,0.0,1,0
P5946,335.10321638291117,4.0,26.66666666666666,3101.3,353.9527723044499,12405.2,450.0,6.0,0.0,1,0
P5971,481.7108735504349,4.0,38.33333333333333,2067.966666666667,500.56042947197363,8271.866666666669,200.0,4.0,0.0,1,0
P5972,481.7108735504349,4.0,38.33333333333333,2067.966666666667,500.56042947197363,8271.866666666669,200.0,5.0,0.0,1,0
P5973,481.7108735504349,4.0,38.33333333333333,2067.966666666667,500.56042947197363,8271.866666666669,200.0,6.0,0.0,1,0
P5974,481.7108735504349,4.0,38.33333333333333,2067.966666666667,500.56042947197363,8271.866666666669,283.3333333333333,4.0,0.0,1,0
P5975,481.7108735504349,4.0,38.33333333333333,2067.966666666667,500.56042947197363,8271.866666666669,283.3333333333333,5.0,0.0,1,0
P5976,481.7108735504349,4.0,38.33333333333333,2067.966666666667,500.56042947197363,8271.866666666669,283.3333333333333,6.0,0.0,1,0
P5977,481.7108735504349,4.0,38.33333333333333,2067.966666666667,500.56042947197363,8271.866666666669,366.6666666666666,4.0,0.0,1,0
P5978,481.7108735504349,4.0,38.33333333333333,2067.966666666667,500.56042947197363,8271.866666666669,366.6666666666666,5.0,0.0,1,0
P5979,481.7108735504349,4.0,38.33333333333333,2067.966666666667,500.56042947197363,8271.866666666669,366.6666666666666,6.0,0.0,1,0
P5980,481.7108735504349,4.0,38.33333333333333,2067.966666666667,500.56042947197363,8271.866666666669,450.0,4.0,0.0,1,0
P5981,481.7108735504349,4.0,38.33333333333333,2067.966666666667,500.56042947197363,8271.866666666669,450.0,5.0,0.0,1,0
P5982,481.7108735504349,4.0,38.33333333333333,2067.966666666667,500.56042947197363,8271.866666666669,450.0,6.0,0.0,1,0
P5983,481.7108735504349,4.0,38.33333333333333,3101.3,500.56042947197363,12405.2,200.0,4.0,0.0,1,0
P5984,481.7108735504349,4.0,38.33333333333333,3101.3,500.56042947197363,12405.2,200.0,5.0,0.0,1,0
P5985,481.7108735504349,4.0,38.33333333333333,3101.3,500.56042947197363,12405.2,200.0,6.0,0.0,1,0
P5986,481.7108735504349,4.0,38.33333333333333,3101.3,500.56042947197363,12405.2,283.3333333333333,4.0,0.0,1,0
P5987,481.7108735504349,4.0,38.33333333333333,3101.3,500.56042947197363,12405.2,283.3333333333333,5.0,0.0,1,0
P5988,481.7108735504349,4.0,38.33333333333333,3101.3,500.56042947197363,12405.2,283.3333333333333,6.0,0.0,1,0
P5989,481.7108735504349,4.0,38.33333333333333,3101.3,500.56042947197363,12405.2,366.6666666666666,4.0,0.0,1,0
P5990,481.7108735504349,4.0,38.33333333333333,3101.3,500.56042947197363,12405.2,366.6666666666666,5.0,0.0,1,0
P5991,481.7108735504349,4.0,38.33333333333333,3101.3,500.56042947197363,12405.2,366.6666666666666,6.0,0.0,1,0
P5992,481.7108735504349,4.0,38.33333333333333,3101.3,500.56042947197363,12405.2,450.0,4.0,0.0,1,0
P5993,481.7108735504349,4.0,38.33333333333333,3101.3,500.56042947197363,12405.2,450.0,5.0,0.0,1,0
P5994,481.7108735504349,4.0,38.33333333333333,3101.3,500.56042947197363,12405.2,450.0,6.0,0.0,1,0
P6022,628.3185307179587,4.0,50.0,2067.966666666667,647.1680866394975,8271.866666666669,283.3333333333333,4.0,0.0,1,0
P6023,628.3185307179587,4.0,50.0,2067.966666666667,647.1680866394975,8271.866666666669,283.3333333333333,5.0,0.0,1,0
P6024,628.3185307179587,4.0,50.0,2067.966666666667,647.1680866394975,8271.866666666669,283.3333333333333,6.0,0.0,1,0
P6025,628.3185307179587,4.0,50.0,2067.966666666667,647.1680866394975,8271.866666666669,366.6666666666666,4.0,0.0,1,0
P6026,628.3185307179587,4.0,50.0,2067.966666666667,647.1680866394975,8271.866666666669,366.6666666666666,5.0,0.0,1,0
P6027,628.3185307179587,4.0,50.0,2067.966666666667,647.1680866394975,8271.866666666669,366.6666666666666,6.0,0.0,1,0
P6028,628.3185307179587,4.0,50.0,2067.966666666667,647.1680866394975,8271.866666666669,450.0,4.0,0.0,1,0
P6029,628.3185307179587,4.0,50.0,2067.966666666667,647.1680866394975,8271.866666666669,450.0,5.0,0.0,1,0
P6030,628.3185307179587,4.0,50.0,2067.966666666667,647.1680866394975,8271.866666666669,450.0,6.0,0.0,1,0
P6031,628.3185307179587,4.0,50.0,3101.3,647.1680866394975,12405.2,200.0,4.0,0.0,1,0
P6032,628.3185307179587,4.0,50.0,3101.3,647.1680866394975,12405.2,200.0,5.0,0.0,1,0
P6033,628.3185307179587,4.0,50.0,3101.3,647.1680866394975,12405.2,200.0,6.0,0.0,1,0
P6034,628.3185307179587,4.0,50.0,3101.3,647.1680866394975,12405.2,283.3333333333333,4.0,0.0,1,0
P6035,628.3185307179587,4.0,50.0,3101.3,647.1680866394975,12405.2,283.3333333333333,5.0,0.0,1,0
P6036,628.3185307179587,4.0,50.0,3101.3,647.1680866394975,12405.2,283.3333333333333,6.0,0.0,1,0
P6037,628.3185307179587,4.0,50.0,3101.3,647.1680866394975,12405.2,366.6666666666666,4.0,0.0,1,0
P6038,628.3185307179587,4.0,50.0,3101.3,647.1680866394975,12405.2,366.6666666666666,5.0,0.0,1,0
P6039,628.3185307179587,4.0,50.0,3101.3,647.1680866394975,12405.2,366.6666666666666,6.0,0.0,1,0
P6040,628.3185307179587,4.0,50.0,3101.3,647.1680866394975,12405.2,450.0,4.0,0.0,1,0
P6041,628.3185307179587,4.0,50.0,3101.3,647.1680866394975,12405.2,450.0,5.0,0.0,1,0
P6042,628.3185307179587,4.0,50.0,3101.3,647.1680866394975,12405.2,450.0,6.0,0.0,1,0
P6067,497.7460860531328,6.5,15.0,2067.966666666667,356.07989233031816,13441.783333333336,200.0,4.0,0.0,1,0
P6068,497.7460860531328,6.5,15.0,2067.966666666667,356.07989233031816,13441.783333333336,200.0,5.0,0.0,1,0
P6069,497.7460860531328,6.5,15.0,2067.966666666667,356.07989233031816,13441.783333333336,200.0,6.0,0.0,1,0
P6070,497.7460860531328,6.5,15.0,2067.966666666667,356.07989233031816,13441.783333333336,283.3333333333333,4.0,0.0,1,0
P6071,497.7460860531328,6.5,15.0,2067.966666666667,356.07989233031816,13441.783333333336,283.3333333333333,5.0,0.0,1,0
P6072,497.7460860531328,6.5,15.0,2067.966666666667,356.07989233031816,13441.783333333336,283.3333333333333,6.0,0.0,1,0
P6073,497.7460860531328,6.5,15.0,2067.966666666667,356.07989233031816,13441.783333333336,366.6666666666666,4.0,0.0,1,0
P6074,497.7460860531328,6.5,15.0,2067.966666666667,356.07989233031816,13441.783333333336,366.6666666666666,5.0,0.0,1,0
P6075,497.7460860531328,6.5,15.0,2067.966666666667,356.07989233031816,13441.783333333336,366.6666666666666,6.0,0.0,1,0
P6076,497.7460860531328,6.5,15.0,2067.966666666667,356.07989233031816,13441.783333333336,450.0,4.0,0.0,1,0
P6077,497.7460860531328,6.5,15.0,2067.966666666667,356.07989233031816,13441.783333333336,450.0,5.0,0.0,1,0
P6078,497.7460860531328,6.5,15.0,2067.966666666667,356.07989233031816,13441.783333333336,450.0,6.0,0.0,1,0
P6079,497.7460860531328,6.5,15.0,3101.3,356.07989233031816,20158.45,200.0,4.0,0.0,1,0
P6080,497.7460860531328,6.5,15.0,3101.3,356.07989233031816,20158.45,200.0,5.0,0.0,1,0
P6081,497.7460860531328,6.5,15.0,3101.3,356.07989233031816,20158.45,200.0,6.0,0.0,1,0
P6082,497.7460860531328,6.5,15.0,3101.3,356.07989233031816,20158.45,283.3333333333333,4.0,0.0,1,0
P6083,497.7460860531328,6.5,15.0,3101.3,356.07989233031816,20158.45,283.3333333333333,5.0,0.0,1,0
P6084,497.7460860531328,6.5,15.0,3101.3,356.07989233031816,20158.45,283.3333333333333,6.0,0.0,1,0
P6085,497.7460860531328,6.5,15.0,3101.3,356.07989233031816,20158.45,366.6666666666666,4.0,0.0,1,0
P6086,497.7460860531328,6.5,15.0,3101.3,356.07989233031816,20158.45,366.6666666666666,5.0,0.0,1,0
P6087,497.7460860531328,6.5,15.0,3101.3,356.07989233031816,20158.45,366.6666666666666,6.0,0.0,1,0
P6088,497.7460860531328,6.5,15.0,3101.3,356.07989233031816,20158.45,450.0,4.0,0.0,1,0
P6089,497.7460860531328,6.5,15.0,3101.3,356.07989233031816,20158.45,450.0,5.0,0.0,1,0
P6090,497.7460860531328,6.5,15.0,3101.3,356.07989233031816,20158.45,450.0,6.0,0.0,1,0
P6115,884.8819307611249,6.5,26.66666666666666,2067.966666666667,594.3173352275439,13441.783333333336,200.0,4.0,0.0,1,0
P6116,884.8819307611249,6.5,26.66666666666666,2067.966666666667,594.3173352275439,13441.783333333336,200.0,5.0,0.0,1,0
P6117,884.8819307611249,6.5,26.66666666666666,2067.966666666667,594.3173352275439,13441.783333333336,200.0,6.0,0.0,1,0
P6118,884.8819307611249,6.5,26.66666666666666,2067.966666666667,594.3173352275439,13441.783333333336,283.3333333333333,4.0,0.0,1,0
P6119,884.8819307611249,6.5,26.66666666666666,2067.966666666667,594.3173352275439,13441.783333333336,283.3333333333333,5.0,0.0,1,0
P6120,884.8819307611249,6.5,26.66666666666666,2067.966666666667,594.3173352275439,13441.783333333336,283.3333333333333,6.0,0.0,1,0
P6121,884.8819307611249,6.5,26.66666666666666,2067.966666666667,594.3173352275439,13441.783333333336,366.6666666666666,4.0,0.0,1,0
P6122,884.8819307611249,6.5,26.66666666666666,2067.966666666667,594.3173352275439,13441.783333333336,366.6666666666666,5.0,0.0,1,0
P6123,884.8819307611249,6.5,26.66666666666666,2067.966666666667,594.3173352275439,13441.783333333336,366.6666666666666,6.0,0.0,1,0
P6124,884.8819307611249,6.5,26.66666666666666,2067.966666666667,594.3173352275439,13441.783333333336,450.0,4.0,0.0,1,0
P6125,884.8819307611249,6.5,26.66666666666666,2067.966666666667,594.3173352275439,13441.783333333336,450.0,5.0,0.0,1,0
P6126,884.8819307611249,6.5,26.66666666666666,2067.966666666667,594.3173352275439,13441.783333333336,450.0,6.0,0.0,1,0
P6127,884.8819307611249,6.5,26.66666666666666,3101.3,594.3173352275439,20158.45,200.0,4.0,0.0,1,0
P6128,884.8819307611249,6.5,26.66666666666666,3101.3,594.3173352275439,20158.45,200.0,5.0,0.0,1,0
P6129,884.8819307611249,6.5,26.66666666666666,3101.3,594.3173352275439,20158.45,200.0,6.0,0.0,1,0
P6130,884.8819307611249,6.5,26.66666666666666,3101.3,594.3173352275439,20158.45,283.3333333333333,4.0,0.0,1,0
P6131,884.8819307611249,6.5,26.66666666666666,3101.3,594.3173352275439,20158.45,283.3333333333333,5.0,0.0,1,0
P6132,884.8819307611249,6.5,26.66666666666666,3101.3,594.3173352275439,20158.45,283.3333333333333,6.0,0.0,1,0
P6133,884.8819307611249,6.5,26.66666666666666,3101.3,594.3173352275439,20158.45,366.6666666666666,4.0,0.0,1,0
P6134,884.8819307611249,6.5,26.66666666666666,3101.3,594.3173352275439,20158.45,366.6666666666666,5.0,0.0,1,0
P6135,884.8819307611249,6.5,26.66666666666666,3101.3,594.3173352275439,20158.45,366.6666666666666,6.0,0.0,1,0
P6136,884.8819307611249,6.5,26.66666666666666,3101.3,594.3173352275439,20158.45,450.0,4.0,0.0,1,0
P6137,884.8819307611249,6.5,26.66666666666666,3101.3,594.3173352275439,20158.45,450.0,5.0,0.0,1,0
P6138,884.8819307611249,6.5,26.66666666666666,3101.3,594.3173352275439,20158.45,450.0,6.0,0.0,1,0
P6164,1272.0177754691172,6.5,38.33333333333333,2067.966666666667,832.55477812477,13441.783333333336,200.0,5.0,0.0,1,0
P6165,1272.0177754691172,6.5,38.33333333333333,2067.966666666667,832.55477812477,13441.783333333336,200.0,6.0,0.0,1,0
P6166,1272.0177754691172,6.5,38.33333333333333,2067.966666666667,832.55477812477,13441.783333333336,283.3333333333333,4.0,0.0,1,0
P6167,1272.0177754691172,6.5,38.33333333333333,2067.966666666667,832.55477812477,13441.783333333336,283.3333333333333,5.0,0.0,1,0
P6168,1272.0177754691172,6.5,38.33333333333333,2067.966666666667,832.55477812477,13441.783333333336,283.3333333333333,6.0,0.0,1,0
P6169,1272.0177754691172,6.5,38.33333333333333,2067.966666666667,832.55477812477,13441.783333333336,366.6666666666666,4.0,0.0,1,0
P6170,1272.0177754691172,6.5,38.33333333333333,2067.966666666667,832.55477812477,13441.783333333336,366.6666666666666,5.0,0.0,1,0
P6171,1272.0177754691172,6.5,38.33333333333333,2067.966666666667,832.55477812477,13441.783333333336,366.6666666666666,6.0,0.0,1,0
P6172,1272.0177754691172,6.5,38.33333333333333,2067.966666666667,832.55477812477,13441.783333333336,450.0,4.0,0.0,1,0
P6173,1272.0177754691172,6.5,38.33333333333333,2067.966666666667,832.55477812477,13441.783333333336,450.0,5.0,0.0,1,0
P6174,1272.0177754691172,6.5,38.33333333333333,2067.966666666667,832.55477812477,13441.783333333336,450.0,6.0,0.0,1,0
P6175,1272.0177754691172,6.5,38.33333333333333,3101.3,832.55477812477,20158.45,200.0,4.0,0.0,1,0
P6176,1272.0177754691172,6.5,38.33333333333333,3101.3,832.55477812477,20158.45,200.0,5.0,0.0,1,0
P6177,1272.0177754691172,6.5,38.33333333333333,3101.3,832.55477812477,20158.45,200.0,6.0,0.0,1,0
P6178,1272.0177754691172,6.5,38.33333333333333,3101.3,832.55477812477,20158.45,283.3333333333333,4.0,0.0,1,0
P6179,1272.0177754691172,6.5,38.33333333333333,3101.3,832.55477812477,20158.45,283.3333333333333,5.0,0.0,1,0
P6180,1272.0177754691172,6.5,38.33333333333333,3101.3,832.55477812477,20158.45,283.3333333333333,6.0,0.0,1,0
P6181,1272.0177754691172,6.5,38.33333333333333,3101.3,832.55477812477,20158.45,366.6666666666666,4.0,0.0,1,0
P6182,1272.0177754691172,6.5,38.33333333333333,3101.3,832.55477812477,20158.45,366.6666666666666,5.0,0.0,1,0
P6183,1272.0177754691172,6.5,38.33333333333333,3101.3,832.55477812477,20158.45,366.6666666666666,6.0,0.0,1,0
P6184,1272.0177754691172,6.5,38.33333333333333,3101.3,832.55477812477,20158.45,450.0,4.0,0.0,1,0
P6185,1272.0177754691172,6.5,38.33333333333333,3101.3,832.55477812477,20158.45,450.0,5.0,0.0,1,0
P6186,1272.0177754691172,6.5,38.33333333333333,3101.3,832.55477812477,20158.45,450.0,6.0,0.0,1,0
P6214,1659.1536201771096,6.5,50.0,2067.966666666667,1070.792221021996,13441.783333333336,283.3333333333333,4.0,0.0,1,0
P6215,1659.1536201771096,6.5,50.0,2067.966666666667,1070.792221021996,13441.783333333336,283.3333333333333,5.0,0.0,1,0
P6216,1659.1536201771096,6.5,50.0,2067.966666666667,1070.792221021996,13441.783333333336,283.3333333333333,6.0,0.0,1,0
P6217,1659.1536201771096,6.5,50.0,2067.966666666667,1070.792221021996,13441.783333333336,366.6666666666666,4.0,0.0,1,0
P6218,1659.1536201771096,6.5,50.0,2067.966666666667,1070.792221021996,13441.783333333336,366.6666666666666,5.0,0.0,1,0
P6219,1659.1536201771096,6.5,50.0,2067.966666666667,1070.792221021996,13441.783333333336,366.6666666666666,6.0,0.0,1,0
P6220,1659.1536201771096,6.5,50.0,2067.966666666667,1070.792221021996,13441.783333333336,450.0,4.0,0.0,1,0
P6221,1659.1536201771096,6.5,50.0,2067.966666666667,1070.792221021996,13441.783333333336,450.0,5.0,0.0,1,0
P6222,1659.1536201771096,6.5,50.0,2067.966666666667,1070.792221021996,13441.783333333336,450.0,6.0,0.0,1,0
P6223,1659.1536201771096,6.5,50.0,3101.3,1070.792221021996,20158.45,200.0,4.0,0.0,1,0
P6224,1659.1536201771096,6.5,50.0,3101.3,1070.792221021996,20158.45,200.0,5.0,0.0,1,0
P6225,1659.1536201771096,6.5,50.0,3101.3,1070.792221021996,20158.45,200.0,6.0,0.0,1,0
P6226,1659.1536201771096,6.5,50.0,3101.3,1070.792221021996,20158.45,283.3333333333333,4.0,0.0,1,0
P6227,1659.1536201771096,6.5,50.0,3101.3,1070.792221021996,20158.45,283.3333333333333,5.0,0.0,1,0
P6228,1659.1536201771096,6.5,50.0,3101.3,1070.792221021996,20158.45,283.3333333333333,6.0,0.0,1,0
P6229,1659.1536201771096,6.5,50.0,3101.3,1070.792221021996,20158.45,366.6666666666666,4.0,0.0,1,0
P6230,1659.1536201771096,6.5,50.0,3101.3,1070.792221021996,20158.45,366.6666666666666,5.0,0.0,1,0
P6231,1659.1536201771096,6.5,50.0,3101.3,1070.792221021996,20158.45,366.6666666666666,6.0,0.0,1,0
P6232,1659.1536201771096,6.5,50.0,3101.3,1070.792221021996,20158.45,450.0,4.0,0.0,1,0
P6233,1659.1536201771096,6.5,50.0,3101.3,1070.792221021996,20158.45,450.0,5.0,0.0,1,0
P6234,1659.1536201771096,6.5,50.0,3101.3,1070.792221021996,20158.45,450.0,6.0,0.0,1,0
P6257,954.2587685278996,9.0,15.0,1034.6333333333332,519.540885087412,9311.699999999999,450.0,5.0,0.0,1,0
P6258,954.2587685278996,9.0,15.0,1034.6333333333332,519.540885087412,9311.699999999999,450.0,6.0,0.0,1,0
P6259,954.2587685278996,9.0,15.0,2067.966666666667,519.540885087412,18611.700000000004,200.0,4.0,0.0,1,0
P6260,954.2587685278996,9.0,15.0,2067.966666666667,519.540885087412,18611.700000000004,200.0,5.0,0.0,1,0
P6261,954.2587685278996,9.0,15.0,2067.966666666667,519.540885087412,18611.700000000004,200.0,6.0,0.0,1,0
P6262,954.2587685278996,9.0,15.0,2067.966666666667,519.540885087412,18611.700000000004,283.3333333333333,4.0,0.0,1,0
P6263,954.2587685278996,9.0,15.0,2067.966666666667,519.540885087412,18611.700000000004,283.3333333333333,5.0,0.0,1,0
P6264,954.2587685278996,9.0,15.0,2067.966666666667,519.540885087412,18611.700000000004,283.3333333333333,6.0,0.0,1,0
P6265,954.2587685278996,9.0,15.0,2067.966666666667,519.540885087412,18611.700000000004,366.6666666666666,4.0,0.0,1,0
P6266,954.2587685278996,9.0,15.0,2067.966666666667,519.540885087412,18611.700000000004,366.6666666666666,5.0,0.0,1,0
P6267,954.2587685278996,9.0,15.0,2067.966666666667,519.540885087412,18611.700000000004,366.6666666666666,6.0,0.0,1,0
P6268,954.2587685278996,9.0,15.0,2067.966666666667,519.540885087412,18611.700000000004,450.0,4.0,0.0,1,0
P6269,954.2587685278996,9.0,15.0,2067.966666666667,519.540885087412,18611.700000000004,450.0,5.0,0.0,1,0
P6270,954.2587685278996,9.0,15.0,2067.966666666667,519.540885087412,18611.700000000004,450.0,6.0,0.0,1,0
P6271,954.2587685278996,9.0,15.0,3101.3,519.540885087412,27911.7,200.0,4.0,0.0,1,0
P6272,954.2587685278996,9.0,15.0,3101.3,519.540885087412,27911.7,200.0,5.0,0.0,1,0
P6273,954.2587685278996,9.0,15.0,3101.3,519.540885087412,27911.7,200.0,6.0,0.0,1,0
P6274,954.2587685278996,9.0,15.0,3101.3,519.540885087412,27911.7,283.3333333333333,4.0,0.0,1,0
P6275,954.2587685278996,9.0,15.0,3101.3,519.540885087412,27911.7,283.3333333333333,5.0,0.0,1,0
P6276,954.2587685278996,9.0,15.0,3101.3,519.540885087412,27911.7,283.3333333333333,6.0,0.0,1,0
P6277,954.2587685278996,9.0,15.0,3101.3,519.540885087412,27911.7,366.6666666666666,4.0,0.0,1,0
P6278,954.2587685278996,9.0,15.0,3101.3,519.540885087412,27911.7,366.6666666666666,5.0,0.0,1,0
P6279,954.2587685278996,9.0,15.0,3101.3,519.540885087412,27911.7,366.6666666666666,6.0,0.0,1,0
P6280,954.2587685278996,9.0,15.0,3101.3,519.540885087412,27911.7,450.0,4.0,0.0,1,0
P6281,954.2587685278996,9.0,15.0,3101.3,519.540885087412,27911.7,450.0,5.0,0.0,1,0
P6282,954.2587685278996,9.0,15.0,3101.3,519.540885087412,27911.7,450.0,6.0,0.0,1,0
P6307,1696.4600329384878,9.0,26.66666666666666,2067.966666666667,849.4081137143402,18611.700000000004,200.0,4.0,0.0,1,0
P6308,1696.4600329384878,9.0,26.66666666666666,2067.966666666667,849.4081137143402,18611.700000000004,200.0,5.0,0.0,1,0
P6309,1696.4600329384878,9.0,26.66666666666666,2067.966666666667,849.4081137143402,18611.700000000004,200.0,6.0,0.0,1,0
P6310,1696.4600329384878,9.0,26.66666666666666,2067.966666666667,849.4081137143402,18611.700000000004,283.3333333333333,4.0,0.0,1,0
P6311,1696.4600329384878,9.0,26.66666666666666,2067.966666666667,849.4081137143402,18611.700000000004,283.3333333333333,5.0,0.0,1,0
P6312,1696.4600329384878,9.0,26.66666666666666,2067.966666666667,849.4081137143402,18611.700000000004,283.3333333333333,6.0,0.0,1,0
P6313,1696.4600329384878,9.0,26.66666666666666,2067.966666666667,849.4081137143402,18611.700000000004,366.6666666666666,4.0,0.0,1,0
P6314,1696.4600329384878,9.0,26.66666666666666,2067.966666666667,849.4081137143402,18611.700000000004,366.6666666666666,5.0,0.0,1,0
P6315,1696.4600329384878,9.0,26.66666666666666,2067.966666666667,849.4081137143402,18611.700000000004,366.6666666666666,6.0,0.0,1,0
P6316,1696.4600329384878,9.0,26.66666666666666,2067.966666666667,849.4081137143402,18611.700000000004,450.0,4.0,0.0,1,0
P6317,1696.4600329384878,9.0,26.66666666666666,2067.966666666667,849.4081137143402,18611.700000000004,450.0,5.0,0.0,1,0
P6318,1696.4600329384878,9.0,26.66666666666666,2067.966666666667,849.4081137143402,18611.700000000004,450.0,6.0,0.0,1,0
P6319,1696.4600329384878,9.0,26.66666666666666,3101.3,849.4081137143402,27911.7,200.0,4.0,0.0,1,0
P6320,1696.4600329384878,9.0,26.66666666666666,3101.3,849.4081137143402,27911.7,200.0,5.0,0.0,1,0
P6321,1696.4600329384878,9.0,26.66666666666666,3101.3,849.4081137143402,27911.7,200.0,6.0,0.0,1,0
P6322,1696.4600329384878,9.0,26.66666666666666,3101.3,849.4081137143402,27911.7,283.3333333333333,4.0,0.0,1,0
P6323,1696.4600329384878,9.0,26.66666666666666,3101.3,849.4081137143402,27911.7,283.3333333333333,5.0,0.0,1,0
P6324,1696.4600329384878,9.0,26.66666666666666,3101.3,849.4081137143402,27911.7,283.3333333333333,6.0,0.0,1,0
P6325,1696.4600329384878,9.0,26.66666666666666,3101.3,849.4081137143402,27911.7,366.6666666666666,4.0,0.0,1,0
P6326,1696.4600329384878,9.0,26.66666666666666,3101.3,849.4081137143402,27911.7,366.6666666666666,5.0,0.0,1,0
P6327,1696.4600329384878,9.0,26.66666666666666,3101.3,849.4081137143402,27911.7,366.6666666666666,6.0,0.0,1,0
P6328,1696.4600329384878,9.0,26.66666666666666,3101.3,849.4081137143402,27911.7,450.0,4.0,0.0,1,0
P6329,1696.4600329384878,9.0,26.66666666666666,3101.3,849.4081137143402,27911.7,450.0,5.0,0.0,1,0
P6330,1696.4600329384878,9.0,26.66666666666666,3101.3,849.4081137143402,27911.7,450.0,6.0,0.0,1,0
P6358,2438.6612973490764,9.0,38.33333333333333,2067.966666666667,1179.2753423412685,18611.700000000004,283.3333333333333,4.0,0.0,1,0
P6359,2438.6612973490764,9.0,38.33333333333333,2067.966666666667,1179.2753423412685,18611.700000000004,283.3333333333333,5.0,0.0,1,0
P6360,2438.6612973490764,9.0,38.33333333333333,2067.966666666667,1179.2753423412685,18611.700000000004,283.3333333333333,6.0,0.0,1,0
P6361,2438.6612973490764,9.0,38.33333333333333,2067.966666666667,1179.2753423412685,18611.700000000004,366.6666666666666,4.0,0.0,1,0
P6362,2438.6612973490764,9.0,38.33333333333333,2067.966666666667,1179.2753423412685,18611.700000000004,366.6666666666666,5.0,0.0,1,0
P6363,2438.6612973490764,9.0,38.33333333333333,2067.966666666667,1179.2753423412685,18611.700000000004,366.6666666666666,6.0,0.0,1,0
P6364,2438.6612973490764,9.0,38.33333333333333,2067.966666666667,1179.2753423412685,18611.700000000004,450.0,4.0,0.0,1,0
P6365,2438.6612973490764,9.0,38.33333333333333,2067.966666666667,1179.2753423412685,18611.700000000004,450.0,5.0,0.0,1,0
P6366,2438.6612973490764,9.0,38.33333333333333,2067.966666666667,1179.2753423412685,18611.700000000004,450.0,6.0,0.0,1,0
P6367,2438.6612973490764,9.0,38.33333333333333,3101.3,1179.2753423412685,27911.7,200.0,4.0,0.0,1,0
P6368,2438.6612973490764,9.0,38.33333333333333,3101.3,1179.2753423412685,27911.7,200.0,5.0,0.0,1,0
P6369,2438.6612973490764,9.0,38.33333333333333,3101.3,1179.2753423412685,27911.7,200.0,6.0,0.0,1,0
P6370,2438.6612973490764,9.0,38.33333333333333,3101.3,1179.2753423412685,27911.7,283.3333333333333,4.0,0.0,1,0
P6371,2438.6612973490764,9.0,38.33333333333333,3101.3,1179.2753423412685,27911.7,283.3333333333333,5.0,0.0,1,0
P6372,2438.6612973490764,9.0,38.33333333333333,3101.3,1179.2753423412685,27911.7,283.3333333333333,6.0,0.0,1,0
P6373,2438.6612973490764,9.0,38.33333333333333,3101.3,1179.2753423412685,27911.7,366.6666666666666,4.0,0.0,1,0
P6374,2438.6612973490764,9.0,38.33333333333333,3101.3,1179.2753423412685,27911.7,366.6666666666666,5.0,0.0,1,0
P6375,2438.6612973490764,9.0,38.33333333333333,3101.3,1179.2753423412685,27911.7,366.6666666666666,6.0,0.0,1,0
P6376,2438.6612973490764,9.0,38.33333333333333,3101.3,1179.2753423412685,27911.7,450.0,4.0,0.0,1,0
P6377,2438.6612973490764,9.0,38.33333333333333,3101.3,1179.2753423412685,27911.7,450.0,5.0,0.0,1,0
P6378,2438.6612973490764,9.0,38.33333333333333,3101.3,1179.2753423412685,27911.7,450.0,6.0,0.0,1,0
P6406,3180.862561759666,9.0,50.0,2067.966666666667,1509.1425709681969,18611.700000000004,283.3333333333333,4.0,0.0,1,0
P6407,3180.862561759666,9.0,50.0,2067.966666666667,1509.1425709681969,18611.700000000004,283.3333333333333,5.0,0.0,1,0
P6408,3180.862561759666,9.0,50.0,2067.966666666667,1509.1425709681969,18611.700000000004,283.3333333333333,6.0,0.0,1,0
P6409,3180.862561759666,9.0,50.0,2067.966666666667,1509.1425709681969,18611.700000000004,366.6666666666666,4.0,0.0,1,0
P6410,3180.862561759666,9.0,50.0,2067.966666666667,1509.1425709681969,18611.700000000004,366.6666666666666,5.0,0.0,1,0
P6411,3180.862561759666,9.0,50.0,2067.966666666667,1509.1425709681969,18611.700000000004,366.6666666666666,6.0,0.0,1,0
P6412,3180.862561759666,9.0,50.0,2067.966666666667,1509.1425709681969,18611.700000000004,450.0,4.0,0.0,1,0
P6413,3180.862561759666,9.0,50.0,2067.966666666667,1509.1425709681969,18611.700000000004,450.0,5.0,0.0,1,0
P6414,3180.862561759666,9.0,50.0,2067.966666666667,1509.1425709681969,18611.700000000004,450.0,6.0,0.0,1,0
P6415,3180.862561759666,9.0,50.0,3101.3,1509.1425709681969,27911.7,200.0,4.0,0.0,1,0
P6416,3180.862561759666,9.0,50.0,3101.3,1509.1425709681969,27911.7,200.0,5.0,0.0,1,0
P6417,3180.862561759666,9.0,50.0,3101.3,1509.1425709681969,27911.7,200.0,6.0,0.0,1,0
P6418,3180.862561759666,9.0,50.0,3101.3,1509.1425709681969,27911.7,283.3333333333333,4.0,0.0,1,0
P6419,3180.862561759666,9.0,50.0,3101.3,1509.1425709681969,27911.7,283.3333333333333,5.0,0.0,1,0
P6420,3180.862561759666,9.0,50.0,3101.3,1509.1425709681969,27911.7,283.3333333333333,6.0,0.0,1,0
P6421,3180.862561759666,9.0,50.0,3101.3,1509.1425709681969,27911.7,366.6666666666666,4.0,0.0,1,0
P6422,3180.862561759666,9.0,50.0,3101.3,1509.1425709681969,27911.7,366.6666666666666,5.0,0.0,1,0
P6423,3180.862561759666,9.0,50.0,3101.3,1509.1425709681969,27911.7,366.6666666666666,6.0,0.0,1,0
P6424,3180.862561759666,9.0,50.0,3101.3,1509.1425709681969,27911.7,450.0,4.0,0.0,1,0
P6425,3180.862561759666,9.0,50.0,3101.3,1509.1425709681969,27911.7,450.0,5.0,0.0,1,0
P6426,3180.862561759666,9.0,50.0,3101.3,1509.1425709681969,27911.7,450.0,6.0,0.0,1,0
P6448,1558.033606639688,11.5,15.0,1034.6333333333332,697.728093408208,11898.283333333333,450.0,4.0,0.0,1,0
P6449,1558.033606639688,11.5,15.0,1034.6333333333332,697.728093408208,11898.283333333333,450.0,5.0,0.0,1,0
P6450,1558.033606639688,11.5,15.0,1034.6333333333332,697.728093408208,11898.283333333333,450.0,6.0,0.0,1,0
P6451,1558.033606639688,11.5,15.0,2067.966666666667,697.728093408208,23781.616666666672,200.0,4.0,0.0,1,0
P6452,1558.033606639688,11.5,15.0,2067.966666666667,697.728093408208,23781.616666666672,200.0,5.0,0.0,1,0
P6453,1558.033606639688,11.5,15.0,2067.966666666667,697.728093408208,23781.616666666672,200.0,6.0,0.0,1,0
P6454,1558.033606639688,11.5,15.0,2067.966666666667,697.728093408208,23781.616666666672,283.3333333333333,4.0,0.0,1,0
P6455,1558.033606639688,11.5,15.0,2067.966666666667,697.728093408208,23781.616666666672,283.3333333333333,5.0,0.0,1,0
P6456,1558.033606639688,11.5,15.0,2067.966666666667,697.728093408208,23781.616666666672,283.3333333333333,6.0,0.0,1,0
P6457,1558.033606639688,11.5,15.0,2067.966666666667,697.728093408208,23781.616666666672,366.6666666666666,4.0,0.0,1,0
P6458,1558.033606639688,11.5,15.0,2067.966666666667,697.728093408208,23781.616666666672,366.6666666666666,5.0,0.0,1,0
P6459,1558.033606639688,11.5,15.0,2067.966666666667,697.728093408208,23781.616666666672,366.6666666666666,6.0,0.0,1,0
P6460,1558.033606639688,11.5,15.0,2067.966666666667,697.728093408208,23781.616666666672,450.0,4.0,0.0,1,0
P6461,1558.033606639688,11.5,15.0,2067.966666666667,697.728093408208,23781.616666666672,450.0,5.0,0.0,1,0
P6462,1558.033606639688,11.5,15.0,2067.966666666667,697.728093408208,23781.616666666672,450.0,6.0,0.0,1,0
P6463,1558.033606639688,11.5,15.0,3101.3,697.728093408208,35664.950000000004,200.0,4.0,0.0,1,0
P6464,1558.033606639688,11.5,15.0,3101.3,697.728093408208,35664.950000000004,200.0,5.0,0.0,1,0
P6465,1558.033606639688,11.5,15.0,3101.3,697.728093408208,35664.950000000004,200.0,6.0,0.0,1,0
P6466,1558.033606639688,11.5,15.0,3101.3,697.728093408208,35664.950000000004,283.3333333333333,4.0,0.0,1,0
P6467,1558.033606639688,11.5,15.0,3101.3,697.728093408208,35664.950000000004,283.3333333333333,5.0,0.0,1,0
P6468,1558.033606639688,11.5,15.0,3101.3,697.728093408208,35664.950000000004,283.3333333333333,6.0,0.0,1,0
P6469,1558.033606639688,11.5,15.0,3101.3,697.728093408208,35664.950000000004,366.6666666666666,4.0,0.0,1,0
P6470,1558.033606639688,11.5,15.0,3101.3,697.728093408208,35664.950000000004,366.6666666666666,5.0,0.0,1,0
P6471,1558.033606639688,11.5,15.0,3101.3,697.728093408208,35664.950000000004,366.6666666666666,6.0,0.0,1,0
P6472,1558.033606639688,11.5,15.0,3101.3,697.728093408208,35664.950000000004,450.0,4.0,0.0,1,0
P6473,1558.033606639688,11.5,15.0,3101.3,697.728093408208,35664.950000000004,450.0,5.0,0.0,1,0
P6474,1558.033606639688,11.5,15.0,3101.3,697.728093408208,35664.950000000004,450.0,6.0,0.0,1,0
P6499,2769.837522915,11.5,26.66666666666666,2067.966666666667,1119.2251077648384,23781.616666666672,200.0,4.0,0.0,1,0
P6500,2769.837522915,11.5,26.66666666666666,2067.966666666667,1119.2251077648384,23781.616666666672,200.0,5.0,0.0,1,0
P6501,2769.837522915,11.5,26.66666666666666,2067.966666666667,1119.2251077648384,23781.616666666672,200.0,6.0,0.0,1,0
P6502,2769.837522915,11.5,26.66666666666666,2067.966666666667,1119.2251077648384,23781.616666666672,283.3333333333333,4.0,0.0,1,0
P6503,2769.837522915,11.5,26.66666666666666,2067.966666666667,1119.2251077648384,23781.616666666672,283.3333333333333,5.0,0.0,1,0
P6504,2769.837522915,11.5,26.66666666666666,2067.966666666667,1119.2251077648384,23781.616666666672,283.3333333333333,6.0,0.0,1,0
P6505,2769.837522915,11.5,26.66666666666666,2067.966666666667,1119.2251077648384,23781.616666666672,366.6666666666666,4.0,0.0,1,0
P6506,2769.837522915,11.5,26.66666666666666,2067.966666666667,1119.2251077648384,23781.616666666672,366.6666666666666,5.0,0.0,1,0
P6507,2769.837522915,11.5,26.66666666666666,2067.966666666667,1119.2251077648384,23781.616666666672,366.6666666666666,6.0,0.0,1,0
P6508,2769.837522915,11.5,26.66666666666666,2067.966666666667,1119.2251077648384,23781.616666666672,450.0,4.0,0.0,1,0
P6509,2769.837522915,11.5,26.66666666666666,2067.966666666667,1119.2251077648384,23781.616666666672,450.0,5.0,0.0,1,0
P6510,2769.837522915,11.5,26.66666666666666,2067.966666666667,1119.2251077648384,23781.616666666672,450.0,6.0,0.0,1,0
P6511,2769.837522915,11.5,26.66666666666666,3101.3,1119.2251077648384,35664.950000000004,200.0,4.0,0.0,1,0
P6512,2769.837522915,11.5,26.66666666666666,3101.3,1119.2251077648384,35664.950000000004,200.0,5.0,0.0,1,0
P6513,2769.837522915,11.5,26.66666666666666,3101.3,1119.2251077648384,35664.950000000004,200.0,6.0,0.0,1,0
P6514,2769.837522915,11.5,26.66666666666666,3101.3,1119.2251077648384,35664.950000000004,283.3333333333333,4.0,0.0,1,0
P6515,2769.837522915,11.5,26.66666666666666,3101.3,1119.2251077648384,35664.950000000004,283.3333333333333,5.0,0.0,1,0
P6516,2769.837522915,11.5,26.66666666666666,3101.3,1119.2251077648384,35664.950000000004,283.3333333333333,6.0,0.0,1,0
P6517,2769.837522915,11.5,26.66666666666666,3101.3,1119.2251077648384,35664.950000000004,366.6666666666666,4.0,0.0,1,0
P6518,2769.837522915,11.5,26.66666666666666,3101.3,1119.2251077648384,35664.950000000004,366.6666666666666,5.0,0.0,1,0
P6519,2769.837522915,11.5,26.66666666666666,3101.3,1119.2251077648384,35664.950000000004,366.6666666666666,6.0,0.0,1,0
P6520,2769.837522915,11.5,26.66666666666666,3101.3,1119.2251077648384,35664.950000000004,450.0,4.0,0.0,1,0
P6521,2769.837522915,11.5,26.66666666666666,3101.3,1119.2251077648384,35664.950000000004,450.0,5.0,0.0,1,0
P6522,2769.837522915,11.5,26.66666666666666,3101.3,1119.2251077648384,35664.950000000004,450.0,6.0,0.0,1,0
P6550,3981.641439190313,11.5,38.33333333333333,2067.966666666667,1540.722122121469,23781.616666666672,283.3333333333333,4.0,0.0,1,0
P6551,3981.641439190313,11.5,38.33333333333333,2067.966666666667,1540.722122121469,23781.616666666672,283.3333333333333,5.0,0.0,1,0
P6552,3981.641439190313,11.5,38.33333333333333,2067.966666666667,1540.722122121469,23781.616666666672,283.3333333333333,6.0,0.0,1,0
P6553,3981.641439190313,11.5,38.33333333333333,2067.966666666667,1540.722122121469,23781.616666666672,366.6666666666666,4.0,0.0,1,0
P6554,3981.641439190313,11.5,38.33333333333333,2067.966666666667,1540.722122121469,23781.616666666672,366.6666666666666,5.0,0.0,1,0
P6555,3981.641439190313,11.5,38.33333333333333,2067.966666666667,1540.722122121469,23781.616666666672,366.6666666666666,6.0,0.0,1,0
P6556,3981.641439190313,11.5,38.33333333333333,2067.966666666667,1540.722122121469,23781.616666666672,450.0,4.0,0.0,1,0
P6557,3981.641439190313,11.5,38.33333333333333,2067.966666666667,1540.722122121469,23781.616666666672,450.0,5.0,0.0,1,0
P6558,3981.641439190313,11.5,38.33333333333333,2067.966666666667,1540.722122121469,23781.616666666672,450.0,6.0,0.0,1,0
P6559,3981.641439190313,11.5,38.33333333333333,3101.3,1540.722122121469,35664.950000000004,200.0,4.0,0.0,1,0
P6560,3981.641439190313,11.5,38.33333333333333,3101.3,1540.722122121469,35664.950000000004,200.0,5.0,0.0,1,0
P6561,3981.641439190313,11.5,38.33333333333333,3101.3,1540.722122121469,35664.950000000004,200.0,6.0,0.0,1,0
P6562,3981.641439190313,11.5,38.33333333333333,3101.3,1540.722122121469,35664.950000000004,283.3333333333333,4.0,0.0,1,0
P6563,3981.641439190313,11.5,38.33333333333333,3101.3,1540.722122121469,35664.950000000004,283.3333333333333,5.0,0.0,1,0
P6564,3981.641439190313,11.5,38.33333333333333,3101.3,1540.722122121469,35664.950000000004,283.3333333333333,6.0,0.0,1,0
P6565,3981.641439190313,11.5,38.33333333333333,3101.3,1540.722122121469,35664.950000000004,366.6666666666666,4.0,0.0,1,0
P6566,3981.641439190313,11.5,38.33333333333333,3101.3,1540.722122121469,35664.950000000004,366.6666666666666,5.0,0.0,1,0
P6567,3981.641439190313,11.5,38.33333333333333,3101.3,1540.722122121469,35664.950000000004,366.6666666666666,6.0,0.0,1,0
P6568,3981.641439190313,11.5,38.33333333333333,3101.3,1540.722122121469,35664.950000000004,450.0,4.0,0.0,1,0
P6569,3981.641439190313,11.5,38.33333333333333,3101.3,1540.722122121469,35664.950000000004,450.0,5.0,0.0,1,0
P6570,3981.641439190313,11.5,38.33333333333333,3101.3,1540.722122121469,35664.950000000004,450.0,6.0,0.0,1,0
P6598,5193.445355465627,11.5,50.0,2067.966666666667,1962.2191364780997,23781.616666666672,283.3333333333333,4.0,0.0,1,0
P6599,5193.445355465627,11.5,50.0,2067.966666666667,1962.2191364780997,23781.616666666672,283.3333333333333,5.0,0.0,1,0
P6600,5193.445355465627,11.5,50.0,2067.966666666667,1962.2191364780997,23781.616666666672,283.3333333333333,6.0,0.0,1,0
P6601,5193.445355465627,11.5,50.0,2067.966666666667,1962.2191364780997,23781.616666666672,366.6666666666666,4.0,0.0,1,0
P6602,5193.445355465627,11.5,50.0,2067.966666666667,1962.2191364780997,23781.616666666672,366.6666666666666,5.0,0.0,1,0
P6603,5193.445355465627,11.5,50.0,2067.966666666667,1962.2191364780997,23781.616666666672,366.6666666666666,6.0,0.0,1,0
P6604,5193.445355465627,11.5,50.0,2067.966666666667,1962.2191364780997,23781.616666666672,450.0,4.0,0.0,1,0
P6605,5193.445355465627,11.5,50.0,2067.966666666667,1962.2191364780997,23781.616666666672,450.0,5.0,0.0,1,0
P6606,5193.445355465627,11.5,50.0,2067.966666666667,1962.2191364780997,23781.616666666672,450.0,6.0,0.0,1,0
P6607,5193.445355465627,11.5,50.0,3101.3,1962.2191364780997,35664.950000000004,200.0,4.0,0.0,1,0
P6608,5193.445355465627,11.5,50.0,3101.3,1962.2191364780997,35664.950000000004,200.0,5.0,0.0,1,0
P6609,5193.445355465627,11.5,50.0,3101.3,1962.2191364780997,35664.950000000004,200.0,6.0,0.0,1,0
P6610,5193.445355465627,11.5,50.0,3101.3,1962.2191364780997,35664.950000000004,283.3333333333333,4.0,0.0,1,0
P6611,5193.445355465627,11.5,50.0,3101.3,1962.2191364780997,35664.950000000004,283.3333333333333,5.0,0.0,1,0
P6612,5193.445355465627,11.5,50.0,3101.3,1962.2191364780997,35664.950000000004,283.3333333333333,6.0,0.0,1,0
P6613,5193.445355465627,11.5,50.0,3101.3,1962.2191364780997,35664.950000000004,366.6666666666666,4.0,0.0,1,0
P6614,5193.445355465627,11.5,50.0,3101.3,1962.2191364780997,35664.950000000004,366.6666666666666,5.0,0.0,1,0
P6615,5193.445355465627,11.5,50.0,3101.3,1962.2191364780997,35664.950000000004,366.6666666666666,6.0,0.0,1,0
P6616,5193.445355465627,11.5,50.0,3101.3,1962.2191364780997,35664.950000000004,450.0,4.0,0.0,1,0
P6617,5193.445355465627,11.5,50.0,3101.3,1962.2191364780997,35664.950000000004,450.0,5.0,0.0,1,0
P6618,5193.445355465627,11.5,50.0,3101.3,1962.2191364780997,35664.950000000004,450.0,6.0,0.0,1,0
P6640,2309.070600388498,14.0,15.0,1034.6333333333332,890.6415172927063,14484.866666666665,450.0,4.0,0.0,1,0
P6641,2309.070600388498,14.0,15.0,1034.6333333333332,890.6415172927063,14484.866666666665,450.0,5.0,0.0,1,0
P6642,2309.070600388498,14.0,15.0,1034.6333333333332,890.6415172927063,14484.866666666665,450.0,6.0,0.0,1,0
P6643,2309.070600388498,14.0,15.0,2067.966666666667,890.6415172927063,28951.53333333334,200.0,4.0,0.0,1,0
P6644,2309.070600388498,14.0,15.0,2067.966666666667,890.6415172927063,28951.53333333334,200.0,5.0,0.0,1,0
P6645,2309.070600388498,14.0,15.0,2067.966666666667,890.6415172927063,28951.53333333334,200.0,6.0,0.0,1,0
P6646,2309.070600388498,14.0,15.0,2067.966666666667,890.6415172927063,28951.53333333334,283.3333333333333,4.0,0.0,1,0
P6647,2309.070600388498,14.0,15.0,2067.966666666667,890.6415172927063,28951.53333333334,283.3333333333333,5.0,0.0,1,0
P6648,2309.070600388498,14.0,15.0,2067.966666666667,890.6415172927063,28951.53333333334,283.3333333333333,6.0,0.0,1,0
P6649,2309.070600388498,14.0,15.0,2067.966666666667,890.6415172927063,28951.53333333334,366.6666666666666,4.0,0.0,1,0
P6650,2309.070600388498,14.0,15.0,2067.966666666667,890.6415172927063,28951.53333333334,366.6666666666666,5.0,0.0,1,0
P6651,2309.070600388498,14.0,15.0,2067.966666666667,890.6415172927063,28951.53333333334,366.6666666666666,6.0,0.0,1,0
P6652,2309.070600388498,14.0,15.0,2067.966666666667,890.6415172927063,28951.53333333334,450.0,4.0,0.0,1,0
P6653,2309.070600388498,14.0,15.0,2067.966666666667,890.6415172927063,28951.53333333334,450.0,5.0,0.0,1,0
P6654,2309.070600388498,14.0,15.0,2067.966666666667,890.6415172927063,28951.53333333334,450.0,6.0,0.0,1,0
P6655,2309.070600388498,14.0,15.0,3101.3,890.6415172927063,43418.200000000004,200.0,4.0,0.0,1,0
P6656,2309.070600388498,14.0,15.0,3101.3,890.6415172927063,43418.200000000004,200.0,5.0,0.0,1,0
P6657,2309.070600388498,14.0,15.0,3101.3,890.6415172927063,43418.200000000004,200.0,6.0,0.0,1,0
P6658,2309.070600388498,14.0,15.0,3101.3,890.6415172927063,43418.200000000004,283.3333333333333,4.0,0.0,1,0
P6659,2309.070600388498,14.0,15.0,3101.3,890.6415172927063,43418.200000000004,283.3333333333333,5.0,0.0,1,0
P6660,2309.070600388498,14.0,15.0,3101.3,890.6415172927063,43418.200000000004,283.3333333333333,6.0,0.0,1,0
P6661,2309.070600388498,14.0,15.0,3101.3,890.6415172927063,43418.200000000004,366.6666666666666,4.0,0.0,1,0
P6662,2309.070600388498,14.0,15.0,3101.3,890.6415172927063,43418.200000000004,366.6666666666666,5.0,0.0,1,0
P6663,2309.070600388498,14.0,15.0,3101.3,890.6415172927063,43418.200000000004,366.6666666666666,6.0,0.0,1,0
P6664,2309.070600388498,14.0,15.0,3101.3,890.6415172927063,43418.200000000004,450.0,4.0,0.0,1,0
P6665,2309.070600388498,14.0,15.0,3101.3,890.6415172927063,43418.200000000004,450.0,5.0,0.0,1,0
P6666,2309.070600388498,14.0,15.0,3101.3,890.6415172927063,43418.200000000004,450.0,6.0,0.0,1,0
P6691,4105.014400690662,14.0,26.66666666666666,2067.966666666667,1403.768317379039,28951.53333333334,200.0,4.0,0.0,1,0
P6692,4105.014400690662,14.0,26.66666666666666,2067.966666666667,1403.768317379039,28951.53333333334,200.0,5.0,0.0,1,0
P6693,4105.014400690662,14.0,26.66666666666666,2067.966666666667,1403.768317379039,28951.53333333334,200.0,6.0,0.0,1,0
P6694,4105.014400690662,14.0,26.66666666666666,2067.966666666667,1403.768317379039,28951.53333333334,283.3333333333333,4.0,0.0,1,0
P6695,4105.014400690662,14.0,26.66666666666666,2067.966666666667,1403.768317379039,28951.53333333334,283.3333333333333,5.0,0.0,1,0
P6696,4105.014400690662,14.0,26.66666666666666,2067.966666666667,1403.768317379039,28951.53333333334,283.3333333333333,6.0,0.0,1,0
P6697,4105.014400690662,14.0,26.66666666666666,2067.966666666667,1403.768317379039,28951.53333333334,366.6666666666666,4.0,0.0,1,0
P6698,4105.014400690662,14.0,26.66666666666666,2067.966666666667,1403.768317379039,28951.53333333334,366.6666666666666,5.0,0.0,1,0
P6699,4105.014400690662,14.0,26.66666666666666,2067.966666666667,1403.768317379039,28951.53333333334,366.6666666666666,6.0,0.0,1,0
P6700,4105.014400690662,14.0,26.66666666666666,2067.966666666667,1403.768317379039,28951.53333333334,450.0,4.0,0.0,1,0
P6701,4105.014400690662,14.0,26.66666666666666,2067.966666666667,1403.768317379039,28951.53333333334,450.0,5.0,0.0,1,0
P6702,4105.014400690662,14.0,26.66666666666666,2067.966666666667,1403.768317379039,28951.53333333334,450.0,6.0,0.0,1,0
P6703,4105.014400690662,14.0,26.66666666666666,3101.3,1403.768317379039,43418.200000000004,200.0,4.0,0.0,1,0
P6704,4105.014400690662,14.0,26.66666666666666,3101.3,1403.768317379039,43418.200000000004,200.0,5.0,0.0,1,0
P6705,4105.014400690662,14.0,26.66666666666666,3101.3,1403.768317379039,43418.200000000004,200.0,6.0,0.0,1,0
P6706,4105.014400690662,14.0,26.66666666666666,3101.3,1403.768317379039,43418.200000000004,283.3333333333333,4.0,0.0,1,0
P6707,4105.014400690662,14.0,26.66666666666666,3101.3,1403.768317379039,43418.200000000004,283.3333333333333,5.0,0.0,1,0
P6708,4105.014400690662,14.0,26.66666666666666,3101.3,1403.768317379039,43418.200000000004,283.3333333333333,6.0,0.0,1,0
P6709,4105.014400690662,14.0,26.66666666666666,3101.3,1403.768317379039,43418.200000000004,366.6666666666666,4.0,0.0,1,0
P6710,4105.014400690662,14.0,26.66666666666666,3101.3,1403.768317379039,43418.200000000004,366.6666666666666,5.0,0.0,1,0
P6711,4105.014400690662,14.0,26.66666666666666,3101.3,1403.768317379039,43418.200000000004,366.6666666666666,6.0,0.0,1,0
P6712,4105.014400690662,14.0,26.66666666666666,3101.3,1403.768317379039,43418.200000000004,450.0,4.0,0.0,1,0
P6713,4105.014400690662,14.0,26.66666666666666,3101.3,1403.768317379039,43418.200000000004,450.0,5.0,0.0,1,0
P6714,4105.014400690662,14.0,26.66666666666666,3101.3,1403.768317379039,43418.200000000004,450.0,6.0,0.0,1,0
P6742,5900.958200992827,14.0,38.33333333333333,2067.966666666667,1916.8951174653719,28951.53333333334,283.3333333333333,4.0,0.0,1,0
P6743,5900.958200992827,14.0,38.33333333333333,2067.966666666667,1916.8951174653719,28951.53333333334,283.3333333333333,5.0,0.0,1,0
P6744,5900.958200992827,14.0,38.33333333333333,2067.966666666667,1916.8951174653719,28951.53333333334,283.3333333333333,6.0,0.0,1,0
P6745,5900.958200992827,14.0,38.33333333333333,2067.966666666667,1916.8951174653719,28951.53333333334,366.6666666666666,4.0,0.0,1,0
P6746,5900.958200992827,14.0,38.33333333333333,2067.966666666667,1916.8951174653719,28951.53333333334,366.6666666666666,5.0,0.0,1,0
P6747,5900.958200992827,14.0,38.33333333333333,2067.966666666667,1916.8951174653719,28951.53333333334,366.6666666666666,6.0,0.0,1,0
P6748,5900.958200992827,14.0,38.33333333333333,2067.966666666667,1916.8951174653719,28951.53333333334,450.0,4.0,0.0,1,0
P6749,5900.958200992827,14.0,38.33333333333333,2067.966666666667,1916.8951174653719,28951.53333333334,450.0,5.0,0.0,1,0
P6750,5900.958200992827,14.0,38.33333333333333,2067.966666666667,1916.8951174653719,28951.53333333334,450.0,6.0,0.0,1,0
P6751,5900.958200992827,14.0,38.33333333333333,3101.3,1916.8951174653719,43418.200000000004,200.0,4.0,0.0,1,0
P6752,5900.958200992827,14.0,38.33333333333333,3101.3,1916.8951174653719,43418.200000000004,200.0,5.0,0.0,1,0
P6753,5900.958200992827,14.0,38.33333333333333,3101.3,1916.8951174653719,43418.200000000004,200.0,6.0,0.0,1,0
P6754,5900.958200992827,14.0,38.33333333333333,3101.3,1916.8951174653719,43418.200000000004,283.3333333333333,4.0,0.0,1,0
P6755,5900.958200992827,14.0,38.33333333333333,3101.3,1916.8951174653719,43418.200000000004,283.3333333333333,5.0,0.0,1,0
P6756,5900.958200992827,14.0,38.33333333333333,3101.3,1916.8951174653719,43418.200000000004,283.3333333333333,6.0,0.0,1,0
P6757,5900.958200992827,14.0,38.33333333333333,3101.3,1916.8951174653719,43418.200000000004,366.6666666666666,4.0,0.0,1,0
P6758,5900.958200992827,14.0,38.33333333333333,3101.3,1916.8951174653719,43418.200000000004,366.6666666666666,5.0,0.0,1,0
P6759,5900.958200992827,14.0,38.33333333333333,3101.3,1916.8951174653719,43418.200000000004,366.6666666666666,6.0,0.0,1,0
P6760,5900.958200992827,14.0,38.33333333333333,3101.3,1916.8951174653719,43418.200000000004,450.0,4.0,0.0,1,0
P6761,5900.958200992827,14.0,38.33333333333333,3101.3,1916.8951174653719,43418.200000000004,450.0,5.0,0.0,1,0
P6762,5900.958200992827,14.0,38.33333333333333,3101.3,1916.8951174653719,43418.200000000004,450.0,6.0,0.0,1,0
P6790,7696.902001294992,14.0,50.0,2067.966666666667,2430.021917551705,28951.53333333334,283.3333333333333,4.0,0.0,1,0
P6791,7696.902001294992,14.0,50.0,2067.966666666667,2430.021917551705,28951.53333333334,283.3333333333333,5.0,0.0,1,0
P6792,7696.902001294992,14.0,50.0,2067.966666666667,2430.021917551705,28951.53333333334,283.3333333333333,6.0,0.0,1,0
P6793,7696.902001294992,14.0,50.0,2067.966666666667,2430.021917551705,28951.53333333334,366.6666666666666,4.0,0.0,1,0
P6794,7696.902001294992,14.0,50.0,2067.966666666667,2430.021917551705,28951.53333333334,366.6666666666666,5.0,0.0,1,0
P6795,7696.902001294992,14.0,50.0,2067.966666666667,2430.021917551705,28951.53333333334,366.6666666666666,6.0,0.0,1,0
P6796,7696.902001294992,14.0,50.0,2067.966666666667,2430.021917551705,28951.53333333334,450.0,4.0,0.0,1,0
P6797,7696.902001294992,14.0,50.0,2067.966666666667,2430.021917551705,28951.53333333334,450.0,5.0,0.0,1,0
P6798,7696.902001294992,14.0,50.0,2067.966666666667,2430.021917551705,28951.53333333334,450.0,6.0,0.0,1,0
P6799,7696.902001294992,14.0,50.0,3101.3,2430.021917551705,43418.200000000004,200.0,4.0,0.0,1,0
P6800,7696.902001294992,14.0,50.0,3101.3,2430.021917551705,43418.200000000004,200.0,5.0,0.0,1,0
P6801,7696.902001294992,14.0,50.0,3101.3,2430.021917551705,43418.200000000004,200.0,6.0,0.0,1,0
P6802,7696.902001294992,14.0,50.0,3101.3,2430.021917551705,43418.200000000004,283.3333333333333,4.0,0.0,1,0
P6803,7696.902001294992,14.0,50.0,3101.3,2430.021917551705,43418.200000000004,283.3333333333333,5.0,0.0,1,0
P6804,7696.902001294992,14.0,50.0,3101.3,2430.021917551705,43418.200000000004,283.3333333333333,6.0,0.0,1,0
P6805,7696.902001294992,14.0,50.0,3101.3,2430.021917551705,43418.200000000004,366.6666666666666,4.0,0.0,1,0
P6806,7696.902001294992,14.0,50.0,3101.3,2430.021917551705,43418.200000000004,366.6666666666666,5.0,0.0,1,0
P6807,7696.902001294992,14.0,50.0,3101.3,2430.021917551705,43418.200000000004,366.6666666666666,6.0,0.0,1,0
P6808,7696.902001294992,14.0,50.0,3101.3,2430.021917551705,43418.200000000004,450.0,4.0,0.0,1,0
P6809,7696.902001294992,14.0,50.0,3101.3,2430.021917551705,43418.200000000004,450.0,5.0,0.0,1,0
P6810,7696.902001294992,14.0,50.0,3101.3,2430.021917551705,43418.200000000004,450.0,6.0,0.0,1,0
P6833,251.32741228718345,4.0,20.0,1001.3,270.1769682087222,4005.2,400.0,10.0,0.0,1,0
P6834,251.32741228718345,4.0,20.0,1801.3,270.1769682087222,7205.2,100.0,6.0,0.0,1,0
P6835,251.32741228718345,4.0,20.0,1801.3,270.1769682087222,7205.2,100.0,8.0,0.0,1,0
P6836,251.32741228718345,4.0,20.0,1801.3,270.1769682087222,7205.2,100.0,10.0,0.0,1,0
P6837,251.32741228718345,4.0,20.0,1801.3,270.1769682087222,7205.2,200.0,6.0,0.0,1,0
P6838,251.32741228718345,4.0,20.0,1801.3,270.1769682087222,7205.2,200.0,8.0,0.0,1,0
P6839,251.32741228718345,4.0,20.0,1801.3,270.1769682087222,7205.2,200.0,10.0,0.0,1,0
P6840,251.32741228718345,4.0,20.0,1801.3,270.1769682087222,7205.2,300.0,6.0,0.0,1,0
P6841,251.32741228718345,4.0,20.0,1801.3,270.1769682087222,7205.2,300.0,8.0,0.0,1,0
P6842,251.32741228718345,4.0,20.0,1801.3,270.1769682087222,7205.2,300.0,10.0,0.0,1,0
P6843,251.32741228718345,4.0,20.0,1801.3,270.1769682087222,7205.2,400.0,6.0,0.0,1,0
P6844,251.32741228718345,4.0,20.0,1801.3,270.1769682087222,7205.2,400.0,8.0,0.0,1,0
P6845,251.32741228718345,4.0,20.0,1801.3,270.1769682087222,7205.2,400.0,10.0,0.0,1,0
P6846,251.32741228718345,4.0,20.0,2601.3,270.1769682087222,10405.2,100.0,6.0,0.0,1,0
P6847,251.32741228718345,4.0,20.0,2601.3,270.1769682087222,10405.2,100.0,8.0,0.0,1,0
P6848,251.32741228718345,4.0,20.0,2601.3,270.1769682087222,10405.2,100.0,10.0,0.0,1,0
P6849,251.32741228718345,4.0,20.0,2601.3,270.1769682087222,10405.2,200.0,6.0,0.0,1,0
P6850,251.32741228718345,4.0,20.0,2601.3,270.1769682087222,10405.2,200.0,8.0,0.0,1,0
P6851,251.32741228718345,4.0,20.0,2601.3,270.1769682087222,10405.2,200.0,10.0,0.0,1,0
P6852,251.32741228718345,4.0,20.0,2601.3,270.1769682087222,10405.2,300.0,6.0,0.0,1,0
P6853,251.32741228718345,4.0,20.0,2601.3,270.1769682087222,10405.2,300.0,8.0,0.0,1,0
P6854,251.32741228718345,4.0,20.0,2601.3,270.1769682087222,10405.2,300.0,10.0,0.0,1,0
P6855,251.32741228718345,4.0,20.0,2601.3,270.1769682087222,10405.2,400.0,6.0,0.0,1,0
P6856,251.32741228718345,4.0,20.0,2601.3,270.1769682087222,10405.2,400.0,8.0,0.0,1,0
P6857,251.32741228718345,4.0,20.0,2601.3,270.1769682087222,10405.2,400.0,10.0,0.0,1,0
P6884,418.8790204786392,4.0,33.33333333333334,1801.3,437.72857640017793,7205.2,100.0,10.0,0.0,1,0
P6887,418.8790204786392,4.0,33.33333333333334,1801.3,437.72857640017793,7205.2,200.0,10.0,0.0,1,0
P6888,418.8790204786392,4.0,33.33333333333334,1801.3,437.72857640017793,7205.2,300.0,6.0,0.0,1,0
P6889,418.8790204786392,4.0,33.33333333333334,1801.3,437.72857640017793,7205.2,300.0,8.0,0.0,1,0
P6890,418.8790204786392,4.0,33.33333333333334,1801.3,437.72857640017793,7205.2,300.0,10.0,0.0,1,0
P6891,418.8790204786392,4.0,33.33333333333334,1801.3,437.72857640017793,7205.2,400.0,6.0,0.0,1,0
P6892,418.8790204786392,4.0,33.33333333333334,1801.3,437.72857640017793,7205.2,400.0,8.0,0.0,1,0
P6893,418.8790204786392,4.0,33.33333333333334,1801.3,437.72857640017793,7205.2,400.0,10.0,0.0,1,0
P6894,418.8790204786392,4.0,33.33333333333334,2601.3,437.72857640017793,10405.2,100.0,6.0,0.0,1,0
P6895,418.8790204786392,4.0,33.33333333333334,2601.3,437.72857640017793,10405.2,100.0,8.0,0.0,1,0
P6896,418.8790204786392,4.0,33.33333333333334,2601.3,437.72857640017793,10405.2,100.0,10.0,0.0,1,0
P6897,418.8790204786392,4.0,33.33333333333334,2601.3,437.72857640017793,10405.2,200.0,6.0,0.0,1,0
P6898,418.8790204786392,4.0,33.33333333333334,2601.3,437.72857640017793,10405.2,200.0,8.0,0.0,1,0
P6899,418.8790204786392,4.0,33.33333333333334,2601.3,437.72857640017793,10405.2,200.0,10.0,0.0,1,0
P6900,418.8790204786392,4.0,33.33333333333334,2601.3,437.72857640017793,10405.2,300.0,6.0,0.0,1,0
P6901,418.8790204786392,4.0,33.33333333333334,2601.3,437.72857640017793,10405.2,300.0,8.0,0.0,1,0
P6902,418.8790204786392,4.0,33.33333333333334,2601.3,437.72857640017793,10405.2,300.0,10.0,0.0,1,0
P6903,418.8790204786392,4.0,33.33333333333334,2601.3,437.72857640017793,10405.2,400.0,6.0,0.0,1,0
P6904,418.8790204786392,4.0,33.33333333333334,2601.3,437.72857640017793,10405.2,400.0,8.0,0.0,1,0
P6905,418.8790204786392,4.0,33.33333333333334,2601.3,437.72857640017793,10405.2,400.0,10.0,0.0,1,0
P6935,586.4306286700947,4.0,46.66666666666667,1801.3,605.2801845916335,7205.2,200.0,10.0,0.0,1,0
P6937,586.4306286700947,4.0,46.66666666666667,1801.3,605.2801845916335,7205.2,300.0,8.0,0.0,1,0
P6938,586.4306286700947,4.0,46.66666666666667,1801.3,605.2801845916335,7205.2,300.0,10.0,0.0,1,0
P6939,586.4306286700947,4.0,46.66666666666667,1801.3,605.2801845916335,7205.2,400.0,6.0,0.0,1,0
P6940,586.4306286700947,4.0,46.66666666666667,1801.3,605.2801845916335,7205.2,400.0,8.0,0.0,1,0
P6941,586.4306286700947,4.0,46.66666666666667,1801.3,605.2801845916335,7205.2,400.0,10.0,0.0,1,0
P6942,586.4306286700947,4.0,46.66666666666667,2601.3,605.2801845916335,10405.2,100.0,6.0,0.0,1,0
P6943,586.4306286700947,4.0,46.66666666666667,2601.3,605.2801845916335,10405.2,100.0,8.0,0.0,1,0
P6944,586.4306286700947,4.0,46.66666666666667,2601.3,605.2801845916335,10405.2,100.0,10.0,0.0,1,0
P6945,586.4306286700947,4.0,46.66666666666667,2601.3,605.2801845916335,10405.2,200.0,6.0,0.0,1,0
P6946,586.4306286700947,4.0,46.66666666666667,2601.3,605.2801845916335,10405.2,200.0,8.0,0.0,1,0
P6947,586.4306286700947,4.0,46.66666666666667,2601.3,605.2801845916335,10405.2,200.0,10.0,0.0,1,0
P6948,586.4306286700947,4.0,46.66666666666667,2601.3,605.2801845916335,10405.2,300.0,6.0,0.0,1,0
P6949,586.4306286700947,4.0,46.66666666666667,2601.3,605.2801845916335,10405.2,300.0,8.0,0.0,1,0
P6950,586.4306286700947,4.0,46.66666666666667,2601.3,605.2801845916335,10405.2,300.0,10.0,0.0,1,0
P6951,586.4306286700947,4.0,46.66666666666667,2601.3,605.2801845916335,10405.2,400.0,6.0,0.0,1,0
P6952,586.4306286700947,4.0,46.66666666666667,2601.3,605.2801845916335,10405.2,400.0,8.0,0.0,1,0
P6953,586.4306286700947,4.0,46.66666666666667,2601.3,605.2801845916335,10405.2,400.0,10.0,0.0,1,0
P6980,753.9822368615503,4.0,60.0,1801.3,772.8317927830891,7205.2,100.0,10.0,0.0,1,0
P6983,753.9822368615503,4.0,60.0,1801.3,772.8317927830891,7205.2,200.0,10.0,0.0,1,0
P6985,753.9822368615503,4.0,60.0,1801.3,772.8317927830891,7205.2,300.0,8.0,0.0,1,0
P6986,753.9822368615503,4.0,60.0,1801.3,772.8317927830891,7205.2,300.0,10.0,0.0,1,0
P6987,753.9822368615503,4.0,60.0,1801.3,772.8317927830891,7205.2,400.0,6.0,0.0,1,0
P6988,753.9822368615503,4.0,60.0,1801.3,772.8317927830891,7205.2,400.0,8.0,0.0,1,0
P6989,753.9822368615503,4.0,60.0,1801.3,772.8317927830891,7205.2,400.0,10.0,0.0,1,0
P6990,753.9822368615503,4.0,60.0,2601.3,772.8317927830891,10405.2,100.0,6.0,0.0,1,0
P6991,753.9822368615503,4.0,60.0,2601.3,772.8317927830891,10405.2,100.0,8.0,0.0,1,0
P6992,753.9822368615503,4.0,60.0,2601.3,772.8317927830891,10405.2,100.0,10.0,0.0,1,0
P6993,753.9822368615503,4.0,60.0,2601.3,772.8317927830891,10405.2,200.0,6.0,0.0,1,0
P6994,753.9822368615503,4.0,60.0,2601.3,772.8317927830891,10405.2,200.0,8.0,0.0,1,0
P6995,753.9822368615503,4.0,60.0,2601.3,772.8317927830891,10405.2,200.0,10.0,0.0,1,0
P6996,753.9822368615503,4.0,60.0,2601.3,772.8317927830891,10405.2,300.0,6.0,0.0,1,0
P6997,753.9822368615503,4.0,60.0,2601.3,772.8317927830891,10405.2,300.0,8.0,0.0,1,0
P6998,753.9822368615503,4.0,60.0,2601.3,772.8317927830891,10405.2,300.0,10.0,0.0,1,0
P6999,753.9822368615503,4.0,60.0,2601.3,772.8317927830891,10405.2,400.0,6.0,0.0,1,0
P7000,753.9822368615503,4.0,60.0,2601.3,772.8317927830891,10405.2,400.0,8.0,0.0,1,0
P7001,753.9822368615503,4.0,60.0,2601.3,772.8317927830891,10405.2,400.0,10.0,0.0,1,0
P7026,475.1658888554562,5.5,20.0,1801.3,381.2126335590364,9907.15,100.0,6.0,0.0,1,0
P7027,475.1658888554562,5.5,20.0,1801.3,381.2126335590364,9907.15,100.0,8.0,0.0,1,0
P7028,475.1658888554562,5.5,20.0,1801.3,381.2126335590364,9907.15,100.0,10.0,0.0,1,0
P7029,475.1658888554562,5.5,20.0,1801.3,381.2126335590364,9907.15,200.0,6.0,0.0,1,0
P7030,475.1658888554562,5.5,20.0,1801.3,381.2126335590364,9907.15,200.0,8.0,0.0,1,0
P7031,475.1658888554562,5.5,20.0,1801.3,381.2126335590364,9907.15,200.0,10.0,0.0,1,0
P7032,475.1658888554562,5.5,20.0,1801.3,381.2126335590364,9907.15,300.0,6.0,0.0,1,0
P7033,475.1658888554562,5.5,20.0,1801.3,381.2126335590364,9907.15,300.0,8.0,0.0,1,0
P7034,475.1658888554562,5.5,20.0,1801.3,381.2126335590364,9907.15,300.0,10.0,0.0,1,0
P7035,475.1658888554562,5.5,20.0,1801.3,381.2126335590364,9907.15,400.0,6.0,0.0,1,0
P7036,475.1658888554562,5.5,20.0,1801.3,381.2126335590364,9907.15,400.0,8.0,0.0,1,0
P7037,475.1658888554562,5.5,20.0,1801.3,381.2126335590364,9907.15,400.0,10.0,0.0,1,0
P7038,475.1658888554562,5.5,20.0,2601.3,381.2126335590364,14307.150000000001,100.0,6.0,0.0,1,0
P7039,475.1658888554562,5.5,20.0,2601.3,381.2126335590364,14307.150000000001,100.0,8.0,0.0,1,0
P7040,475.1658888554562,5.5,20.0,2601.3,381.2126335590364,14307.150000000001,100.0,10.0,0.0,1,0
P7041,475.1658888554562,5.5,20.0,2601.3,381.2126335590364,14307.150000000001,200.0,6.0,0.0,1,0
P7042,475.1658888554562,5.5,20.0,2601.3,381.2126335590364,14307.150000000001,200.0,8.0,0.0,1,0
P7043,475.1658888554562,5.5,20.0,2601.3,381.2126335590364,14307.150000000001,200.0,10.0,0.0,1,0
P7044,475.1658888554562,5.5,20.0,2601.3,381.2126335590364,14307.150000000001,300.0,6.0,0.0,1,0
P7045,475.1658888554562,5.5,20.0,2601.3,381.2126335590364,14307.150000000001,300.0,8.0,0.0,1,0
P7046,475.1658888554562,5.5,20.0,2601.3,381.2126335590364,14307.150000000001,300.0,10.0,0.0,1,0
P7047,475.1658888554562,5.5,20.0,2601.3,381.2126335590364,14307.150000000001,400.0,6.0,0.0,1,0
P7048,475.1658888554562,5.5,20.0,2601.3,381.2126335590364,14307.150000000001,400.0,8.0,0.0,1,0
P7049,475.1658888554562,5.5,20.0,2601.3,381.2126335590364,14307.150000000001,400.0,10.0,0.0,1,0
P7081,791.9431480924272,5.5,33.33333333333334,1801.3,611.5960948222881,9907.15,300.0,8.0,0.0,1,0
P7082,791.9431480924272,5.5,33.33333333333334,1801.3,611.5960948222881,9907.15,300.0,10.0,0.0,1,0
P7083,791.9431480924272,5.5,33.33333333333334,1801.3,611.5960948222881,9907.15,400.0,6.0,0.0,1,0
P7084,791.9431480924272,5.5,33.33333333333334,1801.3,611.5960948222881,9907.15,400.0,8.0,0.0,1,0
P7085,791.9431480924272,5.5,33.33333333333334,1801.3,611.5960948222881,9907.15,400.0,10.0,0.0,1,0
P7086,791.9431480924272,5.5,33.33333333333334,2601.3,611.5960948222881,14307.150000000001,100.0,6.0,0.0,1,0
P7087,791.9431480924272,5.5,33.33333333333334,2601.3,611.5960948222881,14307.150000000001,100.0,8.0,0.0,1,0
P7088,791.9431480924272,5.5,33.33333333333334,2601.3,611.5960948222881,14307.150000000001,100.0,10.0,0.0,1,0
P7089,791.9431480924272,5.5,33.33333333333334,2601.3,611.5960948222881,14307.150000000001,200.0,6.0,0.0,1,0
P7090,791.9431480924272,5.5,33.33333333333334,2601.3,611.5960948222881,14307.150000000001,200.0,8.0,0.0,1,0
P7091,791.9431480924272,5.5,33.33333333333334,2601.3,611.5960948222881,14307.150000000001,200.0,10.0,0.0,1,0
P7092,791.9431480924272,5.5,33.33333333333334,2601.3,611.5960948222881,14307.150000000001,300.0,6.0,0.0,1,0
P7093,791.9431480924272,5.5,33.33333333333334,2601.3,611.5960948222881,14307.150000000001,300.0,8.0,0.0,1,0
P7094,791.9431480924272,5.5,33.33333333333334,2601.3,611.5960948222881,14307.150000000001,300.0,10.0,0.0,1,0
P7095,791.9431480924272,5.5,33.33333333333334,2601.3,611.5960948222881,14307.150000000001,400.0,6.0,0.0,1,0
P7096,791.9431480924272,5.5,33.33333333333334,2601.3,611.5960948222881,14307.150000000001,400.0,8.0,0.0,1,0
P7097,791.9431480924272,5.5,33.33333333333334,2601.3,611.5960948222881,14307.150000000001,400.0,10.0,0.0,1,0
P7130,1108.720407329398,5.5,46.66666666666667,1801.3,841.9795560855395,9907.15,300.0,10.0,0.0,1,0
P7131,1108.720407329398,5.5,46.66666666666667,1801.3,841.9795560855395,9907.15,400.0,6.0,0.0,1,0
P7132,1108.720407329398,5.5,46.66666666666667,1801.3,841.9795560855395,9907.15,400.0,8.0,0.0,1,0
P7133,1108.720407329398,5.5,46.66666666666667,1801.3,841.9795560855395,9907.15,400.0,10.0,0.0,1,0
P7134,1108.720407329398,5.5,46.66666666666667,2601.3,841.9795560855395,14307.150000000001,100.0,6.0,0.0,1,0
P7135,1108.720407329398,5.5,46.66666666666667,2601.3,841.9795560855395,14307.150000000001,100.0,8.0,0.0,1,0
P7136,1108.720407329398,5.5,46.66666666666667,2601.3,841.9795560855395,14307.150000000001,100.0,10.0,0.0,1,0
P7137,1108.720407329398,5.5,46.66666666666667,2601.3,841.9795560855395,14307.150000000001,200.0,6.0,0.0,1,0
P7138,1108.720407329398,5.5,46.66666666666667,2601.3,841.9795560855395,14307.150000000001,200.0,8.0,0.0,1,0
P7139,1108.720407329398,5.5,46.66666666666667,2601.3,841.9795560855395,14307.150000000001,200.0,10.0,0.0,1,0
P7140,1108.720407329398,5.5,46.66666666666667,2601.3,841.9795560855395,14307.150000000001,300.0,6.0,0.0,1,0
P7141,1108.720407329398,5.5,46.66666666666667,2601.3,841.9795560855395,14307.150000000001,300.0,8.0,0.0,1,0
P7142,1108.720407329398,5.5,46.66666666666667,2601.3,841.9795560855395,14307.150000000001,300.0,10.0,0.0,1,0
P7143,1108.720407329398,5.5,46.66666666666667,2601.3,841.9795560855395,14307.150000000001,400.0,6.0,0.0,1,0
P7144,1108.720407329398,5.5,46.66666666666667,2601.3,841.9795560855395,14307.150000000001,400.0,8.0,0.0,1,0
P7145,1108.720407329398,5.5,46.66666666666667,2601.3,841.9795560855395,14307.150000000001,400.0,10.0,0.0,1,0
P7179,1425.4976665663687,5.5,60.0,1801.3,1072.363017348791,9907.15,400.0,6.0,0.0,1,0
P7180,1425.4976665663687,5.5,60.0,1801.3,1072.363017348791,9907.15,400.0,8.0,0.0,1,0
P7181,1425.4976665663687,5.5,60.0,1801.3,1072.363017348791,9907.15,400.0,10.0,0.0,1,0
P7182,1425.4976665663687,5.5,60.0,2601.3,1072.363017348791,14307.150000000001,100.0,6.0,0.0,1,0
P7183,1425.4976665663687,5.5,60.0,2601.3,1072.363017348791,14307.150000000001,100.0,8.0,0.0,1,0
P7184,1425.4976665663687,5.5,60.0,2601.3,1072.363017348791,14307.150000000001,100.0,10.0,0.0,1,0
P7185,1425.4976665663687,5.5,60.0,2601.3,1072.363017348791,14307.150000000001,200.0,6.0,0.0,1,0
P7186,1425.4976665663687,5.5,60.0,2601.3,1072.363017348791,14307.150000000001,200.0,8.0,0.0,1,0
P7187,1425.4976665663687,5.5,60.0,2601.3,1072.363017348791,14307.150000000001,200.0,10.0,0.0,1,0
P7188,1425.4976665663687,5.5,60.0,2601.3,1072.363017348791,14307.150000000001,300.0,6.0,0.0,1,0
P7189,1425.4976665663687,5.5,60.0,2601.3,1072.363017348791,14307.150000000001,300.0,8.0,0.0,1,0
P7190,1425.4976665663687,5.5,60.0,2601.3,1072.363017348791,14307.150000000001,300.0,10.0,0.0,1,0
P7191,1425.4976665663687,5.5,60.0,2601.3,1072.363017348791,14307.150000000001,400.0,6.0,0.0,1,0
P7192,1425.4976665663687,5.5,60.0,2601.3,1072.363017348791,14307.150000000001,400.0,8.0,0.0,1,0
P7193,1425.4976665663687,5.5,60.0,2601.3,1072.363017348791,14307.150000000001,400.0,10.0,0.0,1,0
P7220,769.6902001294993,7.0,20.0,1801.3,497.54973651228346,12609.1,100.0,10.0,0.0,1,0
P7223,769.6902001294993,7.0,20.0,1801.3,497.54973651228346,12609.1,200.0,10.0,0.0,1,0
P7224,769.6902001294993,7.0,20.0,1801.3,497.54973651228346,12609.1,300.0,6.0,0.0,1,0
P7225,769.6902001294993,7.0,20.0,1801.3,497.54973651228346,12609.1,300.0,8.0,0.0,1,0
P7226,769.6902001294993,7.0,20.0,1801.3,497.54973651228346,12609.1,300.0,10.0,0.0,1,0
P7227,769.6902001294993,7.0,20.0,1801.3,497.54973651228346,12609.1,400.0,6.0,0.0,1,0
P7228,769.6902001294993,7.0,20.0,1801.3,497.54973651228346,12609.1,400.0,8.0,0.0,1,0
P7229,769.6902001294993,7.0,20.0,1801.3,497.54973651228346,12609.1,400.0,10.0,0.0,1,0
P7230,769.6902001294993,7.0,20.0,2601.3,497.54973651228346,18209.100000000002,100.0,6.0,0.0,1,0
P7231,769.6902001294993,7.0,20.0,2601.3,497.54973651228346,18209.100000000002,100.0,8.0,0.0,1,0
P7232,769.6902001294993,7.0,20.0,2601.3,497.54973651228346,18209.100000000002,100.0,10.0,0.0,1,0
P7233,769.6902001294993,7.0,20.0,2601.3,497.54973651228346,18209.100000000002,200.0,6.0,0.0,1,0
P7234,769.6902001294993,7.0,20.0,2601.3,497.54973651228346,18209.100000000002,200.0,8.0,0.0,1,0
P7235,769.6902001294993,7.0,20.0,2601.3,497.54973651228346,18209.100000000002,200.0,10.0,0.0,1,0
P7236,769.6902001294993,7.0,20.0,2601.3,497.54973651228346,18209.100000000002,300.0,6.0,0.0,1,0
P7237,769.6902001294993,7.0,20.0,2601.3,497.54973651228346,18209.100000000002,300.0,8.0,0.0,1,0
P7238,769.6902001294993,7.0,20.0,2601.3,497.54973651228346,18209.100000000002,300.0,10.0,0.0,1,0
P7239,769.6902001294993,7.0,20.0,2601.3,497.54973651228346,18209.100000000002,400.0,6.0,0.0,1,0
P7240,769.6902001294993,7.0,20.0,2601.3,497.54973651228346,18209.100000000002,400.0,8.0,0.0,1,0
P7241,769.6902001294993,7.0,20.0,2601.3,497.54973651228346,18209.100000000002,400.0,10.0,0.0,1,0
P7273,1282.8170002158324,7.0,33.33333333333334,1801.3,790.765050847331,12609.1,300.0,8.0,0.0,1,0
P7274,1282.8170002158324,7.0,33.33333333333334,1801.3,790.765050847331,12609.1,300.0,10.0,0.0,1,0
P7275,1282.8170002158324,7.0,33.33333333333334,1801.3,790.765050847331,12609.1,400.0,6.0,0.0,1,0
P7276,1282.8170002158324,7.0,33.33333333333334,1801.3,790.765050847331,12609.1,400.0,8.0,0.0,1,0
P7277,1282.8170002158324,7.0,33.33333333333334,1801.3,790.765050847331,12609.1,400.0,10.0,0.0,1,0
P7278,1282.8170002158324,7.0,33.33333333333334,2601.3,790.765050847331,18209.100000000002,100.0,6.0,0.0,1,0
P7279,1282.8170002158324,7.0,33.33333333333334,2601.3,790.765050847331,18209.100000000002,100.0,8.0,0.0,1,0
P7280,1282.8170002158324,7.0,33.33333333333334,2601.3,790.765050847331,18209.100000000002,100.0,10.0,0.0,1,0
P7281,1282.8170002158324,7.0,33.33333333333334,2601.3,790.765050847331,18209.100000000002,200.0,6.0,0.0,1,0
P7282,1282.8170002158324,7.0,33.33333333333334,2601.3,790.765050847331,18209.100000000002,200.0,8.0,0.0,1,0
P7283,1282.8170002158324,7.0,33.33333333333334,2601.3,790.765050847331,18209.100000000002,200.0,10.0,0.0,1,0
P7284,1282.8170002158324,7.0,33.33333333333334,2601.3,790.765050847331,18209.100000000002,300.0,6.0,0.0,1,0
P7285,1282.8170002158324,7.0,33.33333333333334,2601.3,790.765050847331,18209.100000000002,300.0,8.0,0.0,1,0
P7286,1282.8170002158324,7.0,33.33333333333334,2601.3,790.765050847331,18209.100000000002,300.0,10.0,0.0,1,0
P7287,1282.8170002158324,7.0,33.33333333333334,2601.3,790.765050847331,18209.100000000002,400.0,6.0,0.0,1,0
P7288,1282.8170002158324,7.0,33.33333333333334,2601.3,790.765050847331,18209.100000000002,400.0,8.0,0.0,1,0
P7289,1282.8170002158324,7.0,33.33333333333334,2601.3,790.765050847331,18209.100000000002,400.0,10.0,0.0,1,0
P7322,1795.943800302165,7.0,46.66666666666667,1801.3,1083.9803651823781,12609.1,300.0,10.0,0.0,1,0
P7323,1795.943800302165,7.0,46.66666666666667,1801.3,1083.9803651823781,12609.1,400.0,6.0,0.0,1,0
P7324,1795.943800302165,7.0,46.66666666666667,1801.3,1083.9803651823781,12609.1,400.0,8.0,0.0,1,0
P7325,1795.943800302165,7.0,46.66666666666667,1801.3,1083.9803651823781,12609.1,400.0,10.0,0.0,1,0
P7326,1795.943800302165,7.0,46.66666666666667,2601.3,1083.9803651823781,18209.100000000002,100.0,6.0,0.0,1,0
P7327,1795.943800302165,7.0,46.66666666666667,2601.3,1083.9803651823781,18209.100000000002,100.0,8.0,0.0,1,0
P7328,1795.943800302165,7.0,46.66666666666667,2601.3,1083.9803651823781,18209.100000000002,100.0,10.0,0.0,1,0
P7329,1795.943800302165,7.0,46.66666666666667,2601.3,1083.9803651823781,18209.100000000002,200.0,6.0,0.0,1,0
P7330,1795.943800302165,7.0,46.66666666666667,2601.3,1083.9803651823781,18209.100000000002,200.0,8.0,0.0,1,0
P7331,1795.943800302165,7.0,46.66666666666667,2601.3,1083.9803651823781,18209.100000000002,200.0,10.0,0.0,1,0
P7332,1795.943800302165,7.0,46.66666666666667,2601.3,1083.9803651823781,18209.100000000002,300.0,6.0,0.0,1,0
P7333,1795.943800302165,7.0,46.66666666666667,2601.3,1083.9803651823781,18209.100000000002,300.0,8.0,0.0,1,0
P7334,1795.943800302165,7.0,46.66666666666667,2601.3,1083.9803651823781,18209.100000000002,300.0,10.0,0.0,1,0
P7335,1795.943800302165,7.0,46.66666666666667,2601.3,1083.9803651823781,18209.100000000002,400.0,6.0,0.0,1,0
P7336,1795.943800302165,7.0,46.66666666666667,2601.3,1083.9803651823781,18209.100000000002,400.0,8.0,0.0,1,0
P7337,1795.943800302165,7.0,46.66666666666667,2601.3,1083.9803651823781,18209.100000000002,400.0,10.0,0.0,1,0
P7371,2309.070600388498,7.0,60.0,1801.3,1377.1956795174256,12609.1,400.0,6.0,0.0,1,0
P7372,2309.070600388498,7.0,60.0,1801.3,1377.1956795174256,12609.1,400.0,8.0,0.0,1,0
P7373,2309.070600388498,7.0,60.0,1801.3,1377.1956795174256,12609.1,400.0,10.0,0.0,1,0
P7374,2309.070600388498,7.0,60.0,2601.3,1377.1956795174256,18209.100000000002,100.0,6.0,0.0,1,0
P7375,2309.070600388498,7.0,60.0,2601.3,1377.1956795174256,18209.100000000002,100.0,8.0,0.0,1,0
P7376,2309.070600388498,7.0,60.0,2601.3,1377.1956795174256,18209.100000000002,100.0,10.0,0.0,1,0
P7377,2309.070600388498,7.0,60.0,2601.3,1377.1956795174256,18209.100000000002,200.0,6.0,0.0,1,0
P7378,2309.070600388498,7.0,60.0,2601.3,1377.1956795174256,18209.100000000002,200.0,8.0,0.0,1,0
P7379,2309.070600388498,7.0,60.0,2601.3,1377.1956795174256,18209.100000000002,200.0,10.0,0.0,1,0
P7380,2309.070600388498,7.0,60.0,2601.3,1377.1956795174256,18209.100000000002,300.0,6.0,0.0,1,0
P7381,2309.070600388498,7.0,60.0,2601.3,1377.1956795174256,18209.100000000002,300.0,8.0,0.0,1,0
P7382,2309.070600388498,7.0,60.0,2601.3,1377.1956795174256,18209.100000000002,300.0,10.0,0.0,1,0
P7383,2309.070600388498,7.0,60.0,2601.3,1377.1956795174256,18209.100000000002,400.0,6.0,0.0,1,0
P7384,2309.070600388498,7.0,60.0,2601.3,1377.1956795174256,18209.100000000002,400.0,8.0,0.0,1,0
P7385,2309.070600388498,7.0,60.0,2601.3,1377.1956795174256,18209.100000000002,400.0,10.0,0.0,1,0
P7411,1134.9003461093127,8.5,20.0,1801.3,619.1882770684633,15311.05,100.0,8.0,0.0,1,0
P7412,1134.9003461093127,8.5,20.0,1801.3,619.1882770684633,15311.05,100.0,10.0,0.0,1,0
P7414,1134.9003461093127,8.5,20.0,1801.3,619.1882770684633,15311.05,200.0,8.0,0.0,1,0
P7415,1134.9003461093127,8.5,20.0,1801.3,619.1882770684633,15311.05,200.0,10.0,0.0,1,0
P7416,1134.9003461093127,8.5,20.0,1801.3,619.1882770684633,15311.05,300.0,6.0,0.0,1,0
P7417,1134.9003461093127,8.5,20.0,1801.3,619.1882770684633,15311.05,300.0,8.0,0.0,1,0
P7418,1134.9003461093127,8.5,20.0,1801.3,619.1882770684633,15311.05,300.0,10.0,0.0,1,0
P7419,1134.9003461093127,8.5,20.0,1801.3,619.1882770684633,15311.05,400.0,6.0,0.0,1,0
P7420,1134.9003461093127,8.5,20.0,1801.3,619.1882770684633,15311.05,400.0,8.0,0.0,1,0
P7421,1134.9003461093127,8.5,20.0,1801.3,619.1882770684633,15311.05,400.0,10.0,0.0,1,0
P7422,1134.9003461093127,8.5,20.0,2601.3,619.1882770684633,22111.050000000003,100.0,6.0,0.0,1,0
P7423,1134.9003461093127,8.5,20.0,2601.3,619.1882770684633,22111.050000000003,100.0,8.0,0.0,1,0
P7424,1134.9003461093127,8.5,20.0,2601.3,619.1882770684633,22111.050000000003,100.0,10.0,0.0,1,0
P7425,1134.9003461093127,8.5,20.0,2601.3,619.1882770684633,22111.050000000003,200.0,6.0,0.0,1,0
P7426,1134.9003461093127,8.5,20.0,2601.3,619.1882770684633,22111.050000000003,200.0,8.0,0.0,1,0
P7427,1134.9003461093127,8.5,20.0,2601.3,619.1882770684633,22111.050000000003,200.0,10.0,0.0,1,0
P7428,1134.9003461093127,8.5,20.0,2601.3,619.1882770684633,22111.050000000003,300.0,6.0,0.0,1,0
P7429,1134.9003461093127,8.5,20.0,2601.3,619.1882770684633,22111.050000000003,300.0,8.0,0.0,1,0
P7430,1134.9003461093127,8.5,20.0,2601.3,619.1882770684633,22111.050000000003,300.0,10.0,0.0,1,0
P7431,1134.9003461093127,8.5,20.0,2601.3,619.1882770684633,22111.050000000003,400.0,6.0,0.0,1,0
P7432,1134.9003461093127,8.5,20.0,2601.3,619.1882770684633,22111.050000000003,400.0,8.0,0.0,1,0
P7433,1134.9003461093127,8.5,20.0,2601.3,619.1882770684633,22111.050000000003,400.0,10.0,0.0,1,0
P7465,1891.5005768488552,8.5,33.33333333333334,1801.3,975.2354444753068,15311.05,300.0,8.0,0.0,1,0
P7466,1891.5005768488552,8.5,33.33333333333334,1801.3,975.2354444753068,15311.05,300.0,10.0,0.0,1,0
P7467,1891.5005768488552,8.5,33.33333333333334,1801.3,975.2354444753068,15311.05,400.0,6.0,0.0,1,0
P7468,1891.5005768488552,8.5,33.33333333333334,1801.3,975.2354444753068,15311.05,400.0,8.0,0.0,1,0
P7469,1891.5005768488552,8.5,33.33333333333334,1801.3,975.2354444753068,15311.05,400.0,10.0,0.0,1,0
P7470,1891.5005768488552,8.5,33.33333333333334,2601.3,975.2354444753068,22111.050000000003,100.0,6.0,0.0,1,0
P7471,1891.5005768488552,8.5,33.33333333333334,2601.3,975.2354444753068,22111.050000000003,100.0,8.0,0.0,1,0
P7472,1891.5005768488552,8.5,33.33333333333334,2601.3,975.2354444753068,22111.050000000003,100.0,10.0,0.0,1,0
P7473,1891.5005768488552,8.5,33.33333333333334,2601.3,975.2354444753068,22111.050000000003,200.0,6.0,0.0,1,0
P7474,1891.5005768488552,8.5,33.33333333333334,2601.3,975.2354444753068,22111.050000000003,200.0,8.0,0.0,1,0
P7475,1891.5005768488552,8.5,33.33333333333334,2601.3,975.2354444753068,22111.050000000003,200.0,10.0,0.0,1,0
P7476,1891.5005768488552,8.5,33.33333333333334,2601.3,975.2354444753068,22111.050000000003,300.0,6.0,0.0,1,0
P7477,1891.5005768488552,8.5,33.33333333333334,2601.3,975.2354444753068,22111.050000000003,300.0,8.0,0.0,1,0
P7478,1891.5005768488552,8.5,33.33333333333334,2601.3,975.2354444753068,22111.050000000003,300.0,10.0,0.0,1,0
P7479,1891.5005768488552,8.5,33.33333333333334,2601.3,975.2354444753068,22111.050000000003,400.0,6.0,0.0,1,0
P7480,1891.5005768488552,8.5,33.33333333333334,2601.3,975.2354444753068,22111.050000000003,400.0,8.0,0.0,1,0
P7481,1891.5005768488552,8.5,33.33333333333334,2601.3,975.2354444753068,22111.050000000003,400.0,10.0,0.0,1,0
P7515,2648.1008075883965,8.5,46.66666666666667,1801.3,1331.28261188215,15311.05,400.0,6.0,0.0,1,0
P7516,2648.1008075883965,8.5,46.66666666666667,1801.3,1331.28261188215,15311.05,400.0,8.0,0.0,1,0
P7517,2648.1008075883965,8.5,46.66666666666667,1801.3,1331.28261188215,15311.05,400.0,10.0,0.0,1,0
P7518,2648.1008075883965,8.5,46.66666666666667,2601.3,1331.28261188215,22111.050000000003,100.0,6.0,0.0,1,0
P7519,2648.1008075883965,8.5,46.66666666666667,2601.3,1331.28261188215,22111.050000000003,100.0,8.0,0.0,1,0
P7520,2648.1008075883965,8.5,46.66666666666667,2601.3,1331.28261188215,22111.050000000003,100.0,10.0,0.0,1,0
P7521,2648.1008075883965,8.5,46.66666666666667,2601.3,1331.28261188215,22111.050000000003,200.0,6.0,0.0,1,0
P7522,2648.1008075883965,8.5,46.66666666666667,2601.3,1331.28261188215,22111.050000000003,200.0,8.0,0.0,1,0
P7523,2648.1008075883965,8.5,46.66666666666667,2601.3,1331.28261188215,22111.050000000003,200.0,10.0,0.0,1,0
P7524,2648.1008075883965,8.5,46.66666666666667,2601.3,1331.28261188215,22111.050000000003,300.0,6.0,0.0,1,0
P7525,2648.1008075883965,8.5,46.66666666666667,2601.3,1331.28261188215,22111.050000000003,300.0,8.0,0.0,1,0
P7526,2648.1008075883965,8.5,46.66666666666667,2601.3,1331.28261188215,22111.050000000003,300.0,10.0,0.0,1,0
P7527,2648.1008075883965,8.5,46.66666666666667,2601.3,1331.28261188215,22111.050000000003,400.0,6.0,0.0,1,0
P7528,2648.1008075883965,8.5,46.66666666666667,2601.3,1331.28261188215,22111.050000000003,400.0,8.0,0.0,1,0
P7529,2648.1008075883965,8.5,46.66666666666667,2601.3,1331.28261188215,22111.050000000003,400.0,10.0,0.0,1,0
P7563,3404.7010383279385,8.5,60.0,1801.3,1687.329779288993,15311.05,400.0,6.0,0.0,1,0
P7564,3404.7010383279385,8.5,60.0,1801.3,1687.329779288993,15311.05,400.0,8.0,0.0,1,0
P7565,3404.7010383279385,8.5,60.0,1801.3,1687.329779288993,15311.05,400.0,10.0,0.0,1,0
P7566,3404.7010383279385,8.5,60.0,2601.3,1687.329779288993,22111.050000000003,100.0,6.0,0.0,1,0
P7567,3404.7010383279385,8.5,60.0,2601.3,1687.329779288993,22111.050000000003,100.0,8.0,0.0,1,0
P7568,3404.7010383279385,8.5,60.0,2601.3,1687.329779288993,22111.050000000003,100.0,10.0,0.0,1,0
P7569,3404.7010383279385,8.5,60.0,2601.3,1687.329779288993,22111.050000000003,200.0,6.0,0.0,1,0
P7570,3404.7010383279385,8.5,60.0,2601.3,1687.329779288993,22111.050000000003,200.0,8.0,0.0,1,0
P7571,3404.7010383279385,8.5,60.0,2601.3,1687.329779288993,22111.050000000003,200.0,10.0,0.0,1,0
P7572,3404.7010383279385,8.5,60.0,2601.3,1687.329779288993,22111.050000000003,300.0,6.0,0.0,1,0
P7573,3404.7010383279385,8.5,60.0,2601.3,1687.329779288993,22111.050000000003,300.0,8.0,0.0,1,0
P7574,3404.7010383279385,8.5,60.0,2601.3,1687.329779288993,22111.050000000003,300.0,10.0,0.0,1,0
P7575,3404.7010383279385,8.5,60.0,2601.3,1687.329779288993,22111.050000000003,400.0,6.0,0.0,1,0
P7576,3404.7010383279385,8.5,60.0,2601.3,1687.329779288993,22111.050000000003,400.0,8.0,0.0,1,0
P7577,3404.7010383279385,8.5,60.0,2601.3,1687.329779288993,22111.050000000003,400.0,10.0,0.0,1,0
P7604,1570.796326794897,10.0,20.0,1801.3,746.1282552275759,18013.0,100.0,10.0,0.0,1,0
P7607,1570.796326794897,10.0,20.0,1801.3,746.1282552275759,18013.0,200.0,10.0,0.0,1,0
P7608,1570.796326794897,10.0,20.0,1801.3,746.1282552275759,18013.0,300.0,6.0,0.0,1,0
P7609,1570.796326794897,10.0,20.0,1801.3,746.1282552275759,18013.0,300.0,8.0,0.0,1,0
P7610,1570.796326794897,10.0,20.0,1801.3,746.1282552275759,18013.0,300.0,10.0,0.0,1,0
P7611,1570.796326794897,10.0,20.0,1801.3,746.1282552275759,18013.0,400.0,6.0,0.0,1,0
P7612,1570.796326794897,10.0,20.0,1801.3,746.1282552275759,18013.0,400.0,8.0,0.0,1,0
P7613,1570.796326794897,10.0,20.0,1801.3,746.1282552275759,18013.0,400.0,10.0,0.0,1,0
P7614,1570.796326794897,10.0,20.0,2601.3,746.1282552275759,26013.0,100.0,6.0,0.0,1,0
P7615,1570.796326794897,10.0,20.0,2601.3,746.1282552275759,26013.0,100.0,8.0,0.0,1,0
P7616,1570.796326794897,10.0,20.0,2601.3,746.1282552275759,26013.0,100.0,10.0,0.0,1,0
P7617,1570.796326794897,10.0,20.0,2601.3,746.1282552275759,26013.0,200.0,6.0,0.0,1,0
P7618,1570.796326794897,10.0,20.0,2601.3,746.1282552275759,26013.0,200.0,8.0,0.0,1,0
P7619,1570.796326794897,10.0,20.0,2601.3,746.1282552275759,26013.0,200.0,10.0,0.0,1,0
P7620,1570.796326794897,10.0,20.0,2601.3,746.1282552275759,26013.0,300.0,6.0,0.0,1,0
P7621,1570.796326794897,10.0,20.0,2601.3,746.1282552275759,26013.0,300.0,8.0,0.0,1,0
P7622,1570.796326794897,10.0,20.0,2601.3,746.1282552275759,26013.0,300.0,10.0,0.0,1,0
P7623,1570.796326794897,10.0,20.0,2601.3,746.1282552275759,26013.0,400.0,6.0,0.0,1,0
P7624,1570.796326794897,10.0,20.0,2601.3,746.1282552275759,26013.0,400.0,8.0,0.0,1,0
P7625,1570.796326794897,10.0,20.0,2601.3,746.1282552275759,26013.0,400.0,10.0,0.0,1,0
P7656,2617.993877991495,10.0,33.33333333333334,1801.3,1165.0072757062153,18013.0,300.0,6.0,0.0,1,0
P7657,2617.993877991495,10.0,33.33333333333334,1801.3,1165.0072757062153,18013.0,300.0,8.0,0.0,1,0
P7658,2617.993877991495,10.0,33.33333333333334,1801.3,1165.0072757062153,18013.0,300.0,10.0,0.0,1,0
P7659,2617.993877991495,10.0,33.33333333333334,1801.3,1165.0072757062153,18013.0,400.0,6.0,0.0,1,0
P7660,2617.993877991495,10.0,33.33333333333334,1801.3,1165.0072757062153,18013.0,400.0,8.0,0.0,1,0
P7661,2617.993877991495,10.0,33.33333333333334,1801.3,1165.0072757062153,18013.0,400.0,10.0,0.0,1,0
P7662,2617.993877991495,10.0,33.33333333333334,2601.3,1165.0072757062153,26013.0,100.0,6.0,0.0,1,0
P7663,2617.993877991495,10.0,33.33333333333334,2601.3,1165.0072757062153,26013.0,100.0,8.0,0.0,1,0
P7664,2617.993877991495,10.0,33.33333333333334,2601.3,1165.0072757062153,26013.0,100.0,10.0,0.0,1,0
P7665,2617.993877991495,10.0,33.33333333333334,2601.3,1165.0072757062153,26013.0,200.0,6.0,0.0,1,0
P7666,2617.993877991495,10.0,33.33333333333334,2601.3,1165.0072757062153,26013.0,200.0,8.0,0.0,1,0
P7667,2617.993877991495,10.0,33.33333333333334,2601.3,1165.0072757062153,26013.0,200.0,10.0,0.0,1,0
P7668,2617.993877991495,10.0,33.33333333333334,2601.3,1165.0072757062153,26013.0,300.0,6.0,0.0,1,0
P7669,2617.993877991495,10.0,33.33333333333334,2601.3,1165.0072757062153,26013.0,300.0,8.0,0.0,1,0
P7670,2617.993877991495,10.0,33.33333333333334,2601.3,1165.0072757062153,26013.0,300.0,10.0,0.0,1,0
P7671,2617.993877991495,10.0,33.33333333333334,2601.3,1165.0072757062153,26013.0,400.0,6.0,0.0,1,0
P7672,2617.993877991495,10.0,33.33333333333334,2601.3,1165.0072757062153,26013.0,400.0,8.0,0.0,1,0
P7673,2617.993877991495,10.0,33.33333333333334,2601.3,1165.0072757062153,26013.0,400.0,10.0,0.0,1,0
P7707,3665.191429188093,10.0,46.66666666666667,1801.3,1583.886296184854,18013.0,400.0,6.0,0.0,1,0
P7708,3665.191429188093,10.0,46.66666666666667,1801.3,1583.886296184854,18013.0,400.0,8.0,0.0,1,0
P7709,3665.191429188093,10.0,46.66666666666667,1801.3,1583.886296184854,18013.0,400.0,10.0,0.0,1,0
P7710,3665.191429188093,10.0,46.66666666666667,2601.3,1583.886296184854,26013.0,100.0,6.0,0.0,1,0
P7711,3665.191429188093,10.0,46.66666666666667,2601.3,1583.886296184854,26013.0,100.0,8.0,0.0,1,0
P7712,3665.191429188093,10.0,46.66666666666667,2601.3,1583.886296184854,26013.0,100.0,10.0,0.0,1,0
P7713,3665.191429188093,10.0,46.66666666666667,2601.3,1583.886296184854,26013.0,200.0,6.0,0.0,1,0
P7714,3665.191429188093,10.0,46.66666666666667,2601.3,1583.886296184854,26013.0,200.0,8.0,0.0,1,0
P7715,3665.191429188093,10.0,46.66666666666667,2601.3,1583.886296184854,26013.0,200.0,10.0,0.0,1,0
P7716,3665.191429188093,10.0,46.66666666666667,2601.3,1583.886296184854,26013.0,300.0,6.0,0.0,1,0
P7717,3665.191429188093,10.0,46.66666666666667,2601.3,1583.886296184854,26013.0,300.0,8.0,0.0,1,0
P7718,3665.191429188093,10.0,46.66666666666667,2601.3,1583.886296184854,26013.0,300.0,10.0,0.0,1,0
P7719,3665.191429188093,10.0,46.66666666666667,2601.3,1583.886296184854,26013.0,400.0,6.0,0.0,1,0
P7720,3665.191429188093,10.0,46.66666666666667,2601.3,1583.886296184854,26013.0,400.0,8.0,0.0,1,0
P7721,3665.191429188093,10.0,46.66666666666667,2601.3,1583.886296184854,26013.0,400.0,10.0,0.0,1,0
P7755,4712.38898038469,10.0,60.0,1801.3,2002.7653166634932,18013.0,400.0,6.0,0.0,1,0
P7756,4712.38898038469,10.0,60.0,1801.3,2002.7653166634932,18013.0,400.0,8.0,0.0,1,0
P7757,4712.38898038469,10.0,60.0,1801.3,2002.7653166634932,18013.0,400.0,10.0,0.0,1,0
P7758,4712.38898038469,10.0,60.0,2601.3,2002.7653166634932,26013.0,100.0,6.0,0.0,1,0
P7759,4712.38898038469,10.0,60.0,2601.3,2002.7653166634932,26013.0,100.0,8.0,0.0,1,0
P7760,4712.38898038469,10.0,60.0,2601.3,2002.7653166634932,26013.0,100.0,10.0,0.0,1,0
P7761,4712.38898038469,10.0,60.0,2601.3,2002.7653166634932,26013.0,200.0,6.0,0.0,1,0
P7762,4712.38898038469,10.0,60.0,2601.3,2002.7653166634932,26013.0,200.0,8.0,0.0,1,0
P7763,4712.38898038469,10.0,60.0,2601.3,2002.7653166634932,26013.0,200.0,10.0,0.0,1,0
P7764,4712.38898038469,10.0,60.0,2601.3,2002.7653166634932,26013.0,300.0,6.0,0.0,1,0
P7765,4712.38898038469,10.0,60.0,2601.3,2002.7653166634932,26013.0,300.0,8.0,0.0,1,0
P7766,4712.38898038469,10.0,60.0,2601.3,2002.7653166634932,26013.0,300.0,10.0,0.0,1,0
P7767,4712.38898038469,10.0,60.0,2601.3,2002.7653166634932,26013.0,400.0,6.0,0.0,1,0
P7768,4712.38898038469,10.0,60.0,2601.3,2002.7653166634932,26013.0,400.0,8.0,0.0,1,0
P7769,4712.38898038469,10.0,60.0,2601.3,2002.7653166634932,26013.0,400.0,10.0,0.0,1,0
P7771,2.356194490192345,1.0,3.0,15101.3,10.602875205865551,15101.3,50.0,1.5,0.0,1,0
P7772,2.356194490192345,1.0,3.0,15101.3,10.602875205865551,15101.3,50.0,2.25,0.0,1,0
P7773,2.356194490192345,1.0,3.0,15101.3,10.602875205865551,15101.3,50.0,3.0,0.0,1,0
P7774,2.356194490192345,1.0,3.0,15101.3,10.602875205865551,15101.3,133.3333333333333,1.5,0.0,1,0
P7775,2.356194490192345,1.0,3.0,15101.3,10.602875205865551,15101.3,133.3333333333333,2.25,0.0,1,0
P7776,2.356194490192345,1.0,3.0,15101.3,10.602875205865551,15101.3,133.3333333333333,3.0,0.0,1,0
P7777,2.356194490192345,1.0,3.0,15101.3,10.602875205865551,15101.3,216.6666666666667,1.5,0.0,1,0
P7778,2.356194490192345,1.0,3.0,15101.3,10.602875205865551,15101.3,216.6666666666667,2.25,0.0,1,0
P7779,2.356194490192345,1.0,3.0,15101.3,10.602875205865551,15101.3,216.6666666666667,3.0,0.0,1,0
P7780,2.356194490192345,1.0,3.0,15101.3,10.602875205865551,15101.3,300.0,1.5,0.0,1,0
P7781,2.356194490192345,1.0,3.0,15101.3,10.602875205865551,15101.3,300.0,2.25,0.0,1,0
P7782,2.356194490192345,1.0,3.0,15101.3,10.602875205865551,15101.3,300.0,3.0,0.0,1,0
P7783,2.356194490192345,1.0,3.0,17434.633333333328,10.602875205865551,17434.633333333328,50.0,1.5,0.0,1,0
P7784,2.356194490192345,1.0,3.0,17434.633333333328,10.602875205865551,17434.633333333328,50.0,2.25,0.0,1,0
P7785,2.356194490192345,1.0,3.0,17434.633333333328,10.602875205865551,17434.633333333328,50.0,3.0,0.0,1,0
P7786,2.356194490192345,1.0,3.0,17434.633333333328,10.602875205865551,17434.633333333328,133.3333333333333,1.5,0.0,1,0
P7787,2.356194490192345,1.0,3.0,17434.633333333328,10.602875205865551,17434.633333333328,133.3333333333333,2.25,0.0,1,0
P7788,2.356194490192345,1.0,3.0,17434.633333333328,10.602875205865551,17434.633333333328,133.3333333333333,3.0,0.0,1,0
P7789,2.356194490192345,1.0,3.0,17434.633333333328,10.602875205865551,17434.633333333328,216.6666666666667,1.5,0.0,1,0
P7790,2.356194490192345,1.0,3.0,17434.633333333328,10.602875205865551,17434.633333333328,216.6666666666667,2.25,0.0,1,0
P7791,2.356194490192345,1.0,3.0,17434.633333333328,10.602875205865551,17434.633333333328,216.6666666666667,3.0,0.0,1,0
P7792,2.356194490192345,1.0,3.0,17434.633333333328,10.602875205865551,17434.633333333328,300.0,1.5,0.0,1,0
P7793,2.356194490192345,1.0,3.0,17434.633333333328,10.602875205865551,17434.633333333328,300.0,2.25,0.0,1,0
P7794,2.356194490192345,1.0,3.0,17434.633333333328,10.602875205865551,17434.633333333328,300.0,3.0,0.0,1,0
P7795,2.356194490192345,1.0,3.0,19767.96666666667,10.602875205865551,19767.96666666667,50.0,1.5,0.0,1,0
P7796,2.356194490192345,1.0,3.0,19767.96666666667,10.602875205865551,19767.96666666667,50.0,2.25,0.0,1,0
P7797,2.356194490192345,1.0,3.0,19767.96666666667,10.602875205865551,19767.96666666667,50.0,3.0,0.0,1,0
P7798,2.356194490192345,1.0,3.0,19767.96666666667,10.602875205865551,19767.96666666667,133.3333333333333,1.5,0.0,1,0
P7799,2.356194490192345,1.0,3.0,19767.96666666667,10.602875205865551,19767.96666666667,133.3333333333333,2.25,0.0,1,0
P7800,2.356194490192345,1.0,3.0,19767.96666666667,10.602875205865551,19767.96666666667,133.3333333333333,3.0,0.0,1,0
P7801,2.356194490192345,1.0,3.0,19767.96666666667,10.602875205865551,19767.96666666667,216.6666666666667,1.5,0.0,1,0
P7802,2.356194490192345,1.0,3.0,19767.96666666667,10.602875205865551,19767.96666666667,216.6666666666667,2.25,0.0,1,0
P7803,2.356194490192345,1.0,3.0,19767.96666666667,10.602875205865551,19767.96666666667,216.6666666666667,3.0,0.0,1,0
P7804,2.356194490192345,1.0,3.0,19767.96666666667,10.602875205865551,19767.96666666667,300.0,1.5,0.0,1,0
P7805,2.356194490192345,1.0,3.0,19767.96666666667,10.602875205865551,19767.96666666667,300.0,2.25,0.0,1,0
P7806,2.356194490192345,1.0,3.0,19767.96666666667,10.602875205865551,19767.96666666667,300.0,3.0,0.0,1,0
P7807,2.356194490192345,1.0,3.0,22101.3,10.602875205865551,22101.3,50.0,1.5,0.0,1,0
P7808,2.356194490192345,1.0,3.0,22101.3,10.602875205865551,22101.3,50.0,2.25,0.0,1,0
P7809,2.356194490192345,1.0,3.0,22101.3,10.602875205865551,22101.3,50.0,3.0,0.0,1,0
P7810,2.356194490192345,1.0,3.0,22101.3,10.602875205865551,22101.3,133.3333333333333,1.5,0.0,1,0
P7811,2.356194490192345,1.0,3.0,22101.3,10.602875205865551,22101.3,133.3333333333333,2.25,0.0,1,0
P7812,2.356194490192345,1.0,3.0,22101.3,10.602875205865551,22101.3,133.3333333333333,3.0,0.0,1,0
P7813,2.356194490192345,1.0,3.0,22101.3,10.602875205865551,22101.3,216.6666666666667,1.5,0.0,1,0
P7814,2.356194490192345,1.0,3.0,22101.3,10.602875205865551,22101.3,216.6666666666667,2.25,0.0,1,0
P7815,2.356194490192345,1.0,3.0,22101.3,10.602875205865551,22101.3,216.6666666666667,3.0,0.0,1,0
P7816,2.356194490192345,1.0,3.0,22101.3,10.602875205865551,22101.3,300.0,1.5,0.0,1,0
P7817,2.356194490192345,1.0,3.0,22101.3,10.602875205865551,22101.3,300.0,2.25,0.0,1,0
P7818,2.356194490192345,1.0,3.0,22101.3,10.602875205865551,22101.3,300.0,3.0,0.0,1,0
P7819,3.665191429188092,1.0,4.666666666666667,15101.3,15.838862961848541,15101.3,50.0,1.5,0.0,1,0
P7820,3.665191429188092,1.0,4.666666666666667,15101.3,15.838862961848541,15101.3,50.0,2.25,0.0,1,0
P7821,3.665191429188092,1.0,4.666666666666667,15101.3,15.838862961848541,15101.3,50.0,3.0,0.0,1,0
P7822,3.665191429188092,1.0,4.666666666666667,15101.3,15.838862961848541,15101.3,133.3333333333333,1.5,0.0,1,0
P7823,3.665191429188092,1.0,4.666666666666667,15101.3,15.838862961848541,15101.3,133.3333333333333,2.25,0.0,1,0
P7824,3.665191429188092,1.0,4.666666666666667,15101.3,15.838862961848541,15101.3,133.3333333333333,3.0,0.0,1,0
P7825,3.665191429188092,1.0,4.666666666666667,15101.3,15.838862961848541,15101.3,216.6666666666667,1.5,0.0,1,0
P7826,3.665191429188092,1.0,4.666666666666667,15101.3,15.838862961848541,15101.3,216.6666666666667,2.25,0.0,1,0
P7827,3.665191429188092,1.0,4.666666666666667,15101.3,15.838862961848541,15101.3,216.6666666666667,3.0,0.0,1,0
P7828,3.665191429188092,1.0,4.666666666666667,15101.3,15.838862961848541,15101.3,300.0,1.5,0.0,1,0
P7829,3.665191429188092,1.0,4.666666666666667,15101.3,15.838862961848541,15101.3,300.0,2.25,0.0,1,0
P7830,3.665191429188092,1.0,4.666666666666667,15101.3,15.838862961848541,15101.3,300.0,3.0,0.0,1,0
P7831,3.665191429188092,1.0,4.666666666666667,17434.633333333328,15.838862961848541,17434.633333333328,50.0,1.5,0.0,1,0
P7832,3.665191429188092,1.0,4.666666666666667,17434.633333333328,15.838862961848541,17434.633333333328,50.0,2.25,0.0,1,0
P7833,3.665191429188092,1.0,4.666666666666667,17434.633333333328,15.838862961848541,17434.633333333328,50.0,3.0,0.0,1,0
P7834,3.665191429188092,1.0,4.666666666666667,17434.633333333328,15.838862961848541,17434.633333333328,133.3333333333333,1.5,0.0,1,0
P7835,3.665191429188092,1.0,4.666666666666667,17434.633333333328,15.838862961848541,17434.633333333328,133.3333333333333,2.25,0.0,1,0
P7836,3.665191429188092,1.0,4.666666666666667,17434.633333333328,15.838862961848541,17434.633333333328,133.3333333333333,3.0,0.0,1,0
P7837,3.665191429188092,1.0,4.666666666666667,17434.633333333328,15.838862961848541,17434.633333333328,216.6666666666667,1.5,0.0,1,0
P7838,3.665191429188092,1.0,4.666666666666667,17434.633333333328,15.838862961848541,17434.633333333328,216.6666666666667,2.25,0.0,1,0
P7839,3.665191429188092,1.0,4.666666666666667,17434.633333333328,15.838862961848541,17434.633333333328,216.6666666666667,3.0,0.0,1,0
P7840,3.665191429188092,1.0,4.666666666666667,17434.633333333328,15.838862961848541,17434.633333333328,300.0,1.5,0.0,1,0
P7841,3.665191429188092,1.0,4.666666666666667,17434.633333333328,15.838862961848541,17434.633333333328,300.0,2.25,0.0,1,0
P7842,3.665191429188092,1.0,4.666666666666667,17434.633333333328,15.838862961848541,17434.633333333328,300.0,3.0,0.0,1,0
P7843,3.665191429188092,1.0,4.666666666666667,19767.96666666667,15.838862961848541,19767.96666666667,50.0,1.5,0.0,1,0
P7844,3.665191429188092,1.0,4.666666666666667,19767.96666666667,15.838862961848541,19767.96666666667,50.0,2.25,0.0,1,0
P7845,3.665191429188092,1.0,4.666666666666667,19767.96666666667,15.838862961848541,19767.96666666667,50.0,3.0,0.0,1,0
P7846,3.665191429188092,1.0,4.666666666666667,19767.96666666667,15.838862961848541,19767.96666666667,133.3333333333333,1.5,0.0,1,0
P7847,3.665191429188092,1.0,4.666666666666667,19767.96666666667,15.838862961848541,19767.96666666667,133.3333333333333,2.25,0.0,1,0
P7848,3.665191429188092,1.0,4.666666666666667,19767.96666666667,15.838862961848541,19767.96666666667,133.3333333333333,3.0,0.0,1,0
P7849,3.665191429188092,1.0,4.666666666666667,19767.96666666667,15.838862961848541,19767.96666666667,216.6666666666667,1.5,0.0,1,0
P7850,3.665191429188092,1.0,4.666666666666667,19767.96666666667,15.838862961848541,19767.96666666667,216.6666666666667,2.25,0.0,1,0
P7851,3.665191429188092,1.0,4.666666666666667,19767.96666666667,15.838862961848541,19767.96666666667,216.6666666666667,3.0,0.0,1,0
P7852,3.665191429188092,1.0,4.666666666666667,19767.96666666667,15.838862961848541,19767.96666666667,300.0,1.5,0.0,1,0
P7853,3.665191429188092,1.0,4.666666666666667,19767.96666666667,15.838862961848541,19767.96666666667,300.0,2.25,0.0,1,0
P7854,3.665191429188092,1.0,4.666666666666667,19767.96666666667,15.838862961848541,19767.96666666667,300.0,3.0,0.0,1,0
P7855,3.665191429188092,1.0,4.666666666666667,22101.3,15.838862961848541,22101.3,50.0,1.5,0.0,1,0
P7856,3.665191429188092,1.0,4.666666666666667,22101.3,15.838862961848541,22101.3,50.0,2.25,0.0,1,0
P7857,3.665191429188092,1.0,4.666666666666667,22101.3,15.838862961848541,22101.3,50.0,3.0,0.0,1,0
P7858,3.665191429188092,1.0,4.666666666666667,22101.3,15.838862961848541,22101.3,133.3333333333333,1.5,0.0,1,0
P7859,3.665191429188092,1.0,4.666666666666667,22101.3,15.838862961848541,22101.3,133.3333333333333,2.25,0.0,1,0
P7860,3.665191429188092,1.0,4.666666666666667,22101.3,15.838862961848541,22101.3,133.3333333333333,3.0,0.0,1,0
P7861,3.665191429188092,1.0,4.666666666666667,22101.3,15.838862961848541,22101.3,216.6666666666667,1.5,0.0,1,0
P7862,3.665191429188092,1.0,4.666666666666667,22101.3,15.838862961848541,22101.3,216.6666666666667,2.25,0.0,1,0
P7863,3.665191429188092,1.0,4.666666666666667,22101.3,15.838862961848541,22101.3,216.6666666666667,3.0,0.0,1,0
P7864,3.665191429188092,1.0,4.666666666666667,22101.3,15.838862961848541,22101.3,300.0,1.5,0.0,1,0
P7865,3.665191429188092,1.0,4.666666666666667,22101.3,15.838862961848541,22101.3,300.0,2.25,0.0,1,0
P7866,3.665191429188092,1.0,4.666666666666667,22101.3,15.838862961848541,22101.3,300.0,3.0,0.0,1,0
P7867,4.97418836818384,1.0,6.333333333333334,15101.3,21.07485071783153,15101.3,50.0,1.5,0.0,1,0
P7868,4.97418836818384,1.0,6.333333333333334,15101.3,21.07485071783153,15101.3,50.0,2.25,0.0,1,0
P7869,4.97418836818384,1.0,6.333333333333334,15101.3,21.07485071783153,15101.3,50.0,3.0,0.0,1,0
P7870,4.97418836818384,1.0,6.333333333333334,15101.3,21.07485071783153,15101.3,133.3333333333333,1.5,0.0,1,0
P7871,4.97418836818384,1.0,6.333333333333334,15101.3,21.07485071783153,15101.3,133.3333333333333,2.25,0.0,1,0
P7872,4.97418836818384,1.0,6.333333333333334,15101.3,21.07485071783153,15101.3,133.3333333333333,3.0,0.0,1,0
P7873,4.97418836818384,1.0,6.333333333333334,15101.3,21.07485071783153,15101.3,216.6666666666667,1.5,0.0,1,0
P7874,4.97418836818384,1.0,6.333333333333334,15101.3,21.07485071783153,15101.3,216.6666666666667,2.25,0.0,1,0
P7875,4.97418836818384,1.0,6.333333333333334,15101.3,21.07485071783153,15101.3,216.6666666666667,3.0,0.0,1,0
P7876,4.97418836818384,1.0,6.333333333333334,15101.3,21.07485071783153,15101.3,300.0,1.5,0.0,1,0
P7877,4.97418836818384,1.0,6.333333333333334,15101.3,21.07485071783153,15101.3,300.0,2.25,0.0,1,0
P7878,4.97418836818384,1.0,6.333333333333334,15101.3,21.07485071783153,15101.3,300.0,3.0,0.0,1,0
P7879,4.97418836818384,1.0,6.333333333333334,17434.633333333328,21.07485071783153,17434.633333333328,50.0,1.5,0.0,1,0
P7880,4.97418836818384,1.0,6.333333333333334,17434.633333333328,21.07485071783153,17434.633333333328,50.0,2.25,0.0,1,0
P7881,4.97418836818384,1.0,6.333333333333334,17434.633333333328,21.07485071783153,17434.633333333328,50.0,3.0,0.0,1,0
P7882,4.97418836818384,1.0,6.333333333333334,17434.633333333328,21.07485071783153,17434.633333333328,133.3333333333333,1.5,0.0,1,0
P7883,4.97418836818384,1.0,6.333333333333334,17434.633333333328,21.07485071783153,17434.633333333328,133.3333333333333,2.25,0.0,1,0
P7884,4.97418836818384,1.0,6.333333333333334,17434.633333333328,21.07485071783153,17434.633333333328,133.3333333333333,3.0,0.0,1,0
P7885,4.97418836818384,1.0,6.333333333333334,17434.633333333328,21.07485071783153,17434.633333333328,216.6666666666667,1.5,0.0,1,0
P7886,4.97418836818384,1.0,6.333333333333334,17434.633333333328,21.07485071783153,17434.633333333328,216.6666666666667,2.25,0.0,1,0
P7887,4.97418836818384,1.0,6.333333333333334,17434.633333333328,21.07485071783153,17434.633333333328,216.6666666666667,3.0,0.0,1,0
P7888,4.97418836818384,1.0,6.333333333333334,17434.633333333328,21.07485071783153,17434.633333333328,300.0,1.5,0.0,1,0
P7889,4.97418836818384,1.0,6.333333333333334,17434.633333333328,21.07485071783153,17434.633333333328,300.0,2.25,0.0,1,0
P7890,4.97418836818384,1.0,6.333333333333334,17434.633333333328,21.07485071783153,17434.633333333328,300.0,3.0,0.0,1,0
P7891,4.97418836818384,1.0,6.333333333333334,19767.96666666667,21.07485071783153,19767.96666666667,50.0,1.5,0.0,1,0
P7892,4.97418836818384,1.0,6.333333333333334,19767.96666666667,21.07485071783153,19767.96666666667,50.0,2.25,0.0,1,0
P7893,4.97418836818384,1.0,6.333333333333334,19767.96666666667,21.07485071783153,19767.96666666667,50.0,3.0,0.0,1,0
P7894,4.97418836818384,1.0,6.333333333333334,19767.96666666667,21.07485071783153,19767.96666666667,133.3333333333333,1.5,0.0,1,0
P7895,4.97418836818384,1.0,6.333333333333334,19767.96666666667,21.07485071783153,19767.96666666667,133.3333333333333,2.25,0.0,1,0
P7896,4.97418836818384,1.0,6.333333333333334,19767.96666666667,21.07485071783153,19767.96666666667,133.3333333333333,3.0,0.0,1,0
P7897,4.97418836818384,1.0,6.333333333333334,19767.96666666667,21.07485071783153,19767.96666666667,216.6666666666667,1.5,0.0,1,0
P7898,4.97418836818384,1.0,6.333333333333334,19767.96666666667,21.07485071783153,19767.96666666667,216.6666666666667,2.25,0.0,1,0
P7899,4.97418836818384,1.0,6.333333333333334,19767.96666666667,21.07485071783153,19767.96666666667,216.6666666666667,3.0,0.0,1,0
P7900,4.97418836818384,1.0,6.333333333333334,19767.96666666667,21.07485071783153,19767.96666666667,300.0,1.5,0.0,1,0
P7901,4.97418836818384,1.0,6.333333333333334,19767.96666666667,21.07485071783153,19767.96666666667,300.0,2.25,0.0,1,0
P7902,4.97418836818384,1.0,6.333333333333334,19767.96666666667,21.07485071783153,19767.96666666667,300.0,3.0,0.0,1,0
P7903,4.97418836818384,1.0,6.333333333333334,22101.3,21.07485071783153,22101.3,50.0,1.5,0.0,1,0
P7904,4.97418836818384,1.0,6.333333333333334,22101.3,21.07485071783153,22101.3,50.0,2.25,0.0,1,0
P7905,4.97418836818384,1.0,6.333333333333334,22101.3,21.07485071783153,22101.3,50.0,3.0,0.0,1,0
P7906,4.97418836818384,1.0,6.333333333333334,22101.3,21.07485071783153,22101.3,133.3333333333333,1.5,0.0,1,0
P7907,4.97418836818384,1.0,6.333333333333334,22101.3,21.07485071783153,22101.3,133.3333333333333,2.25,0.0,1,0
P7908,4.97418836818384,1.0,6.333333333333334,22101.3,21.07485071783153,22101.3,133.3333333333333,3.0,0.0,1,0
P7909,4.97418836818384,1.0,6.333333333333334,22101.3,21.07485071783153,22101.3,216.6666666666667,1.5,0.0,1,0
P7910,4.97418836818384,1.0,6.333333333333334,22101.3,21.07485071783153,22101.3,216.6666666666667,2.25,0.0,1,0
P7911,4.97418836818384,1.0,6.333333333333334,22101.3,21.07485071783153,22101.3,216.6666666666667,3.0,0.0,1,0
P7912,4.97418836818384,1.0,6.333333333333334,22101.3,21.07485071783153,22101.3,300.0,1.5,0.0,1,0
P7913,4.97418836818384,1.0,6.333333333333334,22101.3,21.07485071783153,22101.3,300.0,2.25,0.0,1,0
P7914,4.97418836818384,1.0,6.333333333333334,22101.3,21.07485071783153,22101.3,300.0,3.0,0.0,1,0
P7915,6.283185307179586,1.0,8.0,15101.3,26.310838473814517,15101.3,50.0,1.5,0.0,1,0
P7916,6.283185307179586,1.0,8.0,15101.3,26.310838473814517,15101.3,50.0,2.25,0.0,1,0
P7917,6.283185307179586,1.0,8.0,15101.3,26.310838473814517,15101.3,50.0,3.0,0.0,1,0
P7918,6.283185307179586,1.0,8.0,15101.3,26.310838473814517,15101.3,133.3333333333333,1.5,0.0,1,0
P7919,6.283185307179586,1.0,8.0,15101.3,26.310838473814517,15101.3,133.3333333333333,2.25,0.0,1,0
P7920,6.283185307179586,1.0,8.0,15101.3,26.310838473814517,15101.3,133.3333333333333,3.0,0.0,1,0
P7921,6.283185307179586,1.0,8.0,15101.3,26.310838473814517,15101.3,216.6666666666667,1.5,0.0,1,0
P7922,6.283185307179586,1.0,8.0,15101.3,26.310838473814517,15101.3,216.6666666666667,2.25,0.0,1,0
P7923,6.283185307179586,1.0,8.0,15101.3,26.310838473814517,15101.3,216.6666666666667,3.0,0.0,1,0
P7924,6.283185307179586,1.0,8.0,15101.3,26.310838473814517,15101.3,300.0,1.5,0.0,1,0
P7925,6.283185307179586,1.0,8.0,15101.3,26.310838473814517,15101.3,300.0,2.25,0.0,1,0
P7926,6.283185307179586,1.0,8.0,15101.3,26.310838473814517,15101.3,300.0,3.0,0.0,1,0
P7927,6.283185307179586,1.0,8.0,17434.633333333328,26.310838473814517,17434.633333333328,50.0,1.5,0.0,1,0
P7928,6.283185307179586,1.0,8.0,17434.633333333328,26.310838473814517,17434.633333333328,50.0,2.25,0.0,1,0
P7929,6.283185307179586,1.0,8.0,17434.633333333328,26.310838473814517,17434.633333333328,50.0,3.0,0.0,1,0
P7930,6.283185307179586,1.0,8.0,17434.633333333328,26.310838473814517,17434.633333333328,133.3333333333333,1.5,0.0,1,0
P7931,6.283185307179586,1.0,8.0,17434.633333333328,26.310838473814517,17434.633333333328,133.3333333333333,2.25,0.0,1,0
P7932,6.283185307179586,1.0,8.0,17434.633333333328,26.310838473814517,17434.633333333328,133.3333333333333,3.0,0.0,1,0
P7933,6.283185307179586,1.0,8.0,17434.633333333328,26.310838473814517,17434.633333333328,216.6666666666667,1.5,0.0,1,0
P7934,6.283185307179586,1.0,8.0,17434.633333333328,26.310838473814517,17434.633333333328,216.6666666666667,2.25,0.0,1,0
P7935,6.283185307179586,1.0,8.0,17434.633333333328,26.310838473814517,17434.633333333328,216.6666666666667,3.0,0.0,1,0
P7936,6.283185307179586,1.0,8.0,17434.633333333328,26.310838473814517,17434.633333333328,300.0,1.5,0.0,1,0
P7937,6.283185307179586,1.0,8.0,17434.633333333328,26.310838473814517,17434.633333333328,300.0,2.25,0.0,1,0
P7938,6.283185307179586,1.0,8.0,17434.633333333328,26.310838473814517,17434.633333333328,300.0,3.0,0.0,1,0
P7939,6.283185307179586,1.0,8.0,19767.96666666667,26.310838473814517,19767.96666666667,50.0,1.5,0.0,1,0
P7940,6.283185307179586,1.0,8.0,19767.96666666667,26.310838473814517,19767.96666666667,50.0,2.25,0.0,1,0
P7941,6.283185307179586,1.0,8.0,19767.96666666667,26.310838473814517,19767.96666666667,50.0,3.0,0.0,1,0
P7942,6.283185307179586,1.0,8.0,19767.96666666667,26.310838473814517,19767.96666666667,133.3333333333333,1.5,0.0,1,0
P7943,6.283185307179586,1.0,8.0,19767.96666666667,26.310838473814517,19767.96666666667,133.3333333333333,2.25,0.0,1,0
P7944,6.283185307179586,1.0,8.0,19767.96666666667,26.310838473814517,19767.96666666667,133.3333333333333,3.0,0.0,1,0
P7945,6.283185307179586,1.0,8.0,19767.96666666667,26.310838473814517,19767.96666666667,216.6666666666667,1.5,0.0,1,0
P7946,6.283185307179586,1.0,8.0,19767.96666666667,26.310838473814517,19767.96666666667,216.6666666666667,2.25,0.0,1,0
P7947,6.283185307179586,1.0,8.0,19767.96666666667,26.310838473814517,19767.96666666667,216.6666666666667,3.0,0.0,1,0
P7948,6.283185307179586,1.0,8.0,19767.96666666667,26.310838473814517,19767.96666666667,300.0,1.5,0.0,1,0
P7949,6.283185307179586,1.0,8.0,19767.96666666667,26.310838473814517,19767.96666666667,300.0,2.25,0.0,1,0
P7950,6.283185307179586,1.0,8.0,19767.96666666667,26.310838473814517,19767.96666666667,300.0,3.0,0.0,1,0
P7951,6.283185307179586,1.0,8.0,22101.3,26.310838473814517,22101.3,50.0,1.5,0.0,1,0
P7952,6.283185307179586,1.0,8.0,22101.3,26.310838473814517,22101.3,50.0,2.25,0.0,1,0
P7953,6.283185307179586,1.0,8.0,22101.3,26.310838473814517,22101.3,50.0,3.0,0.0,1,0
P7954,6.283185307179586,1.0,8.0,22101.3,26.310838473814517,22101.3,133.3333333333333,1.5,0.0,1,0
P7955,6.283185307179586,1.0,8.0,22101.3,26.310838473814517,22101.3,133.3333333333333,2.25,0.0,1,0
P7956,6.283185307179586,1.0,8.0,22101.3,26.310838473814517,22101.3,133.3333333333333,3.0,0.0,1,0
P7957,6.283185307179586,1.0,8.0,22101.3,26.310838473814517,22101.3,216.6666666666667,1.5,0.0,1,0
P7958,6.283185307179586,1.0,8.0,22101.3,26.310838473814517,22101.3,216.6666666666667,2.25,0.0,1,0
P7959,6.283185307179586,1.0,8.0,22101.3,26.310838473814517,22101.3,216.6666666666667,3.0,0.0,1,0
P7960,6.283185307179586,1.0,8.0,22101.3,26.310838473814517,22101.3,300.0,1.5,0.0,1,0
P7961,6.283185307179586,1.0,8.0,22101.3,26.310838473814517,22101.3,300.0,2.25,0.0,1,0
P7962,6.283185307179586,1.0,8.0,22101.3,26.310838473814517,22101.3,300.0,3.0,0.0,1,0
P7963,3.681553890925539,1.25,3.0,15101.3,13.621749396424493,18876.625,50.0,1.5,0.0,1,0
P7964,3.681553890925539,1.25,3.0,15101.3,13.621749396424493,18876.625,50.0,2.25,0.0,1,0
P7965,3.681553890925539,1.25,3.0,15101.3,13.621749396424493,18876.625,50.0,3.0,0.0,1,0
P7966,3.681553890925539,1.25,3.0,15101.3,13.621749396424493,18876.625,133.3333333333333,1.5,0.0,1,0
P7967,3.681553890925539,1.25,3.0,15101.3,13.621749396424493,18876.625,133.3333333333333,2.25,0.0,1,0
P7968,3.681553890925539,1.25,3.0,15101.3,13.621749396424493,18876.625,133.3333333333333,3.0,0.0,1,0
P7969,3.681553890925539,1.25,3.0,15101.3,13.621749396424493,18876.625,216.6666666666667,1.5,0.0,1,0
P7970,3.681553890925539,1.25,3.0,15101.3,13.621749396424493,18876.625,216.6666666666667,2.25,0.0,1,0
P7971,3.681553890925539,1.25,3.0,15101.3,13.621749396424493,18876.625,216.6666666666667,3.0,0.0,1,0
P7972,3.681553890925539,1.25,3.0,15101.3,13.621749396424493,18876.625,300.0,1.5,0.0,1,0
P7973,3.681553890925539,1.25,3.0,15101.3,13.621749396424493,18876.625,300.0,2.25,0.0,1,0
P7974,3.681553890925539,1.25,3.0,15101.3,13.621749396424493,18876.625,300.0,3.0,0.0,1,0
P7975,3.681553890925539,1.25,3.0,17434.633333333328,13.621749396424493,21793.29166666666,50.0,1.5,0.0,1,0
P7976,3.681553890925539,1.25,3.0,17434.633333333328,13.621749396424493,21793.29166666666,50.0,2.25,0.0,1,0
P7977,3.681553890925539,1.25,3.0,17434.633333333328,13.621749396424493,21793.29166666666,50.0,3.0,0.0,1,0
P7978,3.681553890925539,1.25,3.0,17434.633333333328,13.621749396424493,21793.29166666666,133.3333333333333,1.5,0.0,1,0
P7979,3.681553890925539,1.25,3.0,17434.633333333328,13.621749396424493,21793.29166666666,133.3333333333333,2.25,0.0,1,0
P7980,3.681553890925539,1.25,3.0,17434.633333333328,13.621749396424493,21793.29166666666,133.3333333333333,3.0,0.0,1,0
P7981,3.681553890925539,1.25,3.0,17434.633333333328,13.621749396424493,21793.29166666666,216.6666666666667,1.5,0.0,1,0
P7982,3.681553890925539,1.25,3.0,17434.633333333328,13.621749396424493,21793.29166666666,216.6666666666667,2.25,0.0,1,0
P7983,3.681553890925539,1.25,3.0,17434.633333333328,13.621749396424493,21793.29166666666,216.6666666666667,3.0,0.0,1,0
P7984,3.681553890925539,1.25,3.0,17434.633333333328,13.621749396424493,21793.29166666666,300.0,1.5,0.0,1,0
P7985,3.681553890925539,1.25,3.0,17434.633333333328,13.621749396424493,21793.29166666666,300.0,2.25,0.0,1,0
P7986,3.681553890925539,1.25,3.0,17434.633333333328,13.621749396424493,21793.29166666666,300.0,3.0,0.0,1,0
P7987,3.681553890925539,1.25,3.0,19767.96666666667,13.621749396424493,24709.95833333334,50.0,1.5,0.0,1,0
P7988,3.681553890925539,1.25,3.0,19767.96666666667,13.621749396424493,24709.95833333334,50.0,2.25,0.0,1,0
P7989,3.681553890925539,1.25,3.0,19767.96666666667,13.621749396424493,24709.95833333334,50.0,3.0,0.0,1,0
P7990,3.681553890925539,1.25,3.0,19767.96666666667,13.621749396424493,24709.95833333334,133.3333333333333,1.5,0.0,1,0
P7991,3.681553890925539,1.25,3.0,19767.96666666667,13.621749396424493,24709.95833333334,133.3333333333333,2.25,0.0,1,0
P7992,3.681553890925539,1.25,3.0,19767.96666666667,13.621749396424493,24709.95833333334,133.3333333333333,3.0,0.0,1,0
P7993,3.681553890925539,1.25,3.0,19767.96666666667,13.621749396424493,24709.95833333334,216.6666666666667,1.5,0.0,1,0
P7994,3.681553890925539,1.25,3.0,19767.96666666667,13.621749396424493,24709.95833333334,216.6666666666667,2.25,0.0,1,0
P7995,3.681553890925539,1.25,3.0,19767.96666666667,13.621749396424493,24709.95833333334,216.6666666666667,3.0,0.0,1,0
P7996,3.681553890925539,1.25,3.0,19767.96666666667,13.621749396424493,24709.95833333334,300.0,1.5,0.0,1,0
P7997,3.681553890925539,1.25,3.0,19767.96666666667,13.621749396424493,24709.95833333334,300.0,2.25,0.0,1,0
P7998,3.681553890925539,1.25,3.0,19767.96666666667,13.621749396424493,24709.95833333334,300.0,3.0,0.0,1,0
P7999,3.681553890925539,1.25,3.0,22101.3,13.621749396424493,27626.625,50.0,1.5,0.0,1,0
P8000,3.681553890925539,1.25,3.0,22101.3,13.621749396424493,27626.625,50.0,2.25,0.0,1,0
P8001,3.681553890925539,1.25,3.0,22101.3,13.621749396424493,27626.625,50.0,3.0,0.0,1,0
P8002,3.681553890925539,1.25,3.0,22101.3,13.621749396424493,27626.625,133.3333333333333,1.5,0.0,1,0
P8003,3.681553890925539,1.25,3.0,22101.3,13.621749396424493,27626.625,133.3333333333333,2.25,0.0,1,0
P8004,3.681553890925539,1.25,3.0,22101.3,13.621749396424493,27626.625,133.3333333333333,3.0,0.0,1,0
P8005,3.681553890925539,1.25,3.0,22101.3,13.621749396424493,27626.625,216.6666666666667,1.5,0.0,1,0
P8006,3.681553890925539,1.25,3.0,22101.3,13.621749396424493,27626.625,216.6666666666667,2.25,0.0,1,0
P8007,3.681553890925539,1.25,3.0,22101.3,13.621749396424493,27626.625,216.6666666666667,3.0,0.0,1,0
P8008,3.681553890925539,1.25,3.0,22101.3,13.621749396424493,27626.625,300.0,1.5,0.0,1,0
P8009,3.681553890925539,1.25,3.0,22101.3,13.621749396424493,27626.625,300.0,2.25,0.0,1,0
P8010,3.681553890925539,1.25,3.0,22101.3,13.621749396424493,27626.625,300.0,3.0,0.0,1,0
P8011,5.726861608106394,1.25,4.666666666666667,15101.3,20.166734091403228,18876.625,50.0,1.5,0.0,1,0
P8012,5.726861608106394,1.25,4.666666666666667,15101.3,20.166734091403228,18876.625,50.0,2.25,0.0,1,0
P8013,5.726861608106394,1.25,4.666666666666667,15101.3,20.166734091403228,18876.625,50.0,3.0,0.0,1,0
P8014,5.726861608106394,1.25,4.666666666666667,15101.3,20.166734091403228,18876.625,133.3333333333333,1.5,0.0,1,0
P8015,5.726861608106394,1.25,4.666666666666667,15101.3,20.166734091403228,18876.625,133.3333333333333,2.25,0.0,1,0
P8016,5.726861608106394,1.25,4.666666666666667,15101.3,20.166734091403228,18876.625,133.3333333333333,3.0,0.0,1,0
P8017,5.726861608106394,1.25,4.666666666666667,15101.3,20.166734091403228,18876.625,216.6666666666667,1.5,0.0,1,0
P8018,5.726861608106394,1.25,4.666666666666667,15101.3,20.166734091403228,18876.625,216.6666666666667,2.25,0.0,1,0
P8019,5.726861608106394,1.25,4.666666666666667,15101.3,20.166734091403228,18876.625,216.6666666666667,3.0,0.0,1,0
P8020,5.726861608106394,1.25,4.666666666666667,15101.3,20.166734091403228,18876.625,300.0,1.5,0.0,1,0
P8021,5.726861608106394,1.25,4.666666666666667,15101.3,20.166734091403228,18876.625,300.0,2.25,0.0,1,0
P8022,5.726861608106394,1.25,4.666666666666667,15101.3,20.166734091403228,18876.625,300.0,3.0,0.0,1,0
P8023,5.726861608106394,1.25,4.666666666666667,17434.633333333328,20.166734091403228,21793.29166666666,50.0,1.5,0.0,1,0
P8024,5.726861608106394,1.25,4.666666666666667,17434.633333333328,20.166734091403228,21793.29166666666,50.0,2.25,0.0,1,0
P8025,5.726861608106394,1.25,4.666666666666667,17434.633333333328,20.166734091403228,21793.29166666666,50.0,3.0,0.0,1,0
P8026,5.726861608106394,1.25,4.666666666666667,17434.633333333328,20.166734091403228,21793.29166666666,133.3333333333333,1.5,0.0,1,0
P8027,5.726861608106394,1.25,4.666666666666667,17434.633333333328,20.166734091403228,21793.29166666666,133.3333333333333,2.25,0.0,1,0
P8028,5.726861608106394,1.25,4.666666666666667,17434.633333333328,20.166734091403228,21793.29166666666,133.3333333333333,3.0,0.0,1,0
P8029,5.726861608106394,1.25,4.666666666666667,17434.633333333328,20.166734091403228,21793.29166666666,216.6666666666667,1.5,0.0,1,0
P8030,5.726861608106394,1.25,4.666666666666667,17434.633333333328,20.166734091403228,21793.29166666666,216.6666666666667,2.25,0.0,1,0
P8031,5.726861608106394,1.25,4.666666666666667,17434.633333333328,20.166734091403228,21793.29166666666,216.6666666666667,3.0,0.0,1,0
P8032,5.726861608106394,1.25,4.666666666666667,17434.633333333328,20.166734091403228,21793.29166666666,300.0,1.5,0.0,1,0
P8033,5.726861608106394,1.25,4.666666666666667,17434.633333333328,20.166734091403228,21793.29166666666,300.0,2.25,0.0,1,0
P8034,5.726861608106394,1.25,4.666666666666667,17434.633333333328,20.166734091403228,21793.29166666666,300.0,3.0,0.0,1,0
P8035,5.726861608106394,1.25,4.666666666666667,19767.96666666667,20.166734091403228,24709.95833333334,50.0,1.5,0.0,1,0
P8036,5.726861608106394,1.25,4.666666666666667,19767.96666666667,20.166734091403228,24709.95833333334,50.0,2.25,0.0,1,0
P8037,5.726861608106394,1.25,4.666666666666667,19767.96666666667,20.166734091403228,24709.95833333334,50.0,3.0,0.0,1,0
P8038,5.726861608106394,1.25,4.666666666666667,19767.96666666667,20.166734091403228,24709.95833333334,133.3333333333333,1.5,0.0,1,0
P8039,5.726861608106394,1.25,4.666666666666667,19767.96666666667,20.166734091403228,24709.95833333334,133.3333333333333,2.25,0.0,1,0
P8040,5.726861608106394,1.25,4.666666666666667,19767.96666666667,20.166734091403228,24709.95833333334,133.3333333333333,3.0,0.0,1,0
P8041,5.726861608106394,1.25,4.666666666666667,19767.96666666667,20.166734091403228,24709.95833333334,216.6666666666667,1.5,0.0,1,0
P8042,5.726861608106394,1.25,4.666666666666667,19767.96666666667,20.166734091403228,24709.95833333334,216.6666666666667,2.25,0.0,1,0
P8043,5.726861608106394,1.25,4.666666666666667,19767.96666666667,20.166734091403228,24709.95833333334,216.6666666666667,3.0,0.0,1,0
P8044,5.726861608106394,1.25,4.666666666666667,19767.96666666667,20.166734091403228,24709.95833333334,300.0,1.5,0.0,1,0
P8045,5.726861608106394,1.25,4.666666666666667,19767.96666666667,20.166734091403228,24709.95833333334,300.0,2.25,0.0,1,0
P8046,5.726861608106394,1.25,4.666666666666667,19767.96666666667,20.166734091403228,24709.95833333334,300.0,3.0,0.0,1,0
P8047,5.726861608106394,1.25,4.666666666666667,22101.3,20.166734091403228,27626.625,50.0,1.5,0.0,1,0
P8048,5.726861608106394,1.25,4.666666666666667,22101.3,20.166734091403228,27626.625,50.0,2.25,0.0,1,0
P8049,5.726861608106394,1.25,4.666666666666667,22101.3,20.166734091403228,27626.625,50.0,3.0,0.0,1,0
P8050,5.726861608106394,1.25,4.666666666666667,22101.3,20.166734091403228,27626.625,133.3333333333333,1.5,0.0,1,0
P8051,5.726861608106394,1.25,4.666666666666667,22101.3,20.166734091403228,27626.625,133.3333333333333,2.25,0.0,1,0
P8052,5.726861608106394,1.25,4.666666666666667,22101.3,20.166734091403228,27626.625,133.3333333333333,3.0,0.0,1,0
P8053,5.726861608106394,1.25,4.666666666666667,22101.3,20.166734091403228,27626.625,216.6666666666667,1.5,0.0,1,0
P8054,5.726861608106394,1.25,4.666666666666667,22101.3,20.166734091403228,27626.625,216.6666666666667,2.25,0.0,1,0
P8055,5.726861608106394,1.25,4.666666666666667,22101.3,20.166734091403228,27626.625,216.6666666666667,3.0,0.0,1,0
P8056,5.726861608106394,1.25,4.666666666666667,22101.3,20.166734091403228,27626.625,300.0,1.5,0.0,1,0
P8057,5.726861608106394,1.25,4.666666666666667,22101.3,20.166734091403228,27626.625,300.0,2.25,0.0,1,0
P8058,5.726861608106394,1.25,4.666666666666667,22101.3,20.166734091403228,27626.625,300.0,3.0,0.0,1,0
P8059,7.7721693252872495,1.25,6.333333333333334,15101.3,26.711718786381965,18876.625,50.0,1.5,0.0,1,0
P8060,7.7721693252872495,1.25,6.333333333333334,15101.3,26.711718786381965,18876.625,50.0,2.25,0.0,1,0
P8061,7.7721693252872495,1.25,6.333333333333334,15101.3,26.711718786381965,18876.625,50.0,3.0,0.0,1,0
P8062,7.7721693252872495,1.25,6.333333333333334,15101.3,26.711718786381965,18876.625,133.3333333333333,1.5,0.0,1,0
P8063,7.7721693252872495,1.25,6.333333333333334,15101.3,26.711718786381965,18876.625,133.3333333333333,2.25,0.0,1,0
P8064,7.7721693252872495,1.25,6.333333333333334,15101.3,26.711718786381965,18876.625,133.3333333333333,3.0,0.0,1,0
P8065,7.7721693252872495,1.25,6.333333333333334,15101.3,26.711718786381965,18876.625,216.6666666666667,1.5,0.0,1,0
P8066,7.7721693252872495,1.25,6.333333333333334,15101.3,26.711718786381965,18876.625,216.6666666666667,2.25,0.0,1,0
P8067,7.7721693252872495,1.25,6.333333333333334,15101.3,26.711718786381965,18876.625,216.6666666666667,3.0,0.0,1,0
P8068,7.7721693252872495,1.25,6.333333333333334,15101.3,26.711718786381965,18876.625,300.0,1.5,0.0,1,0
P8069,7.7721693252872495,1.25,6.333333333333334,15101.3,26.711718786381965,18876.625,300.0,2.25,0.0,1,0
P8070,7.7721693252872495,1.25,6.333333333333334,15101.3,26.711718786381965,18876.625,300.0,3.0,0.0,1,0
P8071,7.7721693252872495,1.25,6.333333333333334,17434.633333333328,26.711718786381965,21793.29166666666,50.0,1.5,0.0,1,0
P8072,7.7721693252872495,1.25,6.333333333333334,17434.633333333328,26.711718786381965,21793.29166666666,50.0,2.25,0.0,1,0
P8073,7.7721693252872495,1.25,6.333333333333334,17434.633333333328,26.711718786381965,21793.29166666666,50.0,3.0,0.0,1,0
P8074,7.7721693252872495,1.25,6.333333333333334,17434.633333333328,26.711718786381965,21793.29166666666,133.3333333333333,1.5,0.0,1,0
P8075,7.7721693252872495,1.25,6.333333333333334,17434.633333333328,26.711718786381965,21793.29166666666,133.3333333333333,2.25,0.0,1,0
P8076,7.7721693252872495,1.25,6.333333333333334,17434.633333333328,26.711718786381965,21793.29166666666,133.3333333333333,3.0,0.0,1,0
P8077,7.7721693252872495,1.25,6.333333333333334,17434.633333333328,26.711718786381965,21793.29166666666,216.6666666666667,1.5,0.0,1,0
P8078,7.7721693252872495,1.25,6.333333333333334,17434.633333333328,26.711718786381965,21793.29166666666,216.6666666666667,2.25,0.0,1,0
P8079,7.7721693252872495,1.25,6.333333333333334,17434.633333333328,26.711718786381965,21793.29166666666,216.6666666666667,3.0,0.0,1,0
P8080,7.7721693252872495,1.25,6.333333333333334,17434.633333333328,26.711718786381965,21793.29166666666,300.0,1.5,0.0,1,0
P8081,7.7721693252872495,1.25,6.333333333333334,17434.633333333328,26.711718786381965,21793.29166666666,300.0,2.25,0.0,1,0
P8082,7.7721693252872495,1.25,6.333333333333334,17434.633333333328,26.711718786381965,21793.29166666666,300.0,3.0,0.0,1,0
P8083,7.7721693252872495,1.25,6.333333333333334,19767.96666666667,26.711718786381965,24709.95833333334,50.0,1.5,0.0,1,0
P8084,7.7721693252872495,1.25,6.333333333333334,19767.96666666667,26.711718786381965,24709.95833333334,50.0,2.25,0.0,1,0
P8085,7.7721693252872495,1.25,6.333333333333334,19767.96666666667,26.711718786381965,24709.95833333334,50.0,3.0,0.0,1,0
P8086,7.7721693252872495,1.25,6.333333333333334,19767.96666666667,26.711718786381965,24709.95833333334,133.3333333333333,1.5,0.0,1,0
P8087,7.7721693252872495,1.25,6.333333333333334,19767.96666666667,26.711718786381965,24709.95833333334,133.3333333333333,2.25,0.0,1,0
P8088,7.7721693252872495,1.25,6.333333333333334,19767.96666666667,26.711718786381965,24709.95833333334,133.3333333333333,3.0,0.0,1,0
P8089,7.7721693252872495,1.25,6.333333333333334,19767.96666666667,26.711718786381965,24709.95833333334,216.6666666666667,1.5,0.0,1,0
P8090,7.7721693252872495,1.25,6.333333333333334,19767.96666666667,26.711718786381965,24709.95833333334,216.6666666666667,2.25,0.0,1,0
P8091,7.7721693252872495,1.25,6.333333333333334,19767.96666666667,26.711718786381965,24709.95833333334,216.6666666666667,3.0,0.0,1,0
P8092,7.7721693252872495,1.25,6.333333333333334,19767.96666666667,26.711718786381965,24709.95833333334,300.0,1.5,0.0,1,0
P8093,7.7721693252872495,1.25,6.333333333333334,19767.96666666667,26.711718786381965,24709.95833333334,300.0,2.25,0.0,1,0
P8094,7.7721693252872495,1.25,6.333333333333334,19767.96666666667,26.711718786381965,24709.95833333334,300.0,3.0,0.0,1,0
P8095,7.7721693252872495,1.25,6.333333333333334,22101.3,26.711718786381965,27626.625,50.0,1.5,0.0,1,0
P8096,7.7721693252872495,1.25,6.333333333333334,22101.3,26.711718786381965,27626.625,50.0,2.25,0.0,1,0
P8097,7.7721693252872495,1.25,6.333333333333334,22101.3,26.711718786381965,27626.625,50.0,3.0,0.0,1,0
P8098,7.7721693252872495,1.25,6.333333333333334,22101.3,26.711718786381965,27626.625,133.3333333333333,1.5,0.0,1,0
P8099,7.7721693252872495,1.25,6.333333333333334,22101.3,26.711718786381965,27626.625,133.3333333333333,2.25,0.0,1,0
P8100,7.7721693252872495,1.25,6.333333333333334,22101.3,26.711718786381965,27626.625,133.3333333333333,3.0,0.0,1,0
P8101,7.7721693252872495,1.25,6.333333333333334,22101.3,26.711718786381965,27626.625,216.6666666666667,1.5,0.0,1,0
P8102,7.7721693252872495,1.25,6.333333333333334,22101.3,26.711718786381965,27626.625,216.6666666666667,2.25,0.0,1,0
P8103,7.7721693252872495,1.25,6.333333333333334,22101.3,26.711718786381965,27626.625,216.6666666666667,3.0,0.0,1,0
P8104,7.7721693252872495,1.25,6.333333333333334,22101.3,26.711718786381965,27626.625,300.0,1.5,0.0,1,0
P8105,7.7721693252872495,1.25,6.333333333333334,22101.3,26.711718786381965,27626.625,300.0,2.25,0.0,1,0
P8106,7.7721693252872495,1.25,6.333333333333334,22101.3,26.711718786381965,27626.625,300.0,3.0,0.0,1,0
P8107,9.817477042468104,1.25,8.0,15101.3,33.2567034813607,18876.625,50.0,1.5,0.0,1,0
P8108,9.817477042468104,1.25,8.0,15101.3,33.2567034813607,18876.625,50.0,2.25,0.0,1,0
P8109,9.817477042468104,1.25,8.0,15101.3,33.2567034813607,18876.625,50.0,3.0,0.0,1,0
P8110,9.817477042468104,1.25,8.0,15101.3,33.2567034813607,18876.625,133.3333333333333,1.5,0.0,1,0
P8111,9.817477042468104,1.25,8.0,15101.3,33.2567034813607,18876.625,133.3333333333333,2.25,0.0,1,0
P8112,9.817477042468104,1.25,8.0,15101.3,33.2567034813607,18876.625,133.3333333333333,3.0,0.0,1,0
P8113,9.817477042468104,1.25,8.0,15101.3,33.2567034813607,18876.625,216.6666666666667,1.5,0.0,1,0
P8114,9.817477042468104,1.25,8.0,15101.3,33.2567034813607,18876.625,216.6666666666667,2.25,0.0,1,0
P8115,9.817477042468104,1.25,8.0,15101.3,33.2567034813607,18876.625,216.6666666666667,3.0,0.0,1,0
P8116,9.817477042468104,1.25,8.0,15101.3,33.2567034813607,18876.625,300.0,1.5,0.0,1,0
P8117,9.817477042468104,1.25,8.0,15101.3,33.2567034813607,18876.625,300.0,2.25,0.0,1,0
P8118,9.817477042468104,1.25,8.0,15101.3,33.2567034813607,18876.625,300.0,3.0,0.0,1,0
P8119,9.817477042468104,1.25,8.0,17434.633333333328,33.2567034813607,21793.29166666666,50.0,1.5,0.0,1,0
P8120,9.817477042468104,1.25,8.0,17434.633333333328,33.2567034813607,21793.29166666666,50.0,2.25,0.0,1,0
P8121,9.817477042468104,1.25,8.0,17434.633333333328,33.2567034813607,21793.29166666666,50.0,3.0,0.0,1,0
P8122,9.817477042468104,1.25,8.0,17434.633333333328,33.2567034813607,21793.29166666666,133.3333333333333,1.5,0.0,1,0
P8123,9.817477042468104,1.25,8.0,17434.633333333328,33.2567034813607,21793.29166666666,133.3333333333333,2.25,0.0,1,0
P8124,9.817477042468104,1.25,8.0,17434.633333333328,33.2567034813607,21793.29166666666,133.3333333333333,3.0,0.0,1,0
P8125,9.817477042468104,1.25,8.0,17434.633333333328,33.2567034813607,21793.29166666666,216.6666666666667,1.5,0.0,1,0
P8126,9.817477042468104,1.25,8.0,17434.633333333328,33.2567034813607,21793.29166666666,216.6666666666667,2.25,0.0,1,0
P8127,9.817477042468104,1.25,8.0,17434.633333333328,33.2567034813607,21793.29166666666,216.6666666666667,3.0,0.0,1,0
P8128,9.817477042468104,1.25,8.0,17434.633333333328,33.2567034813607,21793.29166666666,300.0,1.5,0.0,1,0
P8129,9.817477042468104,1.25,8.0,17434.633333333328,33.2567034813607,21793.29166666666,300.0,2.25,0.0,1,0
P8130,9.817477042468104,1.25,8.0,17434.633333333328,33.2567034813607,21793.29166666666,300.0,3.0,0.0,1,0
P8131,9.817477042468104,1.25,8.0,19767.96666666667,33.2567034813607,24709.95833333334,50.0,1.5,0.0,1,0
P8132,9.817477042468104,1.25,8.0,19767.96666666667,33.2567034813607,24709.95833333334,50.0,2.25,0.0,1,0
P8133,9.817477042468104,1.25,8.0,19767.96666666667,33.2567034813607,24709.95833333334,50.0,3.0,0.0,1,0
P8134,9.817477042468104,1.25,8.0,19767.96666666667,33.2567034813607,24709.95833333334,133.3333333333333,1.5,0.0,1,0
P8135,9.817477042468104,1.25,8.0,19767.96666666667,33.2567034813607,24709.95833333334,133.3333333333333,2.25,0.0,1,0
P8136,9.817477042468104,1.25,8.0,19767.96666666667,33.2567034813607,24709.95833333334,133.3333333333333,3.0,0.0,1,0
P8137,9.817477042468104,1.25,8.0,19767.96666666667,33.2567034813607,24709.95833333334,216.6666666666667,1.5,0.0,1,0
P8138,9.817477042468104,1.25,8.0,19767.96666666667,33.2567034813607,24709.95833333334,216.6666666666667,2.25,0.0,1,0
P8139,9.817477042468104,1.25,8.0,19767.96666666667,33.2567034813607,24709.95833333334,216.6666666666667,3.0,0.0,1,0
P8140,9.817477042468104,1.25,8.0,19767.96666666667,33.2567034813607,24709.95833333334,300.0,1.5,0.0,1,0
P8141,9.817477042468104,1.25,8.0,19767.96666666667,33.2567034813607,24709.95833333334,300.0,2.25,0.0,1,0
P8142,9.817477042468104,1.25,8.0,19767.96666666667,33.2567034813607,24709.95833333334,300.0,3.0,0.0,1,0
P8143,9.817477042468104,1.25,8.0,22101.3,33.2567034813607,27626.625,50.0,1.5,0.0,1,0
P8144,9.817477042468104,1.25,8.0,22101.3,33.2567034813607,27626.625,50.0,2.25,0.0,1,0
P8145,9.817477042468104,1.25,8.0,22101.3,33.2567034813607,27626.625,50.0,3.0,0.0,1,0
P8146,9.817477042468104,1.25,8.0,22101.3,33.2567034813607,27626.625,133.3333333333333,1.5,0.0,1,0
P8147,9.817477042468104,1.25,8.0,22101.3,33.2567034813607,27626.625,133.3333333333333,2.25,0.0,1,0
P8148,9.817477042468104,1.25,8.0,22101.3,33.2567034813607,27626.625,133.3333333333333,3.0,0.0,1,0
P8149,9.817477042468104,1.25,8.0,22101.3,33.2567034813607,27626.625,216.6666666666667,1.5,0.0,1,0
P8150,9.817477042468104,1.25,8.0,22101.3,33.2567034813607,27626.625,216.6666666666667,2.25,0.0,1,0
P8151,9.817477042468104,1.25,8.0,22101.3,33.2567034813607,27626.625,216.6666666666667,3.0,0.0,1,0
P8152,9.817477042468104,1.25,8.0,22101.3,33.2567034813607,27626.625,300.0,1.5,0.0,1,0
P8153,9.817477042468104,1.25,8.0,22101.3,33.2567034813607,27626.625,300.0,2.25,0.0,1,0
P8154,9.817477042468104,1.25,8.0,22101.3,33.2567034813607,27626.625,300.0,3.0,0.0,1,0
P8155,5.301437602932776,1.5,3.0,15101.3,16.787885742620457,22651.949999999997,50.0,1.5,0.0,1,0
P8156,5.301437602932776,1.5,3.0,15101.3,16.787885742620457,22651.949999999997,50.0,2.25,0.0,1,0
P8157,5.301437602932776,1.5,3.0,15101.3,16.787885742620457,22651.949999999997,50.0,3.0,0.0,1,0
P8158,5.301437602932776,1.5,3.0,15101.3,16.787885742620457,22651.949999999997,133.3333333333333,1.5,0.0,1,0
P8159,5.301437602932776,1.5,3.0,15101.3,16.787885742620457,22651.949999999997,133.3333333333333,2.25,0.0,1,0
P8160,5.301437602932776,1.5,3.0,15101.3,16.787885742620457,22651.949999999997,133.3333333333333,3.0,0.0,1,0
P8161,5.301437602932776,1.5,3.0,15101.3,16.787885742620457,22651.949999999997,216.6666666666667,1.5,0.0,1,0
P8162,5.301437602932776,1.5,3.0,15101.3,16.787885742620457,22651.949999999997,216.6666666666667,2.25,0.0,1,0
P8163,5.301437602932776,1.5,3.0,15101.3,16.787885742620457,22651.949999999997,216.6666666666667,3.0,0.0,1,0
P8164,5.301437602932776,1.5,3.0,15101.3,16.787885742620457,22651.949999999997,300.0,1.5,0.0,1,0
P8165,5.301437602932776,1.5,3.0,15101.3,16.787885742620457,22651.949999999997,300.0,2.25,0.0,1,0
P8166,5.301437602932776,1.5,3.0,15101.3,16.787885742620457,22651.949999999997,300.0,3.0,0.0,1,0
P8167,5.301437602932776,1.5,3.0,17434.633333333328,16.787885742620457,26151.94999999999,50.0,1.5,0.0,1,0
P8168,5.301437602932776,1.5,3.0,17434.633333333328,16.787885742620457,26151.94999999999,50.0,2.25,0.0,1,0
P8169,5.301437602932776,1.5,3.0,17434.633333333328,16.787885742620457,26151.94999999999,50.0,3.0,0.0,1,0
P8170,5.301437602932776,1.5,3.0,17434.633333333328,16.787885742620457,26151.94999999999,133.3333333333333,1.5,0.0,1,0
P8171,5.301437602932776,1.5,3.0,17434.633333333328,16.787885742620457,26151.94999999999,133.3333333333333,2.25,0.0,1,0
P8172,5.301437602932776,1.5,3.0,17434.633333333328,16.787885742620457,26151.94999999999,133.3333333333333,3.0,0.0,1,0
P8173,5.301437602932776,1.5,3.0,17434.633333333328,16.787885742620457,26151.94999999999,216.6666666666667,1.5,0.0,1,0
P8174,5.301437602932776,1.5,3.0,17434.633333333328,16.787885742620457,26151.94999999999,216.6666666666667,2.25,0.0,1,0
P8175,5.301437602932776,1.5,3.0,17434.633333333328,16.787885742620457,26151.94999999999,216.6666666666667,3.0,0.0,1,0
P8176,5.301437602932776,1.5,3.0,17434.633333333328,16.787885742620457,26151.94999999999,300.0,1.5,0.0,1,0
P8177,5.301437602932776,1.5,3.0,17434.633333333328,16.787885742620457,26151.94999999999,300.0,2.25,0.0,1,0
P8178,5.301437602932776,1.5,3.0,17434.633333333328,16.787885742620457,26151.94999999999,300.0,3.0,0.0,1,0
P8179,5.301437602932776,1.5,3.0,19767.96666666667,16.787885742620457,29651.950000000004,50.0,1.5,0.0,1,0
P8180,5.301437602932776,1.5,3.0,19767.96666666667,16.787885742620457,29651.950000000004,50.0,2.25,0.0,1,0
P8181,5.301437602932776,1.5,3.0,19767.96666666667,16.787885742620457,29651.950000000004,50.0,3.0,0.0,1,0
P8182,5.301437602932776,1.5,3.0,19767.96666666667,16.787885742620457,29651.950000000004,133.3333333333333,1.5,0.0,1,0
P8183,5.301437602932776,1.5,3.0,19767.96666666667,16.787885742620457,29651.950000000004,133.3333333333333,2.25,0.0,1,0
P8184,5.301437602932776,1.5,3.0,19767.96666666667,16.787885742620457,29651.950000000004,133.3333333333333,3.0,0.0,1,0
P8185,5.301437602932776,1.5,3.0,19767.96666666667,16.787885742620457,29651.950000000004,216.6666666666667,1.5,0.0,1,0
P8186,5.301437602932776,1.5,3.0,19767.96666666667,16.787885742620457,29651.950000000004,216.6666666666667,2.25,0.0,1,0
P8187,5.301437602932776,1.5,3.0,19767.96666666667,16.787885742620457,29651.950000000004,216.6666666666667,3.0,0.0,1,0
P8188,5.301437602932776,1.5,3.0,19767.96666666667,16.787885742620457,29651.950000000004,300.0,1.5,0.0,1,0
P8189,5.301437602932776,1.5,3.0,19767.96666666667,16.787885742620457,29651.950000000004,300.0,2.25,0.0,1,0
P8190,5.301437602932776,1.5,3.0,19767.96666666667,16.787885742620457,29651.950000000004,300.0,3.0,0.0,1,0
P8191,5.301437602932776,1.5,3.0,22101.3,16.787885742620457,33151.95,50.0,1.5,0.0,1,0
P8192,5.301437602932776,1.5,3.0,22101.3,16.787885742620457,33151.95,50.0,2.25,0.0,1,0
P8193,5.301437602932776,1.5,3.0,22101.3,16.787885742620457,33151.95,50.0,3.0,0.0,1,0
P8194,5.301437602932776,1.5,3.0,22101.3,16.787885742620457,33151.95,133.3333333333333,1.5,0.0,1,0
P8195,5.301437602932776,1.5,3.0,22101.3,16.787885742620457,33151.95,133.3333333333333,2.25,0.0,1,0
P8196,5.301437602932776,1.5,3.0,22101.3,16.787885742620457,33151.95,133.3333333333333,3.0,0.0,1,0
P8197,5.301437602932776,1.5,3.0,22101.3,16.787885742620457,33151.95,216.6666666666667,1.5,0.0,1,0
P8198,5.301437602932776,1.5,3.0,22101.3,16.787885742620457,33151.95,216.6666666666667,2.25,0.0,1,0
P8199,5.301437602932776,1.5,3.0,22101.3,16.787885742620457,33151.95,216.6666666666667,3.0,0.0,1,0
P8200,5.301437602932776,1.5,3.0,22101.3,16.787885742620457,33151.95,300.0,1.5,0.0,1,0
P8201,5.301437602932776,1.5,3.0,22101.3,16.787885742620457,33151.95,300.0,2.25,0.0,1,0
P8202,5.301437602932776,1.5,3.0,22101.3,16.787885742620457,33151.95,300.0,3.0,0.0,1,0
P8203,8.246680715673207,1.5,4.666666666666667,15101.3,24.641867376594938,22651.949999999997,50.0,1.5,0.0,1,0
P8204,8.246680715673207,1.5,4.666666666666667,15101.3,24.641867376594938,22651.949999999997,50.0,2.25,0.0,1,0
P8205,8.246680715673207,1.5,4.666666666666667,15101.3,24.641867376594938,22651.949999999997,50.0,3.0,0.0,1,0
P8206,8.246680715673207,1.5,4.666666666666667,15101.3,24.641867376594938,22651.949999999997,133.3333333333333,1.5,0.0,1,0
P8207,8.246680715673207,1.5,4.666666666666667,15101.3,24.641867376594938,22651.949999999997,133.3333333333333,2.25,0.0,1,0
P8208,8.246680715673207,1.5,4.666666666666667,15101.3,24.641867376594938,22651.949999999997,133.3333333333333,3.0,0.0,1,0
P8209,8.246680715673207,1.5,4.666666666666667,15101.3,24.641867376594938,22651.949999999997,216.6666666666667,1.5,0.0,1,0
P8210,8.246680715673207,1.5,4.666666666666667,15101.3,24.641867376594938,22651.949999999997,216.6666666666667,2.25,0.0,1,0
P8211,8.246680715673207,1.5,4.666666666666667,15101.3,24.641867376594938,22651.949999999997,216.6666666666667,3.0,0.0,1,0
P8212,8.246680715673207,1.5,4.666666666666667,15101.3,24.641867376594938,22651.949999999997,300.0,1.5,0.0,1,0
P8213,8.246680715673207,1.5,4.666666666666667,15101.3,24.641867376594938,22651.949999999997,300.0,2.25,0.0,1,0
P8214,8.246680715673207,1.5,4.666666666666667,15101.3,24.641867376594938,22651.949999999997,300.0,3.0,0.0,1,0
P8215,8.246680715673207,1.5,4.666666666666667,17434.633333333328,24.641867376594938,26151.94999999999,50.0,1.5,0.0,1,0
P8216,8.246680715673207,1.5,4.666666666666667,17434.633333333328,24.641867376594938,26151.94999999999,50.0,2.25,0.0,1,0
P8217,8.246680715673207,1.5,4.666666666666667,17434.633333333328,24.641867376594938,26151.94999999999,50.0,3.0,0.0,1,0
P8218,8.246680715673207,1.5,4.666666666666667,17434.633333333328,24.641867376594938,26151.94999999999,133.3333333333333,1.5,0.0,1,0
P8219,8.246680715673207,1.5,4.666666666666667,17434.633333333328,24.641867376594938,26151.94999999999,133.3333333333333,2.25,0.0,1,0
P8220,8.246680715673207,1.5,4.666666666666667,17434.633333333328,24.641867376594938,26151.94999999999,133.3333333333333,3.0,0.0,1,0
P8221,8.246680715673207,1.5,4.666666666666667,17434.633333333328,24.641867376594938,26151.94999999999,216.6666666666667,1.5,0.0,1,0
P8222,8.246680715673207,1.5,4.666666666666667,17434.633333333328,24.641867376594938,26151.94999999999,216.6666666666667,2.25,0.0,1,0
P8223,8.246680715673207,1.5,4.666666666666667,17434.633333333328,24.641867376594938,26151.94999999999,216.6666666666667,3.0,0.0,1,0
P8224,8.246680715673207,1.5,4.666666666666667,17434.633333333328,24.641867376594938,26151.94999999999,300.0,1.5,0.0,1,0
P8225,8.246680715673207,1.5,4.666666666666667,17434.633333333328,24.641867376594938,26151.94999999999,300.0,2.25,0.0,1,0
P8226,8.246680715673207,1.5,4.666666666666667,17434.633333333328,24.641867376594938,26151.94999999999,300.0,3.0,0.0,1,0
P8227,8.246680715673207,1.5,4.666666666666667,19767.96666666667,24.641867376594938,29651.950000000004,50.0,1.5,0.0,1,0
P8228,8.246680715673207,1.5,4.666666666666667,19767.96666666667,24.641867376594938,29651.950000000004,50.0,2.25,0.0,1,0
P8229,8.246680715673207,1.5,4.666666666666667,19767.96666666667,24.641867376594938,29651.950000000004,50.0,3.0,0.0,1,0
P8230,8.246680715673207,1.5,4.666666666666667,19767.96666666667,24.641867376594938,29651.950000000004,133.3333333333333,1.5,0.0,1,0
P8231,8.246680715673207,1.5,4.666666666666667,19767.96666666667,24.641867376594938,29651.950000000004,133.3333333333333,2.25,0.0,1,0
P8232,8.246680715673207,1.5,4.666666666666667,19767.96666666667,24.641867376594938,29651.950000000004,133.3333333333333,3.0,0.0,1,0
P8233,8.246680715673207,1.5,4.666666666666667,19767.96666666667,24.641867376594938,29651.950000000004,216.6666666666667,1.5,0.0,1,0
P8234,8.246680715673207,1.5,4.666666666666667,19767.96666666667,24.641867376594938,29651.950000000004,216.6666666666667,2.25,0.0,1,0
P8235,8.246680715673207,1.5,4.666666666666667,19767.96666666667,24.641867376594938,29651.950000000004,216.6666666666667,3.0,0.0,1,0
P8236,8.246680715673207,1.5,4.666666666666667,19767.96666666667,24.641867376594938,29651.950000000004,300.0,1.5,0.0,1,0
P8237,8.246680715673207,1.5,4.666666666666667,19767.96666666667,24.641867376594938,29651.950000000004,300.0,2.25,0.0,1,0
P8238,8.246680715673207,1.5,4.666666666666667,19767.96666666667,24.641867376594938,29651.950000000004,300.0,3.0,0.0,1,0
P8239,8.246680715673207,1.5,4.666666666666667,22101.3,24.641867376594938,33151.95,50.0,1.5,0.0,1,0
P8240,8.246680715673207,1.5,4.666666666666667,22101.3,24.641867376594938,33151.95,50.0,2.25,0.0,1,0
P8241,8.246680715673207,1.5,4.666666666666667,22101.3,24.641867376594938,33151.95,50.0,3.0,0.0,1,0
P8242,8.246680715673207,1.5,4.666666666666667,22101.3,24.641867376594938,33151.95,133.3333333333333,1.5,0.0,1,0
P8243,8.246680715673207,1.5,4.666666666666667,22101.3,24.641867376594938,33151.95,133.3333333333333,2.25,0.0,1,0
P8244,8.246680715673207,1.5,4.666666666666667,22101.3,24.641867376594938,33151.95,133.3333333333333,3.0,0.0,1,0
P8245,8.246680715673207,1.5,4.666666666666667,22101.3,24.641867376594938,33151.95,216.6666666666667,1.5,0.0,1,0
P8246,8.246680715673207,1.5,4.666666666666667,22101.3,24.641867376594938,33151.95,216.6666666666667,2.25,0.0,1,0
P8247,8.246680715673207,1.5,4.666666666666667,22101.3,24.641867376594938,33151.95,216.6666666666667,3.0,0.0,1,0
P8248,8.246680715673207,1.5,4.666666666666667,22101.3,24.641867376594938,33151.95,300.0,1.5,0.0,1,0
P8249,8.246680715673207,1.5,4.666666666666667,22101.3,24.641867376594938,33151.95,300.0,2.25,0.0,1,0
P8250,8.246680715673207,1.5,4.666666666666667,22101.3,24.641867376594938,33151.95,300.0,3.0,0.0,1,0
P8251,11.19192382841364,1.5,6.333333333333334,15101.3,32.49584901056942,22651.949999999997,50.0,1.5,0.0,1,0
P8252,11.19192382841364,1.5,6.333333333333334,15101.3,32.49584901056942,22651.949999999997,50.0,2.25,0.0,1,0
P8253,11.19192382841364,1.5,6.333333333333334,15101.3,32.49584901056942,22651.949999999997,50.0,3.0,0.0,1,0
P8254,11.19192382841364,1.5,6.333333333333334,15101.3,32.49584901056942,22651.949999999997,133.3333333333333,1.5,0.0,1,0
P8255,11.19192382841364,1.5,6.333333333333334,15101.3,32.49584901056942,22651.949999999997,133.3333333333333,2.25,0.0,1,0
P8256,11.19192382841364,1.5,6.333333333333334,15101.3,32.49584901056942,22651.949999999997,133.3333333333333,3.0,0.0,1,0
P8257,11.19192382841364,1.5,6.333333333333334,15101.3,32.49584901056942,22651.949999999997,216.6666666666667,1.5,0.0,1,0
P8258,11.19192382841364,1.5,6.333333333333334,15101.3,32.49584901056942,22651.949999999997,216.6666666666667,2.25,0.0,1,0
P8259,11.19192382841364,1.5,6.333333333333334,15101.3,32.49584901056942,22651.949999999997,216.6666666666667,3.0,0.0,1,0
P8260,11.19192382841364,1.5,6.333333333333334,15101.3,32.49584901056942,22651.949999999997,300.0,1.5,0.0,1,0
P8261,11.19192382841364,1.5,6.333333333333334,15101.3,32.49584901056942,22651.949999999997,300.0,2.25,0.0,1,0
P8262,11.19192382841364,1.5,6.333333333333334,15101.3,32.49584901056942,22651.949999999997,300.0,3.0,0.0,1,0
P8263,11.19192382841364,1.5,6.333333333333334,17434.633333333328,32.49584901056942,26151.94999999999,50.0,1.5,0.0,1,0
P8264,11.19192382841364,1.5,6.333333333333334,17434.633333333328,32.49584901056942,26151.94999999999,50.0,2.25,0.0,1,0
P8265,11.19192382841364,1.5,6.333333333333334,17434.633333333328,32.49584901056942,26151.94999999999,50.0,3.0,0.0,1,0
P8266,11.19192382841364,1.5,6.333333333333334,17434.633333333328,32.49584901056942,26151.94999999999,133.3333333333333,1.5,0.0,1,0
P8267,11.19192382841364,1.5,6.333333333333334,17434.633333333328,32.49584901056942,26151.94999999999,133.3333333333333,2.25,0.0,1,0
P8268,11.19192382841364,1.5,6.333333333333334,17434.633333333328,32.49584901056942,26151.94999999999,133.3333333333333,3.0,0.0,1,0
P8269,11.19192382841364,1.5,6.333333333333334,17434.633333333328,32.49584901056942,26151.94999999999,216.6666666666667,1.5,0.0,1,0
P8270,11.19192382841364,1.5,6.333333333333334,17434.633333333328,32.49584901056942,26151.94999999999,216.6666666666667,2.25,0.0,1,0
P8271,11.19192382841364,1.5,6.333333333333334,17434.633333333328,32.49584901056942,26151.94999999999,216.6666666666667,3.0,0.0,1,0
P8272,11.19192382841364,1.5,6.333333333333334,17434.633333333328,32.49584901056942,26151.94999999999,300.0,1.5,0.0,1,0
P8273,11.19192382841364,1.5,6.333333333333334,17434.633333333328,32.49584901056942,26151.94999999999,300.0,2.25,0.0,1,0
P8274,11.19192382841364,1.5,6.333333333333334,17434.633333333328,32.49584901056942,26151.94999999999,300.0,3.0,0.0,1,0
P8275,11.19192382841364,1.5,6.333333333333334,19767.96666666667,32.49584901056942,29651.950000000004,50.0,1.5,0.0,1,0
P8276,11.19192382841364,1.5,6.333333333333334,19767.96666666667,32.49584901056942,29651.950000000004,50.0,2.25,0.0,1,0
P8277,11.19192382841364,1.5,6.333333333333334,19767.96666666667,32.49584901056942,29651.950000000004,50.0,3.0,0.0,1,0
P8278,11.19192382841364,1.5,6.333333333333334,19767.96666666667,32.49584901056942,29651.950000000004,133.3333333333333,1.5,0.0,1,0
P8279,11.19192382841364,1.5,6.333333333333334,19767.96666666667,32.49584901056942,29651.950000000004,133.3333333333333,2.25,0.0,1,0
P8280,11.19192382841364,1.5,6.333333333333334,19767.96666666667,32.49584901056942,29651.950000000004,133.3333333333333,3.0,0.0,1,0
P8281,11.19192382841364,1.5,6.333333333333334,19767.96666666667,32.49584901056942,29651.950000000004,216.6666666666667,1.5,0.0,1,0
P8282,11.19192382841364,1.5,6.333333333333334,19767.96666666667,32.49584901056942,29651.950000000004,216.6666666666667,2.25,0.0,1,0
P8283,11.19192382841364,1.5,6.333333333333334,19767.96666666667,32.49584901056942,29651.950000000004,216.6666666666667,3.0,0.0,1,0
P8284,11.19192382841364,1.5,6.333333333333334,19767.96666666667,32.49584901056942,29651.950000000004,300.0,1.5,0.0,1,0
P8285,11.19192382841364,1.5,6.333333333333334,19767.96666666667,32.49584901056942,29651.950000000004,300.0,2.25,0.0,1,0
P8286,11.19192382841364,1.5,6.333333333333334,19767.96666666667,32.49584901056942,29651.950000000004,300.0,3.0,0.0,1,0
P8287,11.19192382841364,1.5,6.333333333333334,22101.3,32.49584901056942,33151.95,50.0,1.5,0.0,1,0
P8288,11.19192382841364,1.5,6.333333333333334,22101.3,32.49584901056942,33151.95,50.0,2.25,0.0,1,0
P8289,11.19192382841364,1.5,6.333333333333334,22101.3,32.49584901056942,33151.95,50.0,3.0,0.0,1,0
P8290,11.19192382841364,1.5,6.333333333333334,22101.3,32.49584901056942,33151.95,133.3333333333333,1.5,0.0,1,0
P8291,11.19192382841364,1.5,6.333333333333334,22101.3,32.49584901056942,33151.95,133.3333333333333,2.25,0.0,1,0
P8292,11.19192382841364,1.5,6.333333333333334,22101.3,32.49584901056942,33151.95,133.3333333333333,3.0,0.0,1,0
P8293,11.19192382841364,1.5,6.333333333333334,22101.3,32.49584901056942,33151.95,216.6666666666667,1.5,0.0,1,0
P8294,11.19192382841364,1.5,6.333333333333334,22101.3,32.49584901056942,33151.95,216.6666666666667,2.25,0.0,1,0
P8295,11.19192382841364,1.5,6.333333333333334,22101.3,32.49584901056942,33151.95,216.6666666666667,3.0,0.0,1,0
P8296,11.19192382841364,1.5,6.333333333333334,22101.3,32.49584901056942,33151.95,300.0,1.5,0.0,1,0
P8297,11.19192382841364,1.5,6.333333333333334,22101.3,32.49584901056942,33151.95,300.0,2.25,0.0,1,0
P8298,11.19192382841364,1.5,6.333333333333334,22101.3,32.49584901056942,33151.95,300.0,3.0,0.0,1,0
P8299,14.137166941154067,1.5,8.0,15101.3,40.34983064454391,22651.949999999997,50.0,1.5,0.0,1,0
P8300,14.137166941154067,1.5,8.0,15101.3,40.34983064454391,22651.949999999997,50.0,2.25,0.0,1,0
P8301,14.137166941154067,1.5,8.0,15101.3,40.34983064454391,22651.949999999997,50.0,3.0,0.0,1,0
P8302,14.137166941154067,1.5,8.0,15101.3,40.34983064454391,22651.949999999997,133.3333333333333,1.5,0.0,1,0
P8303,14.137166941154067,1.5,8.0,15101.3,40.34983064454391,22651.949999999997,133.3333333333333,2.25,0.0,1,0
P8304,14.137166941154067,1.5,8.0,15101.3,40.34983064454391,22651.949999999997,133.3333333333333,3.0,0.0,1,0
P8305,14.137166941154067,1.5,8.0,15101.3,40.34983064454391,22651.949999999997,216.6666666666667,1.5,0.0,1,0
P8306,14.137166941154067,1.5,8.0,15101.3,40.34983064454391,22651.949999999997,216.6666666666667,2.25,0.0,1,0
P8307,14.137166941154067,1.5,8.0,15101.3,40.34983064454391,22651.949999999997,216.6666666666667,3.0,0.0,1,0
P8308,14.137166941154067,1.5,8.0,15101.3,40.34983064454391,22651.949999999997,300.0,1.5,0.0,1,0
P8309,14.137166941154067,1.5,8.0,15101.3,40.34983064454391,22651.949999999997,300.0,2.25,0.0,1,0
P8310,14.137166941154067,1.5,8.0,15101.3,40.34983064454391,22651.949999999997,300.0,3.0,0.0,1,0
P8311,14.137166941154067,1.5,8.0,17434.633333333328,40.34983064454391,26151.94999999999,50.0,1.5,0.0,1,0
P8312,14.137166941154067,1.5,8.0,17434.633333333328,40.34983064454391,26151.94999999999,50.0,2.25,0.0,1,0
P8313,14.137166941154067,1.5,8.0,17434.633333333328,40.34983064454391,26151.94999999999,50.0,3.0,0.0,1,0
P8314,14.137166941154067,1.5,8.0,17434.633333333328,40.34983064454391,26151.94999999999,133.3333333333333,1.5,0.0,1,0
P8315,14.137166941154067,1.5,8.0,17434.633333333328,40.34983064454391,26151.94999999999,133.3333333333333,2.25,0.0,1,0
P8316,14.137166941154067,1.5,8.0,17434.633333333328,40.34983064454391,26151.94999999999,133.3333333333333,3.0,0.0,1,0
P8317,14.137166941154067,1.5,8.0,17434.633333333328,40.34983064454391,26151.94999999999,216.6666666666667,1.5,0.0,1,0
P8318,14.137166941154067,1.5,8.0,17434.633333333328,40.34983064454391,26151.94999999999,216.6666666666667,2.25,0.0,1,0
P8319,14.137166941154067,1.5,8.0,17434.633333333328,40.34983064454391,26151.94999999999,216.6666666666667,3.0,0.0,1,0
P8320,14.137166941154067,1.5,8.0,17434.633333333328,40.34983064454391,26151.94999999999,300.0,1.5,0.0,1,0
P8321,14.137166941154067,1.5,8.0,17434.633333333328,40.34983064454391,26151.94999999999,300.0,2.25,0.0,1,0
P8322,14.137166941154067,1.5,8.0,17434.633333333328,40.34983064454391,26151.94999999999,300.0,3.0,0.0,1,0
P8323,14.137166941154067,1.5,8.0,19767.96666666667,40.34983064454391,29651.950000000004,50.0,1.5,0.0,1,0
P8324,14.137166941154067,1.5,8.0,19767.96666666667,40.34983064454391,29651.950000000004,50.0,2.25,0.0,1,0
P8325,14.137166941154067,1.5,8.0,19767.96666666667,40.34983064454391,29651.950000000004,50.0,3.0,0.0,1,0
P8326,14.137166941154067,1.5,8.0,19767.96666666667,40.34983064454391,29651.950000000004,133.3333333333333,1.5,0.0,1,0
P8327,14.137166941154067,1.5,8.0,19767.96666666667,40.34983064454391,29651.950000000004,133.3333333333333,2.25,0.0,1,0
P8328,14.137166941154067,1.5,8.0,19767.96666666667,40.34983064454391,29651.950000000004,133.3333333333333,3.0,0.0,1,0
P8329,14.137166941154067,1.5,8.0,19767.96666666667,40.34983064454391,29651.950000000004,216.6666666666667,1.5,0.0,1,0
P8330,14.137166941154067,1.5,8.0,19767.96666666667,40.34983064454391,29651.950000000004,216.6666666666667,2.25,0.0,1,0
P8331,14.137166941154067,1.5,8.0,19767.96666666667,40.34983064454391,29651.950000000004,216.6666666666667,3.0,0.0,1,0
P8332,14.137166941154067,1.5,8.0,19767.96666666667,40.34983064454391,29651.950000000004,300.0,1.5,0.0,1,0
P8333,14.137166941154067,1.5,8.0,19767.96666666667,40.34983064454391,29651.950000000004,300.0,2.25,0.0,1,0
P8334,14.137166941154067,1.5,8.0,19767.96666666667,40.34983064454391,29651.950000000004,300.0,3.0,0.0,1,0
P8335,14.137166941154067,1.5,8.0,22101.3,40.34983064454391,33151.95,50.0,1.5,0.0,1,0
P8336,14.137166941154067,1.5,8.0,22101.3,40.34983064454391,33151.95,50.0,2.25,0.0,1,0
P8337,14.137166941154067,1.5,8.0,22101.3,40.34983064454391,33151.95,50.0,3.0,0.0,1,0
P8338,14.137166941154067,1.5,8.0,22101.3,40.34983064454391,33151.95,133.3333333333333,1.5,0.0,1,0
P8339,14.137166941154067,1.5,8.0,22101.3,40.34983064454391,33151.95,133.3333333333333,2.25,0.0,1,0
P8340,14.137166941154067,1.5,8.0,22101.3,40.34983064454391,33151.95,133.3333333333333,3.0,0.0,1,0
P8341,14.137166941154067,1.5,8.0,22101.3,40.34983064454391,33151.95,216.6666666666667,1.5,0.0,1,0
P8342,14.137166941154067,1.5,8.0,22101.3,40.34983064454391,33151.95,216.6666666666667,2.25,0.0,1,0
P8343,14.137166941154067,1.5,8.0,22101.3,40.34983064454391,33151.95,216.6666666666667,3.0,0.0,1,0
P8344,14.137166941154067,1.5,8.0,22101.3,40.34983064454391,33151.95,300.0,1.5,0.0,1,0
P8345,14.137166941154067,1.5,8.0,22101.3,40.34983064454391,33151.95,300.0,2.25,0.0,1,0
P8346,14.137166941154067,1.5,8.0,22101.3,40.34983064454391,33151.95,300.0,3.0,0.0,1,0
P8347,7.215845626214056,1.75,3.0,15101.3,20.101284244453442,26427.274999999998,50.0,1.5,0.0,1,0
P8348,7.215845626214056,1.75,3.0,15101.3,20.101284244453442,26427.274999999998,50.0,2.25,0.0,1,0
P8349,7.215845626214056,1.75,3.0,15101.3,20.101284244453442,26427.274999999998,50.0,3.0,0.0,1,0
P8350,7.215845626214056,1.75,3.0,15101.3,20.101284244453442,26427.274999999998,133.3333333333333,1.5,0.0,1,0
P8351,7.215845626214056,1.75,3.0,15101.3,20.101284244453442,26427.274999999998,133.3333333333333,2.25,0.0,1,0
P8352,7.215845626214056,1.75,3.0,15101.3,20.101284244453442,26427.274999999998,133.3333333333333,3.0,0.0,1,0
P8353,7.215845626214056,1.75,3.0,15101.3,20.101284244453442,26427.274999999998,216.6666666666667,1.5,0.0,1,0
P8354,7.215845626214056,1.75,3.0,15101.3,20.101284244453442,26427.274999999998,216.6666666666667,2.25,0.0,1,0
P8355,7.215845626214056,1.75,3.0,15101.3,20.101284244453442,26427.274999999998,216.6666666666667,3.0,0.0,1,0
P8356,7.215845626214056,1.75,3.0,15101.3,20.101284244453442,26427.274999999998,300.0,1.5,0.0,1,0
P8357,7.215845626214056,1.75,3.0,15101.3,20.101284244453442,26427.274999999998,300.0,2.25,0.0,1,0
P8358,7.215845626214056,1.75,3.0,15101.3,20.101284244453442,26427.274999999998,300.0,3.0,0.0,1,0
P8359,7.215845626214056,1.75,3.0,17434.633333333328,20.101284244453442,30510.608333333323,50.0,1.5,0.0,1,0
P8360,7.215845626214056,1.75,3.0,17434.633333333328,20.101284244453442,30510.608333333323,50.0,2.25,0.0,1,0
P8361,7.215845626214056,1.75,3.0,17434.633333333328,20.101284244453442,30510.608333333323,50.0,3.0,0.0,1,0
P8362,7.215845626214056,1.75,3.0,17434.633333333328,20.101284244453442,30510.608333333323,133.3333333333333,1.5,0.0,1,0
P8363,7.215845626214056,1.75,3.0,17434.633333333328,20.101284244453442,30510.608333333323,133.3333333333333,2.25,0.0,1,0
P8364,7.215845626214056,1.75,3.0,17434.633333333328,20.101284244453442,30510.608333333323,133.3333333333333,3.0,0.0,1,0
P8365,7.215845626214056,1.75,3.0,17434.633333333328,20.101284244453442,30510.608333333323,216.6666666666667,1.5,0.0,1,0
P8366,7.215845626214056,1.75,3.0,17434.633333333328,20.101284244453442,30510.608333333323,216.6666666666667,2.25,0.0,1,0
P8367,7.215845626214056,1.75,3.0,17434.633333333328,20.101284244453442,30510.608333333323,216.6666666666667,3.0,0.0,1,0
P8368,7.215845626214056,1.75,3.0,17434.633333333328,20.101284244453442,30510.608333333323,300.0,1.5,0.0,1,0
P8369,7.215845626214056,1.75,3.0,17434.633333333328,20.101284244453442,30510.608333333323,300.0,2.25,0.0,1,0
P8370,7.215845626214056,1.75,3.0,17434.633333333328,20.101284244453442,30510.608333333323,300.0,3.0,0.0,1,0
P8371,7.215845626214056,1.75,3.0,19767.96666666667,20.101284244453442,34593.94166666667,50.0,1.5,0.0,1,0
P8372,7.215845626214056,1.75,3.0,19767.96666666667,20.101284244453442,34593.94166666667,50.0,2.25,0.0,1,0
P8373,7.215845626214056,1.75,3.0,19767.96666666667,20.101284244453442,34593.94166666667,50.0,3.0,0.0,1,0
P8374,7.215845626214056,1.75,3.0,19767.96666666667,20.101284244453442,34593.94166666667,133.3333333333333,1.5,0.0,1,0
P8375,7.215845626214056,1.75,3.0,19767.96666666667,20.101284244453442,34593.94166666667,133.3333333333333,2.25,0.0,1,0
P8376,7.215845626214056,1.75,3.0,19767.96666666667,20.101284244453442,34593.94166666667,133.3333333333333,3.0,0.0,1,0
P8377,7.215845626214056,1.75,3.0,19767.96666666667,20.101284244453442,34593.94166666667,216.6666666666667,1.5,0.0,1,0
P8378,7.215845626214056,1.75,3.0,19767.96666666667,20.101284244453442,34593.94166666667,216.6666666666667,2.25,0.0,1,0
P8379,7.215845626214056,1.75,3.0,19767.96666666667,20.101284244453442,34593.94166666667,216.6666666666667,3.0,0.0,1,0
P8380,7.215845626214056,1.75,3.0,19767.96666666667,20.101284244453442,34593.94166666667,300.0,1.5,0.0,1,0
P8381,7.215845626214056,1.75,3.0,19767.96666666667,20.101284244453442,34593.94166666667,300.0,2.25,0.0,1,0
P8382,7.215845626214056,1.75,3.0,19767.96666666667,20.101284244453442,34593.94166666667,300.0,3.0,0.0,1,0
P8383,7.215845626214056,1.75,3.0,22101.3,20.101284244453442,38677.275,50.0,1.5,0.0,1,0
P8384,7.215845626214056,1.75,3.0,22101.3,20.101284244453442,38677.275,50.0,2.25,0.0,1,0
P8385,7.215845626214056,1.75,3.0,22101.3,20.101284244453442,38677.275,50.0,3.0,0.0,1,0
P8386,7.215845626214056,1.75,3.0,22101.3,20.101284244453442,38677.275,133.3333333333333,1.5,0.0,1,0
P8387,7.215845626214056,1.75,3.0,22101.3,20.101284244453442,38677.275,133.3333333333333,2.25,0.0,1,0
P8388,7.215845626214056,1.75,3.0,22101.3,20.101284244453442,38677.275,133.3333333333333,3.0,0.0,1,0
P8389,7.215845626214056,1.75,3.0,22101.3,20.101284244453442,38677.275,216.6666666666667,1.5,0.0,1,0
P8390,7.215845626214056,1.75,3.0,22101.3,20.101284244453442,38677.275,216.6666666666667,2.25,0.0,1,0
P8391,7.215845626214056,1.75,3.0,22101.3,20.101284244453442,38677.275,216.6666666666667,3.0,0.0,1,0
P8392,7.215845626214056,1.75,3.0,22101.3,20.101284244453442,38677.275,300.0,1.5,0.0,1,0
P8393,7.215845626214056,1.75,3.0,22101.3,20.101284244453442,38677.275,300.0,2.25,0.0,1,0
P8394,7.215845626214056,1.75,3.0,22101.3,20.101284244453442,38677.275,300.0,3.0,0.0,1,0
P8395,11.224648751888532,1.75,4.666666666666667,15101.3,29.264262817423674,26427.274999999998,50.0,1.5,0.0,1,0
P8396,11.224648751888532,1.75,4.666666666666667,15101.3,29.264262817423674,26427.274999999998,50.0,2.25,0.0,1,0
P8397,11.224648751888532,1.75,4.666666666666667,15101.3,29.264262817423674,26427.274999999998,50.0,3.0,0.0,1,0
P8398,11.224648751888532,1.75,4.666666666666667,15101.3,29.264262817423674,26427.274999999998,133.3333333333333,1.5,0.0,1,0
P8399,11.224648751888532,1.75,4.666666666666667,15101.3,29.264262817423674,26427.274999999998,133.3333333333333,2.25,0.0,1,0
P8400,11.224648751888532,1.75,4.666666666666667,15101.3,29.264262817423674,26427.274999999998,133.3333333333333,3.0,0.0,1,0
P8401,11.224648751888532,1.75,4.666666666666667,15101.3,29.264262817423674,26427.274999999998,216.6666666666667,1.5,0.0,1,0
P8402,11.224648751888532,1.75,4.666666666666667,15101.3,29.264262817423674,26427.274999999998,216.6666666666667,2.25,0.0,1,0
P8403,11.224648751888532,1.75,4.666666666666667,15101.3,29.264262817423674,26427.274999999998,216.6666666666667,3.0,0.0,1,0
P8404,11.224648751888532,1.75,4.666666666666667,15101.3,29.264262817423674,26427.274999999998,300.0,1.5,0.0,1,0
P8405,11.224648751888532,1.75,4.666666666666667,15101.3,29.264262817423674,26427.274999999998,300.0,2.25,0.0,1,0
P8406,11.224648751888532,1.75,4.666666666666667,15101.3,29.264262817423674,26427.274999999998,300.0,3.0,0.0,1,0
P8407,11.224648751888532,1.75,4.666666666666667,17434.633333333328,29.264262817423674,30510.608333333323,50.0,1.5,0.0,1,0
P8408,11.224648751888532,1.75,4.666666666666667,17434.633333333328,29.264262817423674,30510.608333333323,50.0,2.25,0.0,1,0
P8409,11.224648751888532,1.75,4.666666666666667,17434.633333333328,29.264262817423674,30510.608333333323,50.0,3.0,0.0,1,0
P8410,11.224648751888532,1.75,4.666666666666667,17434.633333333328,29.264262817423674,30510.608333333323,133.3333333333333,1.5,0.0,1,0
P8411,11.224648751888532,1.75,4.666666666666667,17434.633333333328,29.264262817423674,30510.608333333323,133.3333333333333,2.25,0.0,1,0
P8412,11.224648751888532,1.75,4.666666666666667,17434.633333333328,29.264262817423674,30510.608333333323,133.3333333333333,3.0,0.0,1,0
P8413,11.224648751888532,1.75,4.666666666666667,17434.633333333328,29.264262817423674,30510.608333333323,216.6666666666667,1.5,0.0,1,0
P8414,11.224648751888532,1.75,4.666666666666667,17434.633333333328,29.264262817423674,30510.608333333323,216.6666666666667,2.25,0.0,1,0
P8415,11.224648751888532,1.75,4.666666666666667,17434.633333333328,29.264262817423674,30510.608333333323,216.6666666666667,3.0,0.0,1,0
P8416,11.224648751888532,1.75,4.666666666666667,17434.633333333328,29.264262817423674,30510.608333333323,300.0,1.5,0.0,1,0
P8417,11.224648751888532,1.75,4.666666666666667,17434.633333333328,29.264262817423674,30510.608333333323,300.0,2.25,0.0,1,0
P8418,11.224648751888532,1.75,4.666666666666667,17434.633333333328,29.264262817423674,30510.608333333323,300.0,3.0,0.0,1,0
P8419,11.224648751888532,1.75,4.666666666666667,19767.96666666667,29.264262817423674,34593.94166666667,50.0,1.5,0.0,1,0
P8420,11.224648751888532,1.75,4.666666666666667,19767.96666666667,29.264262817423674,34593.94166666667,50.0,2.25,0.0,1,0
P8421,11.224648751888532,1.75,4.666666666666667,19767.96666666667,29.264262817423674,34593.94166666667,50.0,3.0,0.0,1,0
P8422,11.224648751888532,1.75,4.666666666666667,19767.96666666667,29.264262817423674,34593.94166666667,133.3333333333333,1.5,0.0,1,0
P8423,11.224648751888532,1.75,4.666666666666667,19767.96666666667,29.264262817423674,34593.94166666667,133.3333333333333,2.25,0.0,1,0
P8424,11.224648751888532,1.75,4.666666666666667,19767.96666666667,29.264262817423674,34593.94166666667,133.3333333333333,3.0,0.0,1,0
P8425,11.224648751888532,1.75,4.666666666666667,19767.96666666667,29.264262817423674,34593.94166666667,216.6666666666667,1.5,0.0,1,0
P8426,11.224648751888532,1.75,4.666666666666667,19767.96666666667,29.264262817423674,34593.94166666667,216.6666666666667,2.25,0.0,1,0
P8427,11.224648751888532,1.75,4.666666666666667,19767.96666666667,29.264262817423674,34593.94166666667,216.6666666666667,3.0,0.0,1,0
P8428,11.224648751888532,1.75,4.666666666666667,19767.96666666667,29.264262817423674,34593.94166666667,300.0,1.5,0.0,1,0
P8429,11.224648751888532,1.75,4.666666666666667,19767.96666666667,29.264262817423674,34593.94166666667,300.0,2.25,0.0,1,0
P8430,11.224648751888532,1.75,4.666666666666667,19767.96666666667,29.264262817423674,34593.94166666667,300.0,3.0,0.0,1,0
P8431,11.224648751888532,1.75,4.666666666666667,22101.3,29.264262817423674,38677.275,50.0,1.5,0.0,1,0
P8432,11.224648751888532,1.75,4.666666666666667,22101.3,29.264262817423674,38677.275,50.0,2.25,0.0,1,0
P8433,11.224648751888532,1.75,4.666666666666667,22101.3,29.264262817423674,38677.275,50.0,3.0,0.0,1,0
P8434,11.224648751888532,1.75,4.666666666666667,22101.3,29.264262817423674,38677.275,133.3333333333333,1.5,0.0,1,0
P8435,11.224648751888532,1.75,4.666666666666667,22101.3,29.264262817423674,38677.275,133.3333333333333,2.25,0.0,1,0
P8436,11.224648751888532,1.75,4.666666666666667,22101.3,29.264262817423674,38677.275,133.3333333333333,3.0,0.0,1,0
P8437,11.224648751888532,1.75,4.666666666666667,22101.3,29.264262817423674,38677.275,216.6666666666667,1.5,0.0,1,0
P8438,11.224648751888532,1.75,4.666666666666667,22101.3,29.264262817423674,38677.275,216.6666666666667,2.25,0.0,1,0
P8439,11.224648751888532,1.75,4.666666666666667,22101.3,29.264262817423674,38677.275,216.6666666666667,3.0,0.0,1,0
P8440,11.224648751888532,1.75,4.666666666666667,22101.3,29.264262817423674,38677.275,300.0,1.5,0.0,1,0
P8441,11.224648751888532,1.75,4.666666666666667,22101.3,29.264262817423674,38677.275,300.0,2.25,0.0,1,0
P8442,11.224648751888532,1.75,4.666666666666667,22101.3,29.264262817423674,38677.275,300.0,3.0,0.0,1,0
P8443,15.233451877563008,1.75,6.333333333333334,15101.3,38.42724139039391,26427.274999999998,50.0,1.5,0.0,1,0
P8444,15.233451877563008,1.75,6.333333333333334,15101.3,38.42724139039391,26427.274999999998,50.0,2.25,0.0,1,0
P8445,15.233451877563008,1.75,6.333333333333334,15101.3,38.42724139039391,26427.274999999998,50.0,3.0,0.0,1,0
P8446,15.233451877563008,1.75,6.333333333333334,15101.3,38.42724139039391,26427.274999999998,133.3333333333333,1.5,0.0,1,0
P8447,15.233451877563008,1.75,6.333333333333334,15101.3,38.42724139039391,26427.274999999998,133.3333333333333,2.25,0.0,1,0
P8448,15.233451877563008,1.75,6.333333333333334,15101.3,38.42724139039391,26427.274999999998,133.3333333333333,3.0,0.0,1,0
P8449,15.233451877563008,1.75,6.333333333333334,15101.3,38.42724139039391,26427.274999999998,216.6666666666667,1.5,0.0,1,0
P8450,15.233451877563008,1.75,6.333333333333334,15101.3,38.42724139039391,26427.274999999998,216.6666666666667,2.25,0.0,1,0
P8451,15.233451877563008,1.75,6.333333333333334,15101.3,38.42724139039391,26427.274999999998,216.6666666666667,3.0,0.0,1,0
P8452,15.233451877563008,1.75,6.333333333333334,15101.3,38.42724139039391,26427.274999999998,300.0,1.5,0.0,1,0
P8453,15.233451877563008,1.75,6.333333333333334,15101.3,38.42724139039391,26427.274999999998,300.0,2.25,0.0,1,0
P8454,15.233451877563008,1.75,6.333333333333334,15101.3,38.42724139039391,26427.274999999998,300.0,3.0,0.0,1,0
P8455,15.233451877563008,1.75,6.333333333333334,17434.633333333328,38.42724139039391,30510.608333333323,50.0,1.5,0.0,1,0
P8456,15.233451877563008,1.75,6.333333333333334,17434.633333333328,38.42724139039391,30510.608333333323,50.0,2.25,0.0,1,0
P8457,15.233451877563008,1.75,6.333333333333334,17434.633333333328,38.42724139039391,30510.608333333323,50.0,3.0,0.0,1,0
P8458,15.233451877563008,1.75,6.333333333333334,17434.633333333328,38.42724139039391,30510.608333333323,133.3333333333333,1.5,0.0,1,0
P8459,15.233451877563008,1.75,6.333333333333334,17434.633333333328,38.42724139039391,30510.608333333323,133.3333333333333,2.25,0.0,1,0
P8460,15.233451877563008,1.75,6.333333333333334,17434.633333333328,38.42724139039391,30510.608333333323,133.3333333333333,3.0,0.0,1,0
P8461,15.233451877563008,1.75,6.333333333333334,17434.633333333328,38.42724139039391,30510.608333333323,216.6666666666667,1.5,0.0,1,0
P8462,15.233451877563008,1.75,6.333333333333334,17434.633333333328,38.42724139039391,30510.608333333323,216.6666666666667,2.25,0.0,1,0
P8463,15.233451877563008,1.75,6.333333333333334,17434.633333333328,38.42724139039391,30510.608333333323,216.6666666666667,3.0,0.0,1,0
P8464,15.233451877563008,1.75,6.333333333333334,17434.633333333328,38.42724139039391,30510.608333333323,300.0,1.5,0.0,1,0
P8465,15.233451877563008,1.75,6.333333333333334,17434.633333333328,38.42724139039391,30510.608333333323,300.0,2.25,0.0,1,0
P8466,15.233451877563008,1.75,6.333333333333334,17434.633333333328,38.42724139039391,30510.608333333323,300.0,3.0,0.0,1,0
P8467,15.233451877563008,1.75,6.333333333333334,19767.96666666667,38.42724139039391,34593.94166666667,50.0,1.5,0.0,1,0
P8468,15.233451877563008,1.75,6.333333333333334,19767.96666666667,38.42724139039391,34593.94166666667,50.0,2.25,0.0,1,0
P8469,15.233451877563008,1.75,6.333333333333334,19767.96666666667,38.42724139039391,34593.94166666667,50.0,3.0,0.0,1,0
P8470,15.233451877563008,1.75,6.333333333333334,19767.96666666667,38.42724139039391,34593.94166666667,133.3333333333333,1.5,0.0,1,0
P8471,15.233451877563008,1.75,6.333333333333334,19767.96666666667,38.42724139039391,34593.94166666667,133.3333333333333,2.25,0.0,1,0
P8472,15.233451877563008,1.75,6.333333333333334,19767.96666666667,38.42724139039391,34593.94166666667,133.3333333333333,3.0,0.0,1,0
P8473,15.233451877563008,1.75,6.333333333333334,19767.96666666667,38.42724139039391,34593.94166666667,216.6666666666667,1.5,0.0,1,0
P8474,15.233451877563008,1.75,6.333333333333334,19767.96666666667,38.42724139039391,34593.94166666667,216.6666666666667,2.25,0.0,1,0
P8475,15.233451877563008,1.75,6.333333333333334,19767.96666666667,38.42724139039391,34593.94166666667,216.6666666666667,3.0,0.0,1,0
P8476,15.233451877563008,1.75,6.333333333333334,19767.96666666667,38.42724139039391,34593.94166666667,300.0,1.5,0.0,1,0
P8477,15.233451877563008,1.75,6.333333333333334,19767.96666666667,38.42724139039391,34593.94166666667,300.0,2.25,0.0,1,0
P8478,15.233451877563008,1.75,6.333333333333334,19767.96666666667,38.42724139039391,34593.94166666667,300.0,3.0,0.0,1,0
P8479,15.233451877563008,1.75,6.333333333333334,22101.3,38.42724139039391,38677.275,50.0,1.5,0.0,1,0
P8480,15.233451877563008,1.75,6.333333333333334,22101.3,38.42724139039391,38677.275,50.0,2.25,0.0,1,0
P8481,15.233451877563008,1.75,6.333333333333334,22101.3,38.42724139039391,38677.275,50.0,3.0,0.0,1,0
P8482,15.233451877563008,1.75,6.333333333333334,22101.3,38.42724139039391,38677.275,133.3333333333333,1.5,0.0,1,0
P8483,15.233451877563008,1.75,6.333333333333334,22101.3,38.42724139039391,38677.275,133.3333333333333,2.25,0.0,1,0
P8484,15.233451877563008,1.75,6.333333333333334,22101.3,38.42724139039391,38677.275,133.3333333333333,3.0,0.0,1,0
P8485,15.233451877563008,1.75,6.333333333333334,22101.3,38.42724139039391,38677.275,216.6666666666667,1.5,0.0,1,0
P8486,15.233451877563008,1.75,6.333333333333334,22101.3,38.42724139039391,38677.275,216.6666666666667,2.25,0.0,1,0
P8487,15.233451877563008,1.75,6.333333333333334,22101.3,38.42724139039391,38677.275,216.6666666666667,3.0,0.0,1,0
P8488,15.233451877563008,1.75,6.333333333333334,22101.3,38.42724139039391,38677.275,300.0,1.5,0.0,1,0
P8489,15.233451877563008,1.75,6.333333333333334,22101.3,38.42724139039391,38677.275,300.0,2.25,0.0,1,0
P8490,15.233451877563008,1.75,6.333333333333334,22101.3,38.42724139039391,38677.275,300.0,3.0,0.0,1,0
P8491,19.24225500323748,1.75,8.0,15101.3,47.590219963364135,26427.274999999998,50.0,1.5,0.0,1,0
P8492,19.24225500323748,1.75,8.0,15101.3,47.590219963364135,26427.274999999998,50.0,2.25,0.0,1,0
P8493,19.24225500323748,1.75,8.0,15101.3,47.590219963364135,26427.274999999998,50.0,3.0,0.0,1,0
P8494,19.24225500323748,1.75,8.0,15101.3,47.590219963364135,26427.274999999998,133.3333333333333,1.5,0.0,1,0
P8495,19.24225500323748,1.75,8.0,15101.3,47.590219963364135,26427.274999999998,133.3333333333333,2.25,0.0,1,0
P8496,19.24225500323748,1.75,8.0,15101.3,47.590219963364135,26427.274999999998,133.3333333333333,3.0,0.0,1,0
P8497,19.24225500323748,1.75,8.0,15101.3,47.590219963364135,26427.274999999998,216.6666666666667,1.5,0.0,1,0
P8498,19.24225500323748,1.75,8.0,15101.3,47.590219963364135,26427.274999999998,216.6666666666667,2.25,0.0,1,0
P8499,19.24225500323748,1.75,8.0,15101.3,47.590219963364135,26427.274999999998,216.6666666666667,3.0,0.0,1,0
P8500,19.24225500323748,1.75,8.0,15101.3,47.590219963364135,26427.274999999998,300.0,1.5,0.0,1,0
P8501,19.24225500323748,1.75,8.0,15101.3,47.590219963364135,26427.274999999998,300.0,2.25,0.0,1,0
P8502,19.24225500323748,1.75,8.0,15101.3,47.590219963364135,26427.274999999998,300.0,3.0,0.0,1,0
P8503,19.24225500323748,1.75,8.0,17434.633333333328,47.590219963364135,30510.608333333323,50.0,1.5,0.0,1,0
P8504,19.24225500323748,1.75,8.0,17434.633333333328,47.590219963364135,30510.608333333323,50.0,2.25,0.0,1,0
P8505,19.24225500323748,1.75,8.0,17434.633333333328,47.590219963364135,30510.608333333323,50.0,3.0,0.0,1,0
P8506,19.24225500323748,1.75,8.0,17434.633333333328,47.590219963364135,30510.608333333323,133.3333333333333,1.5,0.0,1,0
P8507,19.24225500323748,1.75,8.0,17434.633333333328,47.590219963364135,30510.608333333323,133.3333333333333,2.25,0.0,1,0
P8508,19.24225500323748,1.75,8.0,17434.633333333328,47.590219963364135,30510.608333333323,133.3333333333333,3.0,0.0,1,0
P8509,19.24225500323748,1.75,8.0,17434.633333333328,47.590219963364135,30510.608333333323,216.6666666666667,1.5,0.0,1,0
P8510,19.24225500323748,1.75,8.0,17434.633333333328,47.590219963364135,30510.608333333323,216.6666666666667,2.25,0.0,1,0
P8511,19.24225500323748,1.75,8.0,17434.633333333328,47.590219963364135,30510.608333333323,216.6666666666667,3.0,0.0,1,0
P8512,19.24225500323748,1.75,8.0,17434.633333333328,47.590219963364135,30510.608333333323,300.0,1.5,0.0,1,0
P8513,19.24225500323748,1.75,8.0,17434.633333333328,47.590219963364135,30510.608333333323,300.0,2.25,0.0,1,0
P8514,19.24225500323748,1.75,8.0,17434.633333333328,47.590219963364135,30510.608333333323,300.0,3.0,0.0,1,0
P8515,19.24225500323748,1.75,8.0,19767.96666666667,47.590219963364135,34593.94166666667,50.0,1.5,0.0,1,0
P8516,19.24225500323748,1.75,8.0,19767.96666666667,47.590219963364135,34593.94166666667,50.0,2.25,0.0,1,0
P8517,19.24225500323748,1.75,8.0,19767.96666666667,47.590219963364135,34593.94166666667,50.0,3.0,0.0,1,0
P8518,19.24225500323748,1.75,8.0,19767.96666666667,47.590219963364135,34593.94166666667,133.3333333333333,1.5,0.0,1,0
P8519,19.24225500323748,1.75,8.0,19767.96666666667,47.590219963364135,34593.94166666667,133.3333333333333,2.25,0.0,1,0
P8520,19.24225500323748,1.75,8.0,19767.96666666667,47.590219963364135,34593.94166666667,133.3333333333333,3.0,0.0,1,0
P8521,19.24225500323748,1.75,8.0,19767.96666666667,47.590219963364135,34593.94166666667,216.6666666666667,1.5,0.0,1,0
P8522,19.24225500323748,1.75,8.0,19767.96666666667,47.590219963364135,34593.94166666667,216.6666666666667,2.25,0.0,1,0
P8523,19.24225500323748,1.75,8.0,19767.96666666667,47.590219963364135,34593.94166666667,216.6666666666667,3.0,0.0,1,0
P8524,19.24225500323748,1.75,8.0,19767.96666666667,47.590219963364135,34593.94166666667,300.0,1.5,0.0,1,0
P8525,19.24225500323748,1.75,8.0,19767.96666666667,47.590219963364135,34593.94166666667,300.0,2.25,0.0,1,0
P8526,19.24225500323748,1.75,8.0,19767.96666666667,47.590219963364135,34593.94166666667,300.0,3.0,0.0,1,0
P8527,19.24225500323748,1.75,8.0,22101.3,47.590219963364135,38677.275,50.0,1.5,0.0,1,0
P8528,19.24225500323748,1.75,8.0,22101.3,47.590219963364135,38677.275,50.0,2.25,0.0,1,0
P8529,19.24225500323748,1.75,8.0,22101.3,47.590219963364135,38677.275,50.0,3.0,0.0,1,0
P8530,19.24225500323748,1.75,8.0,22101.3,47.590219963364135,38677.275,133.3333333333333,1.5,0.0,1,0
P8531,19.24225500323748,1.75,8.0,22101.3,47.590219963364135,38677.275,133.3333333333333,2.25,0.0,1,0
P8532,19.24225500323748,1.75,8.0,22101.3,47.590219963364135,38677.275,133.3333333333333,3.0,0.0,1,0
P8533,19.24225500323748,1.75,8.0,22101.3,47.590219963364135,38677.275,216.6666666666667,1.5,0.0,1,0
P8534,19.24225500323748,1.75,8.0,22101.3,47.590219963364135,38677.275,216.6666666666667,2.25,0.0,1,0
P8535,19.24225500323748,1.75,8.0,22101.3,47.590219963364135,38677.275,216.6666666666667,3.0,0.0,1,0
P8536,19.24225500323748,1.75,8.0,22101.3,47.590219963364135,38677.275,300.0,1.5,0.0,1,0
P8537,19.24225500323748,1.75,8.0,22101.3,47.590219963364135,38677.275,300.0,2.25,0.0,1,0
P8538,19.24225500323748,1.75,8.0,22101.3,47.590219963364135,38677.275,300.0,3.0,0.0,1,0
P8539,9.42477796076938,2.0,3.0,15101.3,23.561944901923447,30202.6,50.0,1.5,0.0,1,0
P8540,9.42477796076938,2.0,3.0,15101.3,23.561944901923447,30202.6,50.0,2.25,0.0,1,0
P8541,9.42477796076938,2.0,3.0,15101.3,23.561944901923447,30202.6,50.0,3.0,0.0,1,0
P8542,9.42477796076938,2.0,3.0,15101.3,23.561944901923447,30202.6,133.3333333333333,1.5,0.0,1,0
P8543,9.42477796076938,2.0,3.0,15101.3,23.561944901923447,30202.6,133.3333333333333,2.25,0.0,1,0
P8544,9.42477796076938,2.0,3.0,15101.3,23.561944901923447,30202.6,133.3333333333333,3.0,0.0,1,0
P8545,9.42477796076938,2.0,3.0,15101.3,23.561944901923447,30202.6,216.6666666666667,1.5,0.0,1,0
P8546,9.42477796076938,2.0,3.0,15101.3,23.561944901923447,30202.6,216.6666666666667,2.25,0.0,1,0
P8547,9.42477796076938,2.0,3.0,15101.3,23.561944901923447,30202.6,216.6666666666667,3.0,0.0,1,0
P8548,9.42477796076938,2.0,3.0,15101.3,23.561944901923447,30202.6,300.0,1.5,0.0,1,0
P8549,9.42477796076938,2.0,3.0,15101.3,23.561944901923447,30202.6,300.0,2.25,0.0,1,0
P8550,9.42477796076938,2.0,3.0,15101.3,23.561944901923447,30202.6,300.0,3.0,0.0,1,0
P8551,9.42477796076938,2.0,3.0,17434.633333333328,23.561944901923447,34869.266666666656,50.0,1.5,0.0,1,0
P8552,9.42477796076938,2.0,3.0,17434.633333333328,23.561944901923447,34869.266666666656,50.0,2.25,0.0,1,0
P8553,9.42477796076938,2.0,3.0,17434.633333333328,23.561944901923447,34869.266666666656,50.0,3.0,0.0,1,0
P8554,9.42477796076938,2.0,3.0,17434.633333333328,23.561944901923447,34869.266666666656,133.3333333333333,1.5,0.0,1,0
P8555,9.42477796076938,2.0,3.0,17434.633333333328,23.561944901923447,34869.266666666656,133.3333333333333,2.25,0.0,1,0
P8556,9.42477796076938,2.0,3.0,17434.633333333328,23.561944901923447,34869.266666666656,133.3333333333333,3.0,0.0,1,0
P8557,9.42477796076938,2.0,3.0,17434.633333333328,23.561944901923447,34869.266666666656,216.6666666666667,1.5,0.0,1,0
P8558,9.42477796076938,2.0,3.0,17434.633333333328,23.561944901923447,34869.266666666656,216.6666666666667,2.25,0.0,1,0
P8559,9.42477796076938,2.0,3.0,17434.633333333328,23.561944901923447,34869.266666666656,216.6666666666667,3.0,0.0,1,0
P8560,9.42477796076938,2.0,3.0,17434.633333333328,23.561944901923447,34869.266666666656,300.0,1.5,0.0,1,0
P8561,9.42477796076938,2.0,3.0,17434.633333333328,23.561944901923447,34869.266666666656,300.0,2.25,0.0,1,0
P8562,9.42477796076938,2.0,3.0,17434.633333333328,23.561944901923447,34869.266666666656,300.0,3.0,0.0,1,0
P8563,9.42477796076938,2.0,3.0,19767.96666666667,23.561944901923447,39535.93333333334,50.0,1.5,0.0,1,0
P8564,9.42477796076938,2.0,3.0,19767.96666666667,23.561944901923447,39535.93333333334,50.0,2.25,0.0,1,0
P8565,9.42477796076938,2.0,3.0,19767.96666666667,23.561944901923447,39535.93333333334,50.0,3.0,0.0,1,0
P8566,9.42477796076938,2.0,3.0,19767.96666666667,23.561944901923447,39535.93333333334,133.3333333333333,1.5,0.0,1,0
P8567,9.42477796076938,2.0,3.0,19767.96666666667,23.561944901923447,39535.93333333334,133.3333333333333,2.25,0.0,1,0
P8568,9.42477796076938,2.0,3.0,19767.96666666667,23.561944901923447,39535.93333333334,133.3333333333333,3.0,0.0,1,0
P8569,9.42477796076938,2.0,3.0,19767.96666666667,23.561944901923447,39535.93333333334,216.6666666666667,1.5,0.0,1,0
P8570,9.42477796076938,2.0,3.0,19767.96666666667,23.561944901923447,39535.93333333334,216.6666666666667,2.25,0.0,1,0
P8571,9.42477796076938,2.0,3.0,19767.96666666667,23.561944901923447,39535.93333333334,216.6666666666667,3.0,0.0,1,0
P8572,9.42477796076938,2.0,3.0,19767.96666666667,23.561944901923447,39535.93333333334,300.0,1.5,0.0,1,0
P8573,9.42477796076938,2.0,3.0,19767.96666666667,23.561944901923447,39535.93333333334,300.0,2.25,0.0,1,0
P8574,9.42477796076938,2.0,3.0,19767.96666666667,23.561944901923447,39535.93333333334,300.0,3.0,0.0,1,0
P8575,9.42477796076938,2.0,3.0,22101.3,23.561944901923447,44202.6,50.0,1.5,0.0,1,0
P8576,9.42477796076938,2.0,3.0,22101.3,23.561944901923447,44202.6,50.0,2.25,0.0,1,0
P8577,9.42477796076938,2.0,3.0,22101.3,23.561944901923447,44202.6,50.0,3.0,0.0,1,0
P8578,9.42477796076938,2.0,3.0,22101.3,23.561944901923447,44202.6,133.3333333333333,1.5,0.0,1,0
P8579,9.42477796076938,2.0,3.0,22101.3,23.561944901923447,44202.6,133.3333333333333,2.25,0.0,1,0
P8580,9.42477796076938,2.0,3.0,22101.3,23.561944901923447,44202.6,133.3333333333333,3.0,0.0,1,0
P8581,9.42477796076938,2.0,3.0,22101.3,23.561944901923447,44202.6,216.6666666666667,1.5,0.0,1,0
P8582,9.42477796076938,2.0,3.0,22101.3,23.561944901923447,44202.6,216.6666666666667,2.25,0.0,1,0
P8583,9.42477796076938,2.0,3.0,22101.3,23.561944901923447,44202.6,216.6666666666667,3.0,0.0,1,0
P8584,9.42477796076938,2.0,3.0,22101.3,23.561944901923447,44202.6,300.0,1.5,0.0,1,0
P8585,9.42477796076938,2.0,3.0,22101.3,23.561944901923447,44202.6,300.0,2.25,0.0,1,0
P8586,9.42477796076938,2.0,3.0,22101.3,23.561944901923447,44202.6,300.0,3.0,0.0,1,0
P8587,14.660765716752367,2.0,4.666666666666667,15101.3,34.033920413889426,30202.6,50.0,1.5,0.0,1,0
P8588,14.660765716752367,2.0,4.666666666666667,15101.3,34.033920413889426,30202.6,50.0,2.25,0.0,1,0
P8589,14.660765716752367,2.0,4.666666666666667,15101.3,34.033920413889426,30202.6,50.0,3.0,0.0,1,0
P8590,14.660765716752367,2.0,4.666666666666667,15101.3,34.033920413889426,30202.6,133.3333333333333,1.5,0.0,1,0
P8591,14.660765716752367,2.0,4.666666666666667,15101.3,34.033920413889426,30202.6,133.3333333333333,2.25,0.0,1,0
P8592,14.660765716752367,2.0,4.666666666666667,15101.3,34.033920413889426,30202.6,133.3333333333333,3.0,0.0,1,0
P8593,14.660765716752367,2.0,4.666666666666667,15101.3,34.033920413889426,30202.6,216.6666666666667,1.5,0.0,1,0
P8594,14.660765716752367,2.0,4.666666666666667,15101.3,34.033920413889426,30202.6,216.6666666666667,2.25,0.0,1,0
P8595,14.660765716752367,2.0,4.666666666666667,15101.3,34.033920413889426,30202.6,216.6666666666667,3.0,0.0,1,0
P8596,14.660765716752367,2.0,4.666666666666667,15101.3,34.033920413889426,30202.6,300.0,1.5,0.0,1,0
P8597,14.660765716752367,2.0,4.666666666666667,15101.3,34.033920413889426,30202.6,300.0,2.25,0.0,1,0
P8598,14.660765716752367,2.0,4.666666666666667,15101.3,34.033920413889426,30202.6,300.0,3.0,0.0,1,0
P8599,14.660765716752367,2.0,4.666666666666667,17434.633333333328,34.033920413889426,34869.266666666656,50.0,1.5,0.0,1,0
P8600,14.660765716752367,2.0,4.666666666666667,17434.633333333328,34.033920413889426,34869.266666666656,50.0,2.25,0.0,1,0
P8601,14.660765716752367,2.0,4.666666666666667,17434.633333333328,34.033920413889426,34869.266666666656,50.0,3.0,0.0,1,0
P8602,14.660765716752367,2.0,4.666666666666667,17434.633333333328,34.033920413889426,34869.266666666656,133.3333333333333,1.5,0.0,1,0
P8603,14.660765716752367,2.0,4.666666666666667,17434.633333333328,34.033920413889426,34869.266666666656,133.3333333333333,2.25,0.0,1,0
P8604,14.660765716752367,2.0,4.666666666666667,17434.633333333328,34.033920413889426,34869.266666666656,133.3333333333333,3.0,0.0,1,0
P8605,14.660765716752367,2.0,4.666666666666667,17434.633333333328,34.033920413889426,34869.266666666656,216.6666666666667,1.5,0.0,1,0
P8606,14.660765716752367,2.0,4.666666666666667,17434.633333333328,34.033920413889426,34869.266666666656,216.6666666666667,2.25,0.0,1,0
P8607,14.660765716752367,2.0,4.666666666666667,17434.633333333328,34.033920413889426,34869.266666666656,216.6666666666667,3.0,0.0,1,0
P8608,14.660765716752367,2.0,4.666666666666667,17434.633333333328,34.033920413889426,34869.266666666656,300.0,1.5,0.0,1,0
P8609,14.660765716752367,2.0,4.666666666666667,17434.633333333328,34.033920413889426,34869.266666666656,300.0,2.25,0.0,1,0
P8610,14.660765716752367,2.0,4.666666666666667,17434.633333333328,34.033920413889426,34869.266666666656,300.0,3.0,0.0,1,0
P8611,14.660765716752367,2.0,4.666666666666667,19767.96666666667,34.033920413889426,39535.93333333334,50.0,1.5,0.0,1,0
P8612,14.660765716752367,2.0,4.666666666666667,19767.96666666667,34.033920413889426,39535.93333333334,50.0,2.25,0.0,1,0
P8613,14.660765716752367,2.0,4.666666666666667,19767.96666666667,34.033920413889426,39535.93333333334,50.0,3.0,0.0,1,0
P8614,14.660765716752367,2.0,4.666666666666667,19767.96666666667,34.033920413889426,39535.93333333334,133.3333333333333,1.5,0.0,1,0
P8615,14.660765716752367,2.0,4.666666666666667,19767.96666666667,34.033920413889426,39535.93333333334,133.3333333333333,2.25,0.0,1,0
P8616,14.660765716752367,2.0,4.666666666666667,19767.96666666667,34.033920413889426,39535.93333333334,133.3333333333333,3.0,0.0,1,0
P8617,14.660765716752367,2.0,4.666666666666667,19767.96666666667,34.033920413889426,39535.93333333334,216.6666666666667,1.5,0.0,1,0
P8618,14.660765716752367,2.0,4.666666666666667,19767.96666666667,34.033920413889426,39535.93333333334,216.6666666666667,2.25,0.0,1,0
P8619,14.660765716752367,2.0,4.666666666666667,19767.96666666667,34.033920413889426,39535.93333333334,216.6666666666667,3.0,0.0,1,0
P8620,14.660765716752367,2.0,4.666666666666667,19767.96666666667,34.033920413889426,39535.93333333334,300.0,1.5,0.0,1,0
P8621,14.660765716752367,2.0,4.666666666666667,19767.96666666667,34.033920413889426,39535.93333333334,300.0,2.25,0.0,1,0
P8622,14.660765716752367,2.0,4.666666666666667,19767.96666666667,34.033920413889426,39535.93333333334,300.0,3.0,0.0,1,0
P8623,14.660765716752367,2.0,4.666666666666667,22101.3,34.033920413889426,44202.6,50.0,1.5,0.0,1,0
P8624,14.660765716752367,2.0,4.666666666666667,22101.3,34.033920413889426,44202.6,50.0,2.25,0.0,1,0
P8625,14.660765716752367,2.0,4.666666666666667,22101.3,34.033920413889426,44202.6,50.0,3.0,0.0,1,0
P8626,14.660765716752367,2.0,4.666666666666667,22101.3,34.033920413889426,44202.6,133.3333333333333,1.5,0.0,1,0
P8627,14.660765716752367,2.0,4.666666666666667,22101.3,34.033920413889426,44202.6,133.3333333333333,2.25,0.0,1,0
P8628,14.660765716752367,2.0,4.666666666666667,22101.3,34.033920413889426,44202.6,133.3333333333333,3.0,0.0,1,0
P8629,14.660765716752367,2.0,4.666666666666667,22101.3,34.033920413889426,44202.6,216.6666666666667,1.5,0.0,1,0
P8630,14.660765716752367,2.0,4.666666666666667,22101.3,34.033920413889426,44202.6,216.6666666666667,2.25,0.0,1,0
P8631,14.660765716752367,2.0,4.666666666666667,22101.3,34.033920413889426,44202.6,216.6666666666667,3.0,0.0,1,0
P8632,14.660765716752367,2.0,4.666666666666667,22101.3,34.033920413889426,44202.6,300.0,1.5,0.0,1,0
P8633,14.660765716752367,2.0,4.666666666666667,22101.3,34.033920413889426,44202.6,300.0,2.25,0.0,1,0
P8634,14.660765716752367,2.0,4.666666666666667,22101.3,34.033920413889426,44202.6,300.0,3.0,0.0,1,0
P8635,19.89675347273536,2.0,6.333333333333334,15101.3,44.505895925855405,30202.6,50.0,1.5,0.0,1,0
P8636,19.89675347273536,2.0,6.333333333333334,15101.3,44.505895925855405,30202.6,50.0,2.25,0.0,1,0
P8637,19.89675347273536,2.0,6.333333333333334,15101.3,44.505895925855405,30202.6,50.0,3.0,0.0,1,0
P8638,19.89675347273536,2.0,6.333333333333334,15101.3,44.505895925855405,30202.6,133.3333333333333,1.5,0.0,1,0
P8639,19.89675347273536,2.0,6.333333333333334,15101.3,44.505895925855405,30202.6,133.3333333333333,2.25,0.0,1,0
P8640,19.89675347273536,2.0,6.333333333333334,15101.3,44.505895925855405,30202.6,133.3333333333333,3.0,0.0,1,0
P8641,19.89675347273536,2.0,6.333333333333334,15101.3,44.505895925855405,30202.6,216.6666666666667,1.5,0.0,1,0
P8642,19.89675347273536,2.0,6.333333333333334,15101.3,44.505895925855405,30202.6,216.6666666666667,2.25,0.0,1,0
P8643,19.89675347273536,2.0,6.333333333333334,15101.3,44.505895925855405,30202.6,216.6666666666667,3.0,0.0,1,0
P8644,19.89675347273536,2.0,6.333333333333334,15101.3,44.505895925855405,30202.6,300.0,1.5,0.0,1,0
P8645,19.89675347273536,2.0,6.333333333333334,15101.3,44.505895925855405,30202.6,300.0,2.25,0.0,1,0
P8646,19.89675347273536,2.0,6.333333333333334,15101.3,44.505895925855405,30202.6,300.0,3.0,0.0,1,0
P8647,19.89675347273536,2.0,6.333333333333334,17434.633333333328,44.505895925855405,34869.266666666656,50.0,1.5,0.0,1,0
P8648,19.89675347273536,2.0,6.333333333333334,17434.633333333328,44.505895925855405,34869.266666666656,50.0,2.25,0.0,1,0
P8649,19.89675347273536,2.0,6.333333333333334,17434.633333333328,44.505895925855405,34869.266666666656,50.0,3.0,0.0,1,0
P8650,19.89675347273536,2.0,6.333333333333334,17434.633333333328,44.505895925855405,34869.266666666656,133.3333333333333,1.5,0.0,1,0
P8651,19.89675347273536,2.0,6.333333333333334,17434.633333333328,44.505895925855405,34869.266666666656,133.3333333333333,2.25,0.0,1,0
P8652,19.89675347273536,2.0,6.333333333333334,17434.633333333328,44.505895925855405,34869.266666666656,133.3333333333333,3.0,0.0,1,0
P8653,19.89675347273536,2.0,6.333333333333334,17434.633333333328,44.505895925855405,34869.266666666656,216.6666666666667,1.5,0.0,1,0
P8654,19.89675347273536,2.0,6.333333333333334,17434.633333333328,44.505895925855405,34869.266666666656,216.6666666666667,2.25,0.0,1,0
P8655,19.89675347273536,2.0,6.333333333333334,17434.633333333328,44.505895925855405,34869.266666666656,216.6666666666667,3.0,0.0,1,0
P8656,19.89675347273536,2.0,6.333333333333334,17434.633333333328,44.505895925855405,34869.266666666656,300.0,1.5,0.0,1,0
P8657,19.89675347273536,2.0,6.333333333333334,17434.633333333328,44.505895925855405,34869.266666666656,300.0,2.25,0.0,1,0
P8658,19.89675347273536,2.0,6.333333333333334,17434.633333333328,44.505895925855405,34869.266666666656,300.0,3.0,0.0,1,0
P8659,19.89675347273536,2.0,6.333333333333334,19767.96666666667,44.505895925855405,39535.93333333334,50.0,1.5,0.0,1,0
P8660,19.89675347273536,2.0,6.333333333333334,19767.96666666667,44.505895925855405,39535.93333333334,50.0,2.25,0.0,1,0
P8661,19.89675347273536,2.0,6.333333333333334,19767.96666666667,44.505895925855405,39535.93333333334,50.0,3.0,0.0,1,0
P8662,19.89675347273536,2.0,6.333333333333334,19767.96666666667,44.505895925855405,39535.93333333334,133.3333333333333,1.5,0.0,1,0
P8663,19.89675347273536,2.0,6.333333333333334,19767.96666666667,44.505895925855405,39535.93333333334,133.3333333333333,2.25,0.0,1,0
P8664,19.89675347273536,2.0,6.333333333333334,19767.96666666667,44.505895925855405,39535.93333333334,133.3333333333333,3.0,0.0,1,0
P8665,19.89675347273536,2.0,6.333333333333334,19767.96666666667,44.505895925855405,39535.93333333334,216.6666666666667,1.5,0.0,1,0
P8666,19.89675347273536,2.0,6.333333333333334,19767.96666666667,44.505895925855405,39535.93333333334,216.6666666666667,2.25,0.0,1,0
P8667,19.89675347273536,2.0,6.333333333333334,19767.96666666667,44.505895925855405,39535.93333333334,216.6666666666667,3.0,0.0,1,0
P8668,19.89675347273536,2.0,6.333333333333334,19767.96666666667,44.505895925855405,39535.93333333334,300.0,1.5,0.0,1,0
P8669,19.89675347273536,2.0,6.333333333333334,19767.96666666667,44.505895925855405,39535.93333333334,300.0,2.25,0.0,1,0
P8670,19.89675347273536,2.0,6.333333333333334,19767.96666666667,44.505895925855405,39535.93333333334,300.0,3.0,0.0,1,0
P8671,19.89675347273536,2.0,6.333333333333334,22101.3,44.505895925855405,44202.6,50.0,1.5,0.0,1,0
P8672,19.89675347273536,2.0,6.333333333333334,22101.3,44.505895925855405,44202.6,50.0,2.25,0.0,1,0
P8673,19.89675347273536,2.0,6.333333333333334,22101.3,44.505895925855405,44202.6,50.0,3.0,0.0,1,0
P8674,19.89675347273536,2.0,6.333333333333334,22101.3,44.505895925855405,44202.6,133.3333333333333,1.5,0.0,1,0
P8675,19.89675347273536,2.0,6.333333333333334,22101.3,44.505895925855405,44202.6,133.3333333333333,2.25,0.0,1,0
P8676,19.89675347273536,2.0,6.333333333333334,22101.3,44.505895925855405,44202.6,133.3333333333333,3.0,0.0,1,0
P8677,19.89675347273536,2.0,6.333333333333334,22101.3,44.505895925855405,44202.6,216.6666666666667,1.5,0.0,1,0
P8678,19.89675347273536,2.0,6.333333333333334,22101.3,44.505895925855405,44202.6,216.6666666666667,2.25,0.0,1,0
P8679,19.89675347273536,2.0,6.333333333333334,22101.3,44.505895925855405,44202.6,216.6666666666667,3.0,0.0,1,0
P8680,19.89675347273536,2.0,6.333333333333334,22101.3,44.505895925855405,44202.6,300.0,1.5,0.0,1,0
P8681,19.89675347273536,2.0,6.333333333333334,22101.3,44.505895925855405,44202.6,300.0,2.25,0.0,1,0
P8682,19.89675347273536,2.0,6.333333333333334,22101.3,44.505895925855405,44202.6,300.0,3.0,0.0,1,0
P8683,25.132741228718345,2.0,8.0,15101.3,54.97787143782138,30202.6,50.0,1.5,0.0,1,0
P8684,25.132741228718345,2.0,8.0,15101.3,54.97787143782138,30202.6,50.0,2.25,0.0,1,0
P8685,25.132741228718345,2.0,8.0,15101.3,54.97787143782138,30202.6,50.0,3.0,0.0,1,0
P8686,25.132741228718345,2.0,8.0,15101.3,54.97787143782138,30202.6,133.3333333333333,1.5,0.0,1,0
P8687,25.132741228718345,2.0,8.0,15101.3,54.97787143782138,30202.6,133.3333333333333,2.25,0.0,1,0
P8688,25.132741228718345,2.0,8.0,15101.3,54.97787143782138,30202.6,133.3333333333333,3.0,0.0,1,0
P8689,25.132741228718345,2.0,8.0,15101.3,54.97787143782138,30202.6,216.6666666666667,1.5,0.0,1,0
P8690,25.132741228718345,2.0,8.0,15101.3,54.97787143782138,30202.6,216.6666666666667,2.25,0.0,1,0
P8691,25.132741228718345,2.0,8.0,15101.3,54.97787143782138,30202.6,216.6666666666667,3.0,0.0,1,0
P8692,25.132741228718345,2.0,8.0,15101.3,54.97787143782138,30202.6,300.0,1.5,0.0,1,0
P8693,25.132741228718345,2.0,8.0,15101.3,54.97787143782138,30202.6,300.0,2.25,0.0,1,0
P8694,25.132741228718345,2.0,8.0,15101.3,54.97787143782138,30202.6,300.0,3.0,0.0,1,0
P8695,25.132741228718345,2.0,8.0,17434.633333333328,54.97787143782138,34869.266666666656,50.0,1.5,0.0,1,0
P8696,25.132741228718345,2.0,8.0,17434.633333333328,54.97787143782138,34869.266666666656,50.0,2.25,0.0,1,0
P8697,25.132741228718345,2.0,8.0,17434.633333333328,54.97787143782138,34869.266666666656,50.0,3.0,0.0,1,0
P8698,25.132741228718345,2.0,8.0,17434.633333333328,54.97787143782138,34869.266666666656,133.3333333333333,1.5,0.0,1,0
P8699,25.132741228718345,2.0,8.0,17434.633333333328,54.97787143782138,34869.266666666656,133.3333333333333,2.25,0.0,1,0
P8700,25.132741228718345,2.0,8.0,17434.633333333328,54.97787143782138,34869.266666666656,133.3333333333333,3.0,0.0,1,0
P8701,25.132741228718345,2.0,8.0,17434.633333333328,54.97787143782138,34869.266666666656,216.6666666666667,1.5,0.0,1,0
P8702,25.132741228718345,2.0,8.0,17434.633333333328,54.97787143782138,34869.266666666656,216.6666666666667,2.25,0.0,1,0
P8703,25.132741228718345,2.0,8.0,17434.633333333328,54.97787143782138,34869.266666666656,216.6666666666667,3.0,0.0,1,0
P8704,25.132741228718345,2.0,8.0,17434.633333333328,54.97787143782138,34869.266666666656,300.0,1.5,0.0,1,0
P8705,25.132741228718345,2.0,8.0,17434.633333333328,54.97787143782138,34869.266666666656,300.0,2.25,0.0,1,0
P8706,25.132741228718345,2.0,8.0,17434.633333333328,54.97787143782138,34869.266666666656,300.0,3.0,0.0,1,0
P8707,25.132741228718345,2.0,8.0,19767.96666666667,54.97787143782138,39535.93333333334,50.0,1.5,0.0,1,0
P8708,25.132741228718345,2.0,8.0,19767.96666666667,54.97787143782138,39535.93333333334,50.0,2.25,0.0,1,0
P8709,25.132741228718345,2.0,8.0,19767.96666666667,54.97787143782138,39535.93333333334,50.0,3.0,0.0,1,0
P8710,25.132741228718345,2.0,8.0,19767.96666666667,54.97787143782138,39535.93333333334,133.3333333333333,1.5,0.0,1,0
P8711,25.132741228718345,2.0,8.0,19767.96666666667,54.97787143782138,39535.93333333334,133.3333333333333,2.25,0.0,1,0
P8712,25.132741228718345,2.0,8.0,19767.96666666667,54.97787143782138,39535.93333333334,133.3333333333333,3.0,0.0,1,0
P8713,25.132741228718345,2.0,8.0,19767.96666666667,54.97787143782138,39535.93333333334,216.6666666666667,1.5,0.0,1,0
P8714,25.132741228718345,2.0,8.0,19767.96666666667,54.97787143782138,39535.93333333334,216.6666666666667,2.25,0.0,1,0
P8715,25.132741228718345,2.0,8.0,19767.96666666667,54.97787143782138,39535.93333333334,216.6666666666667,3.0,0.0,1,0
P8716,25.132741228718345,2.0,8.0,19767.96666666667,54.97787143782138,39535.93333333334,300.0,1.5,0.0,1,0
P8717,25.132741228718345,2.0,8.0,19767.96666666667,54.97787143782138,39535.93333333334,300.0,2.25,0.0,1,0
P8718,25.132741228718345,2.0,8.0,19767.96666666667,54.97787143782138,39535.93333333334,300.0,3.0,0.0,1,0
P8719,25.132741228718345,2.0,8.0,22101.3,54.97787143782138,44202.6,50.0,1.5,0.0,1,0
P8720,25.132741228718345,2.0,8.0,22101.3,54.97787143782138,44202.6,50.0,2.25,0.0,1,0
P8721,25.132741228718345,2.0,8.0,22101.3,54.97787143782138,44202.6,50.0,3.0,0.0,1,0
P8722,25.132741228718345,2.0,8.0,22101.3,54.97787143782138,44202.6,133.3333333333333,1.5,0.0,1,0
P8723,25.132741228718345,2.0,8.0,22101.3,54.97787143782138,44202.6,133.3333333333333,2.25,0.0,1,0
P8724,25.132741228718345,2.0,8.0,22101.3,54.97787143782138,44202.6,133.3333333333333,3.0,0.0,1,0
P8725,25.132741228718345,2.0,8.0,22101.3,54.97787143782138,44202.6,216.6666666666667,1.5,0.0,1,0
P8726,25.132741228718345,2.0,8.0,22101.3,54.97787143782138,44202.6,216.6666666666667,2.25,0.0,1,0
P8727,25.132741228718345,2.0,8.0,22101.3,54.97787143782138,44202.6,216.6666666666667,3.0,0.0,1,0
P8728,25.132741228718345,2.0,8.0,22101.3,54.97787143782138,44202.6,300.0,1.5,0.0,1,0
P8729,25.132741228718345,2.0,8.0,22101.3,54.97787143782138,44202.6,300.0,2.25,0.0,1,0
P8730,25.132741228718345,2.0,8.0,22101.3,54.97787143782138,44202.6,300.0,3.0,0.0,1,0
