tag,diameter,ss_dist,pressure,trays_num,weight_kg
,,,,,
P11,1.0,19.0,600.0,20.0,7800.0
P12,1.0,19.0,600.0,21.0,7900.0
P13,1.0,19.0,600.0,22.0,8000.0
P14,1.0,19.0,600.0,23.0,8100.0
P15,1.0,19.0,600.0,24.0,8200.0
P16,1.0,19.0,600.0,25.0,8300.0
P17,1.0,19.0,700.0,20.0,7800.0
P18,1.0,19.0,700.0,21.0,7900.0
P19,1.0,19.0,700.0,22.0,8000.0
P20,1.0,19.0,700.0,23.0,8100.0
P21,1.0,19.0,700.0,24.0,8200.0
P22,1.0,19.0,700.0,25.0,8300.0
P23,1.0,19.0,800.0,20.0,7800.0
P24,1.0,19.0,800.0,21.0,7900.0
P25,1.0,19.0,800.0,22.0,8000.0
P26,1.0,19.0,800.0,23.0,8100.0
P27,1.0,19.0,800.0,24.0,8200.0
P28,1.0,19.0,800.0,25.0,8300.0
P29,1.0,19.0,900.0,20.0,8400.0
P30,1.0,19.0,900.0,21.0,8500.0
P31,1.0,19.0,900.0,22.0,8600.0
P32,1.0,19.0,900.0,23.0,8700.0
P33,1.0,19.0,900.0,24.0,8800.0
P34,1.0,19.0,900.0,25.0,8900.0
P35,1.0,19.0,1000.0,20.0,8400.0
P36,1.0,19.0,1000.0,21.0,8500.0
P37,1.0,19.0,1000.0,22.0,8600.0
P38,1.0,19.0,1000.0,23.0,8700.0
P39,1.0,19.0,1000.0,24.0,8800.0
P40,1.0,19.0,1000.0,25.0,8900.0
P41,1.0,19.0,1100.0,20.0,8400.0
P42,1.0,19.0,1100.0,21.0,8500.0
P43,1.0,19.0,1100.0,22.0,8600.0
P44,1.0,19.0,1100.0,23.0,8700.0
P45,1.0,19.0,1100.0,24.0,8800.0
P46,1.0,19.0,1100.0,25.0,8900.0
P47,1.0,19.8,600.0,20.0,8000.0
P48,1.0,19.8,600.0,21.0,8100.0
P49,1.0,19.8,600.0,22.0,8200.0
P50,1.0,19.8,600.0,23.0,8300.0
P51,1.0,19.8,600.0,24.0,8400.0
P52,1.0,19.8,600.0,25.0,8500.0
P53,1.0,19.8,700.0,20.0,8000.0
P54,1.0,19.8,700.0,21.0,8100.0
P55,1.0,19.8,700.0,22.0,8200.0
P56,1.0,19.8,700.0,23.0,8300.0
P57,1.0,19.8,700.0,24.0,8400.0
P58,1.0,19.8,700.0,25.0,8500.0
P59,1.0,19.8,800.0,20.0,8000.0
P60,1.0,19.8,800.0,21.0,8100.0
P61,1.0,19.8,800.0,22.0,8200.0
P62,1.0,19.8,800.0,23.0,8300.0
P63,1.0,19.8,800.0,24.0,8400.0
P64,1.0,19.8,800.0,25.0,8500.0
P65,1.0,19.8,900.0,20.0,8600.0
P66,1.0,19.8,900.0,21.0,8700.0
P67,1.0,19.8,900.0,22.0,8800.0
P68,1.0,19.8,900.0,23.0,8900.0
P69,1.0,19.8,900.0,24.0,9000.0
P70,1.0,19.8,900.0,25.0,9100.0
P71,1.0,19.8,1000.0,20.0,8700.0
P72,1.0,19.8,1000.0,21.0,8800.0
P73,1.0,19.8,1000.0,22.0,8900.0
P74,1.0,19.8,1000.0,23.0,9000.0
P75,1.0,19.8,1000.0,24.0,9100.0
P76,1.0,19.8,1000.0,25.0,9200.0
P77,1.0,19.8,1100.0,20.0,8700.0
P78,1.0,19.8,1100.0,21.0,8800.0
P79,1.0,19.8,1100.0,22.0,8900.0
P80,1.0,19.8,1100.0,23.0,9000.0
P81,1.0,19.8,1100.0,24.0,9100.0
P82,1.0,19.8,1100.0,25.0,9200.0
P83,1.0,20.6,600.0,20.0,8100.0
P84,1.0,20.6,600.0,21.0,8200.0
P85,1.0,20.6,600.0,22.0,8300.0
P86,1.0,20.6,600.0,23.0,8400.0
P87,1.0,20.6,600.0,24.0,8500.0
P88,1.0,20.6,600.0,25.0,8600.0
P89,1.0,20.6,700.0,20.0,8100.0
P90,1.0,20.6,700.0,21.0,8200.0
P91,1.0,20.6,700.0,22.0,8300.0
P92,1.0,20.6,700.0,23.0,8400.0
P93,1.0,20.6,700.0,24.0,8500.0
P94,1.0,20.6,700.0,25.0,8600.0
P95,1.0,20.6,800.0,20.0,8100.0
P96,1.0,20.6,800.0,21.0,8200.0
P97,1.0,20.6,800.0,22.0,8300.0
P98,1.0,20.6,800.0,23.0,8400.0
P99,1.0,20.6,800.0,24.0,8500.0
P100,1.0,20.6,800.0,25.0,8600.0
P101,1.0,20.6,900.0,20.0,8700.0
P102,1.0,20.6,900.0,21.0,8800.0
P103,1.0,20.6,900.0,22.0,8900.0
P104,1.0,20.6,900.0,23.0,9000.0
P105,1.0,20.6,900.0,24.0,9100.0
P106,1.0,20.6,900.0,25.0,9200.0
P107,1.0,20.6,1000.0,20.0,8800.0
P108,1.0,20.6,1000.0,21.0,8900.0
P109,1.0,20.6,1000.0,22.0,9000.0
P110,1.0,20.6,1000.0,23.0,9100.0
P111,1.0,20.6,1000.0,24.0,9200.0
P112,1.0,20.6,1000.0,25.0,9300.0
P113,1.0,20.6,1100.0,20.0,8800.0
P114,1.0,20.6,1100.0,21.0,8900.0
P115,1.0,20.6,1100.0,22.0,9000.0
P116,1.0,20.6,1100.0,23.0,9100.0
P117,1.0,20.6,1100.0,24.0,9200.0
P118,1.0,20.6,1100.0,25.0,9300.0
P119,1.0,21.4,600.0,20.0,8300.0
P120,1.0,21.4,600.0,21.0,8400.0
P121,1.0,21.4,600.0,22.0,8500.0
P122,1.0,21.4,600.0,23.0,8600.0
P123,1.0,21.4,600.0,24.0,8700.0
P124,1.0,21.4,600.0,25.0,8800.0
P125,1.0,21.4,700.0,20.0,8300.0
P126,1.0,21.4,700.0,21.0,8400.0
P127,1.0,21.4,700.0,22.0,8500.0
P128,1.0,21.4,700.0,23.0,8600.0
P129,1.0,21.4,700.0,24.0,8700.0
P130,1.0,21.4,700.0,25.0,8800.0
P131,1.0,21.4,800.0,20.0,8300.0
P132,1.0,21.4,800.0,21.0,8400.0
P133,1.0,21.4,800.0,22.0,8500.0
P134,1.0,21.4,800.0,23.0,8600.0
P135,1.0,21.4,800.0,24.0,8700.0
P136,1.0,21.4,800.0,25.0,8800.0
P137,1.0,21.4,900.0,20.0,8900.0
P138,1.0,21.4,900.0,21.0,9000.0
P139,1.0,21.4,900.0,22.0,9100.0
P140,1.0,21.4,900.0,23.0,9200.0
P141,1.0,21.4,900.0,24.0,9300.0
P142,1.0,21.4,900.0,25.0,9400.0
P143,1.0,21.4,1000.0,20.0,9000.0
P144,1.0,21.4,1000.0,21.0,9100.0
P145,1.0,21.4,1000.0,22.0,9200.0
P146,1.0,21.4,1000.0,23.0,9300.0
P147,1.0,21.4,1000.0,24.0,9400.0
P148,1.0,21.4,1000.0,25.0,9500.0
P149,1.0,21.4,1100.0,20.0,9000.0
P150,1.0,21.4,1100.0,21.0,9100.0
P151,1.0,21.4,1100.0,22.0,9200.0
P152,1.0,21.4,1100.0,23.0,9300.0
P153,1.0,21.4,1100.0,24.0,9400.0
P154,1.0,21.4,1100.0,25.0,9500.0
P155,1.0,22.2,600.0,20.0,8500.0
P156,1.0,22.2,600.0,21.0,8600.0
P157,1.0,22.2,600.0,22.0,8700.0
P158,1.0,22.2,600.0,23.0,8800.0
P159,1.0,22.2,600.0,24.0,8900.0
P160,1.0,22.2,600.0,25.0,9000.0
P161,1.0,22.2,700.0,20.0,8500.0
P162,1.0,22.2,700.0,21.0,8600.0
P163,1.0,22.2,700.0,22.0,8700.0
P164,1.0,22.2,700.0,23.0,8800.0
P165,1.0,22.2,700.0,24.0,8900.0
P166,1.0,22.2,700.0,25.0,9000.0
P167,1.0,22.2,800.0,20.0,8500.0
P168,1.0,22.2,800.0,21.0,8600.0
P169,1.0,22.2,800.0,22.0,8700.0
P170,1.0,22.2,800.0,23.0,8800.0
P171,1.0,22.2,800.0,24.0,8900.0
P172,1.0,22.2,800.0,25.0,9000.0
P173,1.0,22.2,900.0,20.0,9200.0
P174,1.0,22.2,900.0,21.0,9300.0
P175,1.0,22.2,900.0,22.0,9400.0
P176,1.0,22.2,900.0,23.0,9500.0
P177,1.0,22.2,900.0,24.0,9600.0
P178,1.0,22.2,900.0,25.0,9700.0
P179,1.0,22.2,1000.0,20.0,9200.0
P180,1.0,22.2,1000.0,21.0,9300.0
P181,1.0,22.2,1000.0,22.0,9400.0
P182,1.0,22.2,1000.0,23.0,9500.0
P183,1.0,22.2,1000.0,24.0,9600.0
P184,1.0,22.2,1000.0,25.0,9700.0
P185,1.0,22.2,1100.0,20.0,9200.0
P186,1.0,22.2,1100.0,21.0,9300.0
P187,1.0,22.2,1100.0,22.0,9400.0
P188,1.0,22.2,1100.0,23.0,9500.0
P189,1.0,22.2,1100.0,24.0,9600.0
P190,1.0,22.2,1100.0,25.0,9700.0
P191,1.0,23.0,600.0,20.0,8700.0
P192,1.0,23.0,600.0,21.0,8800.0
P193,1.0,23.0,600.0,22.0,8900.0
P194,1.0,23.0,600.0,23.0,9000.0
P195,1.0,23.0,600.0,24.0,9100.0
P196,1.0,23.0,600.0,25.0,9200.0
P197,1.0,23.0,700.0,20.0,8700.0
P198,1.0,23.0,700.0,21.0,8800.0
P199,1.0,23.0,700.0,22.0,8900.0
P200,1.0,23.0,700.0,23.0,9000.0
P201,1.0,23.0,700.0,24.0,9100.0
P202,1.0,23.0,700.0,25.0,9200.0
P203,1.0,23.0,800.0,20.0,8700.0
P204,1.0,23.0,800.0,21.0,8800.0
P205,1.0,23.0,800.0,22.0,8900.0
P206,1.0,23.0,800.0,23.0,9000.0
P207,1.0,23.0,800.0,24.0,9100.0
P208,1.0,23.0,800.0,25.0,9200.0
P209,1.0,23.0,900.0,20.0,9300.0
P210,1.0,23.0,900.0,21.0,9400.0
P211,1.0,23.0,900.0,22.0,9500.0
P212,1.0,23.0,900.0,23.0,9600.0
P213,1.0,23.0,900.0,24.0,9700.0
P214,1.0,23.0,900.0,25.0,9800.0
P215,1.0,23.0,1000.0,20.0,9400.0
P216,1.0,23.0,1000.0,21.0,9500.0
P217,1.0,23.0,1000.0,22.0,9600.0
P218,1.0,23.0,1000.0,23.0,9700.0
P219,1.0,23.0,1000.0,24.0,9800.0
P220,1.0,23.0,1000.0,25.0,9900.0
P221,1.0,23.0,1100.0,20.0,9400.0
P222,1.0,23.0,1100.0,21.0,9500.0
P223,1.0,23.0,1100.0,22.0,9600.0
P224,1.0,23.0,1100.0,23.0,9700.0
P225,1.0,23.0,1100.0,24.0,9800.0
P226,1.0,23.0,1100.0,25.0,9900.0
P227,1.133333333333333,19.0,600.0,20.0,8900.0
P228,1.133333333333333,19.0,600.0,21.0,9000.0
P229,1.133333333333333,19.0,600.0,22.0,9200.0
P230,1.133333333333333,19.0,600.0,23.0,9300.0
P231,1.133333333333333,19.0,600.0,24.0,9500.0
P232,1.133333333333333,19.0,600.0,25.0,9600.0
P233,1.133333333333333,19.0,700.0,20.0,8900.0
P234,1.133333333333333,19.0,700.0,21.0,9000.0
P235,1.133333333333333,19.0,700.0,22.0,9200.0
P236,1.133333333333333,19.0,700.0,23.0,9300.0
P237,1.133333333333333,19.0,700.0,24.0,9500.0
P238,1.133333333333333,19.0,700.0,25.0,9600.0
P239,1.133333333333333,19.0,800.0,20.0,8900.0
P240,1.133333333333333,19.0,800.0,21.0,9000.0
P241,1.133333333333333,19.0,800.0,22.0,9200.0
P242,1.133333333333333,19.0,800.0,23.0,9300.0
P243,1.133333333333333,19.0,800.0,24.0,9500.0
P244,1.133333333333333,19.0,800.0,25.0,9600.0
P245,1.133333333333333,19.0,900.0,20.0,9600.0
P246,1.133333333333333,19.0,900.0,21.0,9700.0
P247,1.133333333333333,19.0,900.0,22.0,9900.0
P248,1.133333333333333,19.0,900.0,23.0,10000.0
P249,1.133333333333333,19.0,900.0,24.0,10200.0
P250,1.133333333333333,19.0,900.0,25.0,10300.0
P251,1.133333333333333,19.0,1000.0,20.0,9600.0
P252,1.133333333333333,19.0,1000.0,21.0,9700.0
P253,1.133333333333333,19.0,1000.0,22.0,9900.0
P254,1.133333333333333,19.0,1000.0,23.0,10000.0
P255,1.133333333333333,19.0,1000.0,24.0,10200.0
P256,1.133333333333333,19.0,1000.0,25.0,10300.0
P257,1.133333333333333,19.0,1100.0,20.0,10700.0
P258,1.133333333333333,19.0,1100.0,21.0,10800.0
P259,1.133333333333333,19.0,1100.0,22.0,11000.0
P260,1.133333333333333,19.0,1100.0,23.0,11100.0
P261,1.133333333333333,19.0,1100.0,24.0,11300.0
P262,1.133333333333333,19.0,1100.0,25.0,11400.0
P263,1.133333333333333,19.8,600.0,20.0,9200.0
P264,1.133333333333333,19.8,600.0,21.0,9300.0
P265,1.133333333333333,19.8,600.0,22.0,9500.0
P266,1.133333333333333,19.8,600.0,23.0,9600.0
P267,1.133333333333333,19.8,600.0,24.0,9800.0
P268,1.133333333333333,19.8,600.0,25.0,9900.0
P269,1.133333333333333,19.8,700.0,20.0,9200.0
P270,1.133333333333333,19.8,700.0,21.0,9300.0
P271,1.133333333333333,19.8,700.0,22.0,9500.0
P272,1.133333333333333,19.8,700.0,23.0,9600.0
P273,1.133333333333333,19.8,700.0,24.0,9800.0
P274,1.133333333333333,19.8,700.0,25.0,9900.0
P275,1.133333333333333,19.8,800.0,20.0,9200.0
P276,1.133333333333333,19.8,800.0,21.0,9300.0
P277,1.133333333333333,19.8,800.0,22.0,9500.0
P278,1.133333333333333,19.8,800.0,23.0,9600.0
P279,1.133333333333333,19.8,800.0,24.0,9800.0
P280,1.133333333333333,19.8,800.0,25.0,9900.0
P281,1.133333333333333,19.8,900.0,20.0,9800.0
P282,1.133333333333333,19.8,900.0,21.0,9900.0
P283,1.133333333333333,19.8,900.0,22.0,10100.0
P284,1.133333333333333,19.8,900.0,23.0,10200.0
P285,1.133333333333333,19.8,900.0,24.0,10400.0
P286,1.133333333333333,19.8,900.0,25.0,10500.0
P287,1.133333333333333,19.8,1000.0,20.0,9800.0
P288,1.133333333333333,19.8,1000.0,21.0,9900.0
P289,1.133333333333333,19.8,1000.0,22.0,10100.0
P290,1.133333333333333,19.8,1000.0,23.0,10200.0
P291,1.133333333333333,19.8,1000.0,24.0,10400.0
P292,1.133333333333333,19.8,1000.0,25.0,10500.0
P293,1.133333333333333,19.8,1100.0,20.0,11000.0
P294,1.133333333333333,19.8,1100.0,21.0,11100.0
P295,1.133333333333333,19.8,1100.0,22.0,11300.0
P296,1.133333333333333,19.8,1100.0,23.0,11400.0
P297,1.133333333333333,19.8,1100.0,24.0,11600.0
P298,1.133333333333333,19.8,1100.0,25.0,11700.0
P299,1.133333333333333,20.6,600.0,20.0,9400.0
P300,1.133333333333333,20.6,600.0,21.0,9500.0
P301,1.133333333333333,20.6,600.0,22.0,9700.0
P302,1.133333333333333,20.6,600.0,23.0,9800.0
P303,1.133333333333333,20.6,600.0,24.0,10000.0
P304,1.133333333333333,20.6,600.0,25.0,10100.0
P305,1.133333333333333,20.6,700.0,20.0,9400.0
P306,1.133333333333333,20.6,700.0,21.0,9500.0
P307,1.133333333333333,20.6,700.0,22.0,9700.0
P308,1.133333333333333,20.6,700.0,23.0,9800.0
P309,1.133333333333333,20.6,700.0,24.0,10000.0
P310,1.133333333333333,20.6,700.0,25.0,10100.0
P311,1.133333333333333,20.6,800.0,20.0,9400.0
P312,1.133333333333333,20.6,800.0,21.0,9500.0
P313,1.133333333333333,20.6,800.0,22.0,9700.0
P314,1.133333333333333,20.6,800.0,23.0,9800.0
P315,1.133333333333333,20.6,800.0,24.0,10000.0
P316,1.133333333333333,20.6,800.0,25.0,10100.0
P317,1.133333333333333,20.6,900.0,20.0,10000.0
P318,1.133333333333333,20.6,900.0,21.0,10100.0
P319,1.133333333333333,20.6,900.0,22.0,10300.0
P320,1.133333333333333,20.6,900.0,23.0,10400.0
P321,1.133333333333333,20.6,900.0,24.0,10600.0
P322,1.133333333333333,20.6,900.0,25.0,10700.0
P323,1.133333333333333,20.6,1000.0,20.0,11100.0
P324,1.133333333333333,20.6,1000.0,21.0,11200.0
P325,1.133333333333333,20.6,1000.0,22.0,11400.0
P326,1.133333333333333,20.6,1000.0,23.0,11500.0
P327,1.133333333333333,20.6,1000.0,24.0,11700.0
P328,1.133333333333333,20.6,1000.0,25.0,11800.0
P329,1.133333333333333,20.6,1100.0,20.0,11200.0
P330,1.133333333333333,20.6,1100.0,21.0,11300.0
P331,1.133333333333333,20.6,1100.0,22.0,11500.0
P332,1.133333333333333,20.6,1100.0,23.0,11600.0
P333,1.133333333333333,20.6,1100.0,24.0,11800.0
P334,1.133333333333333,20.6,1100.0,25.0,11900.0
P335,1.133333333333333,21.4,600.0,20.0,9600.0
P336,1.133333333333333,21.4,600.0,21.0,9700.0
P337,1.133333333333333,21.4,600.0,22.0,9900.0
P338,1.133333333333333,21.4,600.0,23.0,10000.0
P339,1.133333333333333,21.4,600.0,24.0,10200.0
P340,1.133333333333333,21.4,600.0,25.0,10300.0
P341,1.133333333333333,21.4,700.0,20.0,9600.0
P342,1.133333333333333,21.4,700.0,21.0,9700.0
P343,1.133333333333333,21.4,700.0,22.0,9900.0
P344,1.133333333333333,21.4,700.0,23.0,10000.0
P345,1.133333333333333,21.4,700.0,24.0,10200.0
P346,1.133333333333333,21.4,700.0,25.0,10300.0
P347,1.133333333333333,21.4,800.0,20.0,9600.0
P348,1.133333333333333,21.4,800.0,21.0,9700.0
P349,1.133333333333333,21.4,800.0,22.0,9900.0
P350,1.133333333333333,21.4,800.0,23.0,10000.0
P351,1.133333333333333,21.4,800.0,24.0,10200.0
P352,1.133333333333333,21.4,800.0,25.0,10300.0
P353,1.133333333333333,21.4,900.0,20.0,10200.0
P354,1.133333333333333,21.4,900.0,21.0,10300.0
P355,1.133333333333333,21.4,900.0,22.0,10500.0
P356,1.133333333333333,21.4,900.0,23.0,10600.0
P357,1.133333333333333,21.4,900.0,24.0,10800.0
P358,1.133333333333333,21.4,900.0,25.0,10900.0
P359,1.133333333333333,21.4,1000.0,20.0,11300.0
P360,1.133333333333333,21.4,1000.0,21.0,11400.0
P361,1.133333333333333,21.4,1000.0,22.0,11600.0
P362,1.133333333333333,21.4,1000.0,23.0,11700.0
P363,1.133333333333333,21.4,1000.0,24.0,11900.0
P364,1.133333333333333,21.4,1000.0,25.0,12000.0
P365,1.133333333333333,21.4,1100.0,20.0,11400.0
P366,1.133333333333333,21.4,1100.0,21.0,11500.0
P367,1.133333333333333,21.4,1100.0,22.0,11700.0
P368,1.133333333333333,21.4,1100.0,23.0,11800.0
P369,1.133333333333333,21.4,1100.0,24.0,12000.0
P370,1.133333333333333,21.4,1100.0,25.0,12100.0
P371,1.133333333333333,22.2,600.0,20.0,9700.0
P372,1.133333333333333,22.2,600.0,21.0,9800.0
P373,1.133333333333333,22.2,600.0,22.0,10000.0
P374,1.133333333333333,22.2,600.0,23.0,10100.0
P375,1.133333333333333,22.2,600.0,24.0,10300.0
P376,1.133333333333333,22.2,600.0,25.0,10400.0
P377,1.133333333333333,22.2,700.0,20.0,9700.0
P378,1.133333333333333,22.2,700.0,21.0,9800.0
P379,1.133333333333333,22.2,700.0,22.0,10000.0
P380,1.133333333333333,22.2,700.0,23.0,10100.0
P381,1.133333333333333,22.2,700.0,24.0,10300.0
P382,1.133333333333333,22.2,700.0,25.0,10400.0
P383,1.133333333333333,22.2,800.0,20.0,9700.0
P384,1.133333333333333,22.2,800.0,21.0,9800.0
P385,1.133333333333333,22.2,800.0,22.0,10000.0
P386,1.133333333333333,22.2,800.0,23.0,10100.0
P387,1.133333333333333,22.2,800.0,24.0,10300.0
P388,1.133333333333333,22.2,800.0,25.0,10400.0
P389,1.133333333333333,22.2,900.0,20.0,10400.0
P390,1.133333333333333,22.2,900.0,21.0,10500.0
P391,1.133333333333333,22.2,900.0,22.0,10700.0
P392,1.133333333333333,22.2,900.0,23.0,10800.0
P393,1.133333333333333,22.2,900.0,24.0,11000.0
P394,1.133333333333333,22.2,900.0,25.0,11100.0
P395,1.133333333333333,22.2,1000.0,20.0,11700.0
P396,1.133333333333333,22.2,1000.0,21.0,11800.0
P397,1.133333333333333,22.2,1000.0,22.0,12000.0
P398,1.133333333333333,22.2,1000.0,23.0,12100.0
P399,1.133333333333333,22.2,1000.0,24.0,12300.0
P400,1.133333333333333,22.2,1000.0,25.0,12400.0
P401,1.133333333333333,22.2,1100.0,20.0,11700.0
P402,1.133333333333333,22.2,1100.0,21.0,11800.0
P403,1.133333333333333,22.2,1100.0,22.0,12000.0
P404,1.133333333333333,22.2,1100.0,23.0,12100.0
P405,1.133333333333333,22.2,1100.0,24.0,12300.0
P406,1.133333333333333,22.2,1100.0,25.0,12400.0
P407,1.133333333333333,23.0,600.0,20.0,10000.0
P408,1.133333333333333,23.0,600.0,21.0,10100.0
P409,1.133333333333333,23.0,600.0,22.0,10300.0
P410,1.133333333333333,23.0,600.0,23.0,10400.0
P411,1.133333333333333,23.0,600.0,24.0,10600.0
P412,1.133333333333333,23.0,600.0,25.0,10700.0
P413,1.133333333333333,23.0,700.0,20.0,10000.0
P414,1.133333333333333,23.0,700.0,21.0,10100.0
P415,1.133333333333333,23.0,700.0,22.0,10300.0
P416,1.133333333333333,23.0,700.0,23.0,10400.0
P417,1.133333333333333,23.0,700.0,24.0,10600.0
P418,1.133333333333333,23.0,700.0,25.0,10700.0
P419,1.133333333333333,23.0,800.0,20.0,10000.0
P420,1.133333333333333,23.0,800.0,21.0,10100.0
P421,1.133333333333333,23.0,800.0,22.0,10300.0
P422,1.133333333333333,23.0,800.0,23.0,10400.0
P423,1.133333333333333,23.0,800.0,24.0,10600.0
P424,1.133333333333333,23.0,800.0,25.0,10700.0
P425,1.133333333333333,23.0,900.0,20.0,10700.0
P426,1.133333333333333,23.0,900.0,21.0,10800.0
P427,1.133333333333333,23.0,900.0,22.0,11000.0
P428,1.133333333333333,23.0,900.0,23.0,11100.0
P429,1.133333333333333,23.0,900.0,24.0,11300.0
P430,1.133333333333333,23.0,900.0,25.0,11400.0
P431,1.133333333333333,23.0,1000.0,20.0,12000.0
P432,1.133333333333333,23.0,1000.0,21.0,12100.0
P433,1.133333333333333,23.0,1000.0,22.0,12300.0
P434,1.133333333333333,23.0,1000.0,23.0,12400.0
P435,1.133333333333333,23.0,1000.0,24.0,12600.0
P436,1.133333333333333,23.0,1000.0,25.0,12700.0
P437,1.133333333333333,23.0,1100.0,20.0,12000.0
P438,1.133333333333333,23.0,1100.0,21.0,12100.0
P439,1.133333333333333,23.0,1100.0,22.0,12300.0
P440,1.133333333333333,23.0,1100.0,23.0,12400.0
P441,1.133333333333333,23.0,1100.0,24.0,12600.0
P442,1.133333333333333,23.0,1100.0,25.0,12700.0
P443,1.266666666666667,19.0,600.0,20.0,10600.0
P444,1.266666666666667,19.0,600.0,21.0,10700.0
P445,1.266666666666667,19.0,600.0,22.0,10900.0
P446,1.266666666666667,19.0,600.0,23.0,11100.0
P447,1.266666666666667,19.0,600.0,24.0,11300.0
P448,1.266666666666667,19.0,600.0,25.0,11400.0
P449,1.266666666666667,19.0,700.0,20.0,10600.0
P450,1.266666666666667,19.0,700.0,21.0,10700.0
P451,1.266666666666667,19.0,700.0,22.0,10900.0
P452,1.266666666666667,19.0,700.0,23.0,11100.0
P453,1.266666666666667,19.0,700.0,24.0,11300.0
P454,1.266666666666667,19.0,700.0,25.0,11400.0
P455,1.266666666666667,19.0,800.0,20.0,10600.0
P456,1.266666666666667,19.0,800.0,21.0,10700.0
P457,1.266666666666667,19.0,800.0,22.0,10900.0
P458,1.266666666666667,19.0,800.0,23.0,11100.0
P459,1.266666666666667,19.0,800.0,24.0,11300.0
P460,1.266666666666667,19.0,800.0,25.0,11400.0
P461,1.266666666666667,19.0,900.0,20.0,12900.0
P462,1.266666666666667,19.0,900.0,21.0,13000.0
P463,1.266666666666667,19.0,900.0,22.0,13200.0
P464,1.266666666666667,19.0,900.0,23.0,13400.0
P465,1.266666666666667,19.0,900.0,24.0,13600.0
P466,1.266666666666667,19.0,900.0,25.0,13700.0
P467,1.266666666666667,19.0,1000.0,20.0,12900.0
P468,1.266666666666667,19.0,1000.0,21.0,13000.0
P469,1.266666666666667,19.0,1000.0,22.0,13200.0
P470,1.266666666666667,19.0,1000.0,23.0,13400.0
P471,1.266666666666667,19.0,1000.0,24.0,13600.0
P472,1.266666666666667,19.0,1000.0,25.0,13700.0
P473,1.266666666666667,19.0,1100.0,20.0,12900.0
P474,1.266666666666667,19.0,1100.0,21.0,13000.0
P475,1.266666666666667,19.0,1100.0,22.0,13200.0
P476,1.266666666666667,19.0,1100.0,23.0,13400.0
P477,1.266666666666667,19.0,1100.0,24.0,13600.0
P478,1.266666666666667,19.0,1100.0,25.0,13700.0
P479,1.266666666666667,19.8,600.0,20.0,10800.0
P480,1.266666666666667,19.8,600.0,21.0,10900.0
P481,1.266666666666667,19.8,600.0,22.0,11100.0
P482,1.266666666666667,19.8,600.0,23.0,11300.0
P483,1.266666666666667,19.8,600.0,24.0,11500.0
P484,1.266666666666667,19.8,600.0,25.0,11600.0
P485,1.266666666666667,19.8,700.0,20.0,10800.0
P486,1.266666666666667,19.8,700.0,21.0,10900.0
P487,1.266666666666667,19.8,700.0,22.0,11100.0
P488,1.266666666666667,19.8,700.0,23.0,11300.0
P489,1.266666666666667,19.8,700.0,24.0,11500.0
P490,1.266666666666667,19.8,700.0,25.0,11600.0
P491,1.266666666666667,19.8,800.0,20.0,10900.0
P492,1.266666666666667,19.8,800.0,21.0,11000.0
P493,1.266666666666667,19.8,800.0,22.0,11200.0
P494,1.266666666666667,19.8,800.0,23.0,11400.0
P495,1.266666666666667,19.8,800.0,24.0,11600.0
P496,1.266666666666667,19.8,800.0,25.0,11700.0
P497,1.266666666666667,19.8,900.0,20.0,13200.0
P498,1.266666666666667,19.8,900.0,21.0,13300.0
P499,1.266666666666667,19.8,900.0,22.0,13500.0
P500,1.266666666666667,19.8,900.0,23.0,13700.0
P501,1.266666666666667,19.8,900.0,24.0,13900.0
P502,1.266666666666667,19.8,900.0,25.0,14000.0
P503,1.266666666666667,19.8,1000.0,20.0,13200.0
P504,1.266666666666667,19.8,1000.0,21.0,13300.0
P505,1.266666666666667,19.8,1000.0,22.0,13500.0
P506,1.266666666666667,19.8,1000.0,23.0,13700.0
P507,1.266666666666667,19.8,1000.0,24.0,13900.0
P508,1.266666666666667,19.8,1000.0,25.0,14000.0
P509,1.266666666666667,19.8,1100.0,20.0,13200.0
P510,1.266666666666667,19.8,1100.0,21.0,13300.0
P511,1.266666666666667,19.8,1100.0,22.0,13500.0
P512,1.266666666666667,19.8,1100.0,23.0,13700.0
P513,1.266666666666667,19.8,1100.0,24.0,13900.0
P514,1.266666666666667,19.8,1100.0,25.0,14000.0
P515,1.266666666666667,20.6,600.0,20.0,11000.0
P516,1.266666666666667,20.6,600.0,21.0,11100.0
P517,1.266666666666667,20.6,600.0,22.0,11300.0
P518,1.266666666666667,20.6,600.0,23.0,11500.0
P519,1.266666666666667,20.6,600.0,24.0,11700.0
P520,1.266666666666667,20.6,600.0,25.0,11800.0
P521,1.266666666666667,20.6,700.0,20.0,11000.0
P522,1.266666666666667,20.6,700.0,21.0,11100.0
P523,1.266666666666667,20.6,700.0,22.0,11300.0
P524,1.266666666666667,20.6,700.0,23.0,11500.0
P525,1.266666666666667,20.6,700.0,24.0,11700.0
P526,1.266666666666667,20.6,700.0,25.0,11800.0
P527,1.266666666666667,20.6,800.0,20.0,11100.0
P528,1.266666666666667,20.6,800.0,21.0,11200.0
P529,1.266666666666667,20.6,800.0,22.0,11400.0
P530,1.266666666666667,20.6,800.0,23.0,11600.0
P531,1.266666666666667,20.6,800.0,24.0,11800.0
P532,1.266666666666667,20.6,800.0,25.0,11900.0
P533,1.266666666666667,20.6,900.0,20.0,13500.0
P534,1.266666666666667,20.6,900.0,21.0,13600.0
P535,1.266666666666667,20.6,900.0,22.0,13800.0
P536,1.266666666666667,20.6,900.0,23.0,14000.0
P537,1.266666666666667,20.6,900.0,24.0,14200.0
P538,1.266666666666667,20.6,900.0,25.0,14300.0
P539,1.266666666666667,20.6,1000.0,20.0,13500.0
P540,1.266666666666667,20.6,1000.0,21.0,13600.0
P541,1.266666666666667,20.6,1000.0,22.0,13800.0
P542,1.266666666666667,20.6,1000.0,23.0,14000.0
P543,1.266666666666667,20.6,1000.0,24.0,14200.0
P544,1.266666666666667,20.6,1000.0,25.0,14300.0
P545,1.266666666666667,20.6,1100.0,20.0,13500.0
P546,1.266666666666667,20.6,1100.0,21.0,13600.0
P547,1.266666666666667,20.6,1100.0,22.0,13800.0
P548,1.266666666666667,20.6,1100.0,23.0,14000.0
P549,1.266666666666667,20.6,1100.0,24.0,14200.0
P550,1.266666666666667,20.6,1100.0,25.0,14300.0
P551,1.266666666666667,21.4,600.0,20.0,11200.0
P552,1.266666666666667,21.4,600.0,21.0,11300.0
P553,1.266666666666667,21.4,600.0,22.0,11500.0
P554,1.266666666666667,21.4,600.0,23.0,11700.0
P555,1.266666666666667,21.4,600.0,24.0,11900.0
P556,1.266666666666667,21.4,600.0,25.0,12000.0
P557,1.266666666666667,21.4,700.0,20.0,11200.0
P558,1.266666666666667,21.4,700.0,21.0,11300.0
P559,1.266666666666667,21.4,700.0,22.0,11500.0
P560,1.266666666666667,21.4,700.0,23.0,11700.0
P561,1.266666666666667,21.4,700.0,24.0,11900.0
P562,1.266666666666667,21.4,700.0,25.0,12000.0
P563,1.266666666666667,21.4,800.0,20.0,11300.0
P564,1.266666666666667,21.4,800.0,21.0,11400.0
P565,1.266666666666667,21.4,800.0,22.0,11600.0
P566,1.266666666666667,21.4,800.0,23.0,11800.0
P567,1.266666666666667,21.4,800.0,24.0,12000.0
P568,1.266666666666667,21.4,800.0,25.0,12100.0
P569,1.266666666666667,21.4,900.0,20.0,13700.0
P570,1.266666666666667,21.4,900.0,21.0,13800.0
P571,1.266666666666667,21.4,900.0,22.0,14000.0
P572,1.266666666666667,21.4,900.0,23.0,14200.0
P573,1.266666666666667,21.4,900.0,24.0,14400.0
P574,1.266666666666667,21.4,900.0,25.0,14500.0
P575,1.266666666666667,21.4,1000.0,20.0,13700.0
P576,1.266666666666667,21.4,1000.0,21.0,13800.0
P577,1.266666666666667,21.4,1000.0,22.0,14000.0
P578,1.266666666666667,21.4,1000.0,23.0,14200.0
P579,1.266666666666667,21.4,1000.0,24.0,14400.0
P580,1.266666666666667,21.4,1000.0,25.0,14500.0
P581,1.266666666666667,21.4,1100.0,20.0,13700.0
P582,1.266666666666667,21.4,1100.0,21.0,13800.0
P583,1.266666666666667,21.4,1100.0,22.0,14000.0
P584,1.266666666666667,21.4,1100.0,23.0,14200.0
P585,1.266666666666667,21.4,1100.0,24.0,14400.0
P586,1.266666666666667,21.4,1100.0,25.0,14500.0
P587,1.266666666666667,22.2,600.0,20.0,11600.0
P588,1.266666666666667,22.2,600.0,21.0,11700.0
P589,1.266666666666667,22.2,600.0,22.0,11900.0
P590,1.266666666666667,22.2,600.0,23.0,12100.0
P591,1.266666666666667,22.2,600.0,24.0,12300.0
P592,1.266666666666667,22.2,600.0,25.0,12400.0
P593,1.266666666666667,22.2,700.0,20.0,11600.0
P594,1.266666666666667,22.2,700.0,21.0,11700.0
P595,1.266666666666667,22.2,700.0,22.0,11900.0
P596,1.266666666666667,22.2,700.0,23.0,12100.0
P597,1.266666666666667,22.2,700.0,24.0,12300.0
P598,1.266666666666667,22.2,700.0,25.0,12400.0
P599,1.266666666666667,22.2,800.0,20.0,11600.0
P600,1.266666666666667,22.2,800.0,21.0,11700.0
P601,1.266666666666667,22.2,800.0,22.0,11900.0
P602,1.266666666666667,22.2,800.0,23.0,12100.0
P603,1.266666666666667,22.2,800.0,24.0,12300.0
P604,1.266666666666667,22.2,800.0,25.0,12400.0
P605,1.266666666666667,22.2,900.0,20.0,14100.0
P606,1.266666666666667,22.2,900.0,21.0,14200.0
P607,1.266666666666667,22.2,900.0,22.0,14400.0
P608,1.266666666666667,22.2,900.0,23.0,14600.0
P609,1.266666666666667,22.2,900.0,24.0,14800.0
P610,1.266666666666667,22.2,900.0,25.0,14900.0
P611,1.266666666666667,22.2,1000.0,20.0,14100.0
P612,1.266666666666667,22.2,1000.0,21.0,14200.0
P613,1.266666666666667,22.2,1000.0,22.0,14400.0
P614,1.266666666666667,22.2,1000.0,23.0,14600.0
P615,1.266666666666667,22.2,1000.0,24.0,14800.0
P616,1.266666666666667,22.2,1000.0,25.0,14900.0
P617,1.266666666666667,22.2,1100.0,20.0,14100.0
P618,1.266666666666667,22.2,1100.0,21.0,14200.0
P619,1.266666666666667,22.2,1100.0,22.0,14400.0
P620,1.266666666666667,22.2,1100.0,23.0,14600.0
P621,1.266666666666667,22.2,1100.0,24.0,14800.0
P622,1.266666666666667,22.2,1100.0,25.0,14900.0
P623,1.266666666666667,23.0,600.0,20.0,11800.0
P624,1.266666666666667,23.0,600.0,21.0,11900.0
P625,1.266666666666667,23.0,600.0,22.0,12100.0
P626,1.266666666666667,23.0,600.0,23.0,12300.0
P627,1.266666666666667,23.0,600.0,24.0,12500.0
P628,1.266666666666667,23.0,600.0,25.0,12600.0
P629,1.266666666666667,23.0,700.0,20.0,11800.0
P630,1.266666666666667,23.0,700.0,21.0,11900.0
P631,1.266666666666667,23.0,700.0,22.0,12100.0
P632,1.266666666666667,23.0,700.0,23.0,12300.0
P633,1.266666666666667,23.0,700.0,24.0,12500.0
P634,1.266666666666667,23.0,700.0,25.0,12600.0
P635,1.266666666666667,23.0,800.0,20.0,11800.0
P636,1.266666666666667,23.0,800.0,21.0,11900.0
P637,1.266666666666667,23.0,800.0,22.0,12100.0
P638,1.266666666666667,23.0,800.0,23.0,12300.0
P639,1.266666666666667,23.0,800.0,24.0,12500.0
P640,1.266666666666667,23.0,800.0,25.0,12600.0
P641,1.266666666666667,23.0,900.0,20.0,14300.0
P642,1.266666666666667,23.0,900.0,21.0,14400.0
P643,1.266666666666667,23.0,900.0,22.0,14600.0
P644,1.266666666666667,23.0,900.0,23.0,14800.0
P645,1.266666666666667,23.0,900.0,24.0,15000.0
P646,1.266666666666667,23.0,900.0,25.0,15100.0
P647,1.266666666666667,23.0,1000.0,20.0,14300.0
P648,1.266666666666667,23.0,1000.0,21.0,14400.0
P649,1.266666666666667,23.0,1000.0,22.0,14600.0
P650,1.266666666666667,23.0,1000.0,23.0,14800.0
P651,1.266666666666667,23.0,1000.0,24.0,15000.0
P652,1.266666666666667,23.0,1000.0,25.0,15100.0
P653,1.266666666666667,23.0,1100.0,20.0,14300.0
P654,1.266666666666667,23.0,1100.0,21.0,14400.0
P655,1.266666666666667,23.0,1100.0,22.0,14600.0
P656,1.266666666666667,23.0,1100.0,23.0,14800.0
P657,1.266666666666667,23.0,1100.0,24.0,15000.0
P658,1.266666666666667,23.0,1100.0,25.0,15100.0
P659,1.4,19.0,600.0,20.0,11900.0
P660,1.4,19.0,600.0,21.0,12100.0
P661,1.4,19.0,600.0,22.0,12300.0
P662,1.4,19.0,600.0,23.0,12500.0
P663,1.4,19.0,600.0,24.0,12700.0
P664,1.4,19.0,600.0,25.0,12900.0
P665,1.4,19.0,700.0,20.0,12000.0
P666,1.4,19.0,700.0,21.0,12200.0
P667,1.4,19.0,700.0,22.0,12400.0
P668,1.4,19.0,700.0,23.0,12600.0
P669,1.4,19.0,700.0,24.0,12800.0
P670,1.4,19.0,700.0,25.0,13000.0
P671,1.4,19.0,800.0,20.0,12000.0
P672,1.4,19.0,800.0,21.0,12200.0
P673,1.4,19.0,800.0,22.0,12400.0
P674,1.4,19.0,800.0,23.0,12600.0
P675,1.4,19.0,800.0,24.0,12800.0
P676,1.4,19.0,800.0,25.0,13000.0
P677,1.4,19.0,900.0,20.0,14400.0
P678,1.4,19.0,900.0,21.0,14600.0
P679,1.4,19.0,900.0,22.0,14800.0
P680,1.4,19.0,900.0,23.0,15000.0
P681,1.4,19.0,900.0,24.0,15200.0
P682,1.4,19.0,900.0,25.0,15400.0
P683,1.4,19.0,1000.0,20.0,14300.0
P684,1.4,19.0,1000.0,21.0,14500.0
P685,1.4,19.0,1000.0,22.0,14700.0
P686,1.4,19.0,1000.0,23.0,14900.0
P687,1.4,19.0,1000.0,24.0,15100.0
P688,1.4,19.0,1000.0,25.0,15300.0
P689,1.4,19.0,1100.0,20.0,14300.0
P690,1.4,19.0,1100.0,21.0,14500.0
P691,1.4,19.0,1100.0,22.0,14700.0
P692,1.4,19.0,1100.0,23.0,14900.0
P693,1.4,19.0,1100.0,24.0,15100.0
P694,1.4,19.0,1100.0,25.0,15300.0
P695,1.4,19.8,600.0,20.0,12100.0
P696,1.4,19.8,600.0,21.0,12300.0
P697,1.4,19.8,600.0,22.0,12500.0
P698,1.4,19.8,600.0,23.0,12700.0
P699,1.4,19.8,600.0,24.0,12900.0
P700,1.4,19.8,600.0,25.0,13100.0
P701,1.4,19.8,700.0,20.0,12200.0
P702,1.4,19.8,700.0,21.0,12400.0
P703,1.4,19.8,700.0,22.0,12600.0
P704,1.4,19.8,700.0,23.0,12800.0
P705,1.4,19.8,700.0,24.0,13000.0
P706,1.4,19.8,700.0,25.0,13200.0
P707,1.4,19.8,800.0,20.0,12200.0
P708,1.4,19.8,800.0,21.0,12400.0
P709,1.4,19.8,800.0,22.0,12600.0
P710,1.4,19.8,800.0,23.0,12800.0
P711,1.4,19.8,800.0,24.0,13000.0
P712,1.4,19.8,800.0,25.0,13200.0
P713,1.4,19.8,900.0,20.0,14700.0
P714,1.4,19.8,900.0,21.0,14900.0
P715,1.4,19.8,900.0,22.0,15100.0
P716,1.4,19.8,900.0,23.0,15300.0
P717,1.4,19.8,900.0,24.0,15500.0
P718,1.4,19.8,900.0,25.0,15700.0
P719,1.4,19.8,1000.0,20.0,14700.0
P720,1.4,19.8,1000.0,21.0,14900.0
P721,1.4,19.8,1000.0,22.0,15100.0
P722,1.4,19.8,1000.0,23.0,15300.0
P723,1.4,19.8,1000.0,24.0,15500.0
P724,1.4,19.8,1000.0,25.0,15700.0
P725,1.4,19.8,1100.0,20.0,14700.0
P726,1.4,19.8,1100.0,21.0,14900.0
P727,1.4,19.8,1100.0,22.0,15100.0
P728,1.4,19.8,1100.0,23.0,15300.0
P729,1.4,19.8,1100.0,24.0,15500.0
P730,1.4,19.8,1100.0,25.0,15700.0
P731,1.4,20.6,600.0,20.0,12500.0
P732,1.4,20.6,600.0,21.0,12700.0
P733,1.4,20.6,600.0,22.0,12900.0
P734,1.4,20.6,600.0,23.0,13100.0
P735,1.4,20.6,600.0,24.0,13300.0
P736,1.4,20.6,600.0,25.0,13500.0
P737,1.4,20.6,700.0,20.0,12500.0
P738,1.4,20.6,700.0,21.0,12700.0
P739,1.4,20.6,700.0,22.0,12900.0
P740,1.4,20.6,700.0,23.0,13100.0
P741,1.4,20.6,700.0,24.0,13300.0
P742,1.4,20.6,700.0,25.0,13500.0
P743,1.4,20.6,800.0,20.0,13900.0
P744,1.4,20.6,800.0,21.0,14100.0
P745,1.4,20.6,800.0,22.0,14300.0
P746,1.4,20.6,800.0,23.0,14500.0
P747,1.4,20.6,800.0,24.0,14700.0
P748,1.4,20.6,800.0,25.0,14900.0
P749,1.4,20.6,900.0,20.0,15000.0
P750,1.4,20.6,900.0,21.0,15200.0
P751,1.4,20.6,900.0,22.0,15400.0
P752,1.4,20.6,900.0,23.0,15600.0
P753,1.4,20.6,900.0,24.0,15800.0
P754,1.4,20.6,900.0,25.0,16000.0
P755,1.4,20.6,1000.0,20.0,15000.0
P756,1.4,20.6,1000.0,21.0,15200.0
P757,1.4,20.6,1000.0,22.0,15400.0
P758,1.4,20.6,1000.0,23.0,15600.0
P759,1.4,20.6,1000.0,24.0,15800.0
P760,1.4,20.6,1000.0,25.0,16000.0
P761,1.4,20.6,1100.0,20.0,15000.0
P762,1.4,20.6,1100.0,21.0,15200.0
P763,1.4,20.6,1100.0,22.0,15400.0
P764,1.4,20.6,1100.0,23.0,15600.0
P765,1.4,20.6,1100.0,24.0,15800.0
P766,1.4,20.6,1100.0,25.0,16000.0
P767,1.4,21.4,600.0,20.0,12700.0
P768,1.4,21.4,600.0,21.0,12900.0
P769,1.4,21.4,600.0,22.0,13100.0
P770,1.4,21.4,600.0,23.0,13300.0
P771,1.4,21.4,600.0,24.0,13500.0
P772,1.4,21.4,600.0,25.0,13700.0
P773,1.4,21.4,700.0,20.0,12700.0
P774,1.4,21.4,700.0,21.0,12900.0
P775,1.4,21.4,700.0,22.0,13100.0
P776,1.4,21.4,700.0,23.0,13300.0
P777,1.4,21.4,700.0,24.0,13500.0
P778,1.4,21.4,700.0,25.0,13700.0
P779,1.4,21.4,800.0,20.0,14100.0
P780,1.4,21.4,800.0,21.0,14300.0
P781,1.4,21.4,800.0,22.0,14500.0
P782,1.4,21.4,800.0,23.0,14700.0
P783,1.4,21.4,800.0,24.0,14900.0
P784,1.4,21.4,800.0,25.0,15100.0
P785,1.4,21.4,900.0,20.0,15200.0
P786,1.4,21.4,900.0,21.0,15400.0
P787,1.4,21.4,900.0,22.0,15600.0
P788,1.4,21.4,900.0,23.0,15800.0
P789,1.4,21.4,900.0,24.0,16000.0
P790,1.4,21.4,900.0,25.0,16200.0
P791,1.4,21.4,1000.0,20.0,15200.0
P792,1.4,21.4,1000.0,21.0,15400.0
P793,1.4,21.4,1000.0,22.0,15600.0
P794,1.4,21.4,1000.0,23.0,15800.0
P795,1.4,21.4,1000.0,24.0,16000.0
P796,1.4,21.4,1000.0,25.0,16200.0
P797,1.4,21.4,1100.0,20.0,15200.0
P798,1.4,21.4,1100.0,21.0,15400.0
P799,1.4,21.4,1100.0,22.0,15600.0
P800,1.4,21.4,1100.0,23.0,15800.0
P801,1.4,21.4,1100.0,24.0,16000.0
P802,1.4,21.4,1100.0,25.0,16200.0
P803,1.4,22.2,600.0,20.0,13000.0
P804,1.4,22.2,600.0,21.0,13200.0
P805,1.4,22.2,600.0,22.0,13400.0
P806,1.4,22.2,600.0,23.0,13600.0
P807,1.4,22.2,600.0,24.0,13800.0
P808,1.4,22.2,600.0,25.0,14000.0
P809,1.4,22.2,700.0,20.0,13100.0
P810,1.4,22.2,700.0,21.0,13300.0
P811,1.4,22.2,700.0,22.0,13500.0
P812,1.4,22.2,700.0,23.0,13700.0
P813,1.4,22.2,700.0,24.0,13900.0
P814,1.4,22.2,700.0,25.0,14100.0
P815,1.4,22.2,800.0,20.0,14600.0
P816,1.4,22.2,800.0,21.0,14800.0
P817,1.4,22.2,800.0,22.0,15000.0
P818,1.4,22.2,800.0,23.0,15200.0
P819,1.4,22.2,800.0,24.0,15400.0
P820,1.4,22.2,800.0,25.0,15600.0
P821,1.4,22.2,900.0,20.0,15700.0
P822,1.4,22.2,900.0,21.0,15900.0
P823,1.4,22.2,900.0,22.0,16100.0
P824,1.4,22.2,900.0,23.0,16300.0
P825,1.4,22.2,900.0,24.0,16500.0
P826,1.4,22.2,900.0,25.0,16700.0
P827,1.4,22.2,1000.0,20.0,15700.0
P828,1.4,22.2,1000.0,21.0,15900.0
P829,1.4,22.2,1000.0,22.0,16100.0
P830,1.4,22.2,1000.0,23.0,16300.0
P831,1.4,22.2,1000.0,24.0,16500.0
P832,1.4,22.2,1000.0,25.0,16700.0
P833,1.4,22.2,1100.0,20.0,15700.0
P834,1.4,22.2,1100.0,21.0,15900.0
P835,1.4,22.2,1100.0,22.0,16100.0
P836,1.4,22.2,1100.0,23.0,16300.0
P837,1.4,22.2,1100.0,24.0,16500.0
P838,1.4,22.2,1100.0,25.0,16700.0
P839,1.4,23.0,600.0,20.0,13200.0
P840,1.4,23.0,600.0,21.0,13400.0
P841,1.4,23.0,600.0,22.0,13600.0
P842,1.4,23.0,600.0,23.0,13800.0
P843,1.4,23.0,600.0,24.0,14000.0
P844,1.4,23.0,600.0,25.0,14200.0
P845,1.4,23.0,700.0,20.0,13300.0
P846,1.4,23.0,700.0,21.0,13500.0
P847,1.4,23.0,700.0,22.0,13700.0
P848,1.4,23.0,700.0,23.0,13900.0
P849,1.4,23.0,700.0,24.0,14100.0
P850,1.4,23.0,700.0,25.0,14300.0
P851,1.4,23.0,800.0,20.0,14900.0
P852,1.4,23.0,800.0,21.0,15100.0
P853,1.4,23.0,800.0,22.0,15300.0
P854,1.4,23.0,800.0,23.0,15500.0
P855,1.4,23.0,800.0,24.0,15700.0
P856,1.4,23.0,800.0,25.0,15900.0
P857,1.4,23.0,900.0,20.0,16000.0
P858,1.4,23.0,900.0,21.0,16200.0
P859,1.4,23.0,900.0,22.0,16400.0
P860,1.4,23.0,900.0,23.0,16600.0
P861,1.4,23.0,900.0,24.0,16800.0
P862,1.4,23.0,900.0,25.0,17000.0
P863,1.4,23.0,1000.0,20.0,16000.0
P864,1.4,23.0,1000.0,21.0,16200.0
P865,1.4,23.0,1000.0,22.0,16400.0
P866,1.4,23.0,1000.0,23.0,16600.0
P867,1.4,23.0,1000.0,24.0,16800.0
P868,1.4,23.0,1000.0,25.0,17000.0
P869,1.4,23.0,1100.0,20.0,16000.0
P870,1.4,23.0,1100.0,21.0,16200.0
P871,1.4,23.0,1100.0,22.0,16400.0
P872,1.4,23.0,1100.0,23.0,16600.0
P873,1.4,23.0,1100.0,24.0,16800.0
P874,1.4,23.0,1100.0,25.0,17000.0
P875,1.533333333333333,19.0,600.0,20.0,13400.0
P876,1.533333333333333,19.0,600.0,21.0,13600.0
P877,1.533333333333333,19.0,600.0,22.0,13800.0
P878,1.533333333333333,19.0,600.0,23.0,14100.0
P879,1.533333333333333,19.0,600.0,24.0,14300.0
P880,1.533333333333333,19.0,600.0,25.0,14500.0
P881,1.533333333333333,19.0,700.0,20.0,13400.0
P882,1.533333333333333,19.0,700.0,21.0,13600.0
P883,1.533333333333333,19.0,700.0,22.0,13800.0
P884,1.533333333333333,19.0,700.0,23.0,14100.0
P885,1.533333333333333,19.0,700.0,24.0,14300.0
P886,1.533333333333333,19.0,700.0,25.0,14500.0
P887,1.533333333333333,19.0,800.0,20.0,14900.0
P888,1.533333333333333,19.0,800.0,21.0,15100.0
P889,1.533333333333333,19.0,800.0,22.0,15300.0
P890,1.533333333333333,19.0,800.0,23.0,15600.0
P891,1.533333333333333,19.0,800.0,24.0,15800.0
P892,1.533333333333333,19.0,800.0,25.0,16000.0
P893,1.533333333333333,19.0,900.0,20.0,15900.0
P894,1.533333333333333,19.0,900.0,21.0,16100.0
P895,1.533333333333333,19.0,900.0,22.0,16300.0
P896,1.533333333333333,19.0,900.0,23.0,16600.0
P897,1.533333333333333,19.0,900.0,24.0,16800.0
P898,1.533333333333333,19.0,900.0,25.0,17000.0
P899,1.533333333333333,19.0,1000.0,20.0,15900.0
P900,1.533333333333333,19.0,1000.0,21.0,16100.0
P901,1.533333333333333,19.0,1000.0,22.0,16300.0
P902,1.533333333333333,19.0,1000.0,23.0,16600.0
P903,1.533333333333333,19.0,1000.0,24.0,16800.0
P904,1.533333333333333,19.0,1000.0,25.0,17000.0
P905,1.533333333333333,19.0,1100.0,20.0,17600.0
P906,1.533333333333333,19.0,1100.0,21.0,17800.0
P907,1.533333333333333,19.0,1100.0,22.0,18000.0
P908,1.533333333333333,19.0,1100.0,23.0,18300.0
P909,1.533333333333333,19.0,1100.0,24.0,18500.0
P910,1.533333333333333,19.0,1100.0,25.0,18700.0
P911,1.533333333333333,19.8,600.0,20.0,13700.0
P912,1.533333333333333,19.8,600.0,21.0,13900.0
P913,1.533333333333333,19.8,600.0,22.0,14100.0
P914,1.533333333333333,19.8,600.0,23.0,14400.0
P915,1.533333333333333,19.8,600.0,24.0,14600.0
P916,1.533333333333333,19.8,600.0,25.0,14800.0
P917,1.533333333333333,19.8,700.0,20.0,13700.0
P918,1.533333333333333,19.8,700.0,21.0,13900.0
P919,1.533333333333333,19.8,700.0,22.0,14100.0
P920,1.533333333333333,19.8,700.0,23.0,14400.0
P921,1.533333333333333,19.8,700.0,24.0,14600.0
P922,1.533333333333333,19.8,700.0,25.0,14800.0
P923,1.533333333333333,19.8,800.0,20.0,15200.0
P924,1.533333333333333,19.8,800.0,21.0,15400.0
P925,1.533333333333333,19.8,800.0,22.0,15600.0
P926,1.533333333333333,19.8,800.0,23.0,15900.0
P927,1.533333333333333,19.8,800.0,24.0,16100.0
P928,1.533333333333333,19.8,800.0,25.0,16300.0
P929,1.533333333333333,19.8,900.0,20.0,16200.0
P930,1.533333333333333,19.8,900.0,21.0,16400.0
P931,1.533333333333333,19.8,900.0,22.0,16600.0
P932,1.533333333333333,19.8,900.0,23.0,16900.0
P933,1.533333333333333,19.8,900.0,24.0,17100.0
P934,1.533333333333333,19.8,900.0,25.0,17300.0
P935,1.533333333333333,19.8,1000.0,20.0,16200.0
P936,1.533333333333333,19.8,1000.0,21.0,16400.0
P937,1.533333333333333,19.8,1000.0,22.0,16600.0
P938,1.533333333333333,19.8,1000.0,23.0,16900.0
P939,1.533333333333333,19.8,1000.0,24.0,17100.0
P940,1.533333333333333,19.8,1000.0,25.0,17300.0
P941,1.533333333333333,19.8,1100.0,20.0,17900.0
P942,1.533333333333333,19.8,1100.0,21.0,18100.0
P943,1.533333333333333,19.8,1100.0,22.0,18300.0
P944,1.533333333333333,19.8,1100.0,23.0,18600.0
P945,1.533333333333333,19.8,1100.0,24.0,18800.0
P946,1.533333333333333,19.8,1100.0,25.0,19000.0
P947,1.533333333333333,20.6,600.0,20.0,13900.0
P948,1.533333333333333,20.6,600.0,21.0,14100.0
P949,1.533333333333333,20.6,600.0,22.0,14300.0
P950,1.533333333333333,20.6,600.0,23.0,14600.0
P951,1.533333333333333,20.6,600.0,24.0,14800.0
P952,1.533333333333333,20.6,600.0,25.0,15000.0
P953,1.533333333333333,20.6,700.0,20.0,13900.0
P954,1.533333333333333,20.6,700.0,21.0,14100.0
P955,1.533333333333333,20.6,700.0,22.0,14300.0
P956,1.533333333333333,20.6,700.0,23.0,14600.0
P957,1.533333333333333,20.6,700.0,24.0,14800.0
P958,1.533333333333333,20.6,700.0,25.0,15000.0
P959,1.533333333333333,20.6,800.0,20.0,15600.0
P960,1.533333333333333,20.6,800.0,21.0,15800.0
P961,1.533333333333333,20.6,800.0,22.0,16000.0
P962,1.533333333333333,20.6,800.0,23.0,16300.0
P963,1.533333333333333,20.6,800.0,24.0,16500.0
P964,1.533333333333333,20.6,800.0,25.0,16700.0
P965,1.533333333333333,20.6,900.0,20.0,16600.0
P966,1.533333333333333,20.6,900.0,21.0,16800.0
P967,1.533333333333333,20.6,900.0,22.0,17000.0
P968,1.533333333333333,20.6,900.0,23.0,17300.0
P969,1.533333333333333,20.6,900.0,24.0,17500.0
P970,1.533333333333333,20.6,900.0,25.0,17700.0
P971,1.533333333333333,20.6,1000.0,20.0,16600.0
P972,1.533333333333333,20.6,1000.0,21.0,16800.0
P973,1.533333333333333,20.6,1000.0,22.0,17000.0
P974,1.533333333333333,20.6,1000.0,23.0,17300.0
P975,1.533333333333333,20.6,1000.0,24.0,17500.0
P976,1.533333333333333,20.6,1000.0,25.0,17700.0
P977,1.533333333333333,20.6,1100.0,20.0,18300.0
P978,1.533333333333333,20.6,1100.0,21.0,18500.0
P979,1.533333333333333,20.6,1100.0,22.0,18700.0
P980,1.533333333333333,20.6,1100.0,23.0,19000.0
P981,1.533333333333333,20.6,1100.0,24.0,19200.0
P982,1.533333333333333,20.6,1100.0,25.0,19400.0
P983,1.533333333333333,21.4,600.0,20.0,14400.0
P984,1.533333333333333,21.4,600.0,21.0,14600.0
P985,1.533333333333333,21.4,600.0,22.0,14800.0
P986,1.533333333333333,21.4,600.0,23.0,15100.0
P987,1.533333333333333,21.4,600.0,24.0,15300.0
P988,1.533333333333333,21.4,600.0,25.0,15500.0
P989,1.533333333333333,21.4,700.0,20.0,14400.0
P990,1.533333333333333,21.4,700.0,21.0,14600.0
P991,1.533333333333333,21.4,700.0,22.0,14800.0
P992,1.533333333333333,21.4,700.0,23.0,15100.0
P993,1.533333333333333,21.4,700.0,24.0,15300.0
P994,1.533333333333333,21.4,700.0,25.0,15500.0
P995,1.533333333333333,21.4,800.0,20.0,16100.0
P996,1.533333333333333,21.4,800.0,21.0,16300.0
P997,1.533333333333333,21.4,800.0,22.0,16500.0
P998,1.533333333333333,21.4,800.0,23.0,16800.0
P999,1.533333333333333,21.4,800.0,24.0,17000.0
P1000,1.533333333333333,21.4,800.0,25.0,17200.0
P1001,1.533333333333333,21.4,900.0,20.0,17100.0
P1002,1.533333333333333,21.4,900.0,21.0,17300.0
P1003,1.533333333333333,21.4,900.0,22.0,17500.0
P1004,1.533333333333333,21.4,900.0,23.0,17800.0
P1005,1.533333333333333,21.4,900.0,24.0,18000.0
P1006,1.533333333333333,21.4,900.0,25.0,18200.0
P1007,1.533333333333333,21.4,1000.0,20.0,17100.0
P1008,1.533333333333333,21.4,1000.0,21.0,17300.0
P1009,1.533333333333333,21.4,1000.0,22.0,17500.0
P1010,1.533333333333333,21.4,1000.0,23.0,17800.0
P1011,1.533333333333333,21.4,1000.0,24.0,18000.0
P1012,1.533333333333333,21.4,1000.0,25.0,18200.0
P1013,1.533333333333333,21.4,1100.0,20.0,18800.0
P1014,1.533333333333333,21.4,1100.0,21.0,19000.0
P1015,1.533333333333333,21.4,1100.0,22.0,19200.0
P1016,1.533333333333333,21.4,1100.0,23.0,19500.0
P1017,1.533333333333333,21.4,1100.0,24.0,19700.0
P1018,1.533333333333333,21.4,1100.0,25.0,19900.0
P1019,1.533333333333333,22.2,600.0,20.0,14600.0
P1020,1.533333333333333,22.2,600.0,21.0,14800.0
P1021,1.533333333333333,22.2,600.0,22.0,15000.0
P1022,1.533333333333333,22.2,600.0,23.0,15300.0
P1023,1.533333333333333,22.2,600.0,24.0,15500.0
P1024,1.533333333333333,22.2,600.0,25.0,15700.0
P1025,1.533333333333333,22.2,700.0,20.0,14600.0
P1026,1.533333333333333,22.2,700.0,21.0,14800.0
P1027,1.533333333333333,22.2,700.0,22.0,15000.0
P1028,1.533333333333333,22.2,700.0,23.0,15300.0
P1029,1.533333333333333,22.2,700.0,24.0,15500.0
P1030,1.533333333333333,22.2,700.0,25.0,15700.0
P1031,1.533333333333333,22.2,800.0,20.0,16400.0
P1032,1.533333333333333,22.2,800.0,21.0,16600.0
P1033,1.533333333333333,22.2,800.0,22.0,16800.0
P1034,1.533333333333333,22.2,800.0,23.0,17100.0
P1035,1.533333333333333,22.2,800.0,24.0,17300.0
P1036,1.533333333333333,22.2,800.0,25.0,17500.0
P1037,1.533333333333333,22.2,900.0,20.0,17400.0
P1038,1.533333333333333,22.2,900.0,21.0,17600.0
P1039,1.533333333333333,22.2,900.0,22.0,17800.0
P1040,1.533333333333333,22.2,900.0,23.0,18100.0
P1041,1.533333333333333,22.2,900.0,24.0,18300.0
P1042,1.533333333333333,22.2,900.0,25.0,18500.0
P1043,1.533333333333333,22.2,1000.0,20.0,17400.0
P1044,1.533333333333333,22.2,1000.0,21.0,17600.0
P1045,1.533333333333333,22.2,1000.0,22.0,17800.0
P1046,1.533333333333333,22.2,1000.0,23.0,18100.0
P1047,1.533333333333333,22.2,1000.0,24.0,18300.0
P1048,1.533333333333333,22.2,1000.0,25.0,18500.0
P1049,1.533333333333333,22.2,1100.0,20.0,19200.0
P1050,1.533333333333333,22.2,1100.0,21.0,19400.0
P1051,1.533333333333333,22.2,1100.0,22.0,19600.0
P1052,1.533333333333333,22.2,1100.0,23.0,19900.0
P1053,1.533333333333333,22.2,1100.0,24.0,20100.0
P1054,1.533333333333333,22.2,1100.0,25.0,20300.0
P1055,1.533333333333333,23.0,600.0,20.0,14800.0
P1056,1.533333333333333,23.0,600.0,21.0,15000.0
P1057,1.533333333333333,23.0,600.0,22.0,15200.0
P1058,1.533333333333333,23.0,600.0,23.0,15500.0
P1059,1.533333333333333,23.0,600.0,24.0,15700.0
P1060,1.533333333333333,23.0,600.0,25.0,15900.0
P1061,1.533333333333333,23.0,700.0,20.0,14800.0
P1062,1.533333333333333,23.0,700.0,21.0,15000.0
P1063,1.533333333333333,23.0,700.0,22.0,15200.0
P1064,1.533333333333333,23.0,700.0,23.0,15500.0
P1065,1.533333333333333,23.0,700.0,24.0,15700.0
P1066,1.533333333333333,23.0,700.0,25.0,15900.0
P1067,1.533333333333333,23.0,800.0,20.0,16700.0
P1068,1.533333333333333,23.0,800.0,21.0,16900.0
P1069,1.533333333333333,23.0,800.0,22.0,17100.0
P1070,1.533333333333333,23.0,800.0,23.0,17400.0
P1071,1.533333333333333,23.0,800.0,24.0,17600.0
P1072,1.533333333333333,23.0,800.0,25.0,17800.0
P1073,1.533333333333333,23.0,900.0,20.0,17700.0
P1074,1.533333333333333,23.0,900.0,21.0,17900.0
P1075,1.533333333333333,23.0,900.0,22.0,18100.0
P1076,1.533333333333333,23.0,900.0,23.0,18400.0
P1077,1.533333333333333,23.0,900.0,24.0,18600.0
P1078,1.533333333333333,23.0,900.0,25.0,18800.0
P1079,1.533333333333333,23.0,1000.0,20.0,17700.0
P1080,1.533333333333333,23.0,1000.0,21.0,17900.0
P1081,1.533333333333333,23.0,1000.0,22.0,18100.0
P1082,1.533333333333333,23.0,1000.0,23.0,18400.0
P1083,1.533333333333333,23.0,1000.0,24.0,18600.0
P1084,1.533333333333333,23.0,1000.0,25.0,18800.0
P1085,1.533333333333333,23.0,1100.0,20.0,19600.0
P1086,1.533333333333333,23.0,1100.0,21.0,19800.0
P1087,1.533333333333333,23.0,1100.0,22.0,20000.0
P1088,1.533333333333333,23.0,1100.0,23.0,20300.0
P1089,1.533333333333333,23.0,1100.0,24.0,20500.0
P1090,1.533333333333333,23.0,1100.0,25.0,20700.0
P1091,1.666666666666667,19.0,600.0,20.0,14900.0
P1092,1.666666666666667,19.0,600.0,21.0,15200.0
P1093,1.666666666666667,19.0,600.0,22.0,15400.0
P1094,1.666666666666667,19.0,600.0,23.0,15700.0
P1095,1.666666666666667,19.0,600.0,24.0,16000.0
P1096,1.666666666666667,19.0,600.0,25.0,16200.0
P1097,1.666666666666667,19.0,700.0,20.0,16500.0
P1098,1.666666666666667,19.0,700.0,21.0,16800.0
P1099,1.666666666666667,19.0,700.0,22.0,17000.0
P1100,1.666666666666667,19.0,700.0,23.0,17300.0
P1101,1.666666666666667,19.0,700.0,24.0,17600.0
P1102,1.666666666666667,19.0,700.0,25.0,17800.0
P1103,1.666666666666667,19.0,800.0,20.0,16500.0
P1104,1.666666666666667,19.0,800.0,21.0,16800.0
P1105,1.666666666666667,19.0,800.0,22.0,17000.0
P1106,1.666666666666667,19.0,800.0,23.0,17300.0
P1107,1.666666666666667,19.0,800.0,24.0,17600.0
P1108,1.666666666666667,19.0,800.0,25.0,17800.0
P1109,1.666666666666667,19.0,900.0,20.0,17600.0
P1110,1.666666666666667,19.0,900.0,21.0,17900.0
P1111,1.666666666666667,19.0,900.0,22.0,18100.0
P1112,1.666666666666667,19.0,900.0,23.0,18400.0
P1113,1.666666666666667,19.0,900.0,24.0,18700.0
P1114,1.666666666666667,19.0,900.0,25.0,18900.0
P1115,1.666666666666667,19.0,1000.0,20.0,19200.0
P1116,1.666666666666667,19.0,1000.0,21.0,19500.0
P1117,1.666666666666667,19.0,1000.0,22.0,19700.0
P1118,1.666666666666667,19.0,1000.0,23.0,20000.0
P1119,1.666666666666667,19.0,1000.0,24.0,20300.0
P1120,1.666666666666667,19.0,1000.0,25.0,20500.0
P1121,1.666666666666667,19.0,1100.0,20.0,19100.0
P1122,1.666666666666667,19.0,1100.0,21.0,19400.0
P1123,1.666666666666667,19.0,1100.0,22.0,19600.0
P1124,1.666666666666667,19.0,1100.0,23.0,19900.0
P1125,1.666666666666667,19.0,1100.0,24.0,20200.0
P1126,1.666666666666667,19.0,1100.0,25.0,20400.0
P1127,1.666666666666667,19.8,600.0,20.0,15200.0
P1128,1.666666666666667,19.8,600.0,21.0,15500.0
P1129,1.666666666666667,19.8,600.0,22.0,15700.0
P1130,1.666666666666667,19.8,600.0,23.0,16000.0
P1131,1.666666666666667,19.8,600.0,24.0,16300.0
P1132,1.666666666666667,19.8,600.0,25.0,16500.0
P1133,1.666666666666667,19.8,700.0,20.0,16800.0
P1134,1.666666666666667,19.8,700.0,21.0,17100.0
P1135,1.666666666666667,19.8,700.0,22.0,17300.0
P1136,1.666666666666667,19.8,700.0,23.0,17600.0
P1137,1.666666666666667,19.8,700.0,24.0,17900.0
P1138,1.666666666666667,19.8,700.0,25.0,18100.0
P1139,1.666666666666667,19.8,800.0,20.0,18500.0
P1140,1.666666666666667,19.8,800.0,21.0,18800.0
P1141,1.666666666666667,19.8,800.0,22.0,19000.0
P1142,1.666666666666667,19.8,800.0,23.0,19300.0
P1143,1.666666666666667,19.8,800.0,24.0,19600.0
P1144,1.666666666666667,19.8,800.0,25.0,19800.0
P1145,1.666666666666667,19.8,900.0,20.0,17900.0
P1146,1.666666666666667,19.8,900.0,21.0,18200.0
P1147,1.666666666666667,19.8,900.0,22.0,18400.0
P1148,1.666666666666667,19.8,900.0,23.0,18700.0
P1149,1.666666666666667,19.8,900.0,24.0,19000.0
P1150,1.666666666666667,19.8,900.0,25.0,19200.0
P1151,1.666666666666667,19.8,1000.0,20.0,19700.0
P1152,1.666666666666667,19.8,1000.0,21.0,20000.0
P1153,1.666666666666667,19.8,1000.0,22.0,20200.0
P1154,1.666666666666667,19.8,1000.0,23.0,20500.0
P1155,1.666666666666667,19.8,1000.0,24.0,20800.0
P1156,1.666666666666667,19.8,1000.0,25.0,21000.0
P1157,1.666666666666667,19.8,1100.0,20.0,19500.0
P1158,1.666666666666667,19.8,1100.0,21.0,19800.0
P1159,1.666666666666667,19.8,1100.0,22.0,20000.0
P1160,1.666666666666667,19.8,1100.0,23.0,20300.0
P1161,1.666666666666667,19.8,1100.0,24.0,20600.0
P1162,1.666666666666667,19.8,1100.0,25.0,20800.0
P1163,1.666666666666667,20.6,600.0,20.0,15500.0
P1164,1.666666666666667,20.6,600.0,21.0,15800.0
P1165,1.666666666666667,20.6,600.0,22.0,16000.0
P1166,1.666666666666667,20.6,600.0,23.0,16300.0
P1167,1.666666666666667,20.6,600.0,24.0,16600.0
P1168,1.666666666666667,20.6,600.0,25.0,16800.0
P1169,1.666666666666667,20.6,700.0,20.0,17300.0
P1170,1.666666666666667,20.6,700.0,21.0,17600.0
P1171,1.666666666666667,20.6,700.0,22.0,17800.0
P1172,1.666666666666667,20.6,700.0,23.0,18100.0
P1173,1.666666666666667,20.6,700.0,24.0,18400.0
P1174,1.666666666666667,20.6,700.0,25.0,18600.0
P1175,1.666666666666667,20.6,800.0,20.0,19200.0
P1176,1.666666666666667,20.6,800.0,21.0,19500.0
P1177,1.666666666666667,20.6,800.0,22.0,19700.0
P1178,1.666666666666667,20.6,800.0,23.0,20000.0
P1179,1.666666666666667,20.6,800.0,24.0,20300.0
P1180,1.666666666666667,20.6,800.0,25.0,20500.0
P1181,1.666666666666667,20.6,900.0,20.0,18400.0
P1182,1.666666666666667,20.6,900.0,21.0,18700.0
P1183,1.666666666666667,20.6,900.0,22.0,18900.0
P1184,1.666666666666667,20.6,900.0,23.0,19200.0
P1185,1.666666666666667,20.6,900.0,24.0,19500.0
P1186,1.666666666666667,20.6,900.0,25.0,19700.0
P1187,1.666666666666667,20.6,1000.0,20.0,20300.0
P1188,1.666666666666667,20.6,1000.0,21.0,20600.0
P1189,1.666666666666667,20.6,1000.0,22.0,20800.0
P1190,1.666666666666667,20.6,1000.0,23.0,21100.0
P1191,1.666666666666667,20.6,1000.0,24.0,21400.0
P1192,1.666666666666667,20.6,1000.0,25.0,21600.0
P1193,1.666666666666667,20.6,1100.0,20.0,20100.0
P1194,1.666666666666667,20.6,1100.0,21.0,20400.0
P1195,1.666666666666667,20.6,1100.0,22.0,20600.0
P1196,1.666666666666667,20.6,1100.0,23.0,20900.0
P1197,1.666666666666667,20.6,1100.0,24.0,21200.0
P1198,1.666666666666667,20.6,1100.0,25.0,21400.0
P1199,1.666666666666667,21.4,600.0,20.0,16000.0
P1200,1.666666666666667,21.4,600.0,21.0,16300.0
P1201,1.666666666666667,21.4,600.0,22.0,16500.0
P1202,1.666666666666667,21.4,600.0,23.0,16800.0
P1203,1.666666666666667,21.4,600.0,24.0,17100.0
P1204,1.666666666666667,21.4,600.0,25.0,17300.0
P1205,1.666666666666667,21.4,700.0,20.0,17800.0
P1206,1.666666666666667,21.4,700.0,21.0,18100.0
P1207,1.666666666666667,21.4,700.0,22.0,18300.0
P1208,1.666666666666667,21.4,700.0,23.0,18600.0
P1209,1.666666666666667,21.4,700.0,24.0,18900.0
P1210,1.666666666666667,21.4,700.0,25.0,19100.0
P1211,1.666666666666667,21.4,800.0,20.0,19600.0
P1212,1.666666666666667,21.4,800.0,21.0,19900.0
P1213,1.666666666666667,21.4,800.0,22.0,20100.0
P1214,1.666666666666667,21.4,800.0,23.0,20400.0
P1215,1.666666666666667,21.4,800.0,24.0,20700.0
P1216,1.666666666666667,21.4,800.0,25.0,20900.0
P1217,1.666666666666667,21.4,900.0,20.0,18900.0
P1218,1.666666666666667,21.4,900.0,21.0,19200.0
P1219,1.666666666666667,21.4,900.0,22.0,19400.0
P1220,1.666666666666667,21.4,900.0,23.0,19700.0
P1221,1.666666666666667,21.4,900.0,24.0,20000.0
P1222,1.666666666666667,21.4,900.0,25.0,20200.0
P1223,1.666666666666667,21.4,1000.0,20.0,20700.0
P1224,1.666666666666667,21.4,1000.0,21.0,21000.0
P1225,1.666666666666667,21.4,1000.0,22.0,21200.0
P1226,1.666666666666667,21.4,1000.0,23.0,21500.0
P1227,1.666666666666667,21.4,1000.0,24.0,21800.0
P1228,1.666666666666667,21.4,1000.0,25.0,22000.0
P1229,1.666666666666667,21.4,1100.0,20.0,20600.0
P1230,1.666666666666667,21.4,1100.0,21.0,20900.0
P1231,1.666666666666667,21.4,1100.0,22.0,21100.0
P1232,1.666666666666667,21.4,1100.0,23.0,21400.0
P1233,1.666666666666667,21.4,1100.0,24.0,21700.0
P1234,1.666666666666667,21.4,1100.0,25.0,21900.0
P1235,1.666666666666667,22.2,600.0,20.0,16300.0
P1236,1.666666666666667,22.2,600.0,21.0,16600.0
P1237,1.666666666666667,22.2,600.0,22.0,16800.0
P1238,1.666666666666667,22.2,600.0,23.0,17100.0
P1239,1.666666666666667,22.2,600.0,24.0,17400.0
P1240,1.666666666666667,22.2,600.0,25.0,17600.0
P1241,1.666666666666667,22.2,700.0,20.0,18100.0
P1242,1.666666666666667,22.2,700.0,21.0,18400.0
P1243,1.666666666666667,22.2,700.0,22.0,18600.0
P1244,1.666666666666667,22.2,700.0,23.0,18900.0
P1245,1.666666666666667,22.2,700.0,24.0,19200.0
P1246,1.666666666666667,22.2,700.0,25.0,19400.0
P1247,1.666666666666667,22.2,800.0,20.0,20000.0
P1248,1.666666666666667,22.2,800.0,21.0,20300.0
P1249,1.666666666666667,22.2,800.0,22.0,20500.0
P1250,1.666666666666667,22.2,800.0,23.0,20800.0
P1251,1.666666666666667,22.2,800.0,24.0,21100.0
P1252,1.666666666666667,22.2,800.0,25.0,21300.0
P1253,1.666666666666667,22.2,900.0,20.0,19200.0
P1254,1.666666666666667,22.2,900.0,21.0,19500.0
P1255,1.666666666666667,22.2,900.0,22.0,19700.0
P1256,1.666666666666667,22.2,900.0,23.0,20000.0
P1257,1.666666666666667,22.2,900.0,24.0,20300.0
P1258,1.666666666666667,22.2,900.0,25.0,20500.0
P1259,1.666666666666667,22.2,1000.0,20.0,21100.0
P1260,1.666666666666667,22.2,1000.0,21.0,21400.0
P1261,1.666666666666667,22.2,1000.0,22.0,21600.0
P1262,1.666666666666667,22.2,1000.0,23.0,21900.0
P1263,1.666666666666667,22.2,1000.0,24.0,22200.0
P1264,1.666666666666667,22.2,1000.0,25.0,22400.0
P1265,1.666666666666667,22.2,1100.0,20.0,21000.0
P1266,1.666666666666667,22.2,1100.0,21.0,21300.0
P1267,1.666666666666667,22.2,1100.0,22.0,21500.0
P1268,1.666666666666667,22.2,1100.0,23.0,21800.0
P1269,1.666666666666667,22.2,1100.0,24.0,22100.0
P1270,1.666666666666667,22.2,1100.0,25.0,22300.0
P1271,1.666666666666667,23.0,600.0,20.0,16500.0
P1272,1.666666666666667,23.0,600.0,21.0,16800.0
P1273,1.666666666666667,23.0,600.0,22.0,17000.0
P1274,1.666666666666667,23.0,600.0,23.0,17300.0
P1275,1.666666666666667,23.0,600.0,24.0,17600.0
P1276,1.666666666666667,23.0,600.0,25.0,17800.0
P1277,1.666666666666667,23.0,700.0,20.0,18400.0
P1278,1.666666666666667,23.0,700.0,21.0,18700.0
P1279,1.666666666666667,23.0,700.0,22.0,18900.0
P1280,1.666666666666667,23.0,700.0,23.0,19200.0
P1281,1.666666666666667,23.0,700.0,24.0,19500.0
P1282,1.666666666666667,23.0,700.0,25.0,19700.0
P1283,1.666666666666667,23.0,800.0,20.0,20400.0
P1284,1.666666666666667,23.0,800.0,21.0,20700.0
P1285,1.666666666666667,23.0,800.0,22.0,20900.0
P1286,1.666666666666667,23.0,800.0,23.0,21200.0
P1287,1.666666666666667,23.0,800.0,24.0,21500.0
P1288,1.666666666666667,23.0,800.0,25.0,21700.0
P1289,1.666666666666667,23.0,900.0,20.0,19500.0
P1290,1.666666666666667,23.0,900.0,21.0,19800.0
P1291,1.666666666666667,23.0,900.0,22.0,20000.0
P1292,1.666666666666667,23.0,900.0,23.0,20300.0
P1293,1.666666666666667,23.0,900.0,24.0,20600.0
P1294,1.666666666666667,23.0,900.0,25.0,20800.0
P1295,1.666666666666667,23.0,1000.0,20.0,21500.0
P1296,1.666666666666667,23.0,1000.0,21.0,21800.0
P1297,1.666666666666667,23.0,1000.0,22.0,22000.0
P1298,1.666666666666667,23.0,1000.0,23.0,22300.0
P1299,1.666666666666667,23.0,1000.0,24.0,22600.0
P1300,1.666666666666667,23.0,1000.0,25.0,22800.0
P1301,1.666666666666667,23.0,1100.0,20.0,21400.0
P1302,1.666666666666667,23.0,1100.0,21.0,21700.0
P1303,1.666666666666667,23.0,1100.0,22.0,21900.0
P1304,1.666666666666667,23.0,1100.0,23.0,22200.0
P1305,1.666666666666667,23.0,1100.0,24.0,22500.0
P1306,1.666666666666667,23.0,1100.0,25.0,22700.0
P1307,1.8,19.0,600.0,20.0,16400.0
P1308,1.8,19.0,600.0,21.0,16700.0
P1309,1.8,19.0,600.0,22.0,17100.0
P1310,1.8,19.0,600.0,23.0,17400.0
P1311,1.8,19.0,600.0,24.0,17700.0
P1312,1.8,19.0,600.0,25.0,18000.0
P1313,1.8,19.0,700.0,20.0,18200.0
P1314,1.8,19.0,700.0,21.0,18500.0
P1315,1.8,19.0,700.0,22.0,18900.0
P1316,1.8,19.0,700.0,23.0,19200.0
P1317,1.8,19.0,700.0,24.0,19500.0
P1318,1.8,19.0,700.0,25.0,19800.0
P1319,1.8,19.0,800.0,20.0,18100.0
P1320,1.8,19.0,800.0,21.0,18400.0
P1321,1.8,19.0,800.0,22.0,18800.0
P1322,1.8,19.0,800.0,23.0,19100.0
P1323,1.8,19.0,800.0,24.0,19400.0
P1324,1.8,19.0,800.0,25.0,19700.0
P1325,1.8,19.0,900.0,20.0,21100.0
P1326,1.8,19.0,900.0,21.0,21400.0
P1327,1.8,19.0,900.0,22.0,21800.0
P1328,1.8,19.0,900.0,23.0,22100.0
P1329,1.8,19.0,900.0,24.0,22400.0
P1330,1.8,19.0,900.0,25.0,22700.0
P1331,1.8,19.0,1000.0,20.0,21000.0
P1332,1.8,19.0,1000.0,21.0,21300.0
P1333,1.8,19.0,1000.0,22.0,21700.0
P1334,1.8,19.0,1000.0,23.0,22000.0
P1335,1.8,19.0,1000.0,24.0,22300.0
P1336,1.8,19.0,1000.0,25.0,22600.0
P1337,1.8,19.0,1100.0,20.0,23800.0
P1338,1.8,19.0,1100.0,21.0,24100.0
P1339,1.8,19.0,1100.0,22.0,24500.0
P1340,1.8,19.0,1100.0,23.0,24800.0
P1341,1.8,19.0,1100.0,24.0,25100.0
P1342,1.8,19.0,1100.0,25.0,25400.0
P1343,1.8,19.8,600.0,20.0,16700.0
P1344,1.8,19.8,600.0,21.0,17000.0
P1345,1.8,19.8,600.0,22.0,17400.0
P1346,1.8,19.8,600.0,23.0,17700.0
P1347,1.8,19.8,600.0,24.0,18000.0
P1348,1.8,19.8,600.0,25.0,18300.0
P1349,1.8,19.8,700.0,20.0,18600.0
P1350,1.8,19.8,700.0,21.0,18900.0
P1351,1.8,19.8,700.0,22.0,19300.0
P1352,1.8,19.8,700.0,23.0,19600.0
P1353,1.8,19.8,700.0,24.0,19900.0
P1354,1.8,19.8,700.0,25.0,20200.0
P1355,1.8,19.8,800.0,20.0,18500.0
P1356,1.8,19.8,800.0,21.0,18800.0
P1357,1.8,19.8,800.0,22.0,19200.0
P1358,1.8,19.8,800.0,23.0,19500.0
P1359,1.8,19.8,800.0,24.0,19800.0
P1360,1.8,19.8,800.0,25.0,20100.0
P1361,1.8,19.8,900.0,20.0,21500.0
P1362,1.8,19.8,900.0,21.0,21800.0
P1363,1.8,19.8,900.0,22.0,22200.0
P1364,1.8,19.8,900.0,23.0,22500.0
P1365,1.8,19.8,900.0,24.0,22800.0
P1366,1.8,19.8,900.0,25.0,23100.0
P1367,1.8,19.8,1000.0,20.0,21400.0
P1368,1.8,19.8,1000.0,21.0,21700.0
P1369,1.8,19.8,1000.0,22.0,22100.0
P1370,1.8,19.8,1000.0,23.0,22400.0
P1371,1.8,19.8,1000.0,24.0,22700.0
P1372,1.8,19.8,1000.0,25.0,23000.0
P1373,1.8,19.8,1100.0,20.0,24500.0
P1374,1.8,19.8,1100.0,21.0,24800.0
P1375,1.8,19.8,1100.0,22.0,25200.0
P1376,1.8,19.8,1100.0,23.0,25500.0
P1377,1.8,19.8,1100.0,24.0,25800.0
P1378,1.8,19.8,1100.0,25.0,26100.0
P1379,1.8,20.6,600.0,20.0,17300.0
P1380,1.8,20.6,600.0,21.0,17600.0
P1381,1.8,20.6,600.0,22.0,18000.0
P1382,1.8,20.6,600.0,23.0,18300.0
P1383,1.8,20.6,600.0,24.0,18600.0
P1384,1.8,20.6,600.0,25.0,18900.0
P1385,1.8,20.6,700.0,20.0,19100.0
P1386,1.8,20.6,700.0,21.0,19400.0
P1387,1.8,20.6,700.0,22.0,19800.0
P1388,1.8,20.6,700.0,23.0,20100.0
P1389,1.8,20.6,700.0,24.0,20400.0
P1390,1.8,20.6,700.0,25.0,20700.0
P1391,1.8,20.6,800.0,20.0,19100.0
P1392,1.8,20.6,800.0,21.0,19400.0
P1393,1.8,20.6,800.0,22.0,19800.0
P1394,1.8,20.6,800.0,23.0,20100.0
P1395,1.8,20.6,800.0,24.0,20400.0
P1396,1.8,20.6,800.0,25.0,20700.0
P1397,1.8,20.6,900.0,20.0,22100.0
P1398,1.8,20.6,900.0,21.0,22400.0
P1399,1.8,20.6,900.0,22.0,22800.0
P1400,1.8,20.6,900.0,23.0,23100.0
P1401,1.8,20.6,900.0,24.0,23400.0
P1402,1.8,20.6,900.0,25.0,23700.0
P1403,1.8,20.6,1000.0,20.0,22000.0
P1404,1.8,20.6,1000.0,21.0,22300.0
P1405,1.8,20.6,1000.0,22.0,22700.0
P1406,1.8,20.6,1000.0,23.0,23000.0
P1407,1.8,20.6,1000.0,24.0,23300.0
P1408,1.8,20.6,1000.0,25.0,23600.0
P1409,1.8,20.6,1100.0,20.0,25000.0
P1410,1.8,20.6,1100.0,21.0,25300.0
P1411,1.8,20.6,1100.0,22.0,25700.0
P1412,1.8,20.6,1100.0,23.0,26000.0
P1413,1.8,20.6,1100.0,24.0,26300.0
P1414,1.8,20.6,1100.0,25.0,26600.0
P1415,1.8,21.4,600.0,20.0,17600.0
P1416,1.8,21.4,600.0,21.0,17900.0
P1417,1.8,21.4,600.0,22.0,18300.0
P1418,1.8,21.4,600.0,23.0,18600.0
P1419,1.8,21.4,600.0,24.0,18900.0
P1420,1.8,21.4,600.0,25.0,19200.0
P1421,1.8,21.4,700.0,20.0,19500.0
P1422,1.8,21.4,700.0,21.0,19800.0
P1423,1.8,21.4,700.0,22.0,20200.0
P1424,1.8,21.4,700.0,23.0,20500.0
P1425,1.8,21.4,700.0,24.0,20800.0
P1426,1.8,21.4,700.0,25.0,21100.0
P1427,1.8,21.4,800.0,20.0,19500.0
P1428,1.8,21.4,800.0,21.0,19800.0
P1429,1.8,21.4,800.0,22.0,20200.0
P1430,1.8,21.4,800.0,23.0,20500.0
P1431,1.8,21.4,800.0,24.0,20800.0
P1432,1.8,21.4,800.0,25.0,21100.0
P1433,1.8,21.4,900.0,20.0,22500.0
P1434,1.8,21.4,900.0,21.0,22800.0
P1435,1.8,21.4,900.0,22.0,23200.0
P1436,1.8,21.4,900.0,23.0,23500.0
P1437,1.8,21.4,900.0,24.0,23800.0
P1438,1.8,21.4,900.0,25.0,24100.0
P1439,1.8,21.4,1000.0,20.0,22400.0
P1440,1.8,21.4,1000.0,21.0,22700.0
P1441,1.8,21.4,1000.0,22.0,23100.0
P1442,1.8,21.4,1000.0,23.0,23400.0
P1443,1.8,21.4,1000.0,24.0,23700.0
P1444,1.8,21.4,1000.0,25.0,24000.0
P1445,1.8,21.4,1100.0,20.0,25500.0
P1446,1.8,21.4,1100.0,21.0,25800.0
P1447,1.8,21.4,1100.0,22.0,26200.0
P1448,1.8,21.4,1100.0,23.0,26500.0
P1449,1.8,21.4,1100.0,24.0,26800.0
P1450,1.8,21.4,1100.0,25.0,27100.0
P1451,1.8,22.2,600.0,20.0,17900.0
P1452,1.8,22.2,600.0,21.0,18200.0
P1453,1.8,22.2,600.0,22.0,18600.0
P1454,1.8,22.2,600.0,23.0,18900.0
P1455,1.8,22.2,600.0,24.0,19200.0
P1456,1.8,22.2,600.0,25.0,19500.0
P1457,1.8,22.2,700.0,20.0,19800.0
P1458,1.8,22.2,700.0,21.0,20100.0
P1459,1.8,22.2,700.0,22.0,20500.0
P1460,1.8,22.2,700.0,23.0,20800.0
P1461,1.8,22.2,700.0,24.0,21100.0
P1462,1.8,22.2,700.0,25.0,21400.0
P1463,1.8,22.2,800.0,20.0,19800.0
P1464,1.8,22.2,800.0,21.0,20100.0
P1465,1.8,22.2,800.0,22.0,20500.0
P1466,1.8,22.2,800.0,23.0,20800.0
P1467,1.8,22.2,800.0,24.0,21100.0
P1468,1.8,22.2,800.0,25.0,21400.0
P1469,1.8,22.2,900.0,20.0,23000.0
P1470,1.8,22.2,900.0,21.0,23300.0
P1471,1.8,22.2,900.0,22.0,23700.0
P1472,1.8,22.2,900.0,23.0,24000.0
P1473,1.8,22.2,900.0,24.0,24300.0
P1474,1.8,22.2,900.0,25.0,24600.0
P1475,1.8,22.2,1000.0,20.0,22900.0
P1476,1.8,22.2,1000.0,21.0,23200.0
P1477,1.8,22.2,1000.0,22.0,23600.0
P1478,1.8,22.2,1000.0,23.0,23900.0
P1479,1.8,22.2,1000.0,24.0,24200.0
P1480,1.8,22.2,1000.0,25.0,24500.0
P1481,1.8,22.2,1100.0,20.0,26100.0
P1482,1.8,22.2,1100.0,21.0,26400.0
P1483,1.8,22.2,1100.0,22.0,26800.0
P1484,1.8,22.2,1100.0,23.0,27100.0
P1485,1.8,22.2,1100.0,24.0,27400.0
P1486,1.8,22.2,1100.0,25.0,27700.0
P1487,1.8,23.0,600.0,20.0,18100.0
P1488,1.8,23.0,600.0,21.0,18400.0
P1489,1.8,23.0,600.0,22.0,18800.0
P1490,1.8,23.0,600.0,23.0,19100.0
P1491,1.8,23.0,600.0,24.0,19400.0
P1492,1.8,23.0,600.0,25.0,19700.0
P1493,1.8,23.0,700.0,20.0,20200.0
P1494,1.8,23.0,700.0,21.0,20500.0
P1495,1.8,23.0,700.0,22.0,20900.0
P1496,1.8,23.0,700.0,23.0,21200.0
P1497,1.8,23.0,700.0,24.0,21500.0
P1498,1.8,23.0,700.0,25.0,21800.0
P1499,1.8,23.0,800.0,20.0,20200.0
P1500,1.8,23.0,800.0,21.0,20500.0
P1501,1.8,23.0,800.0,22.0,20900.0
P1502,1.8,23.0,800.0,23.0,21200.0
P1503,1.8,23.0,800.0,24.0,21500.0
P1504,1.8,23.0,800.0,25.0,21800.0
P1505,1.8,23.0,900.0,20.0,23400.0
P1506,1.8,23.0,900.0,21.0,23700.0
P1507,1.8,23.0,900.0,22.0,24100.0
P1508,1.8,23.0,900.0,23.0,24400.0
P1509,1.8,23.0,900.0,24.0,24700.0
P1510,1.8,23.0,900.0,25.0,25000.0
P1511,1.8,23.0,1000.0,20.0,23300.0
P1512,1.8,23.0,1000.0,21.0,23600.0
P1513,1.8,23.0,1000.0,22.0,24000.0
P1514,1.8,23.0,1000.0,23.0,24300.0
P1515,1.8,23.0,1000.0,24.0,24600.0
P1516,1.8,23.0,1000.0,25.0,24900.0
P1517,1.8,23.0,1100.0,20.0,26600.0
P1518,1.8,23.0,1100.0,21.0,26900.0
P1519,1.8,23.0,1100.0,22.0,27300.0
P1520,1.8,23.0,1100.0,23.0,27600.0
P1521,1.8,23.0,1100.0,24.0,27900.0
P1522,1.8,23.0,1100.0,25.0,28200.0
P1523,2.2,26.0,1200.0,30.0,40800.0
P1524,2.2,26.0,1200.0,30.83333333333333,41200.0
P1525,2.2,26.0,1200.0,31.66666666666667,41500.0
P1526,2.2,26.0,1200.0,32.5,41900.0
P1527,2.2,26.0,1200.0,33.33333333333334,42200.0
P1528,2.2,26.0,1200.0,34.16666666666666,43300.0
P1529,2.2,26.0,1200.0,35.0,43700.0
P1530,2.2,26.0,1266.666666666667,30.0,45500.0
P1531,2.2,26.0,1266.666666666667,30.83333333333333,45900.0
P1532,2.2,26.0,1266.666666666667,31.66666666666667,46200.0
P1533,2.2,26.0,1266.666666666667,32.5,46600.0
P1534,2.2,26.0,1266.666666666667,33.33333333333334,46900.0
P1535,2.2,26.0,1266.666666666667,34.16666666666666,48000.0
P1536,2.2,26.0,1266.666666666667,35.0,48400.0
P1537,2.2,26.0,1333.333333333333,30.0,45600.0
P1538,2.2,26.0,1333.333333333333,30.83333333333333,46000.0
P1539,2.2,26.0,1333.333333333333,31.66666666666667,46300.0
P1540,2.2,26.0,1333.333333333333,32.5,46700.0
P1541,2.2,26.0,1333.333333333333,33.33333333333334,47000.0
P1542,2.2,26.0,1333.333333333333,34.16666666666666,48100.0
P1543,2.2,26.0,1333.333333333333,35.0,48500.0
P1544,2.2,26.0,1400.0,30.0,45100.0
P1545,2.2,26.0,1400.0,30.83333333333333,45500.0
P1546,2.2,26.0,1400.0,31.66666666666667,45800.0
P1547,2.2,26.0,1400.0,32.5,46200.0
P1548,2.2,26.0,1400.0,33.33333333333334,46500.0
P1549,2.2,26.0,1400.0,34.16666666666666,47600.0
P1550,2.2,26.0,1400.0,35.0,48000.0
P1551,2.2,26.0,1466.666666666667,30.0,45100.0
P1552,2.2,26.0,1466.666666666667,30.83333333333333,45500.0
P1553,2.2,26.0,1466.666666666667,31.66666666666667,45800.0
P1554,2.2,26.0,1466.666666666667,32.5,46200.0
P1555,2.2,26.0,1466.666666666667,33.33333333333334,46500.0
P1556,2.2,26.0,1466.666666666667,34.16666666666666,47600.0
P1557,2.2,26.0,1466.666666666667,35.0,48000.0
P1558,2.2,26.0,1533.333333333333,30.0,48500.0
P1559,2.2,26.0,1533.333333333333,30.83333333333333,48900.0
P1560,2.2,26.0,1533.333333333333,31.66666666666667,49200.0
P1561,2.2,26.0,1533.333333333333,32.5,49600.0
P1562,2.2,26.0,1533.333333333333,33.33333333333334,49900.0
P1563,2.2,26.0,1533.333333333333,34.16666666666666,51000.0
P1564,2.2,26.0,1533.333333333333,35.0,51400.0
P1565,2.2,26.0,1600.0,30.0,48000.0
P1566,2.2,26.0,1600.0,30.83333333333333,48400.0
P1567,2.2,26.0,1600.0,31.66666666666667,48700.0
P1568,2.2,26.0,1600.0,32.5,49100.0
P1569,2.2,26.0,1600.0,33.33333333333334,49400.0
P1570,2.2,26.0,1600.0,34.16666666666666,50500.0
P1571,2.2,26.0,1600.0,35.0,50900.0
P1572,2.2,26.57142857142857,1200.0,30.0,41300.0
P1573,2.2,26.57142857142857,1200.0,30.83333333333333,41700.0
P1574,2.2,26.57142857142857,1200.0,31.66666666666667,42000.0
P1575,2.2,26.57142857142857,1200.0,32.5,42400.0
P1576,2.2,26.57142857142857,1200.0,33.33333333333334,42700.0
P1577,2.2,26.57142857142857,1200.0,34.16666666666666,43800.0
P1578,2.2,26.57142857142857,1200.0,35.0,44200.0
P1579,2.2,26.57142857142857,1266.666666666667,30.0,46100.0
P1580,2.2,26.57142857142857,1266.666666666667,30.83333333333333,46500.0
P1581,2.2,26.57142857142857,1266.666666666667,31.66666666666667,46800.0
P1582,2.2,26.57142857142857,1266.666666666667,32.5,47200.0
P1583,2.2,26.57142857142857,1266.666666666667,33.33333333333334,47500.0
P1584,2.2,26.57142857142857,1266.666666666667,34.16666666666666,48600.0
P1585,2.2,26.57142857142857,1266.666666666667,35.0,49000.0
P1586,2.2,26.57142857142857,1333.333333333333,30.0,46200.0
P1587,2.2,26.57142857142857,1333.333333333333,30.83333333333333,46600.0
P1588,2.2,26.57142857142857,1333.333333333333,31.66666666666667,46900.0
P1589,2.2,26.57142857142857,1333.333333333333,32.5,47300.0
P1590,2.2,26.57142857142857,1333.333333333333,33.33333333333334,47600.0
P1591,2.2,26.57142857142857,1333.333333333333,34.16666666666666,48700.0
P1592,2.2,26.57142857142857,1333.333333333333,35.0,49100.0
P1593,2.2,26.57142857142857,1400.0,30.0,45700.0
P1594,2.2,26.57142857142857,1400.0,30.83333333333333,46100.0
P1595,2.2,26.57142857142857,1400.0,31.66666666666667,46400.0
P1596,2.2,26.57142857142857,1400.0,32.5,46800.0
P1597,2.2,26.57142857142857,1400.0,33.33333333333334,47100.0
P1598,2.2,26.57142857142857,1400.0,34.16666666666666,48200.0
P1599,2.2,26.57142857142857,1400.0,35.0,48600.0
P1600,2.2,26.57142857142857,1466.666666666667,30.0,45700.0
P1601,2.2,26.57142857142857,1466.666666666667,30.83333333333333,46100.0
P1602,2.2,26.57142857142857,1466.666666666667,31.66666666666667,46400.0
P1603,2.2,26.57142857142857,1466.666666666667,32.5,46800.0
P1604,2.2,26.57142857142857,1466.666666666667,33.33333333333334,47100.0
P1605,2.2,26.57142857142857,1466.666666666667,34.16666666666666,48200.0
P1606,2.2,26.57142857142857,1466.666666666667,35.0,48600.0
P1607,2.2,26.57142857142857,1533.333333333333,30.0,49100.0
P1608,2.2,26.57142857142857,1533.333333333333,30.83333333333333,49500.0
P1609,2.2,26.57142857142857,1533.333333333333,31.66666666666667,49800.0
P1610,2.2,26.57142857142857,1533.333333333333,32.5,50200.0
P1611,2.2,26.57142857142857,1533.333333333333,33.33333333333334,50500.0
P1612,2.2,26.57142857142857,1533.333333333333,34.16666666666666,51600.0
P1613,2.2,26.57142857142857,1533.333333333333,35.0,52000.0
P1614,2.2,26.57142857142857,1600.0,30.0,48600.0
P1615,2.2,26.57142857142857,1600.0,30.83333333333333,49000.0
P1616,2.2,26.57142857142857,1600.0,31.66666666666667,49300.0
P1617,2.2,26.57142857142857,1600.0,32.5,49700.0
P1618,2.2,26.57142857142857,1600.0,33.33333333333334,50000.0
P1619,2.2,26.57142857142857,1600.0,34.16666666666666,51100.0
P1620,2.2,26.57142857142857,1600.0,35.0,51500.0
P1621,2.2,27.14285714285714,1200.0,30.0,41800.0
P1622,2.2,27.14285714285714,1200.0,30.83333333333333,42200.0
P1623,2.2,27.14285714285714,1200.0,31.66666666666667,42500.0
P1624,2.2,27.14285714285714,1200.0,32.5,42900.0
P1625,2.2,27.14285714285714,1200.0,33.33333333333334,43200.0
P1626,2.2,27.14285714285714,1200.0,34.16666666666666,44300.0
P1627,2.2,27.14285714285714,1200.0,35.0,44700.0
P1628,2.2,27.14285714285714,1266.666666666667,30.0,46600.0
P1629,2.2,27.14285714285714,1266.666666666667,30.83333333333333,47000.0
P1630,2.2,27.14285714285714,1266.666666666667,31.66666666666667,47300.0
P1631,2.2,27.14285714285714,1266.666666666667,32.5,47700.0
P1632,2.2,27.14285714285714,1266.666666666667,33.33333333333334,48000.0
P1633,2.2,27.14285714285714,1266.666666666667,34.16666666666666,49100.0
P1634,2.2,27.14285714285714,1266.666666666667,35.0,49500.0
P1635,2.2,27.14285714285714,1333.333333333333,30.0,46700.0
P1636,2.2,27.14285714285714,1333.333333333333,30.83333333333333,47100.0
P1637,2.2,27.14285714285714,1333.333333333333,31.66666666666667,47400.0
P1638,2.2,27.14285714285714,1333.333333333333,32.5,47800.0
P1639,2.2,27.14285714285714,1333.333333333333,33.33333333333334,48100.0
P1640,2.2,27.14285714285714,1333.333333333333,34.16666666666666,49200.0
P1641,2.2,27.14285714285714,1333.333333333333,35.0,49600.0
P1642,2.2,27.14285714285714,1400.0,30.0,46200.0
P1643,2.2,27.14285714285714,1400.0,30.83333333333333,46600.0
P1644,2.2,27.14285714285714,1400.0,31.66666666666667,46900.0
P1645,2.2,27.14285714285714,1400.0,32.5,47300.0
P1646,2.2,27.14285714285714,1400.0,33.33333333333334,47600.0
P1647,2.2,27.14285714285714,1400.0,34.16666666666666,48700.0
P1648,2.2,27.14285714285714,1400.0,35.0,49100.0
P1649,2.2,27.14285714285714,1466.666666666667,30.0,46200.0
P1650,2.2,27.14285714285714,1466.666666666667,30.83333333333333,46600.0
P1651,2.2,27.14285714285714,1466.666666666667,31.66666666666667,46900.0
P1652,2.2,27.14285714285714,1466.666666666667,32.5,47300.0
P1653,2.2,27.14285714285714,1466.666666666667,33.33333333333334,47600.0
P1654,2.2,27.14285714285714,1466.666666666667,34.16666666666666,48700.0
P1655,2.2,27.14285714285714,1466.666666666667,35.0,49100.0
P1656,2.2,27.14285714285714,1533.333333333333,30.0,49700.0
P1657,2.2,27.14285714285714,1533.333333333333,30.83333333333333,50100.0
P1658,2.2,27.14285714285714,1533.333333333333,31.66666666666667,50400.0
P1659,2.2,27.14285714285714,1533.333333333333,32.5,50800.0
P1660,2.2,27.14285714285714,1533.333333333333,33.33333333333334,51100.0
P1661,2.2,27.14285714285714,1533.333333333333,34.16666666666666,52200.0
P1662,2.2,27.14285714285714,1533.333333333333,35.0,52600.0
P1663,2.2,27.14285714285714,1600.0,30.0,49200.0
P1664,2.2,27.14285714285714,1600.0,30.83333333333333,49600.0
P1665,2.2,27.14285714285714,1600.0,31.66666666666667,49900.0
P1666,2.2,27.14285714285714,1600.0,32.5,50300.0
P1667,2.2,27.14285714285714,1600.0,33.33333333333334,50600.0
P1668,2.2,27.14285714285714,1600.0,34.16666666666666,51700.0
P1669,2.2,27.14285714285714,1600.0,35.0,52100.0
P1670,2.2,27.71428571428572,1200.0,30.0,42200.0
P1671,2.2,27.71428571428572,1200.0,30.83333333333333,42600.0
P1672,2.2,27.71428571428572,1200.0,31.66666666666667,42900.0
P1673,2.2,27.71428571428572,1200.0,32.5,43300.0
P1674,2.2,27.71428571428572,1200.0,33.33333333333334,43600.0
P1675,2.2,27.71428571428572,1200.0,34.16666666666666,44700.0
P1676,2.2,27.71428571428572,1200.0,35.0,45100.0
P1677,2.2,27.71428571428572,1266.666666666667,30.0,47200.0
P1678,2.2,27.71428571428572,1266.666666666667,30.83333333333333,47600.0
P1679,2.2,27.71428571428572,1266.666666666667,31.66666666666667,47900.0
P1680,2.2,27.71428571428572,1266.666666666667,32.5,48300.0
P1681,2.2,27.71428571428572,1266.666666666667,33.33333333333334,48600.0
P1682,2.2,27.71428571428572,1266.666666666667,34.16666666666666,49700.0
P1683,2.2,27.71428571428572,1266.666666666667,35.0,50100.0
P1684,2.2,27.71428571428572,1333.333333333333,30.0,46800.0
P1685,2.2,27.71428571428572,1333.333333333333,30.83333333333333,47200.0
P1686,2.2,27.71428571428572,1333.333333333333,31.66666666666667,47500.0
P1687,2.2,27.71428571428572,1333.333333333333,32.5,47900.0
P1688,2.2,27.71428571428572,1333.333333333333,33.33333333333334,48200.0
P1689,2.2,27.71428571428572,1333.333333333333,34.16666666666666,49300.0
P1690,2.2,27.71428571428572,1333.333333333333,35.0,49700.0
P1691,2.2,27.71428571428572,1400.0,30.0,46800.0
P1692,2.2,27.71428571428572,1400.0,30.83333333333333,47200.0
P1693,2.2,27.71428571428572,1400.0,31.66666666666667,47500.0
P1694,2.2,27.71428571428572,1400.0,32.5,47900.0
P1695,2.2,27.71428571428572,1400.0,33.33333333333334,48200.0
P1696,2.2,27.71428571428572,1400.0,34.16666666666666,49300.0
P1697,2.2,27.71428571428572,1400.0,35.0,49700.0
P1698,2.2,27.71428571428572,1466.666666666667,30.0,46800.0
P1699,2.2,27.71428571428572,1466.666666666667,30.83333333333333,47200.0
P1700,2.2,27.71428571428572,1466.666666666667,31.66666666666667,47500.0
P1701,2.2,27.71428571428572,1466.666666666667,32.5,47900.0
P1702,2.2,27.71428571428572,1466.666666666667,33.33333333333334,48200.0
P1703,2.2,27.71428571428572,1466.666666666667,34.16666666666666,49300.0
P1704,2.2,27.71428571428572,1466.666666666667,35.0,49700.0
P1705,2.2,27.71428571428572,1533.333333333333,30.0,50300.0
P1706,2.2,27.71428571428572,1533.333333333333,30.83333333333333,50700.0
P1707,2.2,27.71428571428572,1533.333333333333,31.66666666666667,51000.0
P1708,2.2,27.71428571428572,1533.333333333333,32.5,51400.0
P1709,2.2,27.71428571428572,1533.333333333333,33.33333333333334,51700.0
P1710,2.2,27.71428571428572,1533.333333333333,34.16666666666666,52800.0
P1711,2.2,27.71428571428572,1533.333333333333,35.0,53200.0
P1712,2.2,27.71428571428572,1600.0,30.0,49800.0
P1713,2.2,27.71428571428572,1600.0,30.83333333333333,50200.0
P1714,2.2,27.71428571428572,1600.0,31.66666666666667,50500.0
P1715,2.2,27.71428571428572,1600.0,32.5,50900.0
P1716,2.2,27.71428571428572,1600.0,33.33333333333334,51200.0
P1717,2.2,27.71428571428572,1600.0,34.16666666666666,52300.0
P1718,2.2,27.71428571428572,1600.0,35.0,52700.0
P1719,2.2,28.28571428571428,1200.0,30.0,42700.0
P1720,2.2,28.28571428571428,1200.0,30.83333333333333,43100.0
P1721,2.2,28.28571428571428,1200.0,31.66666666666667,43400.0
P1722,2.2,28.28571428571428,1200.0,32.5,43800.0
P1723,2.2,28.28571428571428,1200.0,33.33333333333334,44100.0
P1724,2.2,28.28571428571428,1200.0,34.16666666666666,45200.0
P1725,2.2,28.28571428571428,1200.0,35.0,45600.0
P1726,2.2,28.28571428571428,1266.666666666667,30.0,47700.0
P1727,2.2,28.28571428571428,1266.666666666667,30.83333333333333,48100.0
P1728,2.2,28.28571428571428,1266.666666666667,31.66666666666667,48400.0
P1729,2.2,28.28571428571428,1266.666666666667,32.5,48800.0
P1730,2.2,28.28571428571428,1266.666666666667,33.33333333333334,49100.0
P1731,2.2,28.28571428571428,1266.666666666667,34.16666666666666,50200.0
P1732,2.2,28.28571428571428,1266.666666666667,35.0,50600.0
P1733,2.2,28.28571428571428,1333.333333333333,30.0,47300.0
P1734,2.2,28.28571428571428,1333.333333333333,30.83333333333333,47700.0
P1735,2.2,28.28571428571428,1333.333333333333,31.66666666666667,48000.0
P1736,2.2,28.28571428571428,1333.333333333333,32.5,48400.0
P1737,2.2,28.28571428571428,1333.333333333333,33.33333333333334,48700.0
P1738,2.2,28.28571428571428,1333.333333333333,34.16666666666666,49800.0
P1739,2.2,28.28571428571428,1333.333333333333,35.0,50200.0
P1740,2.2,28.28571428571428,1400.0,30.0,47300.0
P1741,2.2,28.28571428571428,1400.0,30.83333333333333,47700.0
P1742,2.2,28.28571428571428,1400.0,31.66666666666667,48000.0
P1743,2.2,28.28571428571428,1400.0,32.5,48400.0
P1744,2.2,28.28571428571428,1400.0,33.33333333333334,48700.0
P1745,2.2,28.28571428571428,1400.0,34.16666666666666,49800.0
P1746,2.2,28.28571428571428,1400.0,35.0,50200.0
P1747,2.2,28.28571428571428,1466.666666666667,30.0,47300.0
P1748,2.2,28.28571428571428,1466.666666666667,30.83333333333333,47700.0
P1749,2.2,28.28571428571428,1466.666666666667,31.66666666666667,48000.0
P1750,2.2,28.28571428571428,1466.666666666667,32.5,48400.0
P1751,2.2,28.28571428571428,1466.666666666667,33.33333333333334,48700.0
P1752,2.2,28.28571428571428,1466.666666666667,34.16666666666666,49800.0
P1753,2.2,28.28571428571428,1466.666666666667,35.0,50200.0
P1754,2.2,28.28571428571428,1533.333333333333,30.0,50900.0
P1755,2.2,28.28571428571428,1533.333333333333,30.83333333333333,51300.0
P1756,2.2,28.28571428571428,1533.333333333333,31.66666666666667,51600.0
P1757,2.2,28.28571428571428,1533.333333333333,32.5,52000.0
P1758,2.2,28.28571428571428,1533.333333333333,33.33333333333334,52300.0
P1759,2.2,28.28571428571428,1533.333333333333,34.16666666666666,53400.0
P1760,2.2,28.28571428571428,1533.333333333333,35.0,53800.0
P1761,2.2,28.28571428571428,1600.0,30.0,50400.0
P1762,2.2,28.28571428571428,1600.0,30.83333333333333,50800.0
P1763,2.2,28.28571428571428,1600.0,31.66666666666667,51100.0
P1764,2.2,28.28571428571428,1600.0,32.5,51500.0
P1765,2.2,28.28571428571428,1600.0,33.33333333333334,51800.0
P1766,2.2,28.28571428571428,1600.0,34.16666666666666,52900.0
P1767,2.2,28.28571428571428,1600.0,35.0,53300.0
P1768,2.2,28.85714285714286,1200.0,30.0,43200.0
P1769,2.2,28.85714285714286,1200.0,30.83333333333333,43600.0
P1770,2.2,28.85714285714286,1200.0,31.66666666666667,43900.0
P1771,2.2,28.85714285714286,1200.0,32.5,44300.0
P1772,2.2,28.85714285714286,1200.0,33.33333333333334,44600.0
P1773,2.2,28.85714285714286,1200.0,34.16666666666666,45700.0
P1774,2.2,28.85714285714286,1200.0,35.0,46100.0
P1775,2.2,28.85714285714286,1266.666666666667,30.0,48400.0
P1776,2.2,28.85714285714286,1266.666666666667,30.83333333333333,48800.0
P1777,2.2,28.85714285714286,1266.666666666667,31.66666666666667,49100.0
P1778,2.2,28.85714285714286,1266.666666666667,32.5,49500.0
P1779,2.2,28.85714285714286,1266.666666666667,33.33333333333334,49800.0
P1780,2.2,28.85714285714286,1266.666666666667,34.16666666666666,50900.0
P1781,2.2,28.85714285714286,1266.666666666667,35.0,51300.0
P1782,2.2,28.85714285714286,1333.333333333333,30.0,48000.0
P1783,2.2,28.85714285714286,1333.333333333333,30.83333333333333,48400.0
P1784,2.2,28.85714285714286,1333.333333333333,31.66666666666667,48700.0
P1785,2.2,28.85714285714286,1333.333333333333,32.5,49100.0
P1786,2.2,28.85714285714286,1333.333333333333,33.33333333333334,49400.0
P1787,2.2,28.85714285714286,1333.333333333333,34.16666666666666,50500.0
P1788,2.2,28.85714285714286,1333.333333333333,35.0,50900.0
P1789,2.2,28.85714285714286,1400.0,30.0,48000.0
P1790,2.2,28.85714285714286,1400.0,30.83333333333333,48400.0
P1791,2.2,28.85714285714286,1400.0,31.66666666666667,48700.0
P1792,2.2,28.85714285714286,1400.0,32.5,49100.0
P1793,2.2,28.85714285714286,1400.0,33.33333333333334,49400.0
P1794,2.2,28.85714285714286,1400.0,34.16666666666666,50500.0
P1795,2.2,28.85714285714286,1400.0,35.0,50900.0
P1796,2.2,28.85714285714286,1466.666666666667,30.0,48000.0
P1797,2.2,28.85714285714286,1466.666666666667,30.83333333333333,48400.0
P1798,2.2,28.85714285714286,1466.666666666667,31.66666666666667,48700.0
P1799,2.2,28.85714285714286,1466.666666666667,32.5,49100.0
P1800,2.2,28.85714285714286,1466.666666666667,33.33333333333334,49400.0
P1801,2.2,28.85714285714286,1466.666666666667,34.16666666666666,50500.0
P1802,2.2,28.85714285714286,1466.666666666667,35.0,50900.0
P1803,2.2,28.85714285714286,1533.333333333333,30.0,51200.0
P1804,2.2,28.85714285714286,1533.333333333333,30.83333333333333,51600.0
P1805,2.2,28.85714285714286,1533.333333333333,31.66666666666667,51900.0
P1806,2.2,28.85714285714286,1533.333333333333,32.5,52300.0
P1807,2.2,28.85714285714286,1533.333333333333,33.33333333333334,52600.0
P1808,2.2,28.85714285714286,1533.333333333333,34.16666666666666,53700.0
P1809,2.2,28.85714285714286,1533.333333333333,35.0,54100.0
P1810,2.2,28.85714285714286,1600.0,30.0,51200.0
P1811,2.2,28.85714285714286,1600.0,30.83333333333333,51600.0
P1812,2.2,28.85714285714286,1600.0,31.66666666666667,51900.0
P1813,2.2,28.85714285714286,1600.0,32.5,52300.0
P1814,2.2,28.85714285714286,1600.0,33.33333333333334,52600.0
P1815,2.2,28.85714285714286,1600.0,34.16666666666666,53700.0
P1816,2.2,28.85714285714286,1600.0,35.0,54100.0
P1817,2.2,29.42857142857143,1200.0,30.0,43700.0
P1818,2.2,29.42857142857143,1200.0,30.83333333333333,44100.0
P1819,2.2,29.42857142857143,1200.0,31.66666666666667,44400.0
P1820,2.2,29.42857142857143,1200.0,32.5,44800.0
P1821,2.2,29.42857142857143,1200.0,33.33333333333334,45100.0
P1822,2.2,29.42857142857143,1200.0,34.16666666666666,46200.0
P1823,2.2,29.42857142857143,1200.0,35.0,46600.0
P1824,2.2,29.42857142857143,1266.666666666667,30.0,48900.0
P1825,2.2,29.42857142857143,1266.666666666667,30.83333333333333,49300.0
P1826,2.2,29.42857142857143,1266.666666666667,31.66666666666667,49600.0
P1827,2.2,29.42857142857143,1266.666666666667,32.5,50000.0
P1828,2.2,29.42857142857143,1266.666666666667,33.33333333333334,50300.0
P1829,2.2,29.42857142857143,1266.666666666667,34.16666666666666,51400.0
P1830,2.2,29.42857142857143,1266.666666666667,35.0,51800.0
P1831,2.2,29.42857142857143,1333.333333333333,30.0,48500.0
P1832,2.2,29.42857142857143,1333.333333333333,30.83333333333333,48900.0
P1833,2.2,29.42857142857143,1333.333333333333,31.66666666666667,49200.0
P1834,2.2,29.42857142857143,1333.333333333333,32.5,49600.0
P1835,2.2,29.42857142857143,1333.333333333333,33.33333333333334,49900.0
P1836,2.2,29.42857142857143,1333.333333333333,34.16666666666666,51000.0
P1837,2.2,29.42857142857143,1333.333333333333,35.0,51400.0
P1838,2.2,29.42857142857143,1400.0,30.0,48500.0
P1839,2.2,29.42857142857143,1400.0,30.83333333333333,48900.0
P1840,2.2,29.42857142857143,1400.0,31.66666666666667,49200.0
P1841,2.2,29.42857142857143,1400.0,32.5,49600.0
P1842,2.2,29.42857142857143,1400.0,33.33333333333334,49900.0
P1843,2.2,29.42857142857143,1400.0,34.16666666666666,51000.0
P1844,2.2,29.42857142857143,1400.0,35.0,51400.0
P1845,2.2,29.42857142857143,1466.666666666667,30.0,48500.0
P1846,2.2,29.42857142857143,1466.666666666667,30.83333333333333,48900.0
P1847,2.2,29.42857142857143,1466.666666666667,31.66666666666667,49200.0
P1848,2.2,29.42857142857143,1466.666666666667,32.5,49600.0
P1849,2.2,29.42857142857143,1466.666666666667,33.33333333333334,49900.0
P1850,2.2,29.42857142857143,1466.666666666667,34.16666666666666,51000.0
P1851,2.2,29.42857142857143,1466.666666666667,35.0,51400.0
P1852,2.2,29.42857142857143,1533.333333333333,30.0,51800.0
P1853,2.2,29.42857142857143,1533.333333333333,30.83333333333333,52200.0
P1854,2.2,29.42857142857143,1533.333333333333,31.66666666666667,52500.0
P1855,2.2,29.42857142857143,1533.333333333333,32.5,52900.0
P1856,2.2,29.42857142857143,1533.333333333333,33.33333333333334,53200.0
P1857,2.2,29.42857142857143,1533.333333333333,34.16666666666666,54300.0
P1858,2.2,29.42857142857143,1533.333333333333,35.0,54700.0
P1859,2.2,29.42857142857143,1600.0,30.0,51800.0
P1860,2.2,29.42857142857143,1600.0,30.83333333333333,52200.0
P1861,2.2,29.42857142857143,1600.0,31.66666666666667,52500.0
P1862,2.2,29.42857142857143,1600.0,32.5,52900.0
P1863,2.2,29.42857142857143,1600.0,33.33333333333334,53200.0
P1864,2.2,29.42857142857143,1600.0,34.16666666666666,54300.0
P1865,2.2,29.42857142857143,1600.0,35.0,54700.0
P1866,2.2,30.0,1200.0,30.0,44200.0
P1867,2.2,30.0,1200.0,30.83333333333333,44600.0
P1868,2.2,30.0,1200.0,31.66666666666667,44900.0
P1869,2.2,30.0,1200.0,32.5,45300.0
P1870,2.2,30.0,1200.0,33.33333333333334,45600.0
P1871,2.2,30.0,1200.0,34.16666666666666,46700.0
P1872,2.2,30.0,1200.0,35.0,47100.0
P1873,2.2,30.0,1266.666666666667,30.0,49500.0
P1874,2.2,30.0,1266.666666666667,30.83333333333333,49900.0
P1875,2.2,30.0,1266.666666666667,31.66666666666667,50200.0
P1876,2.2,30.0,1266.666666666667,32.5,50600.0
P1877,2.2,30.0,1266.666666666667,33.33333333333334,50900.0
P1878,2.2,30.0,1266.666666666667,34.16666666666666,52000.0
P1879,2.2,30.0,1266.666666666667,35.0,52400.0
P1880,2.2,30.0,1333.333333333333,30.0,49100.0
P1881,2.2,30.0,1333.333333333333,30.83333333333333,49500.0
P1882,2.2,30.0,1333.333333333333,31.66666666666667,49800.0
P1883,2.2,30.0,1333.333333333333,32.5,50200.0
P1884,2.2,30.0,1333.333333333333,33.33333333333334,50500.0
P1885,2.2,30.0,1333.333333333333,34.16666666666666,51600.0
P1886,2.2,30.0,1333.333333333333,35.0,52000.0
P1887,2.2,30.0,1400.0,30.0,49100.0
P1888,2.2,30.0,1400.0,30.83333333333333,49500.0
P1889,2.2,30.0,1400.0,31.66666666666667,49800.0
P1890,2.2,30.0,1400.0,32.5,50200.0
P1891,2.2,30.0,1400.0,33.33333333333334,50500.0
P1892,2.2,30.0,1400.0,34.16666666666666,51600.0
P1893,2.2,30.0,1400.0,35.0,52000.0
P1894,2.2,30.0,1466.666666666667,30.0,49100.0
P1895,2.2,30.0,1466.666666666667,30.83333333333333,49500.0
P1896,2.2,30.0,1466.666666666667,31.66666666666667,49800.0
P1897,2.2,30.0,1466.666666666667,32.5,50200.0
P1898,2.2,30.0,1466.666666666667,33.33333333333334,50500.0
P1899,2.2,30.0,1466.666666666667,34.16666666666666,51600.0
P1900,2.2,30.0,1466.666666666667,35.0,52000.0
P1901,2.2,30.0,1533.333333333333,30.0,52400.0
P1902,2.2,30.0,1533.333333333333,30.83333333333333,52800.0
P1903,2.2,30.0,1533.333333333333,31.66666666666667,53100.0
P1904,2.2,30.0,1533.333333333333,32.5,53500.0
P1905,2.2,30.0,1533.333333333333,33.33333333333334,53800.0
P1906,2.2,30.0,1533.333333333333,34.16666666666666,54900.0
P1907,2.2,30.0,1533.333333333333,35.0,55300.0
P1908,2.2,30.0,1600.0,30.0,52400.0
P1909,2.2,30.0,1600.0,30.83333333333333,52800.0
P1910,2.2,30.0,1600.0,31.66666666666667,53100.0
P1911,2.2,30.0,1600.0,32.5,53500.0
P1912,2.2,30.0,1600.0,33.33333333333334,53800.0
P1913,2.2,30.0,1600.0,34.16666666666666,54900.0
P1914,2.2,30.0,1600.0,35.0,55300.0
P1915,2.275,26.0,1200.0,30.0,47500.0
P1916,2.275,26.0,1200.0,30.83333333333333,47800.0
P1917,2.275,26.0,1200.0,31.66666666666667,48200.0
P1918,2.275,26.0,1200.0,32.5,48600.0
P1919,2.275,26.0,1200.0,33.33333333333334,49000.0
P1920,2.275,26.0,1200.0,34.16666666666666,50100.0
P1921,2.275,26.0,1200.0,35.0,50500.0
P1922,2.275,26.0,1266.666666666667,30.0,47600.0
P1923,2.275,26.0,1266.666666666667,30.83333333333333,47900.0
P1924,2.275,26.0,1266.666666666667,31.66666666666667,48300.0
P1925,2.275,26.0,1266.666666666667,32.5,48700.0
P1926,2.275,26.0,1266.666666666667,33.33333333333334,49100.0
P1927,2.275,26.0,1266.666666666667,34.16666666666666,50200.0
P1928,2.275,26.0,1266.666666666667,35.0,50600.0
P1929,2.275,26.0,1333.333333333333,30.0,47100.0
P1930,2.275,26.0,1333.333333333333,30.83333333333333,47400.0
P1931,2.275,26.0,1333.333333333333,31.66666666666667,47800.0
P1932,2.275,26.0,1333.333333333333,32.5,48200.0
P1933,2.275,26.0,1333.333333333333,33.33333333333334,48600.0
P1934,2.275,26.0,1333.333333333333,34.16666666666666,49700.0
P1935,2.275,26.0,1333.333333333333,35.0,50100.0
P1936,2.275,26.0,1400.0,30.0,47100.0
P1937,2.275,26.0,1400.0,30.83333333333333,47400.0
P1938,2.275,26.0,1400.0,31.66666666666667,47800.0
P1939,2.275,26.0,1400.0,32.5,48200.0
P1940,2.275,26.0,1400.0,33.33333333333334,48600.0
P1941,2.275,26.0,1400.0,34.16666666666666,49700.0
P1942,2.275,26.0,1400.0,35.0,50100.0
P1943,2.275,26.0,1466.666666666667,30.0,50600.0
P1944,2.275,26.0,1466.666666666667,30.83333333333333,50900.0
P1945,2.275,26.0,1466.666666666667,31.66666666666667,51300.0
P1946,2.275,26.0,1466.666666666667,32.5,51700.0
P1947,2.275,26.0,1466.666666666667,33.33333333333334,52100.0
P1948,2.275,26.0,1466.666666666667,34.16666666666666,53200.0
P1949,2.275,26.0,1466.666666666667,35.0,53600.0
P1950,2.275,26.0,1533.333333333333,30.0,50000.0
P1951,2.275,26.0,1533.333333333333,30.83333333333333,50300.0
P1952,2.275,26.0,1533.333333333333,31.66666666666667,50700.0
P1953,2.275,26.0,1533.333333333333,32.5,51100.0
P1954,2.275,26.0,1533.333333333333,33.33333333333334,51500.0
P1955,2.275,26.0,1533.333333333333,34.16666666666666,52600.0
P1956,2.275,26.0,1533.333333333333,35.0,53000.0
P1957,2.275,26.0,1600.0,30.0,50000.0
P1958,2.275,26.0,1600.0,30.83333333333333,50300.0
P1959,2.275,26.0,1600.0,31.66666666666667,50700.0
P1960,2.275,26.0,1600.0,32.5,51100.0
P1961,2.275,26.0,1600.0,33.33333333333334,51500.0
P1962,2.275,26.0,1600.0,34.16666666666666,52600.0
P1963,2.275,26.0,1600.0,35.0,53000.0
P1964,2.275,26.57142857142857,1200.0,30.0,48000.0
P1965,2.275,26.57142857142857,1200.0,30.83333333333333,48300.0
P1966,2.275,26.57142857142857,1200.0,31.66666666666667,48700.0
P1967,2.275,26.57142857142857,1200.0,32.5,49100.0
P1968,2.275,26.57142857142857,1200.0,33.33333333333334,49500.0
P1969,2.275,26.57142857142857,1200.0,34.16666666666666,50600.0
P1970,2.275,26.57142857142857,1200.0,35.0,51000.0
P1971,2.275,26.57142857142857,1266.666666666667,30.0,48100.0
P1972,2.275,26.57142857142857,1266.666666666667,30.83333333333333,48400.0
P1973,2.275,26.57142857142857,1266.666666666667,31.66666666666667,48800.0
P1974,2.275,26.57142857142857,1266.666666666667,32.5,49200.0
P1975,2.275,26.57142857142857,1266.666666666667,33.33333333333334,49600.0
P1976,2.275,26.57142857142857,1266.666666666667,34.16666666666666,50700.0
P1977,2.275,26.57142857142857,1266.666666666667,35.0,51100.0
P1978,2.275,26.57142857142857,1333.333333333333,30.0,47600.0
P1979,2.275,26.57142857142857,1333.333333333333,30.83333333333333,47900.0
P1980,2.275,26.57142857142857,1333.333333333333,31.66666666666667,48300.0
P1981,2.275,26.57142857142857,1333.333333333333,32.5,48700.0
P1982,2.275,26.57142857142857,1333.333333333333,33.33333333333334,49100.0
P1983,2.275,26.57142857142857,1333.333333333333,34.16666666666666,50200.0
P1984,2.275,26.57142857142857,1333.333333333333,35.0,50600.0
P1985,2.275,26.57142857142857,1400.0,30.0,47600.0
P1986,2.275,26.57142857142857,1400.0,30.83333333333333,47900.0
P1987,2.275,26.57142857142857,1400.0,31.66666666666667,48300.0
P1988,2.275,26.57142857142857,1400.0,32.5,48700.0
P1989,2.275,26.57142857142857,1400.0,33.33333333333334,49100.0
P1990,2.275,26.57142857142857,1400.0,34.16666666666666,50200.0
P1991,2.275,26.57142857142857,1400.0,35.0,50600.0
P1992,2.275,26.57142857142857,1466.666666666667,30.0,51300.0
P1993,2.275,26.57142857142857,1466.666666666667,30.83333333333333,51600.0
P1994,2.275,26.57142857142857,1466.666666666667,31.66666666666667,52000.0
P1995,2.275,26.57142857142857,1466.666666666667,32.5,52400.0
P1996,2.275,26.57142857142857,1466.666666666667,33.33333333333334,52800.0
P1997,2.275,26.57142857142857,1466.666666666667,34.16666666666666,53900.0
P1998,2.275,26.57142857142857,1466.666666666667,35.0,54300.0
P1999,2.275,26.57142857142857,1533.333333333333,30.0,50700.0
P2000,2.275,26.57142857142857,1533.333333333333,30.83333333333333,51000.0
P2001,2.275,26.57142857142857,1533.333333333333,31.66666666666667,51400.0
P2002,2.275,26.57142857142857,1533.333333333333,32.5,51800.0
P2003,2.275,26.57142857142857,1533.333333333333,33.33333333333334,52200.0
P2004,2.275,26.57142857142857,1533.333333333333,34.16666666666666,53300.0
P2005,2.275,26.57142857142857,1533.333333333333,35.0,53700.0
P2006,2.275,26.57142857142857,1600.0,30.0,50700.0
P2007,2.275,26.57142857142857,1600.0,30.83333333333333,51000.0
P2008,2.275,26.57142857142857,1600.0,31.66666666666667,51400.0
P2009,2.275,26.57142857142857,1600.0,32.5,51800.0
P2010,2.275,26.57142857142857,1600.0,33.33333333333334,52200.0
P2011,2.275,26.57142857142857,1600.0,34.16666666666666,53300.0
P2012,2.275,26.57142857142857,1600.0,35.0,53700.0
P2013,2.275,27.14285714285714,1200.0,30.0,48600.0
P2014,2.275,27.14285714285714,1200.0,30.83333333333333,48900.0
P2015,2.275,27.14285714285714,1200.0,31.66666666666667,49300.0
P2016,2.275,27.14285714285714,1200.0,32.5,49700.0
P2017,2.275,27.14285714285714,1200.0,33.33333333333334,50100.0
P2018,2.275,27.14285714285714,1200.0,34.16666666666666,51200.0
P2019,2.275,27.14285714285714,1200.0,35.0,51600.0
P2020,2.275,27.14285714285714,1266.666666666667,30.0,48700.0
P2021,2.275,27.14285714285714,1266.666666666667,30.83333333333333,49000.0
P2022,2.275,27.14285714285714,1266.666666666667,31.66666666666667,49400.0
P2023,2.275,27.14285714285714,1266.666666666667,32.5,49800.0
P2024,2.275,27.14285714285714,1266.666666666667,33.33333333333334,50200.0
P2025,2.275,27.14285714285714,1266.666666666667,34.16666666666666,51300.0
P2026,2.275,27.14285714285714,1266.666666666667,35.0,51700.0
P2027,2.275,27.14285714285714,1333.333333333333,30.0,48200.0
P2028,2.275,27.14285714285714,1333.333333333333,30.83333333333333,48500.0
P2029,2.275,27.14285714285714,1333.333333333333,31.66666666666667,48900.0
P2030,2.275,27.14285714285714,1333.333333333333,32.5,49300.0
P2031,2.275,27.14285714285714,1333.333333333333,33.33333333333334,49700.0
P2032,2.275,27.14285714285714,1333.333333333333,34.16666666666666,50800.0
P2033,2.275,27.14285714285714,1333.333333333333,35.0,51200.0
P2034,2.275,27.14285714285714,1400.0,30.0,48200.0
P2035,2.275,27.14285714285714,1400.0,30.83333333333333,48500.0
P2036,2.275,27.14285714285714,1400.0,31.66666666666667,48900.0
P2037,2.275,27.14285714285714,1400.0,32.5,49300.0
P2038,2.275,27.14285714285714,1400.0,33.33333333333334,49700.0
P2039,2.275,27.14285714285714,1400.0,34.16666666666666,50800.0
P2040,2.275,27.14285714285714,1400.0,35.0,51200.0
P2041,2.275,27.14285714285714,1466.666666666667,30.0,51900.0
P2042,2.275,27.14285714285714,1466.666666666667,30.83333333333333,52200.0
P2043,2.275,27.14285714285714,1466.666666666667,31.66666666666667,52600.0
P2044,2.275,27.14285714285714,1466.666666666667,32.5,53000.0
P2045,2.275,27.14285714285714,1466.666666666667,33.33333333333334,53400.0
P2046,2.275,27.14285714285714,1466.666666666667,34.16666666666666,54500.0
P2047,2.275,27.14285714285714,1466.666666666667,35.0,54900.0
P2048,2.275,27.14285714285714,1533.333333333333,30.0,51300.0
P2049,2.275,27.14285714285714,1533.333333333333,30.83333333333333,51600.0
P2050,2.275,27.14285714285714,1533.333333333333,31.66666666666667,52000.0
P2051,2.275,27.14285714285714,1533.333333333333,32.5,52400.0
P2052,2.275,27.14285714285714,1533.333333333333,33.33333333333334,52800.0
P2053,2.275,27.14285714285714,1533.333333333333,34.16666666666666,53900.0
P2054,2.275,27.14285714285714,1533.333333333333,35.0,54300.0
P2055,2.275,27.14285714285714,1600.0,30.0,51300.0
P2056,2.275,27.14285714285714,1600.0,30.83333333333333,51600.0
P2057,2.275,27.14285714285714,1600.0,31.66666666666667,52000.0
P2058,2.275,27.14285714285714,1600.0,32.5,52400.0
P2059,2.275,27.14285714285714,1600.0,33.33333333333334,52800.0
P2060,2.275,27.14285714285714,1600.0,34.16666666666666,53900.0
P2061,2.275,27.14285714285714,1600.0,35.0,54300.0
P2062,2.275,27.71428571428572,1200.0,30.0,49200.0
P2063,2.275,27.71428571428572,1200.0,30.83333333333333,49500.0
P2064,2.275,27.71428571428572,1200.0,31.66666666666667,49900.0
P2065,2.275,27.71428571428572,1200.0,32.5,50300.0
P2066,2.275,27.71428571428572,1200.0,33.33333333333334,50700.0
P2067,2.275,27.71428571428572,1200.0,34.16666666666666,51800.0
P2068,2.275,27.71428571428572,1200.0,35.0,52200.0
P2069,2.275,27.71428571428572,1266.666666666667,30.0,49300.0
P2070,2.275,27.71428571428572,1266.666666666667,30.83333333333333,49600.0
P2071,2.275,27.71428571428572,1266.666666666667,31.66666666666667,50000.0
P2072,2.275,27.71428571428572,1266.666666666667,32.5,50400.0
P2073,2.275,27.71428571428572,1266.666666666667,33.33333333333334,50800.0
P2074,2.275,27.71428571428572,1266.666666666667,34.16666666666666,51900.0
P2075,2.275,27.71428571428572,1266.666666666667,35.0,52300.0
P2076,2.275,27.71428571428572,1333.333333333333,30.0,48800.0
P2077,2.275,27.71428571428572,1333.333333333333,30.83333333333333,49100.0
P2078,2.275,27.71428571428572,1333.333333333333,31.66666666666667,49500.0
P2079,2.275,27.71428571428572,1333.333333333333,32.5,49900.0
P2080,2.275,27.71428571428572,1333.333333333333,33.33333333333334,50300.0
P2081,2.275,27.71428571428572,1333.333333333333,34.16666666666666,51400.0
P2082,2.275,27.71428571428572,1333.333333333333,35.0,51800.0
P2083,2.275,27.71428571428572,1400.0,30.0,48800.0
P2084,2.275,27.71428571428572,1400.0,30.83333333333333,49100.0
P2085,2.275,27.71428571428572,1400.0,31.66666666666667,49500.0
P2086,2.275,27.71428571428572,1400.0,32.5,49900.0
P2087,2.275,27.71428571428572,1400.0,33.33333333333334,50300.0
P2088,2.275,27.71428571428572,1400.0,34.16666666666666,51400.0
P2089,2.275,27.71428571428572,1400.0,35.0,51800.0
P2090,2.275,27.71428571428572,1466.666666666667,30.0,52600.0
P2091,2.275,27.71428571428572,1466.666666666667,30.83333333333333,52900.0
P2092,2.275,27.71428571428572,1466.666666666667,31.66666666666667,53300.0
P2093,2.275,27.71428571428572,1466.666666666667,32.5,53700.0
P2094,2.275,27.71428571428572,1466.666666666667,33.33333333333334,54100.0
P2095,2.275,27.71428571428572,1466.666666666667,34.16666666666666,55200.0
P2096,2.275,27.71428571428572,1466.666666666667,35.0,55600.0
P2097,2.275,27.71428571428572,1533.333333333333,30.0,52000.0
P2098,2.275,27.71428571428572,1533.333333333333,30.83333333333333,52300.0
P2099,2.275,27.71428571428572,1533.333333333333,31.66666666666667,52700.0
P2100,2.275,27.71428571428572,1533.333333333333,32.5,53100.0
P2101,2.275,27.71428571428572,1533.333333333333,33.33333333333334,53500.0
P2102,2.275,27.71428571428572,1533.333333333333,34.16666666666666,54600.0
P2103,2.275,27.71428571428572,1533.333333333333,35.0,55000.0
P2104,2.275,27.71428571428572,1600.0,30.0,52000.0
P2105,2.275,27.71428571428572,1600.0,30.83333333333333,52300.0
P2106,2.275,27.71428571428572,1600.0,31.66666666666667,52700.0
P2107,2.275,27.71428571428572,1600.0,32.5,53100.0
P2108,2.275,27.71428571428572,1600.0,33.33333333333334,53500.0
P2109,2.275,27.71428571428572,1600.0,34.16666666666666,54600.0
P2110,2.275,27.71428571428572,1600.0,35.0,55000.0
P2111,2.275,28.28571428571428,1200.0,30.0,49800.0
P2112,2.275,28.28571428571428,1200.0,30.83333333333333,50100.0
P2113,2.275,28.28571428571428,1200.0,31.66666666666667,50500.0
P2114,2.275,28.28571428571428,1200.0,32.5,50900.0
P2115,2.275,28.28571428571428,1200.0,33.33333333333334,51300.0
P2116,2.275,28.28571428571428,1200.0,34.16666666666666,52400.0
P2117,2.275,28.28571428571428,1200.0,35.0,52800.0
P2118,2.275,28.28571428571428,1266.666666666667,30.0,49900.0
P2119,2.275,28.28571428571428,1266.666666666667,30.83333333333333,50200.0
P2120,2.275,28.28571428571428,1266.666666666667,31.66666666666667,50600.0
P2121,2.275,28.28571428571428,1266.666666666667,32.5,51000.0
P2122,2.275,28.28571428571428,1266.666666666667,33.33333333333334,51400.0
P2123,2.275,28.28571428571428,1266.666666666667,34.16666666666666,52500.0
P2124,2.275,28.28571428571428,1266.666666666667,35.0,52900.0
P2125,2.275,28.28571428571428,1333.333333333333,30.0,49400.0
P2126,2.275,28.28571428571428,1333.333333333333,30.83333333333333,49700.0
P2127,2.275,28.28571428571428,1333.333333333333,31.66666666666667,50100.0
P2128,2.275,28.28571428571428,1333.333333333333,32.5,50500.0
P2129,2.275,28.28571428571428,1333.333333333333,33.33333333333334,50900.0
P2130,2.275,28.28571428571428,1333.333333333333,34.16666666666666,52000.0
P2131,2.275,28.28571428571428,1333.333333333333,35.0,52400.0
P2132,2.275,28.28571428571428,1400.0,30.0,49400.0
P2133,2.275,28.28571428571428,1400.0,30.83333333333333,49700.0
P2134,2.275,28.28571428571428,1400.0,31.66666666666667,50100.0
P2135,2.275,28.28571428571428,1400.0,32.5,50500.0
P2136,2.275,28.28571428571428,1400.0,33.33333333333334,50900.0
P2137,2.275,28.28571428571428,1400.0,34.16666666666666,52000.0
P2138,2.275,28.28571428571428,1400.0,35.0,52400.0
P2139,2.275,28.28571428571428,1466.666666666667,30.0,53200.0
P2140,2.275,28.28571428571428,1466.666666666667,30.83333333333333,53500.0
P2141,2.275,28.28571428571428,1466.666666666667,31.66666666666667,53900.0
P2142,2.275,28.28571428571428,1466.666666666667,32.5,54300.0
P2143,2.275,28.28571428571428,1466.666666666667,33.33333333333334,54700.0
P2144,2.275,28.28571428571428,1466.666666666667,34.16666666666666,55800.0
P2145,2.275,28.28571428571428,1466.666666666667,35.0,56200.0
P2146,2.275,28.28571428571428,1533.333333333333,30.0,52600.0
P2147,2.275,28.28571428571428,1533.333333333333,30.83333333333333,52900.0
P2148,2.275,28.28571428571428,1533.333333333333,31.66666666666667,53300.0
P2149,2.275,28.28571428571428,1533.333333333333,32.5,53700.0
P2150,2.275,28.28571428571428,1533.333333333333,33.33333333333334,54100.0
P2151,2.275,28.28571428571428,1533.333333333333,34.16666666666666,55200.0
P2152,2.275,28.28571428571428,1533.333333333333,35.0,55600.0
P2153,2.275,28.28571428571428,1600.0,30.0,52600.0
P2154,2.275,28.28571428571428,1600.0,30.83333333333333,52900.0
P2155,2.275,28.28571428571428,1600.0,31.66666666666667,53300.0
P2156,2.275,28.28571428571428,1600.0,32.5,53700.0
P2157,2.275,28.28571428571428,1600.0,33.33333333333334,54100.0
P2158,2.275,28.28571428571428,1600.0,34.16666666666666,55200.0
P2159,2.275,28.28571428571428,1600.0,35.0,55600.0
P2160,2.275,28.85714285714286,1200.0,30.0,50300.0
P2161,2.275,28.85714285714286,1200.0,30.83333333333333,50600.0
P2162,2.275,28.85714285714286,1200.0,31.66666666666667,51000.0
P2163,2.275,28.85714285714286,1200.0,32.5,51400.0
P2164,2.275,28.85714285714286,1200.0,33.33333333333334,51800.0
P2165,2.275,28.85714285714286,1200.0,34.16666666666666,52900.0
P2166,2.275,28.85714285714286,1200.0,35.0,53300.0
P2167,2.275,28.85714285714286,1266.666666666667,30.0,50400.0
P2168,2.275,28.85714285714286,1266.666666666667,30.83333333333333,50700.0
P2169,2.275,28.85714285714286,1266.666666666667,31.66666666666667,51100.0
P2170,2.275,28.85714285714286,1266.666666666667,32.5,51500.0
P2171,2.275,28.85714285714286,1266.666666666667,33.33333333333334,51900.0
P2172,2.275,28.85714285714286,1266.666666666667,34.16666666666666,53000.0
P2173,2.275,28.85714285714286,1266.666666666667,35.0,53400.0
P2174,2.275,28.85714285714286,1333.333333333333,30.0,49900.0
P2175,2.275,28.85714285714286,1333.333333333333,30.83333333333333,50200.0
P2176,2.275,28.85714285714286,1333.333333333333,31.66666666666667,50600.0
P2177,2.275,28.85714285714286,1333.333333333333,32.5,51000.0
P2178,2.275,28.85714285714286,1333.333333333333,33.33333333333334,51400.0
P2179,2.275,28.85714285714286,1333.333333333333,34.16666666666666,52500.0
P2180,2.275,28.85714285714286,1333.333333333333,35.0,52900.0
P2181,2.275,28.85714285714286,1400.0,30.0,49900.0
P2182,2.275,28.85714285714286,1400.0,30.83333333333333,50200.0
P2183,2.275,28.85714285714286,1400.0,31.66666666666667,50600.0
P2184,2.275,28.85714285714286,1400.0,32.5,51000.0
P2185,2.275,28.85714285714286,1400.0,33.33333333333334,51400.0
P2186,2.275,28.85714285714286,1400.0,34.16666666666666,52500.0
P2187,2.275,28.85714285714286,1400.0,35.0,52900.0
P2188,2.275,28.85714285714286,1466.666666666667,30.0,53800.0
P2189,2.275,28.85714285714286,1466.666666666667,30.83333333333333,54100.0
P2190,2.275,28.85714285714286,1466.666666666667,31.66666666666667,54500.0
P2191,2.275,28.85714285714286,1466.666666666667,32.5,54900.0
P2192,2.275,28.85714285714286,1466.666666666667,33.33333333333334,55300.0
P2193,2.275,28.85714285714286,1466.666666666667,34.16666666666666,56400.0
P2194,2.275,28.85714285714286,1466.666666666667,35.0,56800.0
P2195,2.275,28.85714285714286,1533.333333333333,30.0,53200.0
P2196,2.275,28.85714285714286,1533.333333333333,30.83333333333333,53500.0
P2197,2.275,28.85714285714286,1533.333333333333,31.66666666666667,53900.0
P2198,2.275,28.85714285714286,1533.333333333333,32.5,54300.0
P2199,2.275,28.85714285714286,1533.333333333333,33.33333333333334,54700.0
P2200,2.275,28.85714285714286,1533.333333333333,34.16666666666666,55800.0
P2201,2.275,28.85714285714286,1533.333333333333,35.0,56200.0
P2202,2.275,28.85714285714286,1600.0,30.0,53400.0
P2203,2.275,28.85714285714286,1600.0,30.83333333333333,53700.0
P2204,2.275,28.85714285714286,1600.0,31.66666666666667,54100.0
P2205,2.275,28.85714285714286,1600.0,32.5,54500.0
P2206,2.275,28.85714285714286,1600.0,33.33333333333334,54900.0
P2207,2.275,28.85714285714286,1600.0,34.16666666666666,56000.0
P2208,2.275,28.85714285714286,1600.0,35.0,56400.0
P2209,2.275,29.42857142857143,1200.0,30.0,50900.0
P2210,2.275,29.42857142857143,1200.0,30.83333333333333,51200.0
P2211,2.275,29.42857142857143,1200.0,31.66666666666667,51600.0
P2212,2.275,29.42857142857143,1200.0,32.5,52000.0
P2213,2.275,29.42857142857143,1200.0,33.33333333333334,52400.0
P2214,2.275,29.42857142857143,1200.0,34.16666666666666,53500.0
P2215,2.275,29.42857142857143,1200.0,35.0,53900.0
P2216,2.275,29.42857142857143,1266.666666666667,30.0,50500.0
P2217,2.275,29.42857142857143,1266.666666666667,30.83333333333333,50800.0
P2218,2.275,29.42857142857143,1266.666666666667,31.66666666666667,51200.0
P2219,2.275,29.42857142857143,1266.666666666667,32.5,51600.0
P2220,2.275,29.42857142857143,1266.666666666667,33.33333333333334,52000.0
P2221,2.275,29.42857142857143,1266.666666666667,34.16666666666666,53100.0
P2222,2.275,29.42857142857143,1266.666666666667,35.0,53500.0
P2223,2.275,29.42857142857143,1333.333333333333,30.0,50500.0
P2224,2.275,29.42857142857143,1333.333333333333,30.83333333333333,50800.0
P2225,2.275,29.42857142857143,1333.333333333333,31.66666666666667,51200.0
P2226,2.275,29.42857142857143,1333.333333333333,32.5,51600.0
P2227,2.275,29.42857142857143,1333.333333333333,33.33333333333334,52000.0
P2228,2.275,29.42857142857143,1333.333333333333,34.16666666666666,53100.0
P2229,2.275,29.42857142857143,1333.333333333333,35.0,53500.0
P2230,2.275,29.42857142857143,1400.0,30.0,50500.0
P2231,2.275,29.42857142857143,1400.0,30.83333333333333,50800.0
P2232,2.275,29.42857142857143,1400.0,31.66666666666667,51200.0
P2233,2.275,29.42857142857143,1400.0,32.5,51600.0
P2234,2.275,29.42857142857143,1400.0,33.33333333333334,52000.0
P2235,2.275,29.42857142857143,1400.0,34.16666666666666,53100.0
P2236,2.275,29.42857142857143,1400.0,35.0,53500.0
P2237,2.275,29.42857142857143,1466.666666666667,30.0,54500.0
P2238,2.275,29.42857142857143,1466.666666666667,30.83333333333333,54800.0
P2239,2.275,29.42857142857143,1466.666666666667,31.66666666666667,55200.0
P2240,2.275,29.42857142857143,1466.666666666667,32.5,55600.0
P2241,2.275,29.42857142857143,1466.666666666667,33.33333333333334,56000.0
P2242,2.275,29.42857142857143,1466.666666666667,34.16666666666666,57100.0
P2243,2.275,29.42857142857143,1466.666666666667,35.0,57500.0
P2244,2.275,29.42857142857143,1533.333333333333,30.0,53900.0
P2245,2.275,29.42857142857143,1533.333333333333,30.83333333333333,54200.0
P2246,2.275,29.42857142857143,1533.333333333333,31.66666666666667,54600.0
P2247,2.275,29.42857142857143,1533.333333333333,32.5,55000.0
P2248,2.275,29.42857142857143,1533.333333333333,33.33333333333334,55400.0
P2249,2.275,29.42857142857143,1533.333333333333,34.16666666666666,56500.0
P2250,2.275,29.42857142857143,1533.333333333333,35.0,56900.0
P2251,2.275,29.42857142857143,1600.0,30.0,54100.0
P2252,2.275,29.42857142857143,1600.0,30.83333333333333,54400.0
P2253,2.275,29.42857142857143,1600.0,31.66666666666667,54800.0
P2254,2.275,29.42857142857143,1600.0,32.5,55200.0
P2255,2.275,29.42857142857143,1600.0,33.33333333333334,55600.0
P2256,2.275,29.42857142857143,1600.0,34.16666666666666,56700.0
P2257,2.275,29.42857142857143,1600.0,35.0,57100.0
P2258,2.275,30.0,1200.0,30.0,51500.0
P2259,2.275,30.0,1200.0,30.83333333333333,51800.0
P2260,2.275,30.0,1200.0,31.66666666666667,52200.0
P2261,2.275,30.0,1200.0,32.5,52600.0
P2262,2.275,30.0,1200.0,33.33333333333334,53000.0
P2263,2.275,30.0,1200.0,34.16666666666666,54100.0
P2264,2.275,30.0,1200.0,35.0,54500.0
P2265,2.275,30.0,1266.666666666667,30.0,51100.0
P2266,2.275,30.0,1266.666666666667,30.83333333333333,51400.0
P2267,2.275,30.0,1266.666666666667,31.66666666666667,51800.0
P2268,2.275,30.0,1266.666666666667,32.5,52200.0
P2269,2.275,30.0,1266.666666666667,33.33333333333334,52600.0
P2270,2.275,30.0,1266.666666666667,34.16666666666666,53700.0
P2271,2.275,30.0,1266.666666666667,35.0,54100.0
P2272,2.275,30.0,1333.333333333333,30.0,51100.0
P2273,2.275,30.0,1333.333333333333,30.83333333333333,51400.0
P2274,2.275,30.0,1333.333333333333,31.66666666666667,51800.0
P2275,2.275,30.0,1333.333333333333,32.5,52200.0
P2276,2.275,30.0,1333.333333333333,33.33333333333334,52600.0
P2277,2.275,30.0,1333.333333333333,34.16666666666666,53700.0
P2278,2.275,30.0,1333.333333333333,35.0,54100.0
P2279,2.275,30.0,1400.0,30.0,51100.0
P2280,2.275,30.0,1400.0,30.83333333333333,51400.0
P2281,2.275,30.0,1400.0,31.66666666666667,51800.0
P2282,2.275,30.0,1400.0,32.5,52200.0
P2283,2.275,30.0,1400.0,33.33333333333334,52600.0
P2284,2.275,30.0,1400.0,34.16666666666666,53700.0
P2285,2.275,30.0,1400.0,35.0,54100.0
P2286,2.275,30.0,1466.666666666667,30.0,55100.0
P2287,2.275,30.0,1466.666666666667,30.83333333333333,55400.0
P2288,2.275,30.0,1466.666666666667,31.66666666666667,55800.0
P2289,2.275,30.0,1466.666666666667,32.5,56200.0
P2290,2.275,30.0,1466.666666666667,33.33333333333334,56600.0
P2291,2.275,30.0,1466.666666666667,34.16666666666666,57700.0
P2292,2.275,30.0,1466.666666666667,35.0,58100.0
P2293,2.275,30.0,1533.333333333333,30.0,55100.0
P2294,2.275,30.0,1533.333333333333,30.83333333333333,55400.0
P2295,2.275,30.0,1533.333333333333,31.66666666666667,55800.0
P2296,2.275,30.0,1533.333333333333,32.5,56200.0
P2297,2.275,30.0,1533.333333333333,33.33333333333334,56600.0
P2298,2.275,30.0,1533.333333333333,34.16666666666666,57700.0
P2299,2.275,30.0,1533.333333333333,35.0,58100.0
P2300,2.275,30.0,1600.0,30.0,55300.0
P2301,2.275,30.0,1600.0,30.83333333333333,55600.0
P2302,2.275,30.0,1600.0,31.66666666666667,56000.0
P2303,2.275,30.0,1600.0,32.5,56400.0
P2304,2.275,30.0,1600.0,33.33333333333334,56800.0
P2305,2.275,30.0,1600.0,34.16666666666666,57900.0
P2306,2.275,30.0,1600.0,35.0,58300.0
P2307,2.35,26.0,1200.0,30.0,49400.0
P2308,2.35,26.0,1200.0,30.83333333333333,49800.0
P2309,2.35,26.0,1200.0,31.66666666666667,50200.0
P2310,2.35,26.0,1200.0,32.5,50600.0
P2311,2.35,26.0,1200.0,33.33333333333334,51000.0
P2312,2.35,26.0,1200.0,34.16666666666666,52100.0
P2313,2.35,26.0,1200.0,35.0,52500.0
P2314,2.35,26.0,1266.666666666667,30.0,49000.0
P2315,2.35,26.0,1266.666666666667,30.83333333333333,49400.0
P2316,2.35,26.0,1266.666666666667,31.66666666666667,49800.0
P2317,2.35,26.0,1266.666666666667,32.5,50200.0
P2318,2.35,26.0,1266.666666666667,33.33333333333334,50600.0
P2319,2.35,26.0,1266.666666666667,34.16666666666666,51700.0
P2320,2.35,26.0,1266.666666666667,35.0,52100.0
P2321,2.35,26.0,1333.333333333333,30.0,49000.0
P2322,2.35,26.0,1333.333333333333,30.83333333333333,49400.0
P2323,2.35,26.0,1333.333333333333,31.66666666666667,49800.0
P2324,2.35,26.0,1333.333333333333,32.5,50200.0
P2325,2.35,26.0,1333.333333333333,33.33333333333334,50600.0
P2326,2.35,26.0,1333.333333333333,34.16666666666666,51700.0
P2327,2.35,26.0,1333.333333333333,35.0,52100.0
P2328,2.35,26.0,1400.0,30.0,52700.0
P2329,2.35,26.0,1400.0,30.83333333333333,53100.0
P2330,2.35,26.0,1400.0,31.66666666666667,53500.0
P2331,2.35,26.0,1400.0,32.5,53900.0
P2332,2.35,26.0,1400.0,33.33333333333334,54300.0
P2333,2.35,26.0,1400.0,34.16666666666666,55400.0
P2334,2.35,26.0,1400.0,35.0,55800.0
P2335,2.35,26.0,1466.666666666667,30.0,52100.0
P2336,2.35,26.0,1466.666666666667,30.83333333333333,52500.0
P2337,2.35,26.0,1466.666666666667,31.66666666666667,52900.0
P2338,2.35,26.0,1466.666666666667,32.5,53300.0
P2339,2.35,26.0,1466.666666666667,33.33333333333334,53700.0
P2340,2.35,26.0,1466.666666666667,34.16666666666666,54800.0
P2341,2.35,26.0,1466.666666666667,35.0,55200.0
P2342,2.35,26.0,1533.333333333333,30.0,52100.0
P2343,2.35,26.0,1533.333333333333,30.83333333333333,52500.0
P2344,2.35,26.0,1533.333333333333,31.66666666666667,52900.0
P2345,2.35,26.0,1533.333333333333,32.5,53300.0
P2346,2.35,26.0,1533.333333333333,33.33333333333334,53700.0
P2347,2.35,26.0,1533.333333333333,34.16666666666666,54800.0
P2348,2.35,26.0,1533.333333333333,35.0,55200.0
P2349,2.35,26.0,1600.0,30.0,52300.0
P2350,2.35,26.0,1600.0,30.83333333333333,52700.0
P2351,2.35,26.0,1600.0,31.66666666666667,53100.0
P2352,2.35,26.0,1600.0,32.5,53500.0
P2353,2.35,26.0,1600.0,33.33333333333334,53900.0
P2354,2.35,26.0,1600.0,34.16666666666666,55000.0
P2355,2.35,26.0,1600.0,35.0,55400.0
P2356,2.35,26.57142857142857,1200.0,30.0,50000.0
P2357,2.35,26.57142857142857,1200.0,30.83333333333333,50400.0
P2358,2.35,26.57142857142857,1200.0,31.66666666666667,50800.0
P2359,2.35,26.57142857142857,1200.0,32.5,51200.0
P2360,2.35,26.57142857142857,1200.0,33.33333333333334,51600.0
P2361,2.35,26.57142857142857,1200.0,34.16666666666666,52700.0
P2362,2.35,26.57142857142857,1200.0,35.0,53100.0
P2363,2.35,26.57142857142857,1266.666666666667,30.0,49600.0
P2364,2.35,26.57142857142857,1266.666666666667,30.83333333333333,50000.0
P2365,2.35,26.57142857142857,1266.666666666667,31.66666666666667,50400.0
P2366,2.35,26.57142857142857,1266.666666666667,32.5,50800.0
P2367,2.35,26.57142857142857,1266.666666666667,33.33333333333334,51200.0
P2368,2.35,26.57142857142857,1266.666666666667,34.16666666666666,52300.0
P2369,2.35,26.57142857142857,1266.666666666667,35.0,52700.0
P2370,2.35,26.57142857142857,1333.333333333333,30.0,49600.0
P2371,2.35,26.57142857142857,1333.333333333333,30.83333333333333,50000.0
P2372,2.35,26.57142857142857,1333.333333333333,31.66666666666667,50400.0
P2373,2.35,26.57142857142857,1333.333333333333,32.5,50800.0
P2374,2.35,26.57142857142857,1333.333333333333,33.33333333333334,51200.0
P2375,2.35,26.57142857142857,1333.333333333333,34.16666666666666,52300.0
P2376,2.35,26.57142857142857,1333.333333333333,35.0,52700.0
P2377,2.35,26.57142857142857,1400.0,30.0,53400.0
P2378,2.35,26.57142857142857,1400.0,30.83333333333333,53800.0
P2379,2.35,26.57142857142857,1400.0,31.66666666666667,54200.0
P2380,2.35,26.57142857142857,1400.0,32.5,54600.0
P2381,2.35,26.57142857142857,1400.0,33.33333333333334,55000.0
P2382,2.35,26.57142857142857,1400.0,34.16666666666666,56100.0
P2383,2.35,26.57142857142857,1400.0,35.0,56500.0
P2384,2.35,26.57142857142857,1466.666666666667,30.0,52800.0
P2385,2.35,26.57142857142857,1466.666666666667,30.83333333333333,53200.0
P2386,2.35,26.57142857142857,1466.666666666667,31.66666666666667,53600.0
P2387,2.35,26.57142857142857,1466.666666666667,32.5,54000.0
P2388,2.35,26.57142857142857,1466.666666666667,33.33333333333334,54400.0
P2389,2.35,26.57142857142857,1466.666666666667,34.16666666666666,55500.0
P2390,2.35,26.57142857142857,1466.666666666667,35.0,55900.0
P2391,2.35,26.57142857142857,1533.333333333333,30.0,52800.0
P2392,2.35,26.57142857142857,1533.333333333333,30.83333333333333,53200.0
P2393,2.35,26.57142857142857,1533.333333333333,31.66666666666667,53600.0
P2394,2.35,26.57142857142857,1533.333333333333,32.5,54000.0
P2395,2.35,26.57142857142857,1533.333333333333,33.33333333333334,54400.0
P2396,2.35,26.57142857142857,1533.333333333333,34.16666666666666,55500.0
P2397,2.35,26.57142857142857,1533.333333333333,35.0,55900.0
P2398,2.35,26.57142857142857,1600.0,30.0,53000.0
P2399,2.35,26.57142857142857,1600.0,30.83333333333333,53400.0
P2400,2.35,26.57142857142857,1600.0,31.66666666666667,53800.0
P2401,2.35,26.57142857142857,1600.0,32.5,54200.0
P2402,2.35,26.57142857142857,1600.0,33.33333333333334,54600.0
P2403,2.35,26.57142857142857,1600.0,34.16666666666666,55700.0
P2404,2.35,26.57142857142857,1600.0,35.0,56100.0
P2405,2.35,27.14285714285714,1200.0,30.0,50600.0
P2406,2.35,27.14285714285714,1200.0,30.83333333333333,51000.0
P2407,2.35,27.14285714285714,1200.0,31.66666666666667,51400.0
P2408,2.35,27.14285714285714,1200.0,32.5,51800.0
P2409,2.35,27.14285714285714,1200.0,33.33333333333334,52200.0
P2410,2.35,27.14285714285714,1200.0,34.16666666666666,53300.0
P2411,2.35,27.14285714285714,1200.0,35.0,53700.0
P2412,2.35,27.14285714285714,1266.666666666667,30.0,50200.0
P2413,2.35,27.14285714285714,1266.666666666667,30.83333333333333,50600.0
P2414,2.35,27.14285714285714,1266.666666666667,31.66666666666667,51000.0
P2415,2.35,27.14285714285714,1266.666666666667,32.5,51400.0
P2416,2.35,27.14285714285714,1266.666666666667,33.33333333333334,51800.0
P2417,2.35,27.14285714285714,1266.666666666667,34.16666666666666,52900.0
P2418,2.35,27.14285714285714,1266.666666666667,35.0,53300.0
P2419,2.35,27.14285714285714,1333.333333333333,30.0,50200.0
P2420,2.35,27.14285714285714,1333.333333333333,30.83333333333333,50600.0
P2421,2.35,27.14285714285714,1333.333333333333,31.66666666666667,51000.0
P2422,2.35,27.14285714285714,1333.333333333333,32.5,51400.0
P2423,2.35,27.14285714285714,1333.333333333333,33.33333333333334,51800.0
P2424,2.35,27.14285714285714,1333.333333333333,34.16666666666666,52900.0
P2425,2.35,27.14285714285714,1333.333333333333,35.0,53300.0
P2426,2.35,27.14285714285714,1400.0,30.0,54000.0
P2427,2.35,27.14285714285714,1400.0,30.83333333333333,54400.0
P2428,2.35,27.14285714285714,1400.0,31.66666666666667,54800.0
P2429,2.35,27.14285714285714,1400.0,32.5,55200.0
P2430,2.35,27.14285714285714,1400.0,33.33333333333334,55600.0
P2431,2.35,27.14285714285714,1400.0,34.16666666666666,56700.0
P2432,2.35,27.14285714285714,1400.0,35.0,57100.0
P2433,2.35,27.14285714285714,1466.666666666667,30.0,53400.0
P2434,2.35,27.14285714285714,1466.666666666667,30.83333333333333,53800.0
P2435,2.35,27.14285714285714,1466.666666666667,31.66666666666667,54200.0
P2436,2.35,27.14285714285714,1466.666666666667,32.5,54600.0
P2437,2.35,27.14285714285714,1466.666666666667,33.33333333333334,55000.0
P2438,2.35,27.14285714285714,1466.666666666667,34.16666666666666,56100.0
P2439,2.35,27.14285714285714,1466.666666666667,35.0,56500.0
P2440,2.35,27.14285714285714,1533.333333333333,30.0,53400.0
P2441,2.35,27.14285714285714,1533.333333333333,30.83333333333333,53800.0
P2442,2.35,27.14285714285714,1533.333333333333,31.66666666666667,54200.0
P2443,2.35,27.14285714285714,1533.333333333333,32.5,54600.0
P2444,2.35,27.14285714285714,1533.333333333333,33.33333333333334,55000.0
P2445,2.35,27.14285714285714,1533.333333333333,34.16666666666666,56100.0
P2446,2.35,27.14285714285714,1533.333333333333,35.0,56500.0
P2447,2.35,27.14285714285714,1600.0,30.0,53600.0
P2448,2.35,27.14285714285714,1600.0,30.83333333333333,54000.0
P2449,2.35,27.14285714285714,1600.0,31.66666666666667,54400.0
P2450,2.35,27.14285714285714,1600.0,32.5,54800.0
P2451,2.35,27.14285714285714,1600.0,33.33333333333334,55200.0
P2452,2.35,27.14285714285714,1600.0,34.16666666666666,56300.0
P2453,2.35,27.14285714285714,1600.0,35.0,56700.0
P2454,2.35,27.71428571428572,1200.0,30.0,51200.0
P2455,2.35,27.71428571428572,1200.0,30.83333333333333,51600.0
P2456,2.35,27.71428571428572,1200.0,31.66666666666667,52000.0
P2457,2.35,27.71428571428572,1200.0,32.5,52400.0
P2458,2.35,27.71428571428572,1200.0,33.33333333333334,52800.0
P2459,2.35,27.71428571428572,1200.0,34.16666666666666,53900.0
P2460,2.35,27.71428571428572,1200.0,35.0,54300.0
P2461,2.35,27.71428571428572,1266.666666666667,30.0,50800.0
P2462,2.35,27.71428571428572,1266.666666666667,30.83333333333333,51200.0
P2463,2.35,27.71428571428572,1266.666666666667,31.66666666666667,51600.0
P2464,2.35,27.71428571428572,1266.666666666667,32.5,52000.0
P2465,2.35,27.71428571428572,1266.666666666667,33.33333333333334,52400.0
P2466,2.35,27.71428571428572,1266.666666666667,34.16666666666666,53500.0
P2467,2.35,27.71428571428572,1266.666666666667,35.0,53900.0
P2468,2.35,27.71428571428572,1333.333333333333,30.0,50800.0
P2469,2.35,27.71428571428572,1333.333333333333,30.83333333333333,51200.0
P2470,2.35,27.71428571428572,1333.333333333333,31.66666666666667,51600.0
P2471,2.35,27.71428571428572,1333.333333333333,32.5,52000.0
P2472,2.35,27.71428571428572,1333.333333333333,33.33333333333334,52400.0
P2473,2.35,27.71428571428572,1333.333333333333,34.16666666666666,53500.0
P2474,2.35,27.71428571428572,1333.333333333333,35.0,53900.0
P2475,2.35,27.71428571428572,1400.0,30.0,54700.0
P2476,2.35,27.71428571428572,1400.0,30.83333333333333,55100.0
P2477,2.35,27.71428571428572,1400.0,31.66666666666667,55500.0
P2478,2.35,27.71428571428572,1400.0,32.5,55900.0
P2479,2.35,27.71428571428572,1400.0,33.33333333333334,56300.0
P2480,2.35,27.71428571428572,1400.0,34.16666666666666,57400.0
P2481,2.35,27.71428571428572,1400.0,35.0,57800.0
P2482,2.35,27.71428571428572,1466.666666666667,30.0,54100.0
P2483,2.35,27.71428571428572,1466.666666666667,30.83333333333333,54500.0
P2484,2.35,27.71428571428572,1466.666666666667,31.66666666666667,54900.0
P2485,2.35,27.71428571428572,1466.666666666667,32.5,55300.0
P2486,2.35,27.71428571428572,1466.666666666667,33.33333333333334,55700.0
P2487,2.35,27.71428571428572,1466.666666666667,34.16666666666666,56800.0
P2488,2.35,27.71428571428572,1466.666666666667,35.0,57200.0
P2489,2.35,27.71428571428572,1533.333333333333,30.0,54100.0
P2490,2.35,27.71428571428572,1533.333333333333,30.83333333333333,54500.0
P2491,2.35,27.71428571428572,1533.333333333333,31.66666666666667,54900.0
P2492,2.35,27.71428571428572,1533.333333333333,32.5,55300.0
P2493,2.35,27.71428571428572,1533.333333333333,33.33333333333334,55700.0
P2494,2.35,27.71428571428572,1533.333333333333,34.16666666666666,56800.0
P2495,2.35,27.71428571428572,1533.333333333333,35.0,57200.0
P2496,2.35,27.71428571428572,1600.0,30.0,54300.0
P2497,2.35,27.71428571428572,1600.0,30.83333333333333,54700.0
P2498,2.35,27.71428571428572,1600.0,31.66666666666667,55100.0
P2499,2.35,27.71428571428572,1600.0,32.5,55500.0
P2500,2.35,27.71428571428572,1600.0,33.33333333333334,55900.0
P2501,2.35,27.71428571428572,1600.0,34.16666666666666,57000.0
P2502,2.35,27.71428571428572,1600.0,35.0,57400.0
P2503,2.35,28.28571428571428,1200.0,30.0,51800.0
P2504,2.35,28.28571428571428,1200.0,30.83333333333333,52200.0
P2505,2.35,28.28571428571428,1200.0,31.66666666666667,52600.0
P2506,2.35,28.28571428571428,1200.0,32.5,53000.0
P2507,2.35,28.28571428571428,1200.0,33.33333333333334,53400.0
P2508,2.35,28.28571428571428,1200.0,34.16666666666666,54500.0
P2509,2.35,28.28571428571428,1200.0,35.0,54900.0
P2510,2.35,28.28571428571428,1266.666666666667,30.0,51400.0
P2511,2.35,28.28571428571428,1266.666666666667,30.83333333333333,51800.0
P2512,2.35,28.28571428571428,1266.666666666667,31.66666666666667,52200.0
P2513,2.35,28.28571428571428,1266.666666666667,32.5,52600.0
P2514,2.35,28.28571428571428,1266.666666666667,33.33333333333334,53000.0
P2515,2.35,28.28571428571428,1266.666666666667,34.16666666666666,54100.0
P2516,2.35,28.28571428571428,1266.666666666667,35.0,54500.0
P2517,2.35,28.28571428571428,1333.333333333333,30.0,51400.0
P2518,2.35,28.28571428571428,1333.333333333333,30.83333333333333,51800.0
P2519,2.35,28.28571428571428,1333.333333333333,31.66666666666667,52200.0
P2520,2.35,28.28571428571428,1333.333333333333,32.5,52600.0
P2521,2.35,28.28571428571428,1333.333333333333,33.33333333333334,53000.0
P2522,2.35,28.28571428571428,1333.333333333333,34.16666666666666,54100.0
P2523,2.35,28.28571428571428,1333.333333333333,35.0,54500.0
P2524,2.35,28.28571428571428,1400.0,30.0,55300.0
P2525,2.35,28.28571428571428,1400.0,30.83333333333333,55700.0
P2526,2.35,28.28571428571428,1400.0,31.66666666666667,56100.0
P2527,2.35,28.28571428571428,1400.0,32.5,56500.0
P2528,2.35,28.28571428571428,1400.0,33.33333333333334,53000.0
P2529,2.35,28.28571428571428,1400.0,34.16666666666666,54100.0
P2530,2.35,28.28571428571428,1400.0,35.0,54500.0
P2531,2.35,28.28571428571428,1466.666666666667,30.0,54700.0
P2532,2.35,28.28571428571428,1466.666666666667,30.83333333333333,55100.0
P2533,2.35,28.28571428571428,1466.666666666667,31.66666666666667,55500.0
P2534,2.35,28.28571428571428,1466.666666666667,32.5,55900.0
P2535,2.35,28.28571428571428,1466.666666666667,33.33333333333334,56300.0
P2536,2.35,28.28571428571428,1466.666666666667,34.16666666666666,57400.0
P2537,2.35,28.28571428571428,1466.666666666667,35.0,57800.0
P2538,2.35,28.28571428571428,1533.333333333333,30.0,54700.0
P2539,2.35,28.28571428571428,1533.333333333333,30.83333333333333,55100.0
P2540,2.35,28.28571428571428,1533.333333333333,31.66666666666667,55500.0
P2541,2.35,28.28571428571428,1533.333333333333,32.5,55900.0
P2542,2.35,28.28571428571428,1533.333333333333,33.33333333333334,56300.0
P2543,2.35,28.28571428571428,1533.333333333333,34.16666666666666,57400.0
P2544,2.35,28.28571428571428,1533.333333333333,35.0,57800.0
P2545,2.35,28.28571428571428,1600.0,30.0,54900.0
P2546,2.35,28.28571428571428,1600.0,30.83333333333333,55300.0
P2547,2.35,28.28571428571428,1600.0,31.66666666666667,55700.0
P2548,2.35,28.28571428571428,1600.0,32.5,56100.0
P2549,2.35,28.28571428571428,1600.0,33.33333333333334,56500.0
P2550,2.35,28.28571428571428,1600.0,34.16666666666666,57600.0
P2551,2.35,28.28571428571428,1600.0,35.0,58000.0
P2552,2.35,28.85714285714286,1200.0,30.0,52400.0
P2553,2.35,28.85714285714286,1200.0,30.83333333333333,52800.0
P2554,2.35,28.85714285714286,1200.0,31.66666666666667,53200.0
P2555,2.35,28.85714285714286,1200.0,32.5,53600.0
P2556,2.35,28.85714285714286,1200.0,33.33333333333334,54000.0
P2557,2.35,28.85714285714286,1200.0,34.16666666666666,55100.0
P2558,2.35,28.85714285714286,1200.0,35.0,55500.0
P2559,2.35,28.85714285714286,1266.666666666667,30.0,52000.0
P2560,2.35,28.85714285714286,1266.666666666667,30.83333333333333,52400.0
P2561,2.35,28.85714285714286,1266.666666666667,31.66666666666667,52800.0
P2562,2.35,28.85714285714286,1266.666666666667,32.5,53200.0
P2563,2.35,28.85714285714286,1266.666666666667,33.33333333333334,53600.0
P2564,2.35,28.85714285714286,1266.666666666667,34.16666666666666,54700.0
P2565,2.35,28.85714285714286,1266.666666666667,35.0,55100.0
P2566,2.35,28.85714285714286,1333.333333333333,30.0,52000.0
P2567,2.35,28.85714285714286,1333.333333333333,30.83333333333333,52400.0
P2568,2.35,28.85714285714286,1333.333333333333,31.66666666666667,52800.0
P2569,2.35,28.85714285714286,1333.333333333333,32.5,53200.0
P2570,2.35,28.85714285714286,1333.333333333333,33.33333333333334,53600.0
P2571,2.35,28.85714285714286,1333.333333333333,34.16666666666666,54700.0
P2572,2.35,28.85714285714286,1333.333333333333,35.0,55100.0
P2573,2.35,28.85714285714286,1400.0,30.0,52000.0
P2574,2.35,28.85714285714286,1400.0,30.83333333333333,52400.0
P2575,2.35,28.85714285714286,1400.0,31.66666666666667,52800.0
P2576,2.35,28.85714285714286,1400.0,32.5,53200.0
P2577,2.35,28.85714285714286,1400.0,33.33333333333334,53600.0
P2578,2.35,28.85714285714286,1400.0,34.16666666666666,54700.0
P2579,2.35,28.85714285714286,1400.0,35.0,59100.0
P2580,2.35,28.85714285714286,1466.666666666667,30.0,55400.0
P2581,2.35,28.85714285714286,1466.666666666667,30.83333333333333,55800.0
P2582,2.35,28.85714285714286,1466.666666666667,31.66666666666667,56200.0
P2583,2.35,28.85714285714286,1466.666666666667,32.5,56600.0
P2584,2.35,28.85714285714286,1466.666666666667,33.33333333333334,57000.0
P2585,2.35,28.85714285714286,1466.666666666667,34.16666666666666,58100.0
P2586,2.35,28.85714285714286,1466.666666666667,35.0,58500.0
P2587,2.35,28.85714285714286,1533.333333333333,30.0,55400.0
P2588,2.35,28.85714285714286,1533.333333333333,30.83333333333333,55800.0
P2589,2.35,28.85714285714286,1533.333333333333,31.66666666666667,56200.0
P2590,2.35,28.85714285714286,1533.333333333333,32.5,56600.0
P2591,2.35,28.85714285714286,1533.333333333333,33.33333333333334,57000.0
P2592,2.35,28.85714285714286,1533.333333333333,34.16666666666666,58100.0
P2593,2.35,28.85714285714286,1533.333333333333,35.0,58500.0
P2594,2.35,28.85714285714286,1600.0,30.0,55600.0
P2595,2.35,28.85714285714286,1600.0,30.83333333333333,56000.0
P2596,2.35,28.85714285714286,1600.0,31.66666666666667,56400.0
P2597,2.35,28.85714285714286,1600.0,32.5,56800.0
P2598,2.35,28.85714285714286,1600.0,33.33333333333334,57200.0
P2599,2.35,28.85714285714286,1600.0,34.16666666666666,58300.0
P2600,2.35,28.85714285714286,1600.0,35.0,58700.0
P2601,2.35,29.42857142857143,1200.0,30.0,53000.0
P2602,2.35,29.42857142857143,1200.0,30.83333333333333,53400.0
P2603,2.35,29.42857142857143,1200.0,31.66666666666667,53800.0
P2604,2.35,29.42857142857143,1200.0,32.5,54200.0
P2605,2.35,29.42857142857143,1200.0,33.33333333333334,54600.0
P2606,2.35,29.42857142857143,1200.0,34.16666666666666,55700.0
P2607,2.35,29.42857142857143,1200.0,35.0,56100.0
P2608,2.35,29.42857142857143,1266.666666666667,30.0,52600.0
P2609,2.35,29.42857142857143,1266.666666666667,30.83333333333333,53000.0
P2610,2.35,29.42857142857143,1266.666666666667,31.66666666666667,53400.0
P2611,2.35,29.42857142857143,1266.666666666667,32.5,53800.0
P2612,2.35,29.42857142857143,1266.666666666667,33.33333333333334,54200.0
P2613,2.35,29.42857142857143,1266.666666666667,34.16666666666666,55300.0
P2614,2.35,29.42857142857143,1266.666666666667,35.0,55700.0
P2615,2.35,29.42857142857143,1333.333333333333,30.0,52600.0
P2616,2.35,29.42857142857143,1333.333333333333,30.83333333333333,53000.0
P2617,2.35,29.42857142857143,1333.333333333333,31.66666666666667,53400.0
P2618,2.35,29.42857142857143,1333.333333333333,32.5,53800.0
P2619,2.35,29.42857142857143,1333.333333333333,33.33333333333334,54200.0
P2620,2.35,29.42857142857143,1333.333333333333,34.16666666666666,55300.0
P2621,2.35,29.42857142857143,1333.333333333333,35.0,55700.0
P2622,2.35,29.42857142857143,1400.0,30.0,56700.0
P2623,2.35,29.42857142857143,1400.0,30.83333333333333,57100.0
P2624,2.35,29.42857142857143,1400.0,31.66666666666667,57500.0
P2625,2.35,29.42857142857143,1400.0,32.5,57900.0
P2626,2.35,29.42857142857143,1400.0,33.33333333333334,58300.0
P2627,2.35,29.42857142857143,1400.0,34.16666666666666,59400.0
P2628,2.35,29.42857142857143,1400.0,35.0,59800.0
P2629,2.35,29.42857142857143,1466.666666666667,30.0,56100.0
P2630,2.35,29.42857142857143,1466.666666666667,30.83333333333333,56500.0
P2631,2.35,29.42857142857143,1466.666666666667,31.66666666666667,56900.0
P2632,2.35,29.42857142857143,1466.666666666667,32.5,57300.0
P2633,2.35,29.42857142857143,1466.666666666667,33.33333333333334,57700.0
P2634,2.35,29.42857142857143,1466.666666666667,34.16666666666666,58800.0
P2635,2.35,29.42857142857143,1466.666666666667,35.0,59200.0
P2636,2.35,29.42857142857143,1533.333333333333,30.0,56100.0
P2637,2.35,29.42857142857143,1533.333333333333,30.83333333333333,56500.0
P2638,2.35,29.42857142857143,1533.333333333333,31.66666666666667,56900.0
P2639,2.35,29.42857142857143,1533.333333333333,32.5,57300.0
P2640,2.35,29.42857142857143,1533.333333333333,33.33333333333334,57700.0
P2641,2.35,29.42857142857143,1533.333333333333,34.16666666666666,58800.0
P2642,2.35,29.42857142857143,1533.333333333333,35.0,59200.0
P2643,2.35,29.42857142857143,1600.0,30.0,56300.0
P2644,2.35,29.42857142857143,1600.0,30.83333333333333,56700.0
P2645,2.35,29.42857142857143,1600.0,31.66666666666667,57100.0
P2646,2.35,29.42857142857143,1600.0,32.5,57500.0
P2647,2.35,29.42857142857143,1600.0,33.33333333333334,57900.0
P2648,2.35,29.42857142857143,1600.0,34.16666666666666,59000.0
P2649,2.35,29.42857142857143,1600.0,35.0,59400.0
P2650,2.35,30.0,1200.0,30.0,54200.0
P2651,2.35,30.0,1200.0,30.83333333333333,54600.0
P2652,2.35,30.0,1200.0,31.66666666666667,55000.0
P2653,2.35,30.0,1200.0,32.5,55400.0
P2654,2.35,30.0,1200.0,33.33333333333334,55800.0
P2655,2.35,30.0,1200.0,34.16666666666666,56900.0
P2656,2.35,30.0,1200.0,35.0,57300.0
P2657,2.35,30.0,1266.666666666667,30.0,53800.0
P2658,2.35,30.0,1266.666666666667,30.83333333333333,54200.0
P2659,2.35,30.0,1266.666666666667,31.66666666666667,54600.0
P2660,2.35,30.0,1266.666666666667,32.5,55000.0
P2661,2.35,30.0,1266.666666666667,33.33333333333334,55400.0
P2662,2.35,30.0,1266.666666666667,34.16666666666666,56500.0
P2663,2.35,30.0,1266.666666666667,35.0,56900.0
P2664,2.35,30.0,1333.333333333333,30.0,53800.0
P2665,2.35,30.0,1333.333333333333,30.83333333333333,54200.0
P2666,2.35,30.0,1333.333333333333,31.66666666666667,54600.0
P2667,2.35,30.0,1333.333333333333,32.5,55000.0
P2668,2.35,30.0,1333.333333333333,33.33333333333334,55400.0
P2669,2.35,30.0,1333.333333333333,34.16666666666666,56500.0
P2670,2.35,30.0,1333.333333333333,35.0,56900.0
P2671,2.35,30.0,1400.0,30.0,57900.0
P2672,2.35,30.0,1400.0,30.83333333333333,58300.0
P2673,2.35,30.0,1400.0,31.66666666666667,58700.0
P2674,2.35,30.0,1400.0,32.5,59100.0
P2675,2.35,30.0,1400.0,33.33333333333334,59500.0
P2676,2.35,30.0,1400.0,34.16666666666666,60600.0
P2677,2.35,30.0,1400.0,35.0,61000.0
P2678,2.35,30.0,1466.666666666667,30.0,57300.0
P2679,2.35,30.0,1466.666666666667,30.83333333333333,57700.0
P2680,2.35,30.0,1466.666666666667,31.66666666666667,58100.0
P2681,2.35,30.0,1466.666666666667,32.5,58500.0
P2682,2.35,30.0,1466.666666666667,33.33333333333334,58900.0
P2683,2.35,30.0,1466.666666666667,34.16666666666666,60000.0
P2684,2.35,30.0,1466.666666666667,35.0,60400.0
P2685,2.35,30.0,1533.333333333333,30.0,57500.0
P2686,2.35,30.0,1533.333333333333,30.83333333333333,57900.0
P2687,2.35,30.0,1533.333333333333,31.66666666666667,58300.0
P2688,2.35,30.0,1533.333333333333,32.5,58700.0
P2689,2.35,30.0,1533.333333333333,33.33333333333334,59100.0
P2690,2.35,30.0,1533.333333333333,34.16666666666666,60200.0
P2691,2.35,30.0,1533.333333333333,35.0,60600.0
P2692,2.35,30.0,1600.0,30.0,57500.0
P2693,2.35,30.0,1600.0,30.83333333333333,57900.0
P2694,2.35,30.0,1600.0,31.66666666666667,58300.0
P2695,2.35,30.0,1600.0,32.5,58700.0
P2696,2.35,30.0,1600.0,33.33333333333334,59100.0
P2697,2.35,30.0,1600.0,34.16666666666666,60200.0
P2698,2.35,30.0,1600.0,35.0,60600.0
P2699,2.425,26.0,1200.0,30.0,51700.0
P2700,2.425,26.0,1200.0,30.83333333333333,52100.0
P2701,2.425,26.0,1200.0,31.66666666666667,52500.0
P2702,2.425,26.0,1200.0,32.5,52900.0
P2703,2.425,26.0,1200.0,33.33333333333334,53400.0
P2704,2.425,26.0,1200.0,34.16666666666666,54500.0
P2705,2.425,26.0,1200.0,35.0,54900.0
P2706,2.425,26.0,1266.666666666667,30.0,51100.0
P2707,2.425,26.0,1266.666666666667,30.83333333333333,51500.0
P2708,2.425,26.0,1266.666666666667,31.66666666666667,51900.0
P2709,2.425,26.0,1266.666666666667,32.5,52300.0
P2710,2.425,26.0,1266.666666666667,33.33333333333334,52800.0
P2711,2.425,26.0,1266.666666666667,34.16666666666666,53900.0
P2712,2.425,26.0,1266.666666666667,35.0,54300.0
P2713,2.425,26.0,1333.333333333333,30.0,51100.0
P2714,2.425,26.0,1333.333333333333,30.83333333333333,51500.0
P2715,2.425,26.0,1333.333333333333,31.66666666666667,51900.0
P2716,2.425,26.0,1333.333333333333,32.5,52300.0
P2717,2.425,26.0,1333.333333333333,33.33333333333334,52800.0
P2718,2.425,26.0,1333.333333333333,34.16666666666666,53900.0
P2719,2.425,26.0,1333.333333333333,35.0,54300.0
P2720,2.425,26.0,1400.0,30.0,54300.0
P2721,2.425,26.0,1400.0,30.83333333333333,54700.0
P2722,2.425,26.0,1400.0,31.66666666666667,55100.0
P2723,2.425,26.0,1400.0,32.5,55500.0
P2724,2.425,26.0,1400.0,33.33333333333334,56000.0
P2725,2.425,26.0,1400.0,34.16666666666666,57100.0
P2726,2.425,26.0,1400.0,35.0,57500.0
P2727,2.425,26.0,1466.666666666667,30.0,54300.0
P2728,2.425,26.0,1466.666666666667,30.83333333333333,54700.0
P2729,2.425,26.0,1466.666666666667,31.66666666666667,55100.0
P2730,2.425,26.0,1466.666666666667,32.5,55500.0
P2731,2.425,26.0,1466.666666666667,33.33333333333334,56000.0
P2732,2.425,26.0,1466.666666666667,34.16666666666666,57100.0
P2733,2.425,26.0,1466.666666666667,35.0,57500.0
P2734,2.425,26.0,1533.333333333333,30.0,54600.0
P2735,2.425,26.0,1533.333333333333,30.83333333333333,55000.0
P2736,2.425,26.0,1533.333333333333,31.66666666666667,55400.0
P2737,2.425,26.0,1533.333333333333,32.5,55800.0
P2738,2.425,26.0,1533.333333333333,33.33333333333334,56300.0
P2739,2.425,26.0,1533.333333333333,34.16666666666666,57400.0
P2740,2.425,26.0,1533.333333333333,35.0,57800.0
P2741,2.425,26.0,1600.0,30.0,57600.0
P2742,2.425,26.0,1600.0,30.83333333333333,58000.0
P2743,2.425,26.0,1600.0,31.66666666666667,58400.0
P2744,2.425,26.0,1600.0,32.5,58800.0
P2745,2.425,26.0,1600.0,33.33333333333334,59300.0
P2746,2.425,26.0,1600.0,34.16666666666666,60400.0
P2747,2.425,26.0,1600.0,35.0,60800.0
P2748,2.425,26.57142857142857,1200.0,30.0,51700.0
P2749,2.425,26.57142857142857,1200.0,30.83333333333333,52100.0
P2750,2.425,26.57142857142857,1200.0,31.66666666666667,52500.0
P2751,2.425,26.57142857142857,1200.0,32.5,52900.0
P2752,2.425,26.57142857142857,1200.0,33.33333333333334,53400.0
P2753,2.425,26.57142857142857,1200.0,34.16666666666666,54500.0
P2754,2.425,26.57142857142857,1200.0,35.0,54900.0
P2755,2.425,26.57142857142857,1266.666666666667,30.0,51700.0
P2756,2.425,26.57142857142857,1266.666666666667,30.83333333333333,52100.0
P2757,2.425,26.57142857142857,1266.666666666667,31.66666666666667,52500.0
P2758,2.425,26.57142857142857,1266.666666666667,32.5,52900.0
P2759,2.425,26.57142857142857,1266.666666666667,33.33333333333334,53400.0
P2760,2.425,26.57142857142857,1266.666666666667,34.16666666666666,54500.0
P2761,2.425,26.57142857142857,1266.666666666667,35.0,54900.0
P2762,2.425,26.57142857142857,1333.333333333333,30.0,51700.0
P2763,2.425,26.57142857142857,1333.333333333333,30.83333333333333,52100.0
P2764,2.425,26.57142857142857,1333.333333333333,31.66666666666667,52500.0
P2765,2.425,26.57142857142857,1333.333333333333,32.5,52900.0
P2766,2.425,26.57142857142857,1333.333333333333,33.33333333333334,53400.0
P2767,2.425,26.57142857142857,1333.333333333333,34.16666666666666,54500.0
P2768,2.425,26.57142857142857,1333.333333333333,35.0,54900.0
P2769,2.425,26.57142857142857,1400.0,30.0,55000.0
P2770,2.425,26.57142857142857,1400.0,30.83333333333333,55400.0
P2771,2.425,26.57142857142857,1400.0,31.66666666666667,55800.0
P2772,2.425,26.57142857142857,1400.0,32.5,56200.0
P2773,2.425,26.57142857142857,1400.0,33.33333333333334,56700.0
P2774,2.425,26.57142857142857,1400.0,34.16666666666666,57800.0
P2775,2.425,26.57142857142857,1400.0,35.0,58200.0
P2776,2.425,26.57142857142857,1466.666666666667,30.0,55000.0
P2777,2.425,26.57142857142857,1466.666666666667,30.83333333333333,55400.0
P2778,2.425,26.57142857142857,1466.666666666667,31.66666666666667,55800.0
P2779,2.425,26.57142857142857,1466.666666666667,32.5,56200.0
P2780,2.425,26.57142857142857,1466.666666666667,33.33333333333334,56700.0
P2781,2.425,26.57142857142857,1466.666666666667,34.16666666666666,57800.0
P2782,2.425,26.57142857142857,1466.666666666667,35.0,58200.0
P2783,2.425,26.57142857142857,1533.333333333333,30.0,55300.0
P2784,2.425,26.57142857142857,1533.333333333333,30.83333333333333,55700.0
P2785,2.425,26.57142857142857,1533.333333333333,31.66666666666667,56100.0
P2786,2.425,26.57142857142857,1533.333333333333,32.5,56500.0
P2787,2.425,26.57142857142857,1533.333333333333,33.33333333333334,57000.0
P2788,2.425,26.57142857142857,1533.333333333333,34.16666666666666,58100.0
P2789,2.425,26.57142857142857,1533.333333333333,35.0,58500.0
P2790,2.425,26.57142857142857,1600.0,30.0,58400.0
P2791,2.425,26.57142857142857,1600.0,30.83333333333333,58800.0
P2792,2.425,26.57142857142857,1600.0,31.66666666666667,59200.0
P2793,2.425,26.57142857142857,1600.0,32.5,59600.0
P2794,2.425,26.57142857142857,1600.0,33.33333333333334,60100.0
P2795,2.425,26.57142857142857,1600.0,34.16666666666666,61200.0
P2796,2.425,26.57142857142857,1600.0,35.0,61600.0
P2797,2.425,27.14285714285714,1200.0,30.0,52300.0
P2798,2.425,27.14285714285714,1200.0,30.83333333333333,52700.0
P2799,2.425,27.14285714285714,1200.0,31.66666666666667,53100.0
P2800,2.425,27.14285714285714,1200.0,32.5,53500.0
P2801,2.425,27.14285714285714,1200.0,33.33333333333334,54000.0
P2802,2.425,27.14285714285714,1200.0,34.16666666666666,55100.0
P2803,2.425,27.14285714285714,1200.0,35.0,55500.0
P2804,2.425,27.14285714285714,1266.666666666667,30.0,52300.0
P2805,2.425,27.14285714285714,1266.666666666667,30.83333333333333,52700.0
P2806,2.425,27.14285714285714,1266.666666666667,31.66666666666667,53100.0
P2807,2.425,27.14285714285714,1266.666666666667,32.5,53500.0
P2808,2.425,27.14285714285714,1266.666666666667,33.33333333333334,54000.0
P2809,2.425,27.14285714285714,1266.666666666667,34.16666666666666,55100.0
P2810,2.425,27.14285714285714,1266.666666666667,35.0,55500.0
P2811,2.425,27.14285714285714,1333.333333333333,30.0,52300.0
P2812,2.425,27.14285714285714,1333.333333333333,30.83333333333333,52700.0
P2813,2.425,27.14285714285714,1333.333333333333,31.66666666666667,53100.0
P2814,2.425,27.14285714285714,1333.333333333333,32.5,53500.0
P2815,2.425,27.14285714285714,1333.333333333333,33.33333333333334,54000.0
P2816,2.425,27.14285714285714,1333.333333333333,34.16666666666666,55100.0
P2817,2.425,27.14285714285714,1333.333333333333,35.0,55500.0
P2818,2.425,27.14285714285714,1400.0,30.0,55600.0
P2819,2.425,27.14285714285714,1400.0,30.83333333333333,56000.0
P2820,2.425,27.14285714285714,1400.0,31.66666666666667,56400.0
P2821,2.425,27.14285714285714,1400.0,32.5,56800.0
P2822,2.425,27.14285714285714,1400.0,33.33333333333334,57300.0
P2823,2.425,27.14285714285714,1400.0,34.16666666666666,58400.0
P2824,2.425,27.14285714285714,1400.0,35.0,58800.0
P2825,2.425,27.14285714285714,1466.666666666667,30.0,55600.0
P2826,2.425,27.14285714285714,1466.666666666667,30.83333333333333,56000.0
P2827,2.425,27.14285714285714,1466.666666666667,31.66666666666667,56400.0
P2828,2.425,27.14285714285714,1466.666666666667,32.5,56800.0
P2829,2.425,27.14285714285714,1466.666666666667,33.33333333333334,57300.0
P2830,2.425,27.14285714285714,1466.666666666667,34.16666666666666,58400.0
P2831,2.425,27.14285714285714,1466.666666666667,35.0,58800.0
P2832,2.425,27.14285714285714,1533.333333333333,30.0,55900.0
P2833,2.425,27.14285714285714,1533.333333333333,30.83333333333333,56300.0
P2834,2.425,27.14285714285714,1533.333333333333,31.66666666666667,60500.0
P2835,2.425,27.14285714285714,1533.333333333333,32.5,60900.0
P2836,2.425,27.14285714285714,1533.333333333333,33.33333333333334,57600.0
P2837,2.425,27.14285714285714,1533.333333333333,34.16666666666666,58700.0
P2838,2.425,27.14285714285714,1533.333333333333,35.0,59100.0
P2839,2.425,27.14285714285714,1600.0,30.0,59100.0
P2840,2.425,27.14285714285714,1600.0,30.83333333333333,59500.0
P2841,2.425,27.14285714285714,1600.0,31.66666666666667,59900.0
P2842,2.425,27.14285714285714,1600.0,32.5,60300.0
P2843,2.425,27.14285714285714,1600.0,33.33333333333334,60800.0
P2844,2.425,27.14285714285714,1600.0,34.16666666666666,61900.0
P2845,2.425,27.14285714285714,1600.0,35.0,62300.0
P2846,2.425,27.71428571428572,1200.0,30.0,52900.0
P2847,2.425,27.71428571428572,1200.0,30.83333333333333,53300.0
P2848,2.425,27.71428571428572,1200.0,31.66666666666667,53700.0
P2849,2.425,27.71428571428572,1200.0,32.5,54100.0
P2850,2.425,27.71428571428572,1200.0,33.33333333333334,54600.0
P2851,2.425,27.71428571428572,1200.0,34.16666666666666,55700.0
P2852,2.425,27.71428571428572,1200.0,35.0,56100.0
P2853,2.425,27.71428571428572,1266.666666666667,30.0,52900.0
P2854,2.425,27.71428571428572,1266.666666666667,30.83333333333333,53300.0
P2855,2.425,27.71428571428572,1266.666666666667,31.66666666666667,53700.0
P2856,2.425,27.71428571428572,1266.666666666667,32.5,54100.0
P2857,2.425,27.71428571428572,1266.666666666667,33.33333333333334,54600.0
P2858,2.425,27.71428571428572,1266.666666666667,34.16666666666666,55700.0
P2859,2.425,27.71428571428572,1266.666666666667,35.0,56100.0
P2860,2.425,27.71428571428572,1333.333333333333,30.0,52900.0
P2861,2.425,27.71428571428572,1333.333333333333,30.83333333333333,53300.0
P2862,2.425,27.71428571428572,1333.333333333333,31.66666666666667,53700.0
P2863,2.425,27.71428571428572,1333.333333333333,32.5,54100.0
P2864,2.425,27.71428571428572,1333.333333333333,33.33333333333334,54600.0
P2865,2.425,27.71428571428572,1333.333333333333,34.16666666666666,55700.0
P2866,2.425,27.71428571428572,1333.333333333333,35.0,56100.0
P2867,2.425,27.71428571428572,1400.0,30.0,56300.0
P2868,2.425,27.71428571428572,1400.0,30.83333333333333,56700.0
P2869,2.425,27.71428571428572,1400.0,31.66666666666667,57100.0
P2870,2.425,27.71428571428572,1400.0,32.5,57500.0
P2871,2.425,27.71428571428572,1400.0,33.33333333333334,58000.0
P2872,2.425,27.71428571428572,1400.0,34.16666666666666,59100.0
P2873,2.425,27.71428571428572,1400.0,35.0,59500.0
P2874,2.425,27.71428571428572,1466.666666666667,30.0,56300.0
P2875,2.425,27.71428571428572,1466.666666666667,30.83333333333333,56700.0
P2876,2.425,27.71428571428572,1466.666666666667,31.66666666666667,57100.0
P2877,2.425,27.71428571428572,1466.666666666667,32.5,57500.0
P2878,2.425,27.71428571428572,1466.666666666667,33.33333333333334,58000.0
P2879,2.425,27.71428571428572,1466.666666666667,34.16666666666666,59100.0
P2880,2.425,27.71428571428572,1466.666666666667,35.0,59500.0
P2881,2.425,27.71428571428572,1533.333333333333,30.0,56600.0
P2882,2.425,27.71428571428572,1533.333333333333,30.83333333333333,57000.0
P2883,2.425,27.71428571428572,1533.333333333333,31.66666666666667,57400.0
P2884,2.425,27.71428571428572,1533.333333333333,32.5,57800.0
P2885,2.425,27.71428571428572,1533.333333333333,33.33333333333334,58300.0
P2886,2.425,27.71428571428572,1533.333333333333,34.16666666666666,59400.0
P2887,2.425,27.71428571428572,1533.333333333333,35.0,59800.0
P2888,2.425,27.71428571428572,1600.0,30.0,59900.0
P2889,2.425,27.71428571428572,1600.0,30.83333333333333,60300.0
P2890,2.425,27.71428571428572,1600.0,31.66666666666667,60700.0
P2891,2.425,27.71428571428572,1600.0,32.5,61100.0
P2892,2.425,27.71428571428572,1600.0,33.33333333333334,61600.0
P2893,2.425,27.71428571428572,1600.0,34.16666666666666,62700.0
P2894,2.425,27.71428571428572,1600.0,35.0,63100.0
P2895,2.425,28.28571428571428,1200.0,30.0,53600.0
P2896,2.425,28.28571428571428,1200.0,30.83333333333333,54000.0
P2897,2.425,28.28571428571428,1200.0,31.66666666666667,54400.0
P2898,2.425,28.28571428571428,1200.0,32.5,54800.0
P2899,2.425,28.28571428571428,1200.0,33.33333333333334,55300.0
P2900,2.425,28.28571428571428,1200.0,34.16666666666666,56400.0
P2901,2.425,28.28571428571428,1200.0,35.0,56800.0
P2902,2.425,28.28571428571428,1266.666666666667,30.0,53600.0
P2903,2.425,28.28571428571428,1266.666666666667,30.83333333333333,54000.0
P2904,2.425,28.28571428571428,1266.666666666667,31.66666666666667,54400.0
P2905,2.425,28.28571428571428,1266.666666666667,32.5,54800.0
P2906,2.425,28.28571428571428,1266.666666666667,33.33333333333334,55300.0
P2907,2.425,28.28571428571428,1266.666666666667,34.16666666666666,56400.0
P2908,2.425,28.28571428571428,1266.666666666667,35.0,56800.0
P2909,2.425,28.28571428571428,1333.333333333333,30.0,53600.0
P2910,2.425,28.28571428571428,1333.333333333333,30.83333333333333,54000.0
P2911,2.425,28.28571428571428,1333.333333333333,31.66666666666667,54400.0
P2912,2.425,28.28571428571428,1333.333333333333,32.5,54800.0
P2913,2.425,28.28571428571428,1333.333333333333,33.33333333333334,55300.0
P2914,2.425,28.28571428571428,1333.333333333333,34.16666666666666,56400.0
P2915,2.425,28.28571428571428,1333.333333333333,35.0,60800.0
P2916,2.425,28.28571428571428,1400.0,30.0,57000.0
P2917,2.425,28.28571428571428,1400.0,30.83333333333333,57400.0
P2918,2.425,28.28571428571428,1400.0,31.66666666666667,57800.0
P2919,2.425,28.28571428571428,1400.0,32.5,58200.0
P2920,2.425,28.28571428571428,1400.0,33.33333333333334,58700.0
P2921,2.425,28.28571428571428,1400.0,34.16666666666666,59800.0
P2922,2.425,28.28571428571428,1400.0,35.0,60200.0
P2923,2.425,28.28571428571428,1466.666666666667,30.0,57000.0
P2924,2.425,28.28571428571428,1466.666666666667,30.83333333333333,57400.0
P2925,2.425,28.28571428571428,1466.666666666667,31.66666666666667,57800.0
P2926,2.425,28.28571428571428,1466.666666666667,32.5,58200.0
P2927,2.425,28.28571428571428,1466.666666666667,33.33333333333334,58700.0
P2928,2.425,28.28571428571428,1466.666666666667,34.16666666666666,59800.0
P2929,2.425,28.28571428571428,1466.666666666667,35.0,60200.0
P2930,2.425,28.28571428571428,1533.333333333333,30.0,57300.0
P2931,2.425,28.28571428571428,1533.333333333333,30.83333333333333,57700.0
P2932,2.425,28.28571428571428,1533.333333333333,31.66666666666667,58100.0
P2933,2.425,28.28571428571428,1533.333333333333,32.5,58500.0
P2934,2.425,28.28571428571428,1533.333333333333,33.33333333333334,59000.0
P2935,2.425,28.28571428571428,1533.333333333333,34.16666666666666,60100.0
P2936,2.425,28.28571428571428,1533.333333333333,35.0,60500.0
P2937,2.425,28.28571428571428,1600.0,30.0,60600.0
P2938,2.425,28.28571428571428,1600.0,30.83333333333333,61000.0
P2939,2.425,28.28571428571428,1600.0,31.66666666666667,61400.0
P2940,2.425,28.28571428571428,1600.0,32.5,61800.0
P2941,2.425,28.28571428571428,1600.0,33.33333333333334,62300.0
P2942,2.425,28.28571428571428,1600.0,34.16666666666666,63400.0
P2943,2.425,28.28571428571428,1600.0,35.0,63800.0
P2944,2.425,28.85714285714286,1200.0,30.0,54200.0
P2945,2.425,28.85714285714286,1200.0,30.83333333333333,54600.0
P2946,2.425,28.85714285714286,1200.0,31.66666666666667,55000.0
P2947,2.425,28.85714285714286,1200.0,32.5,55400.0
P2948,2.425,28.85714285714286,1200.0,33.33333333333334,55900.0
P2949,2.425,28.85714285714286,1200.0,34.16666666666666,57000.0
P2950,2.425,28.85714285714286,1200.0,35.0,57400.0
P2951,2.425,28.85714285714286,1266.666666666667,30.0,54200.0
P2952,2.425,28.85714285714286,1266.666666666667,30.83333333333333,54600.0
P2953,2.425,28.85714285714286,1266.666666666667,31.66666666666667,55000.0
P2954,2.425,28.85714285714286,1266.666666666667,32.5,55400.0
P2955,2.425,28.85714285714286,1266.666666666667,33.33333333333334,55900.0
P2956,2.425,28.85714285714286,1266.666666666667,34.16666666666666,57000.0
P2957,2.425,28.85714285714286,1266.666666666667,35.0,57400.0
P2958,2.425,28.85714285714286,1333.333333333333,30.0,54200.0
P2959,2.425,28.85714285714286,1333.333333333333,30.83333333333333,58700.0
P2960,2.425,28.85714285714286,1333.333333333333,31.66666666666667,59100.0
P2961,2.425,28.85714285714286,1333.333333333333,32.5,55400.0
P2962,2.425,28.85714285714286,1333.333333333333,33.33333333333334,55900.0
P2963,2.425,28.85714285714286,1333.333333333333,34.16666666666666,57000.0
P2964,2.425,28.85714285714286,1333.333333333333,35.0,57400.0
P2965,2.425,28.85714285714286,1400.0,30.0,57700.0
P2966,2.425,28.85714285714286,1400.0,30.83333333333333,58100.0
P2967,2.425,28.85714285714286,1400.0,31.66666666666667,58500.0
P2968,2.425,28.85714285714286,1400.0,32.5,58900.0
P2969,2.425,28.85714285714286,1400.0,33.33333333333334,59400.0
P2970,2.425,28.85714285714286,1400.0,34.16666666666666,60500.0
P2971,2.425,28.85714285714286,1400.0,35.0,60900.0
P2972,2.425,28.85714285714286,1466.666666666667,30.0,57700.0
P2973,2.425,28.85714285714286,1466.666666666667,30.83333333333333,58100.0
P2974,2.425,28.85714285714286,1466.666666666667,31.66666666666667,58500.0
P2975,2.425,28.85714285714286,1466.666666666667,32.5,58900.0
P2976,2.425,28.85714285714286,1466.666666666667,33.33333333333334,59400.0
P2977,2.425,28.85714285714286,1466.666666666667,34.16666666666666,60500.0
P2978,2.425,28.85714285714286,1466.666666666667,35.0,60900.0
P2979,2.425,28.85714285714286,1533.333333333333,30.0,58000.0
P2980,2.425,28.85714285714286,1533.333333333333,30.83333333333333,58400.0
P2981,2.425,28.85714285714286,1533.333333333333,31.66666666666667,58800.0
P2982,2.425,28.85714285714286,1533.333333333333,32.5,59200.0
P2983,2.425,28.85714285714286,1533.333333333333,33.33333333333334,59700.0
P2984,2.425,28.85714285714286,1533.333333333333,34.16666666666666,60800.0
P2985,2.425,28.85714285714286,1533.333333333333,35.0,61200.0
P2986,2.425,28.85714285714286,1600.0,30.0,61400.0
P2987,2.425,28.85714285714286,1600.0,30.83333333333333,61800.0
P2988,2.425,28.85714285714286,1600.0,31.66666666666667,62200.0
P2989,2.425,28.85714285714286,1600.0,32.5,62600.0
P2990,2.425,28.85714285714286,1600.0,33.33333333333334,63100.0
P2991,2.425,28.85714285714286,1600.0,34.16666666666666,64200.0
P2992,2.425,28.85714285714286,1600.0,35.0,64600.0
P2993,2.425,29.42857142857143,1200.0,30.0,55500.0
P2994,2.425,29.42857142857143,1200.0,30.83333333333333,55900.0
P2995,2.425,29.42857142857143,1200.0,31.66666666666667,56300.0
P2996,2.425,29.42857142857143,1200.0,32.5,56700.0
P2997,2.425,29.42857142857143,1200.0,33.33333333333334,57200.0
P2998,2.425,29.42857142857143,1200.0,34.16666666666666,58300.0
P2999,2.425,29.42857142857143,1200.0,35.0,58700.0
P3000,2.425,29.42857142857143,1266.666666666667,30.0,55500.0
P3001,2.425,29.42857142857143,1266.666666666667,30.83333333333333,55900.0
P3002,2.425,29.42857142857143,1266.666666666667,31.66666666666667,56300.0
P3003,2.425,29.42857142857143,1266.666666666667,32.5,56700.0
P3004,2.425,29.42857142857143,1266.666666666667,33.33333333333334,57200.0
P3005,2.425,29.42857142857143,1266.666666666667,34.16666666666666,58300.0
P3006,2.425,29.42857142857143,1266.666666666667,35.0,58700.0
P3007,2.425,29.42857142857143,1333.333333333333,30.0,55500.0
P3008,2.425,29.42857142857143,1333.333333333333,30.83333333333333,55900.0
P3009,2.425,29.42857142857143,1333.333333333333,31.66666666666667,56300.0
P3010,2.425,29.42857142857143,1333.333333333333,32.5,56700.0
P3011,2.425,29.42857142857143,1333.333333333333,33.33333333333334,57200.0
P3012,2.425,29.42857142857143,1333.333333333333,34.16666666666666,58300.0
P3013,2.425,29.42857142857143,1333.333333333333,35.0,58700.0
P3014,2.425,29.42857142857143,1400.0,30.0,59000.0
P3015,2.425,29.42857142857143,1400.0,30.83333333333333,59400.0
P3016,2.425,29.42857142857143,1400.0,31.66666666666667,59800.0
P3017,2.425,29.42857142857143,1400.0,32.5,60200.0
P3018,2.425,29.42857142857143,1400.0,33.33333333333334,60700.0
P3019,2.425,29.42857142857143,1400.0,34.16666666666666,61800.0
P3020,2.425,29.42857142857143,1400.0,35.0,62200.0
P3021,2.425,29.42857142857143,1466.666666666667,30.0,59000.0
P3022,2.425,29.42857142857143,1466.666666666667,30.83333333333333,59400.0
P3023,2.425,29.42857142857143,1466.666666666667,31.66666666666667,59800.0
P3024,2.425,29.42857142857143,1466.666666666667,32.5,60200.0
P3025,2.425,29.42857142857143,1466.666666666667,33.33333333333334,60700.0
P3026,2.425,29.42857142857143,1466.666666666667,34.16666666666666,61800.0
P3027,2.425,29.42857142857143,1466.666666666667,35.0,62200.0
P3028,2.425,29.42857142857143,1533.333333333333,30.0,59300.0
P3029,2.425,29.42857142857143,1533.333333333333,30.83333333333333,59700.0
P3030,2.425,29.42857142857143,1533.333333333333,31.66666666666667,60100.0
P3031,2.425,29.42857142857143,1533.333333333333,32.5,60500.0
P3032,2.425,29.42857142857143,1533.333333333333,33.33333333333334,61000.0
P3033,2.425,29.42857142857143,1533.333333333333,34.16666666666666,62100.0
P3034,2.425,29.42857142857143,1533.333333333333,35.0,62500.0
P3035,2.425,29.42857142857143,1600.0,30.0,62800.0
P3036,2.425,29.42857142857143,1600.0,30.83333333333333,63200.0
P3037,2.425,29.42857142857143,1600.0,31.66666666666667,63600.0
P3038,2.425,29.42857142857143,1600.0,32.5,64000.0
P3039,2.425,29.42857142857143,1600.0,33.33333333333334,64500.0
P3040,2.425,29.42857142857143,1600.0,34.16666666666666,65600.0
P3041,2.425,29.42857142857143,1600.0,35.0,66000.0
P3042,2.425,30.0,1200.0,30.0,56100.0
P3043,2.425,30.0,1200.0,30.83333333333333,56500.0
P3044,2.425,30.0,1200.0,31.66666666666667,56900.0
P3045,2.425,30.0,1200.0,32.5,57300.0
P3046,2.425,30.0,1200.0,33.33333333333334,57800.0
P3047,2.425,30.0,1200.0,34.16666666666666,58900.0
P3048,2.425,30.0,1200.0,35.0,59300.0
P3049,2.425,30.0,1266.666666666667,30.0,56100.0
P3050,2.425,30.0,1266.666666666667,30.83333333333333,56500.0
P3051,2.425,30.0,1266.666666666667,31.66666666666667,56900.0
P3052,2.425,30.0,1266.666666666667,32.5,57300.0
P3053,2.425,30.0,1266.666666666667,33.33333333333334,57800.0
P3054,2.425,30.0,1266.666666666667,34.16666666666666,58900.0
P3055,2.425,30.0,1266.666666666667,35.0,59300.0
P3056,2.425,30.0,1333.333333333333,30.0,56100.0
P3057,2.425,30.0,1333.333333333333,30.83333333333333,56500.0
P3058,2.425,30.0,1333.333333333333,31.66666666666667,56900.0
P3059,2.425,30.0,1333.333333333333,32.5,57300.0
P3060,2.425,30.0,1333.333333333333,33.33333333333334,57800.0
P3061,2.425,30.0,1333.333333333333,34.16666666666666,58900.0
P3062,2.425,30.0,1333.333333333333,35.0,59300.0
P3063,2.425,30.0,1400.0,30.0,59700.0
P3064,2.425,30.0,1400.0,30.83333333333333,60100.0
P3065,2.425,30.0,1400.0,31.66666666666667,60500.0
P3066,2.425,30.0,1400.0,32.5,60900.0
P3067,2.425,30.0,1400.0,33.33333333333334,61400.0
P3068,2.425,30.0,1400.0,34.16666666666666,62500.0
P3069,2.425,30.0,1400.0,35.0,62900.0
P3070,2.425,30.0,1466.666666666667,30.0,59700.0
P3071,2.425,30.0,1466.666666666667,30.83333333333333,60100.0
P3072,2.425,30.0,1466.666666666667,31.66666666666667,60500.0
P3073,2.425,30.0,1466.666666666667,32.5,60900.0
P3074,2.425,30.0,1466.666666666667,33.33333333333334,61400.0
P3075,2.425,30.0,1466.666666666667,34.16666666666666,62500.0
P3076,2.425,30.0,1466.666666666667,35.0,62900.0
P3077,2.425,30.0,1533.333333333333,30.0,60000.0
P3078,2.425,30.0,1533.333333333333,30.83333333333333,60400.0
P3079,2.425,30.0,1533.333333333333,31.66666666666667,60800.0
P3080,2.425,30.0,1533.333333333333,32.5,61200.0
P3081,2.425,30.0,1533.333333333333,33.33333333333334,61700.0
P3082,2.425,30.0,1533.333333333333,34.16666666666666,62800.0
P3083,2.425,30.0,1533.333333333333,35.0,63200.0
P3084,2.425,30.0,1600.0,30.0,63600.0
P3085,2.425,30.0,1600.0,30.83333333333333,64000.0
P3086,2.425,30.0,1600.0,31.66666666666667,64400.0
P3087,2.425,30.0,1600.0,32.5,64800.0
P3088,2.425,30.0,1600.0,33.33333333333334,65300.0
P3089,2.425,30.0,1600.0,34.16666666666666,66400.0
P3090,2.425,30.0,1600.0,35.0,66800.0
P3091,2.5,26.0,1200.0,30.0,54100.0
P3092,2.5,26.0,1200.0,30.83333333333333,54500.0
P3093,2.5,26.0,1200.0,31.66666666666667,55000.0
P3094,2.5,26.0,1200.0,32.5,55400.0
P3095,2.5,26.0,1200.0,33.33333333333334,55900.0
P3096,2.5,26.0,1200.0,34.16666666666666,57300.0
P3097,2.5,26.0,1200.0,35.0,57800.0
P3098,2.5,26.0,1266.666666666667,30.0,54100.0
P3099,2.5,26.0,1266.666666666667,30.83333333333333,54500.0
P3100,2.5,26.0,1266.666666666667,31.66666666666667,55000.0
P3101,2.5,26.0,1266.666666666667,32.5,55400.0
P3102,2.5,26.0,1266.666666666667,33.33333333333334,55900.0
P3103,2.5,26.0,1266.666666666667,34.16666666666666,57300.0
P3104,2.5,26.0,1266.666666666667,35.0,57800.0
P3105,2.5,26.0,1333.333333333333,30.0,58000.0
P3106,2.5,26.0,1333.333333333333,30.83333333333333,58400.0
P3107,2.5,26.0,1333.333333333333,31.66666666666667,58900.0
P3108,2.5,26.0,1333.333333333333,32.5,59300.0
P3109,2.5,26.0,1333.333333333333,33.33333333333334,59800.0
P3110,2.5,26.0,1333.333333333333,34.16666666666666,61200.0
P3111,2.5,26.0,1333.333333333333,35.0,61700.0
P3112,2.5,26.0,1400.0,30.0,57400.0
P3113,2.5,26.0,1400.0,30.83333333333333,57800.0
P3114,2.5,26.0,1400.0,31.66666666666667,58300.0
P3115,2.5,26.0,1400.0,32.5,58700.0
P3116,2.5,26.0,1400.0,33.33333333333334,59200.0
P3117,2.5,26.0,1400.0,34.16666666666666,60600.0
P3118,2.5,26.0,1400.0,35.0,61100.0
P3119,2.5,26.0,1466.666666666667,30.0,57600.0
P3120,2.5,26.0,1466.666666666667,30.83333333333333,58000.0
P3121,2.5,26.0,1466.666666666667,31.66666666666667,58500.0
P3122,2.5,26.0,1466.666666666667,32.5,58900.0
P3123,2.5,26.0,1466.666666666667,33.33333333333334,59400.0
P3124,2.5,26.0,1466.666666666667,34.16666666666666,60800.0
P3125,2.5,26.0,1466.666666666667,35.0,61300.0
P3126,2.5,26.0,1533.333333333333,30.0,57600.0
P3127,2.5,26.0,1533.333333333333,30.83333333333333,58000.0
P3128,2.5,26.0,1533.333333333333,31.66666666666667,58500.0
P3129,2.5,26.0,1533.333333333333,32.5,58900.0
P3130,2.5,26.0,1533.333333333333,33.33333333333334,62600.0
P3131,2.5,26.0,1533.333333333333,34.16666666666666,64000.0
P3132,2.5,26.0,1533.333333333333,35.0,64500.0
P3133,2.5,26.0,1600.0,30.0,60800.0
P3134,2.5,26.0,1600.0,30.83333333333333,61200.0
P3135,2.5,26.0,1600.0,31.66666666666667,61700.0
P3136,2.5,26.0,1600.0,32.5,62100.0
P3137,2.5,26.0,1600.0,33.33333333333334,62600.0
P3138,2.5,26.0,1600.0,34.16666666666666,64000.0
P3139,2.5,26.0,1600.0,35.0,64500.0
P3140,2.5,26.57142857142857,1200.0,30.0,54800.0
P3141,2.5,26.57142857142857,1200.0,30.83333333333333,55200.0
P3142,2.5,26.57142857142857,1200.0,31.66666666666667,55700.0
P3143,2.5,26.57142857142857,1200.0,32.5,56100.0
P3144,2.5,26.57142857142857,1200.0,33.33333333333334,56600.0
P3145,2.5,26.57142857142857,1200.0,34.16666666666666,58000.0
P3146,2.5,26.57142857142857,1200.0,35.0,58500.0
P3147,2.5,26.57142857142857,1266.666666666667,30.0,54800.0
P3148,2.5,26.57142857142857,1266.666666666667,30.83333333333333,55200.0
P3149,2.5,26.57142857142857,1266.666666666667,31.66666666666667,55700.0
P3150,2.5,26.57142857142857,1266.666666666667,32.5,56100.0
P3151,2.5,26.57142857142857,1266.666666666667,33.33333333333334,56600.0
P3152,2.5,26.57142857142857,1266.666666666667,34.16666666666666,58000.0
P3153,2.5,26.57142857142857,1266.666666666667,35.0,58500.0
P3154,2.5,26.57142857142857,1333.333333333333,30.0,58800.0
P3155,2.5,26.57142857142857,1333.333333333333,30.83333333333333,59200.0
P3156,2.5,26.57142857142857,1333.333333333333,31.66666666666667,59700.0
P3157,2.5,26.57142857142857,1333.333333333333,32.5,60100.0
P3158,2.5,26.57142857142857,1333.333333333333,33.33333333333334,60600.0
P3159,2.5,26.57142857142857,1333.333333333333,34.16666666666666,62000.0
P3160,2.5,26.57142857142857,1333.333333333333,35.0,62500.0
P3161,2.5,26.57142857142857,1400.0,30.0,58200.0
P3162,2.5,26.57142857142857,1400.0,30.83333333333333,58600.0
P3163,2.5,26.57142857142857,1400.0,31.66666666666667,59100.0
P3164,2.5,26.57142857142857,1400.0,32.5,59500.0
P3165,2.5,26.57142857142857,1400.0,33.33333333333334,60000.0
P3166,2.5,26.57142857142857,1400.0,34.16666666666666,61400.0
P3167,2.5,26.57142857142857,1400.0,35.0,61900.0
P3168,2.5,26.57142857142857,1466.666666666667,30.0,58400.0
P3169,2.5,26.57142857142857,1466.666666666667,30.83333333333333,58800.0
P3170,2.5,26.57142857142857,1466.666666666667,31.66666666666667,59300.0
P3171,2.5,26.57142857142857,1466.666666666667,32.5,59700.0
P3172,2.5,26.57142857142857,1466.666666666667,33.33333333333334,60200.0
P3173,2.5,26.57142857142857,1466.666666666667,34.16666666666666,61600.0
P3174,2.5,26.57142857142857,1466.666666666667,35.0,62100.0
P3175,2.5,26.57142857142857,1533.333333333333,30.0,61700.0
P3176,2.5,26.57142857142857,1533.333333333333,30.83333333333333,62100.0
P3177,2.5,26.57142857142857,1533.333333333333,31.66666666666667,62600.0
P3178,2.5,26.57142857142857,1533.333333333333,32.5,63000.0
P3179,2.5,26.57142857142857,1533.333333333333,33.33333333333334,63500.0
P3180,2.5,26.57142857142857,1533.333333333333,34.16666666666666,64900.0
P3181,2.5,26.57142857142857,1533.333333333333,35.0,65400.0
P3182,2.5,26.57142857142857,1600.0,30.0,61700.0
P3183,2.5,26.57142857142857,1600.0,30.83333333333333,62100.0
P3184,2.5,26.57142857142857,1600.0,31.66666666666667,62600.0
P3185,2.5,26.57142857142857,1600.0,32.5,63000.0
P3186,2.5,26.57142857142857,1600.0,33.33333333333334,63500.0
P3187,2.5,26.57142857142857,1600.0,34.16666666666666,64900.0
P3188,2.5,26.57142857142857,1600.0,35.0,65400.0
P3189,2.5,27.14285714285714,1200.0,30.0,55400.0
P3190,2.5,27.14285714285714,1200.0,30.83333333333333,55800.0
P3191,2.5,27.14285714285714,1200.0,31.66666666666667,56300.0
P3192,2.5,27.14285714285714,1200.0,32.5,56700.0
P3193,2.5,27.14285714285714,1200.0,33.33333333333334,57200.0
P3194,2.5,27.14285714285714,1200.0,34.16666666666666,58600.0
P3195,2.5,27.14285714285714,1200.0,35.0,59100.0
P3196,2.5,27.14285714285714,1266.666666666667,30.0,55400.0
P3197,2.5,27.14285714285714,1266.666666666667,30.83333333333333,55800.0
P3198,2.5,27.14285714285714,1266.666666666667,31.66666666666667,56300.0
P3199,2.5,27.14285714285714,1266.666666666667,32.5,56700.0
P3200,2.5,27.14285714285714,1266.666666666667,33.33333333333334,57200.0
P3201,2.5,27.14285714285714,1266.666666666667,34.16666666666666,58600.0
P3202,2.5,27.14285714285714,1266.666666666667,35.0,59100.0
P3203,2.5,27.14285714285714,1333.333333333333,30.0,58900.0
P3204,2.5,27.14285714285714,1333.333333333333,30.83333333333333,59300.0
P3205,2.5,27.14285714285714,1333.333333333333,31.66666666666667,59800.0
P3206,2.5,27.14285714285714,1333.333333333333,32.5,60200.0
P3207,2.5,27.14285714285714,1333.333333333333,33.33333333333334,60700.0
P3208,2.5,27.14285714285714,1333.333333333333,34.16666666666666,62100.0
P3209,2.5,27.14285714285714,1333.333333333333,35.0,59300.0
P3210,2.5,27.14285714285714,1400.0,30.0,58900.0
P3211,2.5,27.14285714285714,1400.0,30.83333333333333,59300.0
P3212,2.5,27.14285714285714,1400.0,31.66666666666667,59800.0
P3213,2.5,27.14285714285714,1400.0,32.5,60200.0
P3214,2.5,27.14285714285714,1400.0,33.33333333333334,60700.0
P3215,2.5,27.14285714285714,1400.0,34.16666666666666,62100.0
P3216,2.5,27.14285714285714,1400.0,35.0,62600.0
P3217,2.5,27.14285714285714,1466.666666666667,30.0,59100.0
P3218,2.5,27.14285714285714,1466.666666666667,30.83333333333333,59500.0
P3219,2.5,27.14285714285714,1466.666666666667,31.66666666666667,60000.0
P3220,2.5,27.14285714285714,1466.666666666667,32.5,60400.0
P3221,2.5,27.14285714285714,1466.666666666667,33.33333333333334,60900.0
P3222,2.5,27.14285714285714,1466.666666666667,34.16666666666666,62300.0
P3223,2.5,27.14285714285714,1466.666666666667,35.0,62800.0
P3224,2.5,27.14285714285714,1533.333333333333,30.0,62400.0
P3225,2.5,27.14285714285714,1533.333333333333,30.83333333333333,62800.0
P3226,2.5,27.14285714285714,1533.333333333333,31.66666666666667,63300.0
P3227,2.5,27.14285714285714,1533.333333333333,32.5,63700.0
P3228,2.5,27.14285714285714,1533.333333333333,33.33333333333334,64200.0
P3229,2.5,27.14285714285714,1533.333333333333,34.16666666666666,65600.0
P3230,2.5,27.14285714285714,1533.333333333333,35.0,66100.0
P3231,2.5,27.14285714285714,1600.0,30.0,62400.0
P3232,2.5,27.14285714285714,1600.0,30.83333333333333,62800.0
P3233,2.5,27.14285714285714,1600.0,31.66666666666667,63300.0
P3234,2.5,27.14285714285714,1600.0,32.5,63700.0
P3235,2.5,27.14285714285714,1600.0,33.33333333333334,64200.0
P3236,2.5,27.14285714285714,1600.0,34.16666666666666,65600.0
P3237,2.5,27.14285714285714,1600.0,35.0,66100.0
P3238,2.5,27.71428571428572,1200.0,30.0,56100.0
P3239,2.5,27.71428571428572,1200.0,30.83333333333333,56500.0
P3240,2.5,27.71428571428572,1200.0,31.66666666666667,57000.0
P3241,2.5,27.71428571428572,1200.0,32.5,57400.0
P3242,2.5,27.71428571428572,1200.0,33.33333333333334,57900.0
P3243,2.5,27.71428571428572,1200.0,34.16666666666666,59300.0
P3244,2.5,27.71428571428572,1200.0,35.0,59800.0
P3245,2.5,27.71428571428572,1266.666666666667,30.0,56100.0
P3246,2.5,27.71428571428572,1266.666666666667,30.83333333333333,56500.0
P3247,2.5,27.71428571428572,1266.666666666667,31.66666666666667,57000.0
P3248,2.5,27.71428571428572,1266.666666666667,32.5,57400.0
P3249,2.5,27.71428571428572,1266.666666666667,33.33333333333334,57900.0
P3250,2.5,27.71428571428572,1266.666666666667,34.16666666666666,59300.0
P3251,2.5,27.71428571428572,1266.666666666667,35.0,59800.0
P3252,2.5,27.71428571428572,1333.333333333333,30.0,59600.0
P3253,2.5,27.71428571428572,1333.333333333333,30.83333333333333,60000.0
P3254,2.5,27.71428571428572,1333.333333333333,31.66666666666667,57200.0
P3255,2.5,27.71428571428572,1333.333333333333,32.5,57600.0
P3256,2.5,27.71428571428572,1333.333333333333,33.33333333333334,58100.0
P3257,2.5,27.71428571428572,1333.333333333333,34.16666666666666,59500.0
P3258,2.5,27.71428571428572,1333.333333333333,35.0,60000.0
P3259,2.5,27.71428571428572,1400.0,30.0,59600.0
P3260,2.5,27.71428571428572,1400.0,30.83333333333333,60000.0
P3261,2.5,27.71428571428572,1400.0,31.66666666666667,60500.0
P3262,2.5,27.71428571428572,1400.0,32.5,60900.0
P3263,2.5,27.71428571428572,1400.0,33.33333333333334,61400.0
P3264,2.5,27.71428571428572,1400.0,34.16666666666666,62800.0
P3265,2.5,27.71428571428572,1400.0,35.0,63300.0
P3266,2.5,27.71428571428572,1466.666666666667,30.0,59800.0
P3267,2.5,27.71428571428572,1466.666666666667,30.83333333333333,60200.0
P3268,2.5,27.71428571428572,1466.666666666667,31.66666666666667,60700.0
P3269,2.5,27.71428571428572,1466.666666666667,32.5,61100.0
P3270,2.5,27.71428571428572,1466.666666666667,33.33333333333334,61600.0
P3271,2.5,27.71428571428572,1466.666666666667,34.16666666666666,63000.0
P3272,2.5,27.71428571428572,1466.666666666667,35.0,63500.0
P3273,2.5,27.71428571428572,1533.333333333333,30.0,63200.0
P3274,2.5,27.71428571428572,1533.333333333333,30.83333333333333,63600.0
P3275,2.5,27.71428571428572,1533.333333333333,31.66666666666667,64100.0
P3276,2.5,27.71428571428572,1533.333333333333,32.5,64500.0
P3277,2.5,27.71428571428572,1533.333333333333,33.33333333333334,65000.0
P3278,2.5,27.71428571428572,1533.333333333333,34.16666666666666,66400.0
P3279,2.5,27.71428571428572,1533.333333333333,35.0,63500.0
P3280,2.5,27.71428571428572,1600.0,30.0,63200.0
P3281,2.5,27.71428571428572,1600.0,30.83333333333333,63600.0
P3282,2.5,27.71428571428572,1600.0,31.66666666666667,64100.0
P3283,2.5,27.71428571428572,1600.0,32.5,64500.0
P3284,2.5,27.71428571428572,1600.0,33.33333333333334,65000.0
P3285,2.5,27.71428571428572,1600.0,34.16666666666666,66400.0
P3286,2.5,27.71428571428572,1600.0,35.0,66900.0
P3287,2.5,28.28571428571428,1200.0,30.0,56700.0
P3288,2.5,28.28571428571428,1200.0,30.83333333333333,57100.0
P3289,2.5,28.28571428571428,1200.0,31.66666666666667,57600.0
P3290,2.5,28.28571428571428,1200.0,32.5,58000.0
P3291,2.5,28.28571428571428,1200.0,33.33333333333334,58500.0
P3292,2.5,28.28571428571428,1200.0,34.16666666666666,59900.0
P3293,2.5,28.28571428571428,1200.0,35.0,60400.0
P3294,2.5,28.28571428571428,1266.666666666667,30.0,56700.0
P3295,2.5,28.28571428571428,1266.666666666667,30.83333333333333,57100.0
P3296,2.5,28.28571428571428,1266.666666666667,31.66666666666667,57600.0
P3297,2.5,28.28571428571428,1266.666666666667,32.5,58000.0
P3298,2.5,28.28571428571428,1266.666666666667,33.33333333333334,58500.0
P3299,2.5,28.28571428571428,1266.666666666667,34.16666666666666,59900.0
P3300,2.5,28.28571428571428,1266.666666666667,35.0,60400.0
P3301,2.5,28.28571428571428,1333.333333333333,30.0,56900.0
P3302,2.5,28.28571428571428,1333.333333333333,30.83333333333333,57300.0
P3303,2.5,28.28571428571428,1333.333333333333,31.66666666666667,61200.0
P3304,2.5,28.28571428571428,1333.333333333333,32.5,61600.0
P3305,2.5,28.28571428571428,1333.333333333333,33.33333333333334,62100.0
P3306,2.5,28.28571428571428,1333.333333333333,34.16666666666666,63500.0
P3307,2.5,28.28571428571428,1333.333333333333,35.0,64000.0
P3308,2.5,28.28571428571428,1400.0,30.0,60300.0
P3309,2.5,28.28571428571428,1400.0,30.83333333333333,60700.0
P3310,2.5,28.28571428571428,1400.0,31.66666666666667,61200.0
P3311,2.5,28.28571428571428,1400.0,32.5,61600.0
P3312,2.5,28.28571428571428,1400.0,33.33333333333334,62100.0
P3313,2.5,28.28571428571428,1400.0,34.16666666666666,63500.0
P3314,2.5,28.28571428571428,1400.0,35.0,64000.0
P3315,2.5,28.28571428571428,1466.666666666667,30.0,60500.0
P3316,2.5,28.28571428571428,1466.666666666667,30.83333333333333,60900.0
P3317,2.5,28.28571428571428,1466.666666666667,31.66666666666667,61400.0
P3318,2.5,28.28571428571428,1466.666666666667,32.5,61800.0
P3319,2.5,28.28571428571428,1466.666666666667,33.33333333333334,62300.0
P3320,2.5,28.28571428571428,1466.666666666667,34.16666666666666,63700.0
P3321,2.5,28.28571428571428,1466.666666666667,35.0,64200.0
P3322,2.5,28.28571428571428,1533.333333333333,30.0,64000.0
P3323,2.5,28.28571428571428,1533.333333333333,30.83333333333333,64400.0
P3324,2.5,28.28571428571428,1533.333333333333,31.66666666666667,61400.0
P3325,2.5,28.28571428571428,1533.333333333333,32.5,65300.0
P3326,2.5,28.28571428571428,1533.333333333333,33.33333333333334,65800.0
P3327,2.5,28.28571428571428,1533.333333333333,34.16666666666666,67200.0
P3328,2.5,28.28571428571428,1533.333333333333,35.0,67700.0
P3329,2.5,28.28571428571428,1600.0,30.0,64000.0
P3330,2.5,28.28571428571428,1600.0,30.83333333333333,64400.0
P3331,2.5,28.28571428571428,1600.0,31.66666666666667,64900.0
P3332,2.5,28.28571428571428,1600.0,32.5,65300.0
P3333,2.5,28.28571428571428,1600.0,33.33333333333334,65800.0
P3334,2.5,28.28571428571428,1600.0,34.16666666666666,67200.0
P3335,2.5,28.28571428571428,1600.0,35.0,67700.0
P3336,2.5,28.85714285714286,1200.0,30.0,57300.0
P3337,2.5,28.85714285714286,1200.0,30.83333333333333,57700.0
P3338,2.5,28.85714285714286,1200.0,31.66666666666667,58200.0
P3339,2.5,28.85714285714286,1200.0,32.5,58600.0
P3340,2.5,28.85714285714286,1200.0,33.33333333333334,59100.0
P3341,2.5,28.85714285714286,1200.0,34.16666666666666,60500.0
P3342,2.5,28.85714285714286,1200.0,35.0,61000.0
P3343,2.5,28.85714285714286,1266.666666666667,30.0,57300.0
P3344,2.5,28.85714285714286,1266.666666666667,30.83333333333333,57700.0
P3345,2.5,28.85714285714286,1266.666666666667,31.66666666666667,58200.0
P3346,2.5,28.85714285714286,1266.666666666667,32.5,58600.0
P3347,2.5,28.85714285714286,1266.666666666667,33.33333333333334,59100.0
P3348,2.5,28.85714285714286,1266.666666666667,34.16666666666666,60500.0
P3349,2.5,28.85714285714286,1266.666666666667,35.0,61000.0
P3350,2.5,28.85714285714286,1333.333333333333,30.0,61700.0
P3351,2.5,28.85714285714286,1333.333333333333,30.83333333333333,62100.0
P3352,2.5,28.85714285714286,1333.333333333333,31.66666666666667,62600.0
P3353,2.5,28.85714285714286,1333.333333333333,32.5,63000.0
P3354,2.5,28.85714285714286,1333.333333333333,33.33333333333334,63500.0
P3355,2.5,28.85714285714286,1333.333333333333,34.16666666666666,64900.0
P3356,2.5,28.85714285714286,1333.333333333333,35.0,65400.0
P3357,2.5,28.85714285714286,1400.0,30.0,61700.0
P3358,2.5,28.85714285714286,1400.0,30.83333333333333,62100.0
P3359,2.5,28.85714285714286,1400.0,31.66666666666667,62600.0
P3360,2.5,28.85714285714286,1400.0,32.5,63000.0
P3361,2.5,28.85714285714286,1400.0,33.33333333333334,63500.0
P3362,2.5,28.85714285714286,1400.0,34.16666666666666,64900.0
P3363,2.5,28.85714285714286,1400.0,35.0,65400.0
P3364,2.5,28.85714285714286,1466.666666666667,30.0,61900.0
P3365,2.5,28.85714285714286,1466.666666666667,30.83333333333333,62300.0
P3366,2.5,28.85714285714286,1466.666666666667,31.66666666666667,62800.0
P3367,2.5,28.85714285714286,1466.666666666667,32.5,63200.0
P3368,2.5,28.85714285714286,1466.666666666667,33.33333333333334,63700.0
P3369,2.5,28.85714285714286,1466.666666666667,34.16666666666666,65100.0
P3370,2.5,28.85714285714286,1466.666666666667,35.0,65600.0
P3371,2.5,28.85714285714286,1533.333333333333,30.0,65400.0
P3372,2.5,28.85714285714286,1533.333333333333,30.83333333333333,65800.0
P3373,2.5,28.85714285714286,1533.333333333333,31.66666666666667,66300.0
P3374,2.5,28.85714285714286,1533.333333333333,32.5,66700.0
P3375,2.5,28.85714285714286,1533.333333333333,33.33333333333334,67200.0
P3376,2.5,28.85714285714286,1533.333333333333,34.16666666666666,68600.0
P3377,2.5,28.85714285714286,1533.333333333333,35.0,69100.0
P3378,2.5,28.85714285714286,1600.0,30.0,65400.0
P3379,2.5,28.85714285714286,1600.0,30.83333333333333,65800.0
P3380,2.5,28.85714285714286,1600.0,31.66666666666667,66300.0
P3381,2.5,28.85714285714286,1600.0,32.5,66700.0
P3382,2.5,28.85714285714286,1600.0,33.33333333333334,67200.0
P3383,2.5,28.85714285714286,1600.0,34.16666666666666,68600.0
P3384,2.5,28.85714285714286,1600.0,35.0,69100.0
P3385,2.5,29.42857142857143,1200.0,30.0,58700.0
P3386,2.5,29.42857142857143,1200.0,30.83333333333333,59100.0
P3387,2.5,29.42857142857143,1200.0,31.66666666666667,59600.0
P3388,2.5,29.42857142857143,1200.0,32.5,60000.0
P3389,2.5,29.42857142857143,1200.0,33.33333333333334,60500.0
P3390,2.5,29.42857142857143,1200.0,34.16666666666666,61900.0
P3391,2.5,29.42857142857143,1200.0,35.0,62400.0
P3392,2.5,29.42857142857143,1266.666666666667,30.0,58700.0
P3393,2.5,29.42857142857143,1266.666666666667,30.83333333333333,59100.0
P3394,2.5,29.42857142857143,1266.666666666667,31.66666666666667,59600.0
P3395,2.5,29.42857142857143,1266.666666666667,32.5,60000.0
P3396,2.5,29.42857142857143,1266.666666666667,33.33333333333334,60500.0
P3397,2.5,29.42857142857143,1266.666666666667,34.16666666666666,61900.0
P3398,2.5,29.42857142857143,1266.666666666667,35.0,62400.0
P3399,2.5,29.42857142857143,1333.333333333333,30.0,62400.0
P3400,2.5,29.42857142857143,1333.333333333333,30.83333333333333,62800.0
P3401,2.5,29.42857142857143,1333.333333333333,31.66666666666667,63300.0
P3402,2.5,29.42857142857143,1333.333333333333,32.5,63700.0
P3403,2.5,29.42857142857143,1333.333333333333,33.33333333333334,64200.0
P3404,2.5,29.42857142857143,1333.333333333333,34.16666666666666,65600.0
P3405,2.5,29.42857142857143,1333.333333333333,35.0,66100.0
P3406,2.5,29.42857142857143,1400.0,30.0,62400.0
P3407,2.5,29.42857142857143,1400.0,30.83333333333333,62800.0
P3408,2.5,29.42857142857143,1400.0,31.66666666666667,63300.0
P3409,2.5,29.42857142857143,1400.0,32.5,63700.0
P3410,2.5,29.42857142857143,1400.0,33.33333333333334,64200.0
P3411,2.5,29.42857142857143,1400.0,34.16666666666666,65600.0
P3412,2.5,29.42857142857143,1400.0,35.0,66100.0
P3413,2.5,29.42857142857143,1466.666666666667,30.0,62600.0
P3414,2.5,29.42857142857143,1466.666666666667,30.83333333333333,63000.0
P3415,2.5,29.42857142857143,1466.666666666667,31.66666666666667,63500.0
P3416,2.5,29.42857142857143,1466.666666666667,32.5,63900.0
P3417,2.5,29.42857142857143,1466.666666666667,33.33333333333334,64400.0
P3418,2.5,29.42857142857143,1466.666666666667,34.16666666666666,65800.0
P3419,2.5,29.42857142857143,1466.666666666667,35.0,66300.0
P3420,2.5,29.42857142857143,1533.333333333333,30.0,66200.0
P3421,2.5,29.42857142857143,1533.333333333333,30.83333333333333,66600.0
P3422,2.5,29.42857142857143,1533.333333333333,31.66666666666667,67100.0
P3423,2.5,29.42857142857143,1533.333333333333,32.5,67500.0
P3424,2.5,29.42857142857143,1533.333333333333,33.33333333333334,68000.0
P3425,2.5,29.42857142857143,1533.333333333333,34.16666666666666,69400.0
P3426,2.5,29.42857142857143,1533.333333333333,35.0,69900.0
P3427,2.5,29.42857142857143,1600.0,30.0,66200.0
P3428,2.5,29.42857142857143,1600.0,30.83333333333333,66600.0
P3429,2.5,29.42857142857143,1600.0,31.66666666666667,67100.0
P3430,2.5,29.42857142857143,1600.0,32.5,67500.0
P3431,2.5,29.42857142857143,1600.0,33.33333333333334,68000.0
P3432,2.5,29.42857142857143,1600.0,34.16666666666666,69400.0
P3433,2.5,29.42857142857143,1600.0,35.0,69900.0
P3434,2.5,30.0,1200.0,30.0,59300.0
P3435,2.5,30.0,1200.0,30.83333333333333,59700.0
P3436,2.5,30.0,1200.0,31.66666666666667,60200.0
P3437,2.5,30.0,1200.0,32.5,60600.0
P3438,2.5,30.0,1200.0,33.33333333333334,61100.0
P3439,2.5,30.0,1200.0,34.16666666666666,62500.0
P3440,2.5,30.0,1200.0,35.0,63000.0
P3441,2.5,30.0,1266.666666666667,30.0,59300.0
P3442,2.5,30.0,1266.666666666667,30.83333333333333,59700.0
P3443,2.5,30.0,1266.666666666667,31.66666666666667,60200.0
P3444,2.5,30.0,1266.666666666667,32.5,60600.0
P3445,2.5,30.0,1266.666666666667,33.33333333333334,61100.0
P3446,2.5,30.0,1266.666666666667,34.16666666666666,62500.0
P3447,2.5,30.0,1266.666666666667,35.0,63000.0
P3448,2.5,30.0,1333.333333333333,30.0,63100.0
P3449,2.5,30.0,1333.333333333333,30.83333333333333,63500.0
P3450,2.5,30.0,1333.333333333333,31.66666666666667,64000.0
P3451,2.5,30.0,1333.333333333333,32.5,64400.0
P3452,2.5,30.0,1333.333333333333,33.33333333333334,61300.0
P3453,2.5,30.0,1333.333333333333,34.16666666666666,62700.0
P3454,2.5,30.0,1333.333333333333,35.0,63200.0
P3455,2.5,30.0,1400.0,30.0,63100.0
P3456,2.5,30.0,1400.0,30.83333333333333,63500.0
P3457,2.5,30.0,1400.0,31.66666666666667,64000.0
P3458,2.5,30.0,1400.0,32.5,64400.0
P3459,2.5,30.0,1400.0,33.33333333333334,64900.0
P3460,2.5,30.0,1400.0,34.16666666666666,66300.0
P3461,2.5,30.0,1400.0,35.0,66800.0
P3462,2.5,30.0,1466.666666666667,30.0,63300.0
P3463,2.5,30.0,1466.666666666667,30.83333333333333,63700.0
P3464,2.5,30.0,1466.666666666667,31.66666666666667,64200.0
P3465,2.5,30.0,1466.666666666667,32.5,64600.0
P3466,2.5,30.0,1466.666666666667,33.33333333333334,65100.0
P3467,2.5,30.0,1466.666666666667,34.16666666666666,66500.0
P3468,2.5,30.0,1466.666666666667,35.0,67000.0
P3469,2.5,30.0,1533.333333333333,30.0,67000.0
P3470,2.5,30.0,1533.333333333333,30.83333333333333,67400.0
P3471,2.5,30.0,1533.333333333333,31.66666666666667,67900.0
P3472,2.5,30.0,1533.333333333333,32.5,68300.0
P3473,2.5,30.0,1533.333333333333,33.33333333333334,68800.0
P3474,2.5,30.0,1533.333333333333,34.16666666666666,70200.0
P3475,2.5,30.0,1533.333333333333,35.0,70700.0
P3476,2.5,30.0,1600.0,30.0,67000.0
P3477,2.5,30.0,1600.0,30.83333333333333,67400.0
P3478,2.5,30.0,1600.0,31.66666666666667,67900.0
P3479,2.5,30.0,1600.0,32.5,68300.0
P3480,2.5,30.0,1600.0,33.33333333333334,68800.0
P3481,2.5,30.0,1600.0,34.16666666666666,70200.0
P3482,2.5,30.0,1600.0,35.0,70700.0
P3483,2.575,26.0,1200.0,30.0,56000.0
P3484,2.575,26.0,1200.0,30.83333333333333,56500.0
P3485,2.575,26.0,1200.0,31.66666666666667,57000.0
P3486,2.575,26.0,1200.0,32.5,57500.0
P3487,2.575,26.0,1200.0,33.33333333333334,57900.0
P3488,2.575,26.0,1200.0,34.16666666666666,59400.0
P3489,2.575,26.0,1200.0,35.0,59900.0
P3490,2.575,26.0,1266.666666666667,30.0,56000.0
P3491,2.575,26.0,1266.666666666667,30.83333333333333,56500.0
P3492,2.575,26.0,1266.666666666667,31.66666666666667,57000.0
P3493,2.575,26.0,1266.666666666667,32.5,57500.0
P3494,2.575,26.0,1266.666666666667,33.33333333333334,57900.0
P3495,2.575,26.0,1266.666666666667,34.16666666666666,59400.0
P3496,2.575,26.0,1266.666666666667,35.0,59900.0
P3497,2.575,26.0,1333.333333333333,30.0,59500.0
P3498,2.575,26.0,1333.333333333333,30.83333333333333,60000.0
P3499,2.575,26.0,1333.333333333333,31.66666666666667,60500.0
P3500,2.575,26.0,1333.333333333333,32.5,61000.0
P3501,2.575,26.0,1333.333333333333,33.33333333333334,61400.0
P3502,2.575,26.0,1333.333333333333,34.16666666666666,62900.0
P3503,2.575,26.0,1333.333333333333,35.0,63400.0
P3504,2.575,26.0,1400.0,30.0,59500.0
P3505,2.575,26.0,1400.0,30.83333333333333,60000.0
P3506,2.575,26.0,1400.0,31.66666666666667,60500.0
P3507,2.575,26.0,1400.0,32.5,61000.0
P3508,2.575,26.0,1400.0,33.33333333333334,61400.0
P3509,2.575,26.0,1400.0,34.16666666666666,62900.0
P3510,2.575,26.0,1400.0,35.0,63400.0
P3511,2.575,26.0,1466.666666666667,30.0,63600.0
P3512,2.575,26.0,1466.666666666667,30.83333333333333,64100.0
P3513,2.575,26.0,1466.666666666667,31.66666666666667,64600.0
P3514,2.575,26.0,1466.666666666667,32.5,65100.0
P3515,2.575,26.0,1466.666666666667,33.33333333333334,65500.0
P3516,2.575,26.0,1466.666666666667,34.16666666666666,67000.0
P3517,2.575,26.0,1466.666666666667,35.0,67500.0
P3518,2.575,26.0,1533.333333333333,30.0,62900.0
P3519,2.575,26.0,1533.333333333333,30.83333333333333,63400.0
P3520,2.575,26.0,1533.333333333333,31.66666666666667,63900.0
P3521,2.575,26.0,1533.333333333333,32.5,64400.0
P3522,2.575,26.0,1533.333333333333,33.33333333333334,64800.0
P3523,2.575,26.0,1533.333333333333,34.16666666666666,66300.0
P3524,2.575,26.0,1533.333333333333,35.0,66800.0
P3525,2.575,26.0,1600.0,30.0,62900.0
P3526,2.575,26.0,1600.0,30.83333333333333,63400.0
P3527,2.575,26.0,1600.0,31.66666666666667,63900.0
P3528,2.575,26.0,1600.0,32.5,70300.0
P3529,2.575,26.0,1600.0,33.33333333333334,64800.0
P3530,2.575,26.0,1600.0,34.16666666666666,66300.0
P3531,2.575,26.0,1600.0,35.0,66800.0
P3532,2.575,26.57142857142857,1200.0,30.0,56700.0
P3533,2.575,26.57142857142857,1200.0,30.83333333333333,57200.0
P3534,2.575,26.57142857142857,1200.0,31.66666666666667,57700.0
P3535,2.575,26.57142857142857,1200.0,32.5,58200.0
P3536,2.575,26.57142857142857,1200.0,33.33333333333334,58600.0
P3537,2.575,26.57142857142857,1200.0,34.16666666666666,60100.0
P3538,2.575,26.57142857142857,1200.0,35.0,60600.0
P3539,2.575,26.57142857142857,1266.666666666667,30.0,56700.0
P3540,2.575,26.57142857142857,1266.666666666667,30.83333333333333,57200.0
P3541,2.575,26.57142857142857,1266.666666666667,31.66666666666667,57700.0
P3542,2.575,26.57142857142857,1266.666666666667,32.5,58200.0
P3543,2.575,26.57142857142857,1266.666666666667,33.33333333333334,58600.0
P3544,2.575,26.57142857142857,1266.666666666667,34.16666666666666,60100.0
P3545,2.575,26.57142857142857,1266.666666666667,35.0,60600.0
P3546,2.575,26.57142857142857,1333.333333333333,30.0,60200.0
P3547,2.575,26.57142857142857,1333.333333333333,30.83333333333333,60700.0
P3548,2.575,26.57142857142857,1333.333333333333,31.66666666666667,61200.0
P3549,2.575,26.57142857142857,1333.333333333333,32.5,61700.0
P3550,2.575,26.57142857142857,1333.333333333333,33.33333333333334,62100.0
P3551,2.575,26.57142857142857,1333.333333333333,34.16666666666666,63600.0
P3552,2.575,26.57142857142857,1333.333333333333,35.0,64100.0
P3553,2.575,26.57142857142857,1400.0,30.0,60200.0
P3554,2.575,26.57142857142857,1400.0,30.83333333333333,60700.0
P3555,2.575,26.57142857142857,1400.0,31.66666666666667,61200.0
P3556,2.575,26.57142857142857,1400.0,32.5,61700.0
P3557,2.575,26.57142857142857,1400.0,33.33333333333334,62100.0
P3558,2.575,26.57142857142857,1400.0,34.16666666666666,63600.0
P3559,2.575,26.57142857142857,1400.0,35.0,64100.0
P3560,2.575,26.57142857142857,1466.666666666667,30.0,64400.0
P3561,2.575,26.57142857142857,1466.666666666667,30.83333333333333,64900.0
P3562,2.575,26.57142857142857,1466.666666666667,31.66666666666667,65400.0
P3563,2.575,26.57142857142857,1466.666666666667,32.5,61900.0
P3564,2.575,26.57142857142857,1466.666666666667,33.33333333333334,62300.0
P3565,2.575,26.57142857142857,1466.666666666667,34.16666666666666,63800.0
P3566,2.575,26.57142857142857,1466.666666666667,35.0,64300.0
P3567,2.575,26.57142857142857,1533.333333333333,30.0,63700.0
P3568,2.575,26.57142857142857,1533.333333333333,30.83333333333333,64200.0
P3569,2.575,26.57142857142857,1533.333333333333,31.66666666666667,64700.0
P3570,2.575,26.57142857142857,1533.333333333333,32.5,65200.0
P3571,2.575,26.57142857142857,1533.333333333333,33.33333333333334,65600.0
P3572,2.575,26.57142857142857,1533.333333333333,34.16666666666666,67100.0
P3573,2.575,26.57142857142857,1533.333333333333,35.0,67600.0
P3574,2.575,26.57142857142857,1600.0,30.0,63700.0
P3575,2.575,26.57142857142857,1600.0,30.83333333333333,64200.0
P3576,2.575,26.57142857142857,1600.0,31.66666666666667,64700.0
P3577,2.575,26.57142857142857,1600.0,32.5,65200.0
P3578,2.575,26.57142857142857,1600.0,33.33333333333334,65600.0
P3579,2.575,26.57142857142857,1600.0,34.16666666666666,67100.0
P3580,2.575,26.57142857142857,1600.0,35.0,67600.0
P3581,2.575,27.14285714285714,1200.0,30.0,57300.0
P3582,2.575,27.14285714285714,1200.0,30.83333333333333,57800.0
P3583,2.575,27.14285714285714,1200.0,31.66666666666667,58300.0
P3584,2.575,27.14285714285714,1200.0,32.5,58800.0
P3585,2.575,27.14285714285714,1200.0,33.33333333333334,59200.0
P3586,2.575,27.14285714285714,1200.0,34.16666666666666,60700.0
P3587,2.575,27.14285714285714,1200.0,35.0,61200.0
P3588,2.575,27.14285714285714,1266.666666666667,30.0,57300.0
P3589,2.575,27.14285714285714,1266.666666666667,30.83333333333333,57800.0
P3590,2.575,27.14285714285714,1266.666666666667,31.66666666666667,58300.0
P3591,2.575,27.14285714285714,1266.666666666667,32.5,58800.0
P3592,2.575,27.14285714285714,1266.666666666667,33.33333333333334,59200.0
P3593,2.575,27.14285714285714,1266.666666666667,34.16666666666666,64900.0
P3594,2.575,27.14285714285714,1266.666666666667,35.0,65400.0
P3595,2.575,27.14285714285714,1333.333333333333,30.0,60900.0
P3596,2.575,27.14285714285714,1333.333333333333,30.83333333333333,61400.0
P3597,2.575,27.14285714285714,1333.333333333333,31.66666666666667,61900.0
P3598,2.575,27.14285714285714,1333.333333333333,32.5,62400.0
P3599,2.575,27.14285714285714,1333.333333333333,33.33333333333334,62800.0
P3600,2.575,27.14285714285714,1333.333333333333,34.16666666666666,64300.0
P3601,2.575,27.14285714285714,1333.333333333333,35.0,64800.0
P3602,2.575,27.14285714285714,1400.0,30.0,61100.0
P3603,2.575,27.14285714285714,1400.0,30.83333333333333,61600.0
P3604,2.575,27.14285714285714,1400.0,31.66666666666667,62100.0
P3605,2.575,27.14285714285714,1400.0,32.5,62600.0
P3606,2.575,27.14285714285714,1400.0,33.33333333333334,63000.0
P3607,2.575,27.14285714285714,1400.0,34.16666666666666,64500.0
P3608,2.575,27.14285714285714,1400.0,35.0,65000.0
P3609,2.575,27.14285714285714,1466.666666666667,30.0,61100.0
P3610,2.575,27.14285714285714,1466.666666666667,30.83333333333333,61600.0
P3611,2.575,27.14285714285714,1466.666666666667,31.66666666666667,62100.0
P3612,2.575,27.14285714285714,1466.666666666667,32.5,62600.0
P3613,2.575,27.14285714285714,1466.666666666667,33.33333333333334,63000.0
P3614,2.575,27.14285714285714,1466.666666666667,34.16666666666666,64500.0
P3615,2.575,27.14285714285714,1466.666666666667,35.0,69100.0
P3616,2.575,27.14285714285714,1533.333333333333,30.0,64500.0
P3617,2.575,27.14285714285714,1533.333333333333,30.83333333333333,65000.0
P3618,2.575,27.14285714285714,1533.333333333333,31.66666666666667,65500.0
P3619,2.575,27.14285714285714,1533.333333333333,32.5,66000.0
P3620,2.575,27.14285714285714,1533.333333333333,33.33333333333334,66400.0
P3621,2.575,27.14285714285714,1533.333333333333,34.16666666666666,67900.0
P3622,2.575,27.14285714285714,1533.333333333333,35.0,68400.0
P3623,2.575,27.14285714285714,1600.0,30.0,64500.0
P3624,2.575,27.14285714285714,1600.0,30.83333333333333,65000.0
P3625,2.575,27.14285714285714,1600.0,31.66666666666667,65500.0
P3626,2.575,27.14285714285714,1600.0,32.5,66000.0
P3627,2.575,27.14285714285714,1600.0,33.33333333333334,66400.0
P3628,2.575,27.14285714285714,1600.0,34.16666666666666,67900.0
P3629,2.575,27.14285714285714,1600.0,35.0,68400.0
P3630,2.575,27.71428571428572,1200.0,30.0,58000.0
P3631,2.575,27.71428571428572,1200.0,30.83333333333333,58500.0
P3632,2.575,27.71428571428572,1200.0,31.66666666666667,59000.0
P3633,2.575,27.71428571428572,1200.0,32.5,59500.0
P3634,2.575,27.71428571428572,1200.0,33.33333333333334,59900.0
P3635,2.575,27.71428571428572,1200.0,34.16666666666666,61400.0
P3636,2.575,27.71428571428572,1200.0,35.0,61900.0
P3637,2.575,27.71428571428572,1266.666666666667,30.0,62300.0
P3638,2.575,27.71428571428572,1266.666666666667,30.83333333333333,62800.0
P3639,2.575,27.71428571428572,1266.666666666667,31.66666666666667,63300.0
P3640,2.575,27.71428571428572,1266.666666666667,32.5,59500.0
P3641,2.575,27.71428571428572,1266.666666666667,33.33333333333334,59900.0
P3642,2.575,27.71428571428572,1266.666666666667,34.16666666666666,61400.0
P3643,2.575,27.71428571428572,1266.666666666667,35.0,61900.0
P3644,2.575,27.71428571428572,1333.333333333333,30.0,61700.0
P3645,2.575,27.71428571428572,1333.333333333333,30.83333333333333,62200.0
P3646,2.575,27.71428571428572,1333.333333333333,31.66666666666667,62700.0
P3647,2.575,27.71428571428572,1333.333333333333,32.5,63200.0
P3648,2.575,27.71428571428572,1333.333333333333,33.33333333333334,63600.0
P3649,2.575,27.71428571428572,1333.333333333333,34.16666666666666,65100.0
P3650,2.575,27.71428571428572,1333.333333333333,35.0,65600.0
P3651,2.575,27.71428571428572,1400.0,30.0,61900.0
P3652,2.575,27.71428571428572,1400.0,30.83333333333333,62400.0
P3653,2.575,27.71428571428572,1400.0,31.66666666666667,62900.0
P3654,2.575,27.71428571428572,1400.0,32.5,63400.0
P3655,2.575,27.71428571428572,1400.0,33.33333333333334,63800.0
P3656,2.575,27.71428571428572,1400.0,34.16666666666666,65300.0
P3657,2.575,27.71428571428572,1400.0,35.0,65800.0
P3658,2.575,27.71428571428572,1466.666666666667,30.0,61900.0
P3659,2.575,27.71428571428572,1466.666666666667,30.83333333333333,65800.0
P3660,2.575,27.71428571428572,1466.666666666667,31.66666666666667,66300.0
P3661,2.575,27.71428571428572,1466.666666666667,32.5,66800.0
P3662,2.575,27.71428571428572,1466.666666666667,33.33333333333334,67200.0
P3663,2.575,27.71428571428572,1466.666666666667,34.16666666666666,68700.0
P3664,2.575,27.71428571428572,1466.666666666667,35.0,69200.0
P3665,2.575,27.71428571428572,1533.333333333333,30.0,65300.0
P3666,2.575,27.71428571428572,1533.333333333333,30.83333333333333,65800.0
P3667,2.575,27.71428571428572,1533.333333333333,31.66666666666667,66300.0
P3668,2.575,27.71428571428572,1533.333333333333,32.5,66800.0
P3669,2.575,27.71428571428572,1533.333333333333,33.33333333333334,67200.0
P3670,2.575,27.71428571428572,1533.333333333333,34.16666666666666,68700.0
P3671,2.575,27.71428571428572,1533.333333333333,35.0,69200.0
P3672,2.575,27.71428571428572,1600.0,30.0,65300.0
P3673,2.575,27.71428571428572,1600.0,30.83333333333333,65800.0
P3674,2.575,27.71428571428572,1600.0,31.66666666666667,66300.0
P3675,2.575,27.71428571428572,1600.0,32.5,66800.0
P3676,2.575,27.71428571428572,1600.0,33.33333333333334,67200.0
P3677,2.575,27.71428571428572,1600.0,34.16666666666666,68700.0
P3678,2.575,27.71428571428572,1600.0,35.0,69200.0
P3679,2.575,28.28571428571428,1200.0,30.0,58600.0
P3680,2.575,28.28571428571428,1200.0,30.83333333333333,59100.0
P3681,2.575,28.28571428571428,1200.0,31.66666666666667,59600.0
P3682,2.575,28.28571428571428,1200.0,32.5,60100.0
P3683,2.575,28.28571428571428,1200.0,33.33333333333334,60500.0
P3684,2.575,28.28571428571428,1200.0,34.16666666666666,62000.0
P3685,2.575,28.28571428571428,1200.0,35.0,62500.0
P3686,2.575,28.28571428571428,1266.666666666667,30.0,58600.0
P3687,2.575,28.28571428571428,1266.666666666667,30.83333333333333,59100.0
P3688,2.575,28.28571428571428,1266.666666666667,31.66666666666667,59600.0
P3689,2.575,28.28571428571428,1266.666666666667,32.5,60100.0
P3690,2.575,28.28571428571428,1266.666666666667,33.33333333333334,60500.0
P3691,2.575,28.28571428571428,1266.666666666667,34.16666666666666,62000.0
P3692,2.575,28.28571428571428,1266.666666666667,35.0,62500.0
P3693,2.575,28.28571428571428,1333.333333333333,30.0,62400.0
P3694,2.575,28.28571428571428,1333.333333333333,30.83333333333333,62900.0
P3695,2.575,28.28571428571428,1333.333333333333,31.66666666666667,63400.0
P3696,2.575,28.28571428571428,1333.333333333333,32.5,63900.0
P3697,2.575,28.28571428571428,1333.333333333333,33.33333333333334,64300.0
P3698,2.575,28.28571428571428,1333.333333333333,34.16666666666666,65800.0
P3699,2.575,28.28571428571428,1333.333333333333,35.0,66300.0
P3700,2.575,28.28571428571428,1400.0,30.0,62600.0
P3701,2.575,28.28571428571428,1400.0,30.83333333333333,63100.0
P3702,2.575,28.28571428571428,1400.0,31.66666666666667,63600.0
P3703,2.575,28.28571428571428,1400.0,32.5,64100.0
P3704,2.575,28.28571428571428,1400.0,33.33333333333334,64500.0
P3705,2.575,28.28571428571428,1400.0,34.16666666666666,66000.0
P3706,2.575,28.28571428571428,1400.0,35.0,66500.0
P3707,2.575,28.28571428571428,1466.666666666667,30.0,66900.0
P3708,2.575,28.28571428571428,1466.666666666667,30.83333333333333,67400.0
P3709,2.575,28.28571428571428,1466.666666666667,31.66666666666667,67900.0
P3710,2.575,28.28571428571428,1466.666666666667,32.5,68400.0
P3711,2.575,28.28571428571428,1466.666666666667,33.33333333333334,68800.0
P3712,2.575,28.28571428571428,1466.666666666667,34.16666666666666,70300.0
P3713,2.575,28.28571428571428,1466.666666666667,35.0,66500.0
P3714,2.575,28.28571428571428,1533.333333333333,30.0,66900.0
P3715,2.575,28.28571428571428,1533.333333333333,30.83333333333333,67400.0
P3716,2.575,28.28571428571428,1533.333333333333,31.66666666666667,67900.0
P3717,2.575,28.28571428571428,1533.333333333333,32.5,68400.0
P3718,2.575,28.28571428571428,1533.333333333333,33.33333333333334,68800.0
P3719,2.575,28.28571428571428,1533.333333333333,34.16666666666666,70300.0
P3720,2.575,28.28571428571428,1533.333333333333,35.0,70800.0
P3721,2.575,28.28571428571428,1600.0,30.0,66900.0
P3722,2.575,28.28571428571428,1600.0,30.83333333333333,67400.0
P3723,2.575,28.28571428571428,1600.0,31.66666666666667,74200.0
P3724,2.575,28.28571428571428,1600.0,32.5,74700.0
P3725,2.575,28.28571428571428,1600.0,33.33333333333334,75100.0
P3726,2.575,28.28571428571428,1600.0,34.16666666666666,76600.0
P3727,2.575,28.28571428571428,1600.0,35.0,77100.0
P3728,2.575,28.85714285714286,1200.0,30.0,60100.0
P3729,2.575,28.85714285714286,1200.0,30.83333333333333,60600.0
P3730,2.575,28.85714285714286,1200.0,31.66666666666667,61100.0
P3731,2.575,28.85714285714286,1200.0,32.5,61600.0
P3732,2.575,28.85714285714286,1200.0,33.33333333333334,62000.0
P3733,2.575,28.85714285714286,1200.0,34.16666666666666,63500.0
P3734,2.575,28.85714285714286,1200.0,35.0,64000.0
P3735,2.575,28.85714285714286,1266.666666666667,30.0,60100.0
P3736,2.575,28.85714285714286,1266.666666666667,30.83333333333333,60600.0
P3737,2.575,28.85714285714286,1266.666666666667,31.66666666666667,61100.0
P3738,2.575,28.85714285714286,1266.666666666667,32.5,61600.0
P3739,2.575,28.85714285714286,1266.666666666667,33.33333333333334,62000.0
P3740,2.575,28.85714285714286,1266.666666666667,34.16666666666666,63500.0
P3741,2.575,28.85714285714286,1266.666666666667,35.0,64000.0
P3742,2.575,28.85714285714286,1333.333333333333,30.0,63900.0
P3743,2.575,28.85714285714286,1333.333333333333,30.83333333333333,64400.0
P3744,2.575,28.85714285714286,1333.333333333333,31.66666666666667,64900.0
P3745,2.575,28.85714285714286,1333.333333333333,32.5,65400.0
P3746,2.575,28.85714285714286,1333.333333333333,33.33333333333334,65800.0
P3747,2.575,28.85714285714286,1333.333333333333,34.16666666666666,67300.0
P3748,2.575,28.85714285714286,1333.333333333333,35.0,67800.0
P3749,2.575,28.85714285714286,1400.0,30.0,64100.0
P3750,2.575,28.85714285714286,1400.0,30.83333333333333,64600.0
P3751,2.575,28.85714285714286,1400.0,31.66666666666667,65100.0
P3752,2.575,28.85714285714286,1400.0,32.5,65600.0
P3753,2.575,28.85714285714286,1400.0,33.33333333333334,66000.0
P3754,2.575,28.85714285714286,1400.0,34.16666666666666,67500.0
P3755,2.575,28.85714285714286,1400.0,35.0,68000.0
P3756,2.575,28.85714285714286,1466.666666666667,30.0,67700.0
P3757,2.575,28.85714285714286,1466.666666666667,30.83333333333333,64600.0
P3758,2.575,28.85714285714286,1466.666666666667,31.66666666666667,65100.0
P3759,2.575,28.85714285714286,1466.666666666667,32.5,65600.0
P3760,2.575,28.85714285714286,1466.666666666667,33.33333333333334,66000.0
P3761,2.575,28.85714285714286,1466.666666666667,34.16666666666666,67500.0
P3762,2.575,28.85714285714286,1466.666666666667,35.0,68000.0
P3763,2.575,28.85714285714286,1533.333333333333,30.0,67700.0
P3764,2.575,28.85714285714286,1533.333333333333,30.83333333333333,68200.0
P3765,2.575,28.85714285714286,1533.333333333333,31.66666666666667,68700.0
P3766,2.575,28.85714285714286,1533.333333333333,32.5,69200.0
P3767,2.575,28.85714285714286,1533.333333333333,33.33333333333334,69600.0
P3768,2.575,28.85714285714286,1533.333333333333,34.16666666666666,71100.0
P3769,2.575,28.85714285714286,1533.333333333333,35.0,71600.0
P3770,2.575,28.85714285714286,1600.0,30.0,74100.0
P3771,2.575,28.85714285714286,1600.0,30.83333333333333,74600.0
P3772,2.575,28.85714285714286,1600.0,31.66666666666667,75100.0
P3773,2.575,28.85714285714286,1600.0,32.5,75600.0
P3774,2.575,28.85714285714286,1600.0,33.33333333333334,76000.0
P3775,2.575,28.85714285714286,1600.0,34.16666666666666,77500.0
P3776,2.575,28.85714285714286,1600.0,35.0,78000.0
P3777,2.575,29.42857142857143,1200.0,30.0,60700.0
P3778,2.575,29.42857142857143,1200.0,30.83333333333333,61200.0
P3779,2.575,29.42857142857143,1200.0,31.66666666666667,61700.0
P3780,2.575,29.42857142857143,1200.0,32.5,62200.0
P3781,2.575,29.42857142857143,1200.0,33.33333333333334,62600.0
P3782,2.575,29.42857142857143,1200.0,34.16666666666666,64100.0
P3783,2.575,29.42857142857143,1200.0,35.0,64600.0
P3784,2.575,29.42857142857143,1266.666666666667,30.0,60700.0
P3785,2.575,29.42857142857143,1266.666666666667,30.83333333333333,61200.0
P3786,2.575,29.42857142857143,1266.666666666667,31.66666666666667,61700.0
P3787,2.575,29.42857142857143,1266.666666666667,32.5,65900.0
P3788,2.575,29.42857142857143,1266.666666666667,33.33333333333334,66300.0
P3789,2.575,29.42857142857143,1266.666666666667,34.16666666666666,67800.0
P3790,2.575,29.42857142857143,1266.666666666667,35.0,68300.0
P3791,2.575,29.42857142857143,1333.333333333333,30.0,64600.0
P3792,2.575,29.42857142857143,1333.333333333333,30.83333333333333,65100.0
P3793,2.575,29.42857142857143,1333.333333333333,31.66666666666667,65600.0
P3794,2.575,29.42857142857143,1333.333333333333,32.5,66100.0
P3795,2.575,29.42857142857143,1333.333333333333,33.33333333333334,66500.0
P3796,2.575,29.42857142857143,1333.333333333333,34.16666666666666,68000.0
P3797,2.575,29.42857142857143,1333.333333333333,35.0,68500.0
P3798,2.575,29.42857142857143,1400.0,30.0,64800.0
P3799,2.575,29.42857142857143,1400.0,30.83333333333333,65300.0
P3800,2.575,29.42857142857143,1400.0,31.66666666666667,65800.0
P3801,2.575,29.42857142857143,1400.0,32.5,66300.0
P3802,2.575,29.42857142857143,1400.0,33.33333333333334,66700.0
P3803,2.575,29.42857142857143,1400.0,34.16666666666666,68200.0
P3804,2.575,29.42857142857143,1400.0,35.0,68700.0
P3805,2.575,29.42857142857143,1466.666666666667,30.0,64800.0
P3806,2.575,29.42857142857143,1466.666666666667,30.83333333333333,65300.0
P3807,2.575,29.42857142857143,1466.666666666667,31.66666666666667,65800.0
P3808,2.575,29.42857142857143,1466.666666666667,32.5,66300.0
P3809,2.575,29.42857142857143,1466.666666666667,33.33333333333334,66700.0
P3810,2.575,29.42857142857143,1466.666666666667,34.16666666666666,71900.0
P3811,2.575,29.42857142857143,1466.666666666667,35.0,72400.0
P3812,2.575,29.42857142857143,1533.333333333333,30.0,68500.0
P3813,2.575,29.42857142857143,1533.333333333333,30.83333333333333,69000.0
P3814,2.575,29.42857142857143,1533.333333333333,31.66666666666667,69500.0
P3815,2.575,29.42857142857143,1533.333333333333,32.5,70000.0
P3816,2.575,29.42857142857143,1533.333333333333,33.33333333333334,70400.0
P3817,2.575,29.42857142857143,1533.333333333333,34.16666666666666,71900.0
P3818,2.575,29.42857142857143,1533.333333333333,35.0,72400.0
P3819,2.575,29.42857142857143,1600.0,30.0,68500.0
P3820,2.575,29.42857142857143,1600.0,30.83333333333333,69000.0
P3821,2.575,29.42857142857143,1600.0,31.66666666666667,69500.0
P3822,2.575,29.42857142857143,1600.0,32.5,70000.0
P3823,2.575,29.42857142857143,1600.0,33.33333333333334,70400.0
P3824,2.575,29.42857142857143,1600.0,34.16666666666666,71900.0
P3825,2.575,29.42857142857143,1600.0,35.0,72400.0
P3826,2.575,30.0,1200.0,30.0,61400.0
P3827,2.575,30.0,1200.0,30.83333333333333,61900.0
P3828,2.575,30.0,1200.0,31.66666666666667,62400.0
P3829,2.575,30.0,1200.0,32.5,62900.0
P3830,2.575,30.0,1200.0,33.33333333333334,63300.0
P3831,2.575,30.0,1200.0,34.16666666666666,64800.0
P3832,2.575,30.0,1200.0,35.0,65300.0
P3833,2.575,30.0,1266.666666666667,30.0,65100.0
P3834,2.575,30.0,1266.666666666667,30.83333333333333,65600.0
P3835,2.575,30.0,1266.666666666667,31.66666666666667,66100.0
P3836,2.575,30.0,1266.666666666667,32.5,66600.0
P3837,2.575,30.0,1266.666666666667,33.33333333333334,67000.0
P3838,2.575,30.0,1266.666666666667,34.16666666666666,68500.0
P3839,2.575,30.0,1266.666666666667,35.0,65300.0
P3840,2.575,30.0,1333.333333333333,30.0,65300.0
P3841,2.575,30.0,1333.333333333333,30.83333333333333,65800.0
P3842,2.575,30.0,1333.333333333333,31.66666666666667,66300.0
P3843,2.575,30.0,1333.333333333333,32.5,66800.0
P3844,2.575,30.0,1333.333333333333,33.33333333333334,67200.0
P3845,2.575,30.0,1333.333333333333,34.16666666666666,68700.0
P3846,2.575,30.0,1333.333333333333,35.0,69200.0
P3847,2.575,30.0,1400.0,30.0,65500.0
P3848,2.575,30.0,1400.0,30.83333333333333,66000.0
P3849,2.575,30.0,1400.0,31.66666666666667,66500.0
P3850,2.575,30.0,1400.0,32.5,67000.0
P3851,2.575,30.0,1400.0,33.33333333333334,67400.0
P3852,2.575,30.0,1400.0,34.16666666666666,68900.0
P3853,2.575,30.0,1400.0,35.0,69400.0
P3854,2.575,30.0,1466.666666666667,30.0,65500.0
P3855,2.575,30.0,1466.666666666667,30.83333333333333,69800.0
P3856,2.575,30.0,1466.666666666667,31.66666666666667,70300.0
P3857,2.575,30.0,1466.666666666667,32.5,67000.0
P3858,2.575,30.0,1466.666666666667,33.33333333333334,67400.0
P3859,2.575,30.0,1466.666666666667,34.16666666666666,68900.0
P3860,2.575,30.0,1466.666666666667,35.0,69400.0
P3861,2.575,30.0,1533.333333333333,30.0,69300.0
P3862,2.575,30.0,1533.333333333333,30.83333333333333,69800.0
P3863,2.575,30.0,1533.333333333333,31.66666666666667,70300.0
P3864,2.575,30.0,1533.333333333333,32.5,70800.0
P3865,2.575,30.0,1533.333333333333,33.33333333333334,71200.0
P3866,2.575,30.0,1533.333333333333,34.16666666666666,72700.0
P3867,2.575,30.0,1533.333333333333,35.0,73200.0
P3868,2.575,30.0,1600.0,30.0,69300.0
P3869,2.575,30.0,1600.0,30.83333333333333,69800.0
P3870,2.575,30.0,1600.0,31.66666666666667,70300.0
P3871,2.575,30.0,1600.0,32.5,70800.0
P3872,2.575,30.0,1600.0,33.33333333333334,71200.0
P3873,2.575,30.0,1600.0,34.16666666666666,72700.0
P3874,2.575,30.0,1600.0,35.0,73200.0
P3875,2.65,26.0,1200.0,30.0,58100.0
P3876,2.65,26.0,1200.0,30.83333333333333,58600.0
P3877,2.65,26.0,1200.0,31.66666666666667,59100.0
P3878,2.65,26.0,1200.0,32.5,59600.0
P3879,2.65,26.0,1200.0,33.33333333333334,60100.0
P3880,2.65,26.0,1200.0,34.16666666666666,61600.0
P3881,2.65,26.0,1200.0,35.0,62100.0
P3882,2.65,26.0,1266.666666666667,30.0,61700.0
P3883,2.65,26.0,1266.666666666667,30.83333333333333,62200.0
P3884,2.65,26.0,1266.666666666667,31.66666666666667,62700.0
P3885,2.65,26.0,1266.666666666667,32.5,63200.0
P3886,2.65,26.0,1266.666666666667,33.33333333333334,63700.0
P3887,2.65,26.0,1266.666666666667,34.16666666666666,65200.0
P3888,2.65,26.0,1266.666666666667,35.0,65700.0
P3889,2.65,26.0,1333.333333333333,30.0,61700.0
P3890,2.65,26.0,1333.333333333333,30.83333333333333,62200.0
P3891,2.65,26.0,1333.333333333333,31.66666666666667,62700.0
P3892,2.65,26.0,1333.333333333333,32.5,63200.0
P3893,2.65,26.0,1333.333333333333,33.33333333333334,63700.0
P3894,2.65,26.0,1333.333333333333,34.16666666666666,65200.0
P3895,2.65,26.0,1333.333333333333,35.0,65700.0
P3896,2.65,26.0,1400.0,30.0,61900.0
P3897,2.65,26.0,1400.0,30.83333333333333,62400.0
P3898,2.65,26.0,1400.0,31.66666666666667,62900.0
P3899,2.65,26.0,1400.0,32.5,63400.0
P3900,2.65,26.0,1400.0,33.33333333333334,63900.0
P3901,2.65,26.0,1400.0,34.16666666666666,65400.0
P3902,2.65,26.0,1400.0,35.0,65900.0
P3903,2.65,26.0,1466.666666666667,30.0,65200.0
P3904,2.65,26.0,1466.666666666667,30.83333333333333,65700.0
P3905,2.65,26.0,1466.666666666667,31.66666666666667,66200.0
P3906,2.65,26.0,1466.666666666667,32.5,66700.0
P3907,2.65,26.0,1466.666666666667,33.33333333333334,67200.0
P3908,2.65,26.0,1466.666666666667,34.16666666666666,68700.0
P3909,2.65,26.0,1466.666666666667,35.0,69200.0
P3910,2.65,26.0,1533.333333333333,30.0,65200.0
P3911,2.65,26.0,1533.333333333333,30.83333333333333,65700.0
P3912,2.65,26.0,1533.333333333333,31.66666666666667,66200.0
P3913,2.65,26.0,1533.333333333333,32.5,66700.0
P3914,2.65,26.0,1533.333333333333,33.33333333333334,67200.0
P3915,2.65,26.0,1533.333333333333,34.16666666666666,68700.0
P3916,2.65,26.0,1533.333333333333,35.0,69200.0
P3917,2.65,26.0,1600.0,30.0,71300.0
P3918,2.65,26.0,1600.0,30.83333333333333,71800.0
P3919,2.65,26.0,1600.0,31.66666666666667,72300.0
P3920,2.65,26.0,1600.0,32.5,72800.0
P3921,2.65,26.0,1600.0,33.33333333333334,73300.0
P3922,2.65,26.0,1600.0,34.16666666666666,74800.0
P3923,2.65,26.0,1600.0,35.0,75300.0
P3924,2.65,26.57142857142857,1200.0,30.0,58800.0
P3925,2.65,26.57142857142857,1200.0,30.83333333333333,59300.0
P3926,2.65,26.57142857142857,1200.0,31.66666666666667,59800.0
P3927,2.65,26.57142857142857,1200.0,32.5,60300.0
P3928,2.65,26.57142857142857,1200.0,33.33333333333334,60800.0
P3929,2.65,26.57142857142857,1200.0,34.16666666666666,62300.0
P3930,2.65,26.57142857142857,1200.0,35.0,62800.0
P3931,2.65,26.57142857142857,1266.666666666667,30.0,62400.0
P3932,2.65,26.57142857142857,1266.666666666667,30.83333333333333,62900.0
P3933,2.65,26.57142857142857,1266.666666666667,31.66666666666667,63400.0
P3934,2.65,26.57142857142857,1266.666666666667,32.5,63900.0
P3935,2.65,26.57142857142857,1266.666666666667,33.33333333333334,64400.0
P3936,2.65,26.57142857142857,1266.666666666667,34.16666666666666,65900.0
P3937,2.65,26.57142857142857,1266.666666666667,35.0,66400.0
P3938,2.65,26.57142857142857,1333.333333333333,30.0,62400.0
P3939,2.65,26.57142857142857,1333.333333333333,30.83333333333333,62900.0
P3940,2.65,26.57142857142857,1333.333333333333,31.66666666666667,63400.0
P3941,2.65,26.57142857142857,1333.333333333333,32.5,63900.0
P3942,2.65,26.57142857142857,1333.333333333333,33.33333333333334,64400.0
P3943,2.65,26.57142857142857,1333.333333333333,34.16666666666666,65900.0
P3944,2.65,26.57142857142857,1333.333333333333,35.0,66400.0
P3945,2.65,26.57142857142857,1400.0,30.0,62600.0
P3946,2.65,26.57142857142857,1400.0,30.83333333333333,63100.0
P3947,2.65,26.57142857142857,1400.0,31.66666666666667,63600.0
P3948,2.65,26.57142857142857,1400.0,32.5,64100.0
P3949,2.65,26.57142857142857,1400.0,33.33333333333334,68700.0
P3950,2.65,26.57142857142857,1400.0,34.16666666666666,70200.0
P3951,2.65,26.57142857142857,1400.0,35.0,70700.0
P3952,2.65,26.57142857142857,1466.666666666667,30.0,66000.0
P3953,2.65,26.57142857142857,1466.666666666667,30.83333333333333,66500.0
P3954,2.65,26.57142857142857,1466.666666666667,31.66666666666667,67000.0
P3955,2.65,26.57142857142857,1466.666666666667,32.5,67500.0
P3956,2.65,26.57142857142857,1466.666666666667,33.33333333333334,68000.0
P3957,2.65,26.57142857142857,1466.666666666667,34.16666666666666,69500.0
P3958,2.65,26.57142857142857,1466.666666666667,35.0,70000.0
P3959,2.65,26.57142857142857,1533.333333333333,30.0,66000.0
P3960,2.65,26.57142857142857,1533.333333333333,30.83333333333333,66500.0
P3961,2.65,26.57142857142857,1533.333333333333,31.66666666666667,67000.0
P3962,2.65,26.57142857142857,1533.333333333333,32.5,67500.0
P3963,2.65,26.57142857142857,1533.333333333333,33.33333333333334,68000.0
P3964,2.65,26.57142857142857,1533.333333333333,34.16666666666666,69500.0
P3965,2.65,26.57142857142857,1533.333333333333,35.0,70000.0
P3966,2.65,26.57142857142857,1600.0,30.0,72200.0
P3967,2.65,26.57142857142857,1600.0,30.83333333333333,72700.0
P3968,2.65,26.57142857142857,1600.0,31.66666666666667,73200.0
P3969,2.65,26.57142857142857,1600.0,32.5,73700.0
P3970,2.65,26.57142857142857,1600.0,33.33333333333334,74200.0
P3971,2.65,26.57142857142857,1600.0,34.16666666666666,75700.0
P3972,2.65,26.57142857142857,1600.0,35.0,76200.0
P3973,2.65,27.14285714285714,1200.0,30.0,59400.0
P3974,2.65,27.14285714285714,1200.0,30.83333333333333,59900.0
P3975,2.65,27.14285714285714,1200.0,31.66666666666667,60400.0
P3976,2.65,27.14285714285714,1200.0,32.5,60900.0
P3977,2.65,27.14285714285714,1200.0,33.33333333333334,61400.0
P3978,2.65,27.14285714285714,1200.0,34.16666666666666,62900.0
P3979,2.65,27.14285714285714,1200.0,35.0,63400.0
P3980,2.65,27.14285714285714,1266.666666666667,30.0,63100.0
P3981,2.65,27.14285714285714,1266.666666666667,30.83333333333333,63600.0
P3982,2.65,27.14285714285714,1266.666666666667,31.66666666666667,64100.0
P3983,2.65,27.14285714285714,1266.666666666667,32.5,64600.0
P3984,2.65,27.14285714285714,1266.666666666667,33.33333333333334,65100.0
P3985,2.65,27.14285714285714,1266.666666666667,34.16666666666666,66600.0
P3986,2.65,27.14285714285714,1266.666666666667,35.0,67100.0
P3987,2.65,27.14285714285714,1333.333333333333,30.0,63100.0
P3988,2.65,27.14285714285714,1333.333333333333,30.83333333333333,63600.0
P3989,2.65,27.14285714285714,1333.333333333333,31.66666666666667,64100.0
P3990,2.65,27.14285714285714,1333.333333333333,32.5,64600.0
P3991,2.65,27.14285714285714,1333.333333333333,33.33333333333334,65100.0
P3992,2.65,27.14285714285714,1333.333333333333,34.16666666666666,66600.0
P3993,2.65,27.14285714285714,1333.333333333333,35.0,67100.0
P3994,2.65,27.14285714285714,1400.0,30.0,67500.0
P3995,2.65,27.14285714285714,1400.0,30.83333333333333,68000.0
P3996,2.65,27.14285714285714,1400.0,31.66666666666667,64300.0
P3997,2.65,27.14285714285714,1400.0,32.5,64800.0
P3998,2.65,27.14285714285714,1400.0,33.33333333333334,65300.0
P3999,2.65,27.14285714285714,1400.0,34.16666666666666,66800.0
P4000,2.65,27.14285714285714,1400.0,35.0,67300.0
P4001,2.65,27.14285714285714,1466.666666666667,30.0,66800.0
P4002,2.65,27.14285714285714,1466.666666666667,30.83333333333333,67300.0
P4003,2.65,27.14285714285714,1466.666666666667,31.66666666666667,67800.0
P4004,2.65,27.14285714285714,1466.666666666667,32.5,68300.0
P4005,2.65,27.14285714285714,1466.666666666667,33.33333333333334,68800.0
P4006,2.65,27.14285714285714,1466.666666666667,34.16666666666666,70300.0
P4007,2.65,27.14285714285714,1466.666666666667,35.0,70800.0
P4008,2.65,27.14285714285714,1533.333333333333,30.0,66800.0
P4009,2.65,27.14285714285714,1533.333333333333,30.83333333333333,67300.0
P4010,2.65,27.14285714285714,1533.333333333333,31.66666666666667,67800.0
P4011,2.65,27.14285714285714,1533.333333333333,32.5,68300.0
P4012,2.65,27.14285714285714,1533.333333333333,33.33333333333334,68800.0
P4013,2.65,27.14285714285714,1533.333333333333,34.16666666666666,70300.0
P4014,2.65,27.14285714285714,1533.333333333333,35.0,70800.0
P4015,2.65,27.14285714285714,1600.0,30.0,73200.0
P4016,2.65,27.14285714285714,1600.0,30.83333333333333,73700.0
P4017,2.65,27.14285714285714,1600.0,31.66666666666667,74200.0
P4018,2.65,27.14285714285714,1600.0,32.5,74700.0
P4019,2.65,27.14285714285714,1600.0,33.33333333333334,75200.0
P4020,2.65,27.14285714285714,1600.0,34.16666666666666,70300.0
P4021,2.65,27.14285714285714,1600.0,35.0,70800.0
P4022,2.65,27.71428571428572,1200.0,30.0,60100.0
P4023,2.65,27.71428571428572,1200.0,30.83333333333333,60600.0
P4024,2.65,27.71428571428572,1200.0,31.66666666666667,61100.0
P4025,2.65,27.71428571428572,1200.0,32.5,61600.0
P4026,2.65,27.71428571428572,1200.0,33.33333333333334,62100.0
P4027,2.65,27.71428571428572,1200.0,34.16666666666666,63600.0
P4028,2.65,27.71428571428572,1200.0,35.0,64100.0
P4029,2.65,27.71428571428572,1266.666666666667,30.0,63900.0
P4030,2.65,27.71428571428572,1266.666666666667,30.83333333333333,64400.0
P4031,2.65,27.71428571428572,1266.666666666667,31.66666666666667,64900.0
P4032,2.65,27.71428571428572,1266.666666666667,32.5,65400.0
P4033,2.65,27.71428571428572,1266.666666666667,33.33333333333334,65900.0
P4034,2.65,27.71428571428572,1266.666666666667,34.16666666666666,67400.0
P4035,2.65,27.71428571428572,1266.666666666667,35.0,67900.0
P4036,2.65,27.71428571428572,1333.333333333333,30.0,63900.0
P4037,2.65,27.71428571428572,1333.333333333333,30.83333333333333,64400.0
P4038,2.65,27.71428571428572,1333.333333333333,31.66666666666667,64900.0
P4039,2.65,27.71428571428572,1333.333333333333,32.5,65400.0
P4040,2.65,27.71428571428572,1333.333333333333,33.33333333333334,65900.0
P4041,2.65,27.71428571428572,1333.333333333333,34.16666666666666,67400.0
P4042,2.65,27.71428571428572,1333.333333333333,35.0,67900.0
P4043,2.65,27.71428571428572,1400.0,30.0,64100.0
P4044,2.65,27.71428571428572,1400.0,30.83333333333333,64600.0
P4045,2.65,27.71428571428572,1400.0,31.66666666666667,65100.0
P4046,2.65,27.71428571428572,1400.0,32.5,65600.0
P4047,2.65,27.71428571428572,1400.0,33.33333333333334,66100.0
P4048,2.65,27.71428571428572,1400.0,34.16666666666666,67600.0
P4049,2.65,27.71428571428572,1400.0,35.0,68100.0
P4050,2.65,27.71428571428572,1466.666666666667,30.0,67700.0
P4051,2.65,27.71428571428572,1466.666666666667,30.83333333333333,68200.0
P4052,2.65,27.71428571428572,1466.666666666667,31.66666666666667,68700.0
P4053,2.65,27.71428571428572,1466.666666666667,32.5,69200.0
P4054,2.65,27.71428571428572,1466.666666666667,33.33333333333334,69700.0
P4055,2.65,27.71428571428572,1466.666666666667,34.16666666666666,71200.0
P4056,2.65,27.71428571428572,1466.666666666667,35.0,71700.0
P4057,2.65,27.71428571428572,1533.333333333333,30.0,67700.0
P4058,2.65,27.71428571428572,1533.333333333333,30.83333333333333,68200.0
P4059,2.65,27.71428571428572,1533.333333333333,31.66666666666667,68700.0
P4060,2.65,27.71428571428572,1533.333333333333,32.5,69200.0
P4061,2.65,27.71428571428572,1533.333333333333,33.33333333333334,69700.0
P4062,2.65,27.71428571428572,1533.333333333333,34.16666666666666,71200.0
P4063,2.65,27.71428571428572,1533.333333333333,35.0,71700.0
P4064,2.65,27.71428571428572,1600.0,30.0,67700.0
P4065,2.65,27.71428571428572,1600.0,30.83333333333333,68200.0
P4066,2.65,27.71428571428572,1600.0,31.66666666666667,68700.0
P4067,2.65,27.71428571428572,1600.0,32.5,69200.0
P4068,2.65,27.71428571428572,1600.0,33.33333333333334,76900.0
P4069,2.65,27.71428571428572,1600.0,34.16666666666666,78400.0
P4070,2.65,27.71428571428572,1600.0,35.0,78900.0
P4071,2.65,28.28571428571428,1200.0,30.0,60800.0
P4072,2.65,28.28571428571428,1200.0,30.83333333333333,61300.0
P4073,2.65,28.28571428571428,1200.0,31.66666666666667,61800.0
P4074,2.65,28.28571428571428,1200.0,32.5,62300.0
P4075,2.65,28.28571428571428,1200.0,33.33333333333334,62800.0
P4076,2.65,28.28571428571428,1200.0,34.16666666666666,64300.0
P4077,2.65,28.28571428571428,1200.0,35.0,64800.0
P4078,2.65,28.28571428571428,1266.666666666667,30.0,65400.0
P4079,2.65,28.28571428571428,1266.666666666667,30.83333333333333,65900.0
P4080,2.65,28.28571428571428,1266.666666666667,31.66666666666667,66400.0
P4081,2.65,28.28571428571428,1266.666666666667,32.5,66900.0
P4082,2.65,28.28571428571428,1266.666666666667,33.33333333333334,67400.0
P4083,2.65,28.28571428571428,1266.666666666667,34.16666666666666,68900.0
P4084,2.65,28.28571428571428,1266.666666666667,35.0,69400.0
P4085,2.65,28.28571428571428,1333.333333333333,30.0,65400.0
P4086,2.65,28.28571428571428,1333.333333333333,30.83333333333333,65900.0
P4087,2.65,28.28571428571428,1333.333333333333,31.66666666666667,66400.0
P4088,2.65,28.28571428571428,1333.333333333333,32.5,66900.0
P4089,2.65,28.28571428571428,1333.333333333333,33.33333333333334,67400.0
P4090,2.65,28.28571428571428,1333.333333333333,34.16666666666666,68900.0
P4091,2.65,28.28571428571428,1333.333333333333,35.0,69400.0
P4092,2.65,28.28571428571428,1400.0,30.0,65600.0
P4093,2.65,28.28571428571428,1400.0,30.83333333333333,66100.0
P4094,2.65,28.28571428571428,1400.0,31.66666666666667,66600.0
P4095,2.65,28.28571428571428,1400.0,32.5,67100.0
P4096,2.65,28.28571428571428,1400.0,33.33333333333334,67600.0
P4097,2.65,28.28571428571428,1400.0,34.16666666666666,69100.0
P4098,2.65,28.28571428571428,1400.0,35.0,69600.0
P4099,2.65,28.28571428571428,1466.666666666667,30.0,69300.0
P4100,2.65,28.28571428571428,1466.666666666667,30.83333333333333,69800.0
P4101,2.65,28.28571428571428,1466.666666666667,31.66666666666667,70300.0
P4102,2.65,28.28571428571428,1466.666666666667,32.5,70800.0
P4103,2.65,28.28571428571428,1466.666666666667,33.33333333333334,71300.0
P4104,2.65,28.28571428571428,1466.666666666667,34.16666666666666,72800.0
P4105,2.65,28.28571428571428,1466.666666666667,35.0,73300.0
P4106,2.65,28.28571428571428,1533.333333333333,30.0,69300.0
P4107,2.65,28.28571428571428,1533.333333333333,30.83333333333333,69800.0
P4108,2.65,28.28571428571428,1533.333333333333,31.66666666666667,70300.0
P4109,2.65,28.28571428571428,1533.333333333333,32.5,70800.0
P4110,2.65,28.28571428571428,1533.333333333333,33.33333333333334,71300.0
P4111,2.65,28.28571428571428,1533.333333333333,34.16666666666666,72800.0
P4112,2.65,28.28571428571428,1533.333333333333,35.0,73300.0
P4113,2.65,28.28571428571428,1600.0,30.0,75800.0
P4114,2.65,28.28571428571428,1600.0,30.83333333333333,76300.0
P4115,2.65,28.28571428571428,1600.0,31.66666666666667,76800.0
P4116,2.65,28.28571428571428,1600.0,32.5,77300.0
P4117,2.65,28.28571428571428,1600.0,33.33333333333334,77800.0
P4118,2.65,28.28571428571428,1600.0,34.16666666666666,79300.0
P4119,2.65,28.28571428571428,1600.0,35.0,79800.0
P4120,2.65,28.85714285714286,1200.0,30.0,62300.0
P4121,2.65,28.85714285714286,1200.0,30.83333333333333,62800.0
P4122,2.65,28.85714285714286,1200.0,31.66666666666667,63300.0
P4123,2.65,28.85714285714286,1200.0,32.5,63800.0
P4124,2.65,28.85714285714286,1200.0,33.33333333333334,64300.0
P4125,2.65,28.85714285714286,1200.0,34.16666666666666,65800.0
P4126,2.65,28.85714285714286,1200.0,35.0,66300.0
P4127,2.65,28.85714285714286,1266.666666666667,30.0,66300.0
P4128,2.65,28.85714285714286,1266.666666666667,30.83333333333333,66800.0
P4129,2.65,28.85714285714286,1266.666666666667,31.66666666666667,67300.0
P4130,2.65,28.85714285714286,1266.666666666667,32.5,67800.0
P4131,2.65,28.85714285714286,1266.666666666667,33.33333333333334,68300.0
P4132,2.65,28.85714285714286,1266.666666666667,34.16666666666666,69800.0
P4133,2.65,28.85714285714286,1266.666666666667,35.0,70300.0
P4134,2.65,28.85714285714286,1333.333333333333,30.0,66500.0
P4135,2.65,28.85714285714286,1333.333333333333,30.83333333333333,67000.0
P4136,2.65,28.85714285714286,1333.333333333333,31.66666666666667,67500.0
P4137,2.65,28.85714285714286,1333.333333333333,32.5,68000.0
P4138,2.65,28.85714285714286,1333.333333333333,33.33333333333334,68500.0
P4139,2.65,28.85714285714286,1333.333333333333,34.16666666666666,70000.0
P4140,2.65,28.85714285714286,1333.333333333333,35.0,70500.0
P4141,2.65,28.85714285714286,1400.0,30.0,66500.0
P4142,2.65,28.85714285714286,1400.0,30.83333333333333,67000.0
P4143,2.65,28.85714285714286,1400.0,31.66666666666667,67500.0
P4144,2.65,28.85714285714286,1400.0,32.5,68000.0
P4145,2.65,28.85714285714286,1400.0,33.33333333333334,72900.0
P4146,2.65,28.85714285714286,1400.0,34.16666666666666,74400.0
P4147,2.65,28.85714285714286,1400.0,35.0,74900.0
P4148,2.65,28.85714285714286,1466.666666666667,30.0,70200.0
P4149,2.65,28.85714285714286,1466.666666666667,30.83333333333333,70700.0
P4150,2.65,28.85714285714286,1466.666666666667,31.66666666666667,71200.0
P4151,2.65,28.85714285714286,1466.666666666667,32.5,71700.0
P4152,2.65,28.85714285714286,1466.666666666667,33.33333333333334,72200.0
P4153,2.65,28.85714285714286,1466.666666666667,34.16666666666666,73700.0
P4154,2.65,28.85714285714286,1466.666666666667,35.0,74200.0
P4155,2.65,28.85714285714286,1533.333333333333,30.0,70200.0
P4156,2.65,28.85714285714286,1533.333333333333,30.83333333333333,70700.0
P4157,2.65,28.85714285714286,1533.333333333333,31.66666666666667,71200.0
P4158,2.65,28.85714285714286,1533.333333333333,32.5,71700.0
P4159,2.65,28.85714285714286,1533.333333333333,33.33333333333334,72200.0
P4160,2.65,28.85714285714286,1533.333333333333,34.16666666666666,73700.0
P4161,2.65,28.85714285714286,1533.333333333333,35.0,74200.0
P4162,2.65,28.85714285714286,1600.0,30.0,76800.0
P4163,2.65,28.85714285714286,1600.0,30.83333333333333,77300.0
P4164,2.65,28.85714285714286,1600.0,31.66666666666667,77800.0
P4165,2.65,28.85714285714286,1600.0,32.5,78300.0
P4166,2.65,28.85714285714286,1600.0,33.33333333333334,78800.0
P4167,2.65,28.85714285714286,1600.0,34.16666666666666,80300.0
P4168,2.65,28.85714285714286,1600.0,35.0,80800.0
P4169,2.65,29.42857142857143,1200.0,30.0,63000.0
P4170,2.65,29.42857142857143,1200.0,30.83333333333333,63500.0
P4171,2.65,29.42857142857143,1200.0,31.66666666666667,64000.0
P4172,2.65,29.42857142857143,1200.0,32.5,64500.0
P4173,2.65,29.42857142857143,1200.0,33.33333333333334,65000.0
P4174,2.65,29.42857142857143,1200.0,34.16666666666666,66500.0
P4175,2.65,29.42857142857143,1200.0,35.0,67000.0
P4176,2.65,29.42857142857143,1266.666666666667,30.0,67000.0
P4177,2.65,29.42857142857143,1266.666666666667,30.83333333333333,67500.0
P4178,2.65,29.42857142857143,1266.666666666667,31.66666666666667,68000.0
P4179,2.65,29.42857142857143,1266.666666666667,32.5,68500.0
P4180,2.65,29.42857142857143,1266.666666666667,33.33333333333334,69000.0
P4181,2.65,29.42857142857143,1266.666666666667,34.16666666666666,70500.0
P4182,2.65,29.42857142857143,1266.666666666667,35.0,71000.0
P4183,2.65,29.42857142857143,1333.333333333333,30.0,67200.0
P4184,2.65,29.42857142857143,1333.333333333333,30.83333333333333,67700.0
P4185,2.65,29.42857142857143,1333.333333333333,31.66666666666667,68200.0
P4186,2.65,29.42857142857143,1333.333333333333,32.5,68700.0
P4187,2.65,29.42857142857143,1333.333333333333,33.33333333333334,69200.0
P4188,2.65,29.42857142857143,1333.333333333333,34.16666666666666,70700.0
P4189,2.65,29.42857142857143,1333.333333333333,35.0,71200.0
P4190,2.65,29.42857142857143,1400.0,30.0,71000.0
P4191,2.65,29.42857142857143,1400.0,30.83333333333333,71500.0
P4192,2.65,29.42857142857143,1400.0,31.66666666666667,72000.0
P4193,2.65,29.42857142857143,1400.0,32.5,68700.0
P4194,2.65,29.42857142857143,1400.0,33.33333333333334,69200.0
P4195,2.65,29.42857142857143,1400.0,34.16666666666666,70700.0
P4196,2.65,29.42857142857143,1400.0,35.0,71200.0
P4197,2.65,29.42857142857143,1466.666666666667,30.0,71000.0
P4198,2.65,29.42857142857143,1466.666666666667,30.83333333333333,71500.0
P4199,2.65,29.42857142857143,1466.666666666667,31.66666666666667,72000.0
P4200,2.65,29.42857142857143,1466.666666666667,32.5,72500.0
P4201,2.65,29.42857142857143,1466.666666666667,33.33333333333334,73000.0
P4202,2.65,29.42857142857143,1466.666666666667,34.16666666666666,74500.0
P4203,2.65,29.42857142857143,1466.666666666667,35.0,75000.0
P4204,2.65,29.42857142857143,1533.333333333333,30.0,71000.0
P4205,2.65,29.42857142857143,1533.333333333333,30.83333333333333,71500.0
P4206,2.65,29.42857142857143,1533.333333333333,31.66666666666667,72000.0
P4207,2.65,29.42857142857143,1533.333333333333,32.5,72500.0
P4208,2.65,29.42857142857143,1533.333333333333,33.33333333333334,73000.0
P4209,2.65,29.42857142857143,1533.333333333333,34.16666666666666,74500.0
P4210,2.65,29.42857142857143,1533.333333333333,35.0,75000.0
P4211,2.65,29.42857142857143,1600.0,30.0,77800.0
P4212,2.65,29.42857142857143,1600.0,30.83333333333333,78300.0
P4213,2.65,29.42857142857143,1600.0,31.66666666666667,78800.0
P4214,2.65,29.42857142857143,1600.0,32.5,79300.0
P4215,2.65,29.42857142857143,1600.0,33.33333333333334,79800.0
P4216,2.65,29.42857142857143,1600.0,34.16666666666666,81300.0
P4217,2.65,29.42857142857143,1600.0,35.0,81800.0
P4218,2.65,30.0,1200.0,30.0,63700.0
P4219,2.65,30.0,1200.0,30.83333333333333,64200.0
P4220,2.65,30.0,1200.0,31.66666666666667,64700.0
P4221,2.65,30.0,1200.0,32.5,65200.0
P4222,2.65,30.0,1200.0,33.33333333333334,65700.0
P4223,2.65,30.0,1200.0,34.16666666666666,67200.0
P4224,2.65,30.0,1200.0,35.0,67700.0
P4225,2.65,30.0,1266.666666666667,30.0,67800.0
P4226,2.65,30.0,1266.666666666667,30.83333333333333,68300.0
P4227,2.65,30.0,1266.666666666667,31.66666666666667,68800.0
P4228,2.65,30.0,1266.666666666667,32.5,69300.0
P4229,2.65,30.0,1266.666666666667,33.33333333333334,69800.0
P4230,2.65,30.0,1266.666666666667,34.16666666666666,71300.0
P4231,2.65,30.0,1266.666666666667,35.0,71800.0
P4232,2.65,30.0,1333.333333333333,30.0,68000.0
P4233,2.65,30.0,1333.333333333333,30.83333333333333,68500.0
P4234,2.65,30.0,1333.333333333333,31.66666666666667,69000.0
P4235,2.65,30.0,1333.333333333333,32.5,69500.0
P4236,2.65,30.0,1333.333333333333,33.33333333333334,70000.0
P4237,2.65,30.0,1333.333333333333,34.16666666666666,71500.0
P4238,2.65,30.0,1333.333333333333,35.0,72000.0
P4239,2.65,30.0,1400.0,30.0,68000.0
P4240,2.65,30.0,1400.0,30.83333333333333,68500.0
P4241,2.65,30.0,1400.0,31.66666666666667,69000.0
P4242,2.65,30.0,1400.0,32.5,69500.0
P4243,2.65,30.0,1400.0,33.33333333333334,70000.0
P4244,2.65,30.0,1400.0,34.16666666666666,71500.0
P4245,2.65,30.0,1400.0,35.0,72000.0
P4246,2.65,30.0,1466.666666666667,30.0,71800.0
P4247,2.65,30.0,1466.666666666667,30.83333333333333,72300.0
P4248,2.65,30.0,1466.666666666667,31.66666666666667,72800.0
P4249,2.65,30.0,1466.666666666667,32.5,73300.0
P4250,2.65,30.0,1466.666666666667,33.33333333333334,73800.0
P4251,2.65,30.0,1466.666666666667,34.16666666666666,75300.0
P4252,2.65,30.0,1466.666666666667,35.0,75800.0
P4253,2.65,30.0,1533.333333333333,30.0,71800.0
P4254,2.65,30.0,1533.333333333333,30.83333333333333,72300.0
P4255,2.65,30.0,1533.333333333333,31.66666666666667,72800.0
P4256,2.65,30.0,1533.333333333333,32.5,73300.0
P4257,2.65,30.0,1533.333333333333,33.33333333333334,73800.0
P4258,2.65,30.0,1533.333333333333,34.16666666666666,75300.0
P4259,2.65,30.0,1533.333333333333,35.0,75800.0
P4260,2.65,30.0,1600.0,30.0,78700.0
P4261,2.65,30.0,1600.0,30.83333333333333,79200.0
P4262,2.65,30.0,1600.0,31.66666666666667,79700.0
P4263,2.65,30.0,1600.0,32.5,80200.0
P4264,2.65,30.0,1600.0,33.33333333333334,80700.0
P4265,2.65,30.0,1600.0,34.16666666666666,82200.0
P4266,2.65,30.0,1600.0,35.0,82700.0
P4267,2.725,26.0,1200.0,30.0,60300.0
P4268,2.725,26.0,1200.0,30.83333333333333,60800.0
P4269,2.725,26.0,1200.0,31.66666666666667,61300.0
P4270,2.725,26.0,1200.0,32.5,66200.0
P4271,2.725,26.0,1200.0,33.33333333333334,66700.0
P4272,2.725,26.0,1200.0,34.16666666666666,68200.0
P4273,2.725,26.0,1200.0,35.0,68700.0
P4274,2.725,26.0,1266.666666666667,30.0,63900.0
P4275,2.725,26.0,1266.666666666667,30.83333333333333,64400.0
P4276,2.725,26.0,1266.666666666667,31.66666666666667,64900.0
P4277,2.725,26.0,1266.666666666667,32.5,65500.0
P4278,2.725,26.0,1266.666666666667,33.33333333333334,66000.0
P4279,2.725,26.0,1266.666666666667,34.16666666666666,67500.0
P4280,2.725,26.0,1266.666666666667,35.0,68000.0
P4281,2.725,26.0,1333.333333333333,30.0,64200.0
P4282,2.725,26.0,1333.333333333333,30.83333333333333,64700.0
P4283,2.725,26.0,1333.333333333333,31.66666666666667,65200.0
P4284,2.725,26.0,1333.333333333333,32.5,65800.0
P4285,2.725,26.0,1333.333333333333,33.33333333333334,66300.0
P4286,2.725,26.0,1333.333333333333,34.16666666666666,67800.0
P4287,2.725,26.0,1333.333333333333,35.0,68300.0
P4288,2.725,26.0,1400.0,30.0,64200.0
P4289,2.725,26.0,1400.0,30.83333333333333,64700.0
P4290,2.725,26.0,1400.0,31.66666666666667,65200.0
P4291,2.725,26.0,1400.0,32.5,69300.0
P4292,2.725,26.0,1400.0,33.33333333333334,69800.0
P4293,2.725,26.0,1400.0,34.16666666666666,71300.0
P4294,2.725,26.0,1400.0,35.0,71800.0
P4295,2.725,26.0,1466.666666666667,30.0,67700.0
P4296,2.725,26.0,1466.666666666667,30.83333333333333,68200.0
P4297,2.725,26.0,1466.666666666667,31.66666666666667,68700.0
P4298,2.725,26.0,1466.666666666667,32.5,69300.0
P4299,2.725,26.0,1466.666666666667,33.33333333333334,69800.0
P4300,2.725,26.0,1466.666666666667,34.16666666666666,71300.0
P4301,2.725,26.0,1466.666666666667,35.0,71800.0
P4302,2.725,26.0,1533.333333333333,30.0,67700.0
P4303,2.725,26.0,1533.333333333333,30.83333333333333,68200.0
P4304,2.725,26.0,1533.333333333333,31.66666666666667,68700.0
P4305,2.725,26.0,1533.333333333333,32.5,69300.0
P4306,2.725,26.0,1533.333333333333,33.33333333333334,69800.0
P4307,2.725,26.0,1533.333333333333,34.16666666666666,71300.0
P4308,2.725,26.0,1533.333333333333,35.0,71800.0
P4309,2.725,26.0,1600.0,30.0,73900.0
P4310,2.725,26.0,1600.0,30.83333333333333,74400.0
P4311,2.725,26.0,1600.0,31.66666666666667,74900.0
P4312,2.725,26.0,1600.0,32.5,75500.0
P4313,2.725,26.0,1600.0,33.33333333333334,76000.0
P4314,2.725,26.0,1600.0,34.16666666666666,77500.0
P4315,2.725,26.0,1600.0,35.0,78000.0
P4316,2.725,26.57142857142857,1200.0,30.0,65400.0
P4317,2.725,26.57142857142857,1200.0,30.83333333333333,65900.0
P4318,2.725,26.57142857142857,1200.0,31.66666666666667,62000.0
P4319,2.725,26.57142857142857,1200.0,32.5,62600.0
P4320,2.725,26.57142857142857,1200.0,33.33333333333334,63100.0
P4321,2.725,26.57142857142857,1200.0,34.16666666666666,64600.0
P4322,2.725,26.57142857142857,1200.0,35.0,65100.0
P4323,2.725,26.57142857142857,1266.666666666667,30.0,64700.0
P4324,2.725,26.57142857142857,1266.666666666667,30.83333333333333,65200.0
P4325,2.725,26.57142857142857,1266.666666666667,31.66666666666667,65700.0
P4326,2.725,26.57142857142857,1266.666666666667,32.5,66300.0
P4327,2.725,26.57142857142857,1266.666666666667,33.33333333333334,66800.0
P4328,2.725,26.57142857142857,1266.666666666667,34.16666666666666,68300.0
P4329,2.725,26.57142857142857,1266.666666666667,35.0,68800.0
P4330,2.725,26.57142857142857,1333.333333333333,30.0,65000.0
P4331,2.725,26.57142857142857,1333.333333333333,30.83333333333333,65500.0
P4332,2.725,26.57142857142857,1333.333333333333,31.66666666666667,66000.0
P4333,2.725,26.57142857142857,1333.333333333333,32.5,66600.0
P4334,2.725,26.57142857142857,1333.333333333333,33.33333333333334,67100.0
P4335,2.725,26.57142857142857,1333.333333333333,34.16666666666666,68600.0
P4336,2.725,26.57142857142857,1333.333333333333,35.0,69100.0
P4337,2.725,26.57142857142857,1400.0,30.0,68500.0
P4338,2.725,26.57142857142857,1400.0,30.83333333333333,69000.0
P4339,2.725,26.57142857142857,1400.0,31.66666666666667,69500.0
P4340,2.725,26.57142857142857,1400.0,32.5,70100.0
P4341,2.725,26.57142857142857,1400.0,33.33333333333334,70600.0
P4342,2.725,26.57142857142857,1400.0,34.16666666666666,72100.0
P4343,2.725,26.57142857142857,1400.0,35.0,72600.0
P4344,2.725,26.57142857142857,1466.666666666667,30.0,68500.0
P4345,2.725,26.57142857142857,1466.666666666667,30.83333333333333,69000.0
P4346,2.725,26.57142857142857,1466.666666666667,31.66666666666667,69500.0
P4347,2.725,26.57142857142857,1466.666666666667,32.5,70100.0
P4348,2.725,26.57142857142857,1466.666666666667,33.33333333333334,70600.0
P4349,2.725,26.57142857142857,1466.666666666667,34.16666666666666,72100.0
P4350,2.725,26.57142857142857,1466.666666666667,35.0,72600.0
P4351,2.725,26.57142857142857,1533.333333333333,30.0,68500.0
P4352,2.725,26.57142857142857,1533.333333333333,30.83333333333333,69000.0
P4353,2.725,26.57142857142857,1533.333333333333,31.66666666666667,69500.0
P4354,2.725,26.57142857142857,1533.333333333333,32.5,70100.0
P4355,2.725,26.57142857142857,1533.333333333333,33.33333333333334,77000.0
P4356,2.725,26.57142857142857,1533.333333333333,34.16666666666666,78500.0
P4357,2.725,26.57142857142857,1533.333333333333,35.0,79000.0
P4358,2.725,26.57142857142857,1600.0,30.0,74900.0
P4359,2.725,26.57142857142857,1600.0,30.83333333333333,75400.0
P4360,2.725,26.57142857142857,1600.0,31.66666666666667,75900.0
P4361,2.725,26.57142857142857,1600.0,32.5,76500.0
P4362,2.725,26.57142857142857,1600.0,33.33333333333334,77000.0
P4363,2.725,26.57142857142857,1600.0,34.16666666666666,78500.0
P4364,2.725,26.57142857142857,1600.0,35.0,79000.0
P4365,2.725,27.14285714285714,1200.0,30.0,61600.0
P4366,2.725,27.14285714285714,1200.0,30.83333333333333,62100.0
P4367,2.725,27.14285714285714,1200.0,31.66666666666667,62600.0
P4368,2.725,27.14285714285714,1200.0,32.5,63200.0
P4369,2.725,27.14285714285714,1200.0,33.33333333333334,63700.0
P4370,2.725,27.14285714285714,1200.0,34.16666666666666,65200.0
P4371,2.725,27.14285714285714,1200.0,35.0,65700.0
P4372,2.725,27.14285714285714,1266.666666666667,30.0,65400.0
P4373,2.725,27.14285714285714,1266.666666666667,30.83333333333333,65900.0
P4374,2.725,27.14285714285714,1266.666666666667,31.66666666666667,66400.0
P4375,2.725,27.14285714285714,1266.666666666667,32.5,67000.0
P4376,2.725,27.14285714285714,1266.666666666667,33.33333333333334,67500.0
P4377,2.725,27.14285714285714,1266.666666666667,34.16666666666666,69000.0
P4378,2.725,27.14285714285714,1266.666666666667,35.0,69500.0
P4379,2.725,27.14285714285714,1333.333333333333,30.0,65700.0
P4380,2.725,27.14285714285714,1333.333333333333,30.83333333333333,66200.0
P4381,2.725,27.14285714285714,1333.333333333333,31.66666666666667,66700.0
P4382,2.725,27.14285714285714,1333.333333333333,32.5,67300.0
P4383,2.725,27.14285714285714,1333.333333333333,33.33333333333334,67800.0
P4384,2.725,27.14285714285714,1333.333333333333,34.16666666666666,69300.0
P4385,2.725,27.14285714285714,1333.333333333333,35.0,69800.0
P4386,2.725,27.14285714285714,1400.0,30.0,69300.0
P4387,2.725,27.14285714285714,1400.0,30.83333333333333,69800.0
P4388,2.725,27.14285714285714,1400.0,31.66666666666667,70300.0
P4389,2.725,27.14285714285714,1400.0,32.5,70900.0
P4390,2.725,27.14285714285714,1400.0,33.33333333333334,71400.0
P4391,2.725,27.14285714285714,1400.0,34.16666666666666,72900.0
P4392,2.725,27.14285714285714,1400.0,35.0,73400.0
P4393,2.725,27.14285714285714,1466.666666666667,30.0,69300.0
P4394,2.725,27.14285714285714,1466.666666666667,30.83333333333333,69800.0
P4395,2.725,27.14285714285714,1466.666666666667,31.66666666666667,70300.0
P4396,2.725,27.14285714285714,1466.666666666667,32.5,70900.0
P4397,2.725,27.14285714285714,1466.666666666667,33.33333333333334,71400.0
P4398,2.725,27.14285714285714,1466.666666666667,34.16666666666666,72900.0
P4399,2.725,27.14285714285714,1466.666666666667,35.0,73400.0
P4400,2.725,27.14285714285714,1533.333333333333,30.0,75800.0
P4401,2.725,27.14285714285714,1533.333333333333,30.83333333333333,76300.0
P4402,2.725,27.14285714285714,1533.333333333333,31.66666666666667,76800.0
P4403,2.725,27.14285714285714,1533.333333333333,32.5,77400.0
P4404,2.725,27.14285714285714,1533.333333333333,33.33333333333334,77900.0
P4405,2.725,27.14285714285714,1533.333333333333,34.16666666666666,79400.0
P4406,2.725,27.14285714285714,1533.333333333333,35.0,79900.0
P4407,2.725,27.14285714285714,1600.0,30.0,75800.0
P4408,2.725,27.14285714285714,1600.0,30.83333333333333,76300.0
P4409,2.725,27.14285714285714,1600.0,31.66666666666667,76800.0
P4410,2.725,27.14285714285714,1600.0,32.5,77400.0
P4411,2.725,27.14285714285714,1600.0,33.33333333333334,77900.0
P4412,2.725,27.14285714285714,1600.0,34.16666666666666,79400.0
P4413,2.725,27.14285714285714,1600.0,35.0,79900.0
P4414,2.725,27.71428571428572,1200.0,30.0,62300.0
P4415,2.725,27.71428571428572,1200.0,30.83333333333333,62800.0
P4416,2.725,27.71428571428572,1200.0,31.66666666666667,63300.0
P4417,2.725,27.71428571428572,1200.0,32.5,63900.0
P4418,2.725,27.71428571428572,1200.0,33.33333333333334,64400.0
P4419,2.725,27.71428571428572,1200.0,34.16666666666666,69600.0
P4420,2.725,27.71428571428572,1200.0,35.0,70100.0
P4421,2.725,27.71428571428572,1266.666666666667,30.0,66200.0
P4422,2.725,27.71428571428572,1266.666666666667,30.83333333333333,66700.0
P4423,2.725,27.71428571428572,1266.666666666667,31.66666666666667,67200.0
P4424,2.725,27.71428571428572,1266.666666666667,32.5,67800.0
P4425,2.725,27.71428571428572,1266.666666666667,33.33333333333334,68300.0
P4426,2.725,27.71428571428572,1266.666666666667,34.16666666666666,69800.0
P4427,2.725,27.71428571428572,1266.666666666667,35.0,70300.0
P4428,2.725,27.71428571428572,1333.333333333333,30.0,66500.0
P4429,2.725,27.71428571428572,1333.333333333333,30.83333333333333,67000.0
P4430,2.725,27.71428571428572,1333.333333333333,31.66666666666667,67500.0
P4431,2.725,27.71428571428572,1333.333333333333,32.5,68100.0
P4432,2.725,27.71428571428572,1333.333333333333,33.33333333333334,68600.0
P4433,2.725,27.71428571428572,1333.333333333333,34.16666666666666,70100.0
P4434,2.725,27.71428571428572,1333.333333333333,35.0,70600.0
P4435,2.725,27.71428571428572,1400.0,30.0,71000.0
P4436,2.725,27.71428571428572,1400.0,30.83333333333333,71500.0
P4437,2.725,27.71428571428572,1400.0,31.66666666666667,72000.0
P4438,2.725,27.71428571428572,1400.0,32.5,68100.0
P4439,2.725,27.71428571428572,1400.0,33.33333333333334,68600.0
P4440,2.725,27.71428571428572,1400.0,34.16666666666666,70100.0
P4441,2.725,27.71428571428572,1400.0,35.0,70600.0
P4442,2.725,27.71428571428572,1466.666666666667,30.0,71000.0
P4443,2.725,27.71428571428572,1466.666666666667,30.83333333333333,71500.0
P4444,2.725,27.71428571428572,1466.666666666667,31.66666666666667,72000.0
P4445,2.725,27.71428571428572,1466.666666666667,32.5,72600.0
P4446,2.725,27.71428571428572,1466.666666666667,33.33333333333334,73100.0
P4447,2.725,27.71428571428572,1466.666666666667,34.16666666666666,74600.0
P4448,2.725,27.71428571428572,1466.666666666667,35.0,75100.0
P4449,2.725,27.71428571428572,1533.333333333333,30.0,77600.0
P4450,2.725,27.71428571428572,1533.333333333333,30.83333333333333,78100.0
P4451,2.725,27.71428571428572,1533.333333333333,31.66666666666667,78600.0
P4452,2.725,27.71428571428572,1533.333333333333,32.5,79200.0
P4453,2.725,27.71428571428572,1533.333333333333,33.33333333333334,79700.0
P4454,2.725,27.71428571428572,1533.333333333333,34.16666666666666,81200.0
P4455,2.725,27.71428571428572,1533.333333333333,35.0,75100.0
P4456,2.725,27.71428571428572,1600.0,30.0,77600.0
P4457,2.725,27.71428571428572,1600.0,30.83333333333333,78100.0
P4458,2.725,27.71428571428572,1600.0,31.66666666666667,78600.0
P4459,2.725,27.71428571428572,1600.0,32.5,79200.0
P4460,2.725,27.71428571428572,1600.0,33.33333333333334,79700.0
P4461,2.725,27.71428571428572,1600.0,34.16666666666666,81200.0
P4462,2.725,27.71428571428572,1600.0,35.0,81700.0
P4463,2.725,28.28571428571428,1200.0,30.0,63800.0
P4464,2.725,28.28571428571428,1200.0,30.83333333333333,68100.0
P4465,2.725,28.28571428571428,1200.0,31.66666666666667,68600.0
P4466,2.725,28.28571428571428,1200.0,32.5,69200.0
P4467,2.725,28.28571428571428,1200.0,33.33333333333334,69700.0
P4468,2.725,28.28571428571428,1200.0,34.16666666666666,71200.0
P4469,2.725,28.28571428571428,1200.0,35.0,71700.0
P4470,2.725,28.28571428571428,1266.666666666667,30.0,67800.0
P4471,2.725,28.28571428571428,1266.666666666667,30.83333333333333,68300.0
P4472,2.725,28.28571428571428,1266.666666666667,31.66666666666667,68800.0
P4473,2.725,28.28571428571428,1266.666666666667,32.5,69400.0
P4474,2.725,28.28571428571428,1266.666666666667,33.33333333333334,69900.0
P4475,2.725,28.28571428571428,1266.666666666667,34.16666666666666,71400.0
P4476,2.725,28.28571428571428,1266.666666666667,35.0,71900.0
P4477,2.725,28.28571428571428,1333.333333333333,30.0,68100.0
P4478,2.725,28.28571428571428,1333.333333333333,30.83333333333333,68600.0
P4479,2.725,28.28571428571428,1333.333333333333,31.66666666666667,69100.0
P4480,2.725,28.28571428571428,1333.333333333333,32.5,69700.0
P4481,2.725,28.28571428571428,1333.333333333333,33.33333333333334,70200.0
P4482,2.725,28.28571428571428,1333.333333333333,34.16666666666666,71700.0
P4483,2.725,28.28571428571428,1333.333333333333,35.0,72200.0
P4484,2.725,28.28571428571428,1400.0,30.0,68100.0
P4485,2.725,28.28571428571428,1400.0,30.83333333333333,68600.0
P4486,2.725,28.28571428571428,1400.0,31.66666666666667,72800.0
P4487,2.725,28.28571428571428,1400.0,32.5,73400.0
P4488,2.725,28.28571428571428,1400.0,33.33333333333334,73900.0
P4489,2.725,28.28571428571428,1400.0,34.16666666666666,75400.0
P4490,2.725,28.28571428571428,1400.0,35.0,75900.0
P4491,2.725,28.28571428571428,1466.666666666667,30.0,71800.0
P4492,2.725,28.28571428571428,1466.666666666667,30.83333333333333,72300.0
P4493,2.725,28.28571428571428,1466.666666666667,31.66666666666667,72800.0
P4494,2.725,28.28571428571428,1466.666666666667,32.5,73400.0
P4495,2.725,28.28571428571428,1466.666666666667,33.33333333333334,73900.0
P4496,2.725,28.28571428571428,1466.666666666667,34.16666666666666,75400.0
P4497,2.725,28.28571428571428,1466.666666666667,35.0,75900.0
P4498,2.725,28.28571428571428,1533.333333333333,30.0,78500.0
P4499,2.725,28.28571428571428,1533.333333333333,30.83333333333333,72300.0
P4500,2.725,28.28571428571428,1533.333333333333,31.66666666666667,72800.0
P4501,2.725,28.28571428571428,1533.333333333333,32.5,73400.0
P4502,2.725,28.28571428571428,1533.333333333333,33.33333333333334,73900.0
P4503,2.725,28.28571428571428,1533.333333333333,34.16666666666666,75400.0
P4504,2.725,28.28571428571428,1533.333333333333,35.0,75900.0
P4505,2.725,28.28571428571428,1600.0,30.0,78500.0
P4506,2.725,28.28571428571428,1600.0,30.83333333333333,79000.0
P4507,2.725,28.28571428571428,1600.0,31.66666666666667,79500.0
P4508,2.725,28.28571428571428,1600.0,32.5,80100.0
P4509,2.725,28.28571428571428,1600.0,33.33333333333334,80600.0
P4510,2.725,28.28571428571428,1600.0,34.16666666666666,82100.0
P4511,2.725,28.28571428571428,1600.0,35.0,82600.0
P4512,2.725,28.85714285714286,1200.0,30.0,68300.0
P4513,2.725,28.85714285714286,1200.0,30.83333333333333,68800.0
P4514,2.725,28.85714285714286,1200.0,31.66666666666667,69300.0
P4515,2.725,28.85714285714286,1200.0,32.5,69900.0
P4516,2.725,28.85714285714286,1200.0,33.33333333333334,66600.0
P4517,2.725,28.85714285714286,1200.0,34.16666666666666,68100.0
P4518,2.725,28.85714285714286,1200.0,35.0,68600.0
P4519,2.725,28.85714285714286,1266.666666666667,30.0,68500.0
P4520,2.725,28.85714285714286,1266.666666666667,30.83333333333333,69000.0
P4521,2.725,28.85714285714286,1266.666666666667,31.66666666666667,69500.0
P4522,2.725,28.85714285714286,1266.666666666667,32.5,70100.0
P4523,2.725,28.85714285714286,1266.666666666667,33.33333333333334,70600.0
P4524,2.725,28.85714285714286,1266.666666666667,34.16666666666666,72100.0
P4525,2.725,28.85714285714286,1266.666666666667,35.0,72600.0
P4526,2.725,28.85714285714286,1333.333333333333,30.0,68800.0
P4527,2.725,28.85714285714286,1333.333333333333,30.83333333333333,69300.0
P4528,2.725,28.85714285714286,1333.333333333333,31.66666666666667,69800.0
P4529,2.725,28.85714285714286,1333.333333333333,32.5,70400.0
P4530,2.725,28.85714285714286,1333.333333333333,33.33333333333334,70900.0
P4531,2.725,28.85714285714286,1333.333333333333,34.16666666666666,72400.0
P4532,2.725,28.85714285714286,1333.333333333333,35.0,72900.0
P4533,2.725,28.85714285714286,1400.0,30.0,72700.0
P4534,2.725,28.85714285714286,1400.0,30.83333333333333,73200.0
P4535,2.725,28.85714285714286,1400.0,31.66666666666667,73700.0
P4536,2.725,28.85714285714286,1400.0,32.5,74300.0
P4537,2.725,28.85714285714286,1400.0,33.33333333333334,74800.0
P4538,2.725,28.85714285714286,1400.0,34.16666666666666,76300.0
P4539,2.725,28.85714285714286,1400.0,35.0,76800.0
P4540,2.725,28.85714285714286,1466.666666666667,30.0,72700.0
P4541,2.725,28.85714285714286,1466.666666666667,30.83333333333333,73200.0
P4542,2.725,28.85714285714286,1466.666666666667,31.66666666666667,73700.0
P4543,2.725,28.85714285714286,1466.666666666667,32.5,74300.0
P4544,2.725,28.85714285714286,1466.666666666667,33.33333333333334,74800.0
P4545,2.725,28.85714285714286,1466.666666666667,34.16666666666666,76300.0
P4546,2.725,28.85714285714286,1466.666666666667,35.0,76800.0
P4547,2.725,28.85714285714286,1533.333333333333,30.0,72700.0
P4548,2.725,28.85714285714286,1533.333333333333,30.83333333333333,73200.0
P4549,2.725,28.85714285714286,1533.333333333333,31.66666666666667,73700.0
P4550,2.725,28.85714285714286,1533.333333333333,32.5,74300.0
P4551,2.725,28.85714285714286,1533.333333333333,33.33333333333334,74800.0
P4552,2.725,28.85714285714286,1533.333333333333,34.16666666666666,76300.0
P4553,2.725,28.85714285714286,1533.333333333333,35.0,83600.0
P4554,2.725,28.85714285714286,1600.0,30.0,79500.0
P4555,2.725,28.85714285714286,1600.0,30.83333333333333,80000.0
P4556,2.725,28.85714285714286,1600.0,31.66666666666667,80500.0
P4557,2.725,28.85714285714286,1600.0,32.5,81100.0
P4558,2.725,28.85714285714286,1600.0,33.33333333333334,81600.0
P4559,2.725,28.85714285714286,1600.0,34.16666666666666,83100.0
P4560,2.725,28.85714285714286,1600.0,35.0,83600.0
P4561,2.725,29.42857142857143,1200.0,30.0,65200.0
P4562,2.725,29.42857142857143,1200.0,30.83333333333333,65700.0
P4563,2.725,29.42857142857143,1200.0,31.66666666666667,66200.0
P4564,2.725,29.42857142857143,1200.0,32.5,66800.0
P4565,2.725,29.42857142857143,1200.0,33.33333333333334,67300.0
P4566,2.725,29.42857142857143,1200.0,34.16666666666666,68800.0
P4567,2.725,29.42857142857143,1200.0,35.0,69300.0
P4568,2.725,29.42857142857143,1266.666666666667,30.0,69300.0
P4569,2.725,29.42857142857143,1266.666666666667,30.83333333333333,69800.0
P4570,2.725,29.42857142857143,1266.666666666667,31.66666666666667,70300.0
P4571,2.725,29.42857142857143,1266.666666666667,32.5,70900.0
P4572,2.725,29.42857142857143,1266.666666666667,33.33333333333334,71400.0
P4573,2.725,29.42857142857143,1266.666666666667,34.16666666666666,72900.0
P4574,2.725,29.42857142857143,1266.666666666667,35.0,73400.0
P4575,2.725,29.42857142857143,1333.333333333333,30.0,69600.0
P4576,2.725,29.42857142857143,1333.333333333333,30.83333333333333,70100.0
P4577,2.725,29.42857142857143,1333.333333333333,31.66666666666667,70600.0
P4578,2.725,29.42857142857143,1333.333333333333,32.5,71200.0
P4579,2.725,29.42857142857143,1333.333333333333,33.33333333333334,71700.0
P4580,2.725,29.42857142857143,1333.333333333333,34.16666666666666,73200.0
P4581,2.725,29.42857142857143,1333.333333333333,35.0,73700.0
P4582,2.725,29.42857142857143,1400.0,30.0,73500.0
P4583,2.725,29.42857142857143,1400.0,30.83333333333333,74000.0
P4584,2.725,29.42857142857143,1400.0,31.66666666666667,74500.0
P4585,2.725,29.42857142857143,1400.0,32.5,75100.0
P4586,2.725,29.42857142857143,1400.0,33.33333333333334,75600.0
P4587,2.725,29.42857142857143,1400.0,34.16666666666666,77100.0
P4588,2.725,29.42857142857143,1400.0,35.0,77600.0
P4589,2.725,29.42857142857143,1466.666666666667,30.0,73500.0
P4590,2.725,29.42857142857143,1466.666666666667,30.83333333333333,74000.0
P4591,2.725,29.42857142857143,1466.666666666667,31.66666666666667,74500.0
P4592,2.725,29.42857142857143,1466.666666666667,32.5,75100.0
P4593,2.725,29.42857142857143,1466.666666666667,33.33333333333334,75600.0
P4594,2.725,29.42857142857143,1466.666666666667,34.16666666666666,77100.0
P4595,2.725,29.42857142857143,1466.666666666667,35.0,77600.0
P4596,2.725,29.42857142857143,1533.333333333333,30.0,80400.0
P4597,2.725,29.42857142857143,1533.333333333333,30.83333333333333,80900.0
P4598,2.725,29.42857142857143,1533.333333333333,31.66666666666667,81400.0
P4599,2.725,29.42857142857143,1533.333333333333,32.5,82000.0
P4600,2.725,29.42857142857143,1533.333333333333,33.33333333333334,82500.0
P4601,2.725,29.42857142857143,1533.333333333333,34.16666666666666,84000.0
P4602,2.725,29.42857142857143,1533.333333333333,35.0,84500.0
P4603,2.725,29.42857142857143,1600.0,30.0,80400.0
P4604,2.725,29.42857142857143,1600.0,30.83333333333333,80900.0
P4605,2.725,29.42857142857143,1600.0,31.66666666666667,81400.0
P4606,2.725,29.42857142857143,1600.0,32.5,82000.0
P4607,2.725,29.42857142857143,1600.0,33.33333333333334,82500.0
P4608,2.725,29.42857142857143,1600.0,34.16666666666666,84000.0
P4609,2.725,29.42857142857143,1600.0,35.0,84500.0
P4610,2.725,30.0,1200.0,30.0,65900.0
P4611,2.725,30.0,1200.0,30.83333333333333,66400.0
P4612,2.725,30.0,1200.0,31.66666666666667,66900.0
P4613,2.725,30.0,1200.0,32.5,67500.0
P4614,2.725,30.0,1200.0,33.33333333333334,68000.0
P4615,2.725,30.0,1200.0,34.16666666666666,69500.0
P4616,2.725,30.0,1200.0,35.0,74000.0
P4617,2.725,30.0,1266.666666666667,30.0,70100.0
P4618,2.725,30.0,1266.666666666667,30.83333333333333,70600.0
P4619,2.725,30.0,1266.666666666667,31.66666666666667,71100.0
P4620,2.725,30.0,1266.666666666667,32.5,71700.0
P4621,2.725,30.0,1266.666666666667,33.33333333333334,72200.0
P4622,2.725,30.0,1266.666666666667,34.16666666666666,73700.0
P4623,2.725,30.0,1266.666666666667,35.0,74200.0
P4624,2.725,30.0,1333.333333333333,30.0,70400.0
P4625,2.725,30.0,1333.333333333333,30.83333333333333,70900.0
P4626,2.725,30.0,1333.333333333333,31.66666666666667,71400.0
P4627,2.725,30.0,1333.333333333333,32.5,72000.0
P4628,2.725,30.0,1333.333333333333,33.33333333333334,72500.0
P4629,2.725,30.0,1333.333333333333,34.16666666666666,74000.0
P4630,2.725,30.0,1333.333333333333,35.0,74500.0
P4631,2.725,30.0,1400.0,30.0,74300.0
P4632,2.725,30.0,1400.0,30.83333333333333,74800.0
P4633,2.725,30.0,1400.0,31.66666666666667,75300.0
P4634,2.725,30.0,1400.0,32.5,75900.0
P4635,2.725,30.0,1400.0,33.33333333333334,76400.0
P4636,2.725,30.0,1400.0,34.16666666666666,77900.0
P4637,2.725,30.0,1400.0,35.0,78400.0
P4638,2.725,30.0,1466.666666666667,30.0,74300.0
P4639,2.725,30.0,1466.666666666667,30.83333333333333,74800.0
P4640,2.725,30.0,1466.666666666667,31.66666666666667,75300.0
P4641,2.725,30.0,1466.666666666667,32.5,75900.0
P4642,2.725,30.0,1466.666666666667,33.33333333333334,76400.0
P4643,2.725,30.0,1466.666666666667,34.16666666666666,77900.0
P4644,2.725,30.0,1466.666666666667,35.0,78400.0
P4645,2.725,30.0,1533.333333333333,30.0,81400.0
P4646,2.725,30.0,1533.333333333333,30.83333333333333,81900.0
P4647,2.725,30.0,1533.333333333333,31.66666666666667,82400.0
P4648,2.725,30.0,1533.333333333333,32.5,83000.0
P4649,2.725,30.0,1533.333333333333,33.33333333333334,83500.0
P4650,2.725,30.0,1533.333333333333,34.16666666666666,85000.0
P4651,2.725,30.0,1533.333333333333,35.0,85500.0
P4652,2.725,30.0,1600.0,30.0,81400.0
P4653,2.725,30.0,1600.0,30.83333333333333,81900.0
P4654,2.725,30.0,1600.0,31.66666666666667,82400.0
P4655,2.725,30.0,1600.0,32.5,83000.0
P4656,2.725,30.0,1600.0,33.33333333333334,83500.0
P4657,2.725,30.0,1600.0,34.16666666666666,85000.0
P4658,2.725,30.0,1600.0,35.0,85500.0
P4659,2.8,26.0,1200.0,30.0,66000.0
P4660,2.8,26.0,1200.0,30.83333333333333,66500.0
P4661,2.8,26.0,1200.0,31.66666666666667,67100.0
P4662,2.8,26.0,1200.0,32.5,67600.0
P4663,2.8,26.0,1200.0,33.33333333333334,68200.0
P4664,2.8,26.0,1200.0,34.16666666666666,69700.0
P4665,2.8,26.0,1200.0,35.0,70300.0
P4666,2.8,26.0,1266.666666666667,30.0,66000.0
P4667,2.8,26.0,1266.666666666667,30.83333333333333,66500.0
P4668,2.8,26.0,1266.666666666667,31.66666666666667,67100.0
P4669,2.8,26.0,1266.666666666667,32.5,67600.0
P4670,2.8,26.0,1266.666666666667,33.33333333333334,68200.0
P4671,2.8,26.0,1266.666666666667,34.16666666666666,69700.0
P4672,2.8,26.0,1266.666666666667,35.0,70300.0
P4673,2.8,26.0,1333.333333333333,30.0,70600.0
P4674,2.8,26.0,1333.333333333333,30.83333333333333,71100.0
P4675,2.8,26.0,1333.333333333333,31.66666666666667,67400.0
P4676,2.8,26.0,1333.333333333333,32.5,67900.0
P4677,2.8,26.0,1333.333333333333,33.33333333333334,68500.0
P4678,2.8,26.0,1333.333333333333,34.16666666666666,70000.0
P4679,2.8,26.0,1333.333333333333,35.0,70600.0
P4680,2.8,26.0,1400.0,30.0,69800.0
P4681,2.8,26.0,1400.0,30.83333333333333,70300.0
P4682,2.8,26.0,1400.0,31.66666666666667,70900.0
P4683,2.8,26.0,1400.0,32.5,71400.0
P4684,2.8,26.0,1400.0,33.33333333333334,72000.0
P4685,2.8,26.0,1400.0,34.16666666666666,73500.0
P4686,2.8,26.0,1400.0,35.0,74100.0
P4687,2.8,26.0,1466.666666666667,30.0,69800.0
P4688,2.8,26.0,1466.666666666667,30.83333333333333,70300.0
P4689,2.8,26.0,1466.666666666667,31.66666666666667,70900.0
P4690,2.8,26.0,1466.666666666667,32.5,77900.0
P4691,2.8,26.0,1466.666666666667,33.33333333333334,78500.0
P4692,2.8,26.0,1466.666666666667,34.16666666666666,73500.0
P4693,2.8,26.0,1466.666666666667,35.0,74100.0
P4694,2.8,26.0,1533.333333333333,30.0,76300.0
P4695,2.8,26.0,1533.333333333333,30.83333333333333,76800.0
P4696,2.8,26.0,1533.333333333333,31.66666666666667,77400.0
P4697,2.8,26.0,1533.333333333333,32.5,77900.0
P4698,2.8,26.0,1533.333333333333,33.33333333333334,78500.0
P4699,2.8,26.0,1533.333333333333,34.16666666666666,80000.0
P4700,2.8,26.0,1533.333333333333,35.0,80600.0
P4701,2.8,26.0,1600.0,30.0,75400.0
P4702,2.8,26.0,1600.0,30.83333333333333,75900.0
P4703,2.8,26.0,1600.0,31.66666666666667,76500.0
P4704,2.8,26.0,1600.0,32.5,77000.0
P4705,2.8,26.0,1600.0,33.33333333333334,77600.0
P4706,2.8,26.0,1600.0,34.16666666666666,79100.0
P4707,2.8,26.0,1600.0,35.0,79700.0
P4708,2.8,26.57142857142857,1200.0,30.0,66800.0
P4709,2.8,26.57142857142857,1200.0,30.83333333333333,67300.0
P4710,2.8,26.57142857142857,1200.0,31.66666666666667,67900.0
P4711,2.8,26.57142857142857,1200.0,32.5,68400.0
P4712,2.8,26.57142857142857,1200.0,33.33333333333334,69000.0
P4713,2.8,26.57142857142857,1200.0,34.16666666666666,70500.0
P4714,2.8,26.57142857142857,1200.0,35.0,71100.0
P4715,2.8,26.57142857142857,1266.666666666667,30.0,66800.0
P4716,2.8,26.57142857142857,1266.666666666667,30.83333333333333,67300.0
P4717,2.8,26.57142857142857,1266.666666666667,31.66666666666667,67900.0
P4718,2.8,26.57142857142857,1266.666666666667,32.5,68400.0
P4719,2.8,26.57142857142857,1266.666666666667,33.33333333333334,69000.0
P4720,2.8,26.57142857142857,1266.666666666667,34.16666666666666,70500.0
P4721,2.8,26.57142857142857,1266.666666666667,35.0,71100.0
P4722,2.8,26.57142857142857,1333.333333333333,30.0,67100.0
P4723,2.8,26.57142857142857,1333.333333333333,30.83333333333333,67600.0
P4724,2.8,26.57142857142857,1333.333333333333,31.66666666666667,68200.0
P4725,2.8,26.57142857142857,1333.333333333333,32.5,68700.0
P4726,2.8,26.57142857142857,1333.333333333333,33.33333333333334,69300.0
P4727,2.8,26.57142857142857,1333.333333333333,34.16666666666666,70800.0
P4728,2.8,26.57142857142857,1333.333333333333,35.0,71400.0
P4729,2.8,26.57142857142857,1400.0,30.0,70700.0
P4730,2.8,26.57142857142857,1400.0,30.83333333333333,71200.0
P4731,2.8,26.57142857142857,1400.0,31.66666666666667,71800.0
P4732,2.8,26.57142857142857,1400.0,32.5,72300.0
P4733,2.8,26.57142857142857,1400.0,33.33333333333334,72900.0
P4734,2.8,26.57142857142857,1400.0,34.16666666666666,74400.0
P4735,2.8,26.57142857142857,1400.0,35.0,75000.0
P4736,2.8,26.57142857142857,1466.666666666667,30.0,70700.0
P4737,2.8,26.57142857142857,1466.666666666667,30.83333333333333,71200.0
P4738,2.8,26.57142857142857,1466.666666666667,31.66666666666667,71800.0
P4739,2.8,26.57142857142857,1466.666666666667,32.5,72300.0
P4740,2.8,26.57142857142857,1466.666666666667,33.33333333333334,72900.0
P4741,2.8,26.57142857142857,1466.666666666667,34.16666666666666,74400.0
P4742,2.8,26.57142857142857,1466.666666666667,35.0,75000.0
P4743,2.8,26.57142857142857,1533.333333333333,30.0,77300.0
P4744,2.8,26.57142857142857,1533.333333333333,30.83333333333333,77800.0
P4745,2.8,26.57142857142857,1533.333333333333,31.66666666666667,78400.0
P4746,2.8,26.57142857142857,1533.333333333333,32.5,78900.0
P4747,2.8,26.57142857142857,1533.333333333333,33.33333333333334,79500.0
P4748,2.8,26.57142857142857,1533.333333333333,34.16666666666666,81000.0
P4749,2.8,26.57142857142857,1533.333333333333,35.0,81600.0
P4750,2.8,26.57142857142857,1600.0,30.0,76400.0
P4751,2.8,26.57142857142857,1600.0,30.83333333333333,76900.0
P4752,2.8,26.57142857142857,1600.0,31.66666666666667,77500.0
P4753,2.8,26.57142857142857,1600.0,32.5,78000.0
P4754,2.8,26.57142857142857,1600.0,33.33333333333334,78600.0
P4755,2.8,26.57142857142857,1600.0,34.16666666666666,80100.0
P4756,2.8,26.57142857142857,1600.0,35.0,80700.0
P4757,2.8,27.14285714285714,1200.0,30.0,67600.0
P4758,2.8,27.14285714285714,1200.0,30.83333333333333,68100.0
P4759,2.8,27.14285714285714,1200.0,31.66666666666667,68700.0
P4760,2.8,27.14285714285714,1200.0,32.5,69200.0
P4761,2.8,27.14285714285714,1200.0,33.33333333333334,69800.0
P4762,2.8,27.14285714285714,1200.0,34.16666666666666,71300.0
P4763,2.8,27.14285714285714,1200.0,35.0,71900.0
P4764,2.8,27.14285714285714,1266.666666666667,30.0,67900.0
P4765,2.8,27.14285714285714,1266.666666666667,30.83333333333333,68400.0
P4766,2.8,27.14285714285714,1266.666666666667,31.66666666666667,69000.0
P4767,2.8,27.14285714285714,1266.666666666667,32.5,69500.0
P4768,2.8,27.14285714285714,1266.666666666667,33.33333333333334,70100.0
P4769,2.8,27.14285714285714,1266.666666666667,34.16666666666666,71600.0
P4770,2.8,27.14285714285714,1266.666666666667,35.0,72200.0
P4771,2.8,27.14285714285714,1333.333333333333,30.0,67900.0
P4772,2.8,27.14285714285714,1333.333333333333,30.83333333333333,68400.0
P4773,2.8,27.14285714285714,1333.333333333333,31.66666666666667,69000.0
P4774,2.8,27.14285714285714,1333.333333333333,32.5,69500.0
P4775,2.8,27.14285714285714,1333.333333333333,33.33333333333334,70100.0
P4776,2.8,27.14285714285714,1333.333333333333,34.16666666666666,75200.0
P4777,2.8,27.14285714285714,1333.333333333333,35.0,75800.0
P4778,2.8,27.14285714285714,1400.0,30.0,71500.0
P4779,2.8,27.14285714285714,1400.0,30.83333333333333,72000.0
P4780,2.8,27.14285714285714,1400.0,31.66666666666667,72600.0
P4781,2.8,27.14285714285714,1400.0,32.5,73100.0
P4782,2.8,27.14285714285714,1400.0,33.33333333333334,73700.0
P4783,2.8,27.14285714285714,1400.0,34.16666666666666,75200.0
P4784,2.8,27.14285714285714,1400.0,35.0,75800.0
P4785,2.8,27.14285714285714,1466.666666666667,30.0,71500.0
P4786,2.8,27.14285714285714,1466.666666666667,30.83333333333333,72000.0
P4787,2.8,27.14285714285714,1466.666666666667,31.66666666666667,72600.0
P4788,2.8,27.14285714285714,1466.666666666667,32.5,73100.0
P4789,2.8,27.14285714285714,1466.666666666667,33.33333333333334,73700.0
P4790,2.8,27.14285714285714,1466.666666666667,34.16666666666666,75200.0
P4791,2.8,27.14285714285714,1466.666666666667,35.0,75800.0
P4792,2.8,27.14285714285714,1533.333333333333,30.0,79200.0
P4793,2.8,27.14285714285714,1533.333333333333,30.83333333333333,79700.0
P4794,2.8,27.14285714285714,1533.333333333333,31.66666666666667,80300.0
P4795,2.8,27.14285714285714,1533.333333333333,32.5,80800.0
P4796,2.8,27.14285714285714,1533.333333333333,33.33333333333334,81400.0
P4797,2.8,27.14285714285714,1533.333333333333,34.16666666666666,82900.0
P4798,2.8,27.14285714285714,1533.333333333333,35.0,83500.0
P4799,2.8,27.14285714285714,1600.0,30.0,78300.0
P4800,2.8,27.14285714285714,1600.0,30.83333333333333,78800.0
P4801,2.8,27.14285714285714,1600.0,31.66666666666667,79400.0
P4802,2.8,27.14285714285714,1600.0,32.5,79900.0
P4803,2.8,27.14285714285714,1600.0,33.33333333333334,80500.0
P4804,2.8,27.14285714285714,1600.0,34.16666666666666,82000.0
P4805,2.8,27.14285714285714,1600.0,35.0,82600.0
P4806,2.8,27.71428571428572,1200.0,30.0,69200.0
P4807,2.8,27.71428571428572,1200.0,30.83333333333333,69700.0
P4808,2.8,27.71428571428572,1200.0,31.66666666666667,70300.0
P4809,2.8,27.71428571428572,1200.0,32.5,70800.0
P4810,2.8,27.71428571428572,1200.0,33.33333333333334,71400.0
P4811,2.8,27.71428571428572,1200.0,34.16666666666666,72900.0
P4812,2.8,27.71428571428572,1200.0,35.0,73500.0
P4813,2.8,27.71428571428572,1266.666666666667,30.0,69500.0
P4814,2.8,27.71428571428572,1266.666666666667,30.83333333333333,70000.0
P4815,2.8,27.71428571428572,1266.666666666667,31.66666666666667,70600.0
P4816,2.8,27.71428571428572,1266.666666666667,32.5,71100.0
P4817,2.8,27.71428571428572,1266.666666666667,33.33333333333334,71700.0
P4818,2.8,27.71428571428572,1266.666666666667,34.16666666666666,73200.0
P4819,2.8,27.71428571428572,1266.666666666667,35.0,73800.0
P4820,2.8,27.71428571428572,1333.333333333333,30.0,69500.0
P4821,2.8,27.71428571428572,1333.333333333333,30.83333333333333,73800.0
P4822,2.8,27.71428571428572,1333.333333333333,31.66666666666667,74400.0
P4823,2.8,27.71428571428572,1333.333333333333,32.5,74900.0
P4824,2.8,27.71428571428572,1333.333333333333,33.33333333333334,75500.0
P4825,2.8,27.71428571428572,1333.333333333333,34.16666666666666,77000.0
P4826,2.8,27.71428571428572,1333.333333333333,35.0,77600.0
P4827,2.8,27.71428571428572,1400.0,30.0,73300.0
P4828,2.8,27.71428571428572,1400.0,30.83333333333333,73800.0
P4829,2.8,27.71428571428572,1400.0,31.66666666666667,74400.0
P4830,2.8,27.71428571428572,1400.0,32.5,74900.0
P4831,2.8,27.71428571428572,1400.0,33.33333333333334,75500.0
P4832,2.8,27.71428571428572,1400.0,34.16666666666666,77000.0
P4833,2.8,27.71428571428572,1400.0,35.0,77600.0
P4834,2.8,27.71428571428572,1466.666666666667,30.0,73300.0
P4835,2.8,27.71428571428572,1466.666666666667,30.83333333333333,73800.0
P4836,2.8,27.71428571428572,1466.666666666667,31.66666666666667,74400.0
P4837,2.8,27.71428571428572,1466.666666666667,32.5,74900.0
P4838,2.8,27.71428571428572,1466.666666666667,33.33333333333334,75500.0
P4839,2.8,27.71428571428572,1466.666666666667,34.16666666666666,77000.0
P4840,2.8,27.71428571428572,1466.666666666667,35.0,84500.0
P4841,2.8,27.71428571428572,1533.333333333333,30.0,80200.0
P4842,2.8,27.71428571428572,1533.333333333333,30.83333333333333,80700.0
P4843,2.8,27.71428571428572,1533.333333333333,31.66666666666667,81300.0
P4844,2.8,27.71428571428572,1533.333333333333,32.5,81800.0
P4845,2.8,27.71428571428572,1533.333333333333,33.33333333333334,82400.0
P4846,2.8,27.71428571428572,1533.333333333333,34.16666666666666,83900.0
P4847,2.8,27.71428571428572,1533.333333333333,35.0,84500.0
P4848,2.8,27.71428571428572,1600.0,30.0,79300.0
P4849,2.8,27.71428571428572,1600.0,30.83333333333333,79800.0
P4850,2.8,27.71428571428572,1600.0,31.66666666666667,80400.0
P4851,2.8,27.71428571428572,1600.0,32.5,80900.0
P4852,2.8,27.71428571428572,1600.0,33.33333333333334,81500.0
P4853,2.8,27.71428571428572,1600.0,34.16666666666666,83000.0
P4854,2.8,27.71428571428572,1600.0,35.0,83600.0
P4855,2.8,28.28571428571428,1200.0,30.0,70000.0
P4856,2.8,28.28571428571428,1200.0,30.83333333333333,70500.0
P4857,2.8,28.28571428571428,1200.0,31.66666666666667,71100.0
P4858,2.8,28.28571428571428,1200.0,32.5,71600.0
P4859,2.8,28.28571428571428,1200.0,33.33333333333334,72200.0
P4860,2.8,28.28571428571428,1200.0,34.16666666666666,73700.0
P4861,2.8,28.28571428571428,1200.0,35.0,74300.0
P4862,2.8,28.28571428571428,1266.666666666667,30.0,70300.0
P4863,2.8,28.28571428571428,1266.666666666667,30.83333333333333,70800.0
P4864,2.8,28.28571428571428,1266.666666666667,31.66666666666667,71400.0
P4865,2.8,28.28571428571428,1266.666666666667,32.5,71900.0
P4866,2.8,28.28571428571428,1266.666666666667,33.33333333333334,72500.0
P4867,2.8,28.28571428571428,1266.666666666667,34.16666666666666,74000.0
P4868,2.8,28.28571428571428,1266.666666666667,35.0,74600.0
P4869,2.8,28.28571428571428,1333.333333333333,30.0,74200.0
P4870,2.8,28.28571428571428,1333.333333333333,30.83333333333333,74700.0
P4871,2.8,28.28571428571428,1333.333333333333,31.66666666666667,75300.0
P4872,2.8,28.28571428571428,1333.333333333333,32.5,75800.0
P4873,2.8,28.28571428571428,1333.333333333333,33.33333333333334,72500.0
P4874,2.8,28.28571428571428,1333.333333333333,34.16666666666666,74000.0
P4875,2.8,28.28571428571428,1333.333333333333,35.0,74600.0
P4876,2.8,28.28571428571428,1400.0,30.0,74200.0
P4877,2.8,28.28571428571428,1400.0,30.83333333333333,74700.0
P4878,2.8,28.28571428571428,1400.0,31.66666666666667,75300.0
P4879,2.8,28.28571428571428,1400.0,32.5,75800.0
P4880,2.8,28.28571428571428,1400.0,33.33333333333334,76400.0
P4881,2.8,28.28571428571428,1400.0,34.16666666666666,77900.0
P4882,2.8,28.28571428571428,1400.0,35.0,78500.0
P4883,2.8,28.28571428571428,1466.666666666667,30.0,74200.0
P4884,2.8,28.28571428571428,1466.666666666667,30.83333333333333,81600.0
P4885,2.8,28.28571428571428,1466.666666666667,31.66666666666667,82200.0
P4886,2.8,28.28571428571428,1466.666666666667,32.5,82700.0
P4887,2.8,28.28571428571428,1466.666666666667,33.33333333333334,83300.0
P4888,2.8,28.28571428571428,1466.666666666667,34.16666666666666,84800.0
P4889,2.8,28.28571428571428,1466.666666666667,35.0,78500.0
P4890,2.8,28.28571428571428,1533.333333333333,30.0,81100.0
P4891,2.8,28.28571428571428,1533.333333333333,30.83333333333333,81600.0
P4892,2.8,28.28571428571428,1533.333333333333,31.66666666666667,82200.0
P4893,2.8,28.28571428571428,1533.333333333333,32.5,82700.0
P4894,2.8,28.28571428571428,1533.333333333333,33.33333333333334,83300.0
P4895,2.8,28.28571428571428,1533.333333333333,34.16666666666666,84800.0
P4896,2.8,28.28571428571428,1533.333333333333,35.0,85400.0
P4897,2.8,28.28571428571428,1600.0,30.0,80200.0
P4898,2.8,28.28571428571428,1600.0,30.83333333333333,80700.0
P4899,2.8,28.28571428571428,1600.0,31.66666666666667,81300.0
P4900,2.8,28.28571428571428,1600.0,32.5,81800.0
P4901,2.8,28.28571428571428,1600.0,33.33333333333334,82400.0
P4902,2.8,28.28571428571428,1600.0,34.16666666666666,83900.0
P4903,2.8,28.28571428571428,1600.0,35.0,84500.0
P4904,2.8,28.85714285714286,1200.0,30.0,70800.0
P4905,2.8,28.85714285714286,1200.0,30.83333333333333,71300.0
P4906,2.8,28.85714285714286,1200.0,31.66666666666667,71900.0
P4907,2.8,28.85714285714286,1200.0,32.5,72400.0
P4908,2.8,28.85714285714286,1200.0,33.33333333333334,73000.0
P4909,2.8,28.85714285714286,1200.0,34.16666666666666,74500.0
P4910,2.8,28.85714285714286,1200.0,35.0,75100.0
P4911,2.8,28.85714285714286,1266.666666666667,30.0,71100.0
P4912,2.8,28.85714285714286,1266.666666666667,30.83333333333333,71600.0
P4913,2.8,28.85714285714286,1266.666666666667,31.66666666666667,72200.0
P4914,2.8,28.85714285714286,1266.666666666667,32.5,72700.0
P4915,2.8,28.85714285714286,1266.666666666667,33.33333333333334,73300.0
P4916,2.8,28.85714285714286,1266.666666666667,34.16666666666666,74800.0
P4917,2.8,28.85714285714286,1266.666666666667,35.0,75400.0
P4918,2.8,28.85714285714286,1333.333333333333,30.0,71100.0
P4919,2.8,28.85714285714286,1333.333333333333,30.83333333333333,71600.0
P4920,2.8,28.85714285714286,1333.333333333333,31.66666666666667,72200.0
P4921,2.8,28.85714285714286,1333.333333333333,32.5,72700.0
P4922,2.8,28.85714285714286,1333.333333333333,33.33333333333334,73300.0
P4923,2.8,28.85714285714286,1333.333333333333,34.16666666666666,74800.0
P4924,2.8,28.85714285714286,1333.333333333333,35.0,75400.0
P4925,2.8,28.85714285714286,1400.0,30.0,75000.0
P4926,2.8,28.85714285714286,1400.0,30.83333333333333,75500.0
P4927,2.8,28.85714285714286,1400.0,31.66666666666667,76100.0
P4928,2.8,28.85714285714286,1400.0,32.5,76600.0
P4929,2.8,28.85714285714286,1400.0,33.33333333333334,77200.0
P4930,2.8,28.85714285714286,1400.0,34.16666666666666,78700.0
P4931,2.8,28.85714285714286,1400.0,35.0,79300.0
P4932,2.8,28.85714285714286,1466.666666666667,30.0,82100.0
P4933,2.8,28.85714285714286,1466.666666666667,30.83333333333333,75500.0
P4934,2.8,28.85714285714286,1466.666666666667,31.66666666666667,76100.0
P4935,2.8,28.85714285714286,1466.666666666667,32.5,76600.0
P4936,2.8,28.85714285714286,1466.666666666667,33.33333333333334,77200.0
P4937,2.8,28.85714285714286,1466.666666666667,34.16666666666666,78700.0
P4938,2.8,28.85714285714286,1466.666666666667,35.0,79300.0
P4939,2.8,28.85714285714286,1533.333333333333,30.0,82100.0
P4940,2.8,28.85714285714286,1533.333333333333,30.83333333333333,82600.0
P4941,2.8,28.85714285714286,1533.333333333333,31.66666666666667,83200.0
P4942,2.8,28.85714285714286,1533.333333333333,32.5,83700.0
P4943,2.8,28.85714285714286,1533.333333333333,33.33333333333334,84300.0
P4944,2.8,28.85714285714286,1533.333333333333,34.16666666666666,85800.0
P4945,2.8,28.85714285714286,1533.333333333333,35.0,86400.0
P4946,2.8,28.85714285714286,1600.0,30.0,81200.0
P4947,2.8,28.85714285714286,1600.0,30.83333333333333,81700.0
P4948,2.8,28.85714285714286,1600.0,31.66666666666667,82300.0
P4949,2.8,28.85714285714286,1600.0,32.5,82800.0
P4950,2.8,28.85714285714286,1600.0,33.33333333333334,83400.0
P4951,2.8,28.85714285714286,1600.0,34.16666666666666,84900.0
P4952,2.8,28.85714285714286,1600.0,35.0,85500.0
P4953,2.8,29.42857142857143,1200.0,30.0,71600.0
P4954,2.8,29.42857142857143,1200.0,30.83333333333333,72100.0
P4955,2.8,29.42857142857143,1200.0,31.66666666666667,72700.0
P4956,2.8,29.42857142857143,1200.0,32.5,73200.0
P4957,2.8,29.42857142857143,1200.0,33.33333333333334,73800.0
P4958,2.8,29.42857142857143,1200.0,34.16666666666666,75300.0
P4959,2.8,29.42857142857143,1200.0,35.0,75900.0
P4960,2.8,29.42857142857143,1266.666666666667,30.0,71900.0
P4961,2.8,29.42857142857143,1266.666666666667,30.83333333333333,72400.0
P4962,2.8,29.42857142857143,1266.666666666667,31.66666666666667,73000.0
P4963,2.8,29.42857142857143,1266.666666666667,32.5,73500.0
P4964,2.8,29.42857142857143,1266.666666666667,33.33333333333334,74100.0
P4965,2.8,29.42857142857143,1266.666666666667,34.16666666666666,75600.0
P4966,2.8,29.42857142857143,1266.666666666667,35.0,76200.0
P4967,2.8,29.42857142857143,1333.333333333333,30.0,71900.0
P4968,2.8,29.42857142857143,1333.333333333333,30.83333333333333,72400.0
P4969,2.8,29.42857142857143,1333.333333333333,31.66666666666667,73000.0
P4970,2.8,29.42857142857143,1333.333333333333,32.5,73500.0
P4971,2.8,29.42857142857143,1333.333333333333,33.33333333333334,78100.0
P4972,2.8,29.42857142857143,1333.333333333333,34.16666666666666,79600.0
P4973,2.8,29.42857142857143,1333.333333333333,35.0,80200.0
P4974,2.8,29.42857142857143,1400.0,30.0,75900.0
P4975,2.8,29.42857142857143,1400.0,30.83333333333333,76400.0
P4976,2.8,29.42857142857143,1400.0,31.66666666666667,77000.0
P4977,2.8,29.42857142857143,1400.0,32.5,77500.0
P4978,2.8,29.42857142857143,1400.0,33.33333333333334,78100.0
P4979,2.8,29.42857142857143,1400.0,34.16666666666666,79600.0
P4980,2.8,29.42857142857143,1400.0,35.0,80200.0
P4981,2.8,29.42857142857143,1466.666666666667,30.0,75900.0
P4982,2.8,29.42857142857143,1466.666666666667,30.83333333333333,76400.0
P4983,2.8,29.42857142857143,1466.666666666667,31.66666666666667,77000.0
P4984,2.8,29.42857142857143,1466.666666666667,32.5,77500.0
P4985,2.8,29.42857142857143,1466.666666666667,33.33333333333334,78100.0
P4986,2.8,29.42857142857143,1466.666666666667,34.16666666666666,79600.0
P4987,2.8,29.42857142857143,1466.666666666667,35.0,80200.0
P4988,2.8,29.42857142857143,1533.333333333333,30.0,83100.0
P4989,2.8,29.42857142857143,1533.333333333333,30.83333333333333,83600.0
P4990,2.8,29.42857142857143,1533.333333333333,31.66666666666667,84200.0
P4991,2.8,29.42857142857143,1533.333333333333,32.5,84700.0
P4992,2.8,29.42857142857143,1533.333333333333,33.33333333333334,85300.0
P4993,2.8,29.42857142857143,1533.333333333333,34.16666666666666,86800.0
P4994,2.8,29.42857142857143,1533.333333333333,35.0,87400.0
P4995,2.8,29.42857142857143,1600.0,30.0,82200.0
P4996,2.8,29.42857142857143,1600.0,30.83333333333333,82700.0
P4997,2.8,29.42857142857143,1600.0,31.66666666666667,83300.0
P4998,2.8,29.42857142857143,1600.0,32.5,83800.0
P4999,2.8,29.42857142857143,1600.0,33.33333333333334,84400.0
P5000,2.8,29.42857142857143,1600.0,34.16666666666666,85900.0
P5001,2.8,29.42857142857143,1600.0,35.0,86500.0
P5002,2.8,30.0,1200.0,30.0,72400.0
P5003,2.8,30.0,1200.0,30.83333333333333,72900.0
P5004,2.8,30.0,1200.0,31.66666666666667,73500.0
P5005,2.8,30.0,1200.0,32.5,74000.0
P5006,2.8,30.0,1200.0,33.33333333333334,74600.0
P5007,2.8,30.0,1200.0,34.16666666666666,76100.0
P5008,2.8,30.0,1200.0,35.0,76700.0
P5009,2.8,30.0,1266.666666666667,30.0,72700.0
P5010,2.8,30.0,1266.666666666667,30.83333333333333,73200.0
P5011,2.8,30.0,1266.666666666667,31.66666666666667,73800.0
P5012,2.8,30.0,1266.666666666667,32.5,74300.0
P5013,2.8,30.0,1266.666666666667,33.33333333333334,74900.0
P5014,2.8,30.0,1266.666666666667,34.16666666666666,76400.0
P5015,2.8,30.0,1266.666666666667,35.0,77000.0
P5016,2.8,30.0,1333.333333333333,30.0,76800.0
P5017,2.8,30.0,1333.333333333333,30.83333333333333,77300.0
P5018,2.8,30.0,1333.333333333333,31.66666666666667,77900.0
P5019,2.8,30.0,1333.333333333333,32.5,78400.0
P5020,2.8,30.0,1333.333333333333,33.33333333333334,79000.0
P5021,2.8,30.0,1333.333333333333,34.16666666666666,80500.0
P5022,2.8,30.0,1333.333333333333,35.0,81100.0
P5023,2.8,30.0,1400.0,30.0,76800.0
P5024,2.8,30.0,1400.0,30.83333333333333,77300.0
P5025,2.8,30.0,1400.0,31.66666666666667,77900.0
P5026,2.8,30.0,1400.0,32.5,78400.0
P5027,2.8,30.0,1400.0,33.33333333333334,79000.0
P5028,2.8,30.0,1400.0,34.16666666666666,80500.0
P5029,2.8,30.0,1400.0,35.0,81100.0
P5030,2.8,30.0,1466.666666666667,30.0,76800.0
P5031,2.8,30.0,1466.666666666667,30.83333333333333,77300.0
P5032,2.8,30.0,1466.666666666667,31.66666666666667,77900.0
P5033,2.8,30.0,1466.666666666667,32.5,78400.0
P5034,2.8,30.0,1466.666666666667,33.33333333333334,79000.0
P5035,2.8,30.0,1466.666666666667,34.16666666666666,80500.0
P5036,2.8,30.0,1466.666666666667,35.0,81100.0
P5037,2.8,30.0,1533.333333333333,30.0,84100.0
P5038,2.8,30.0,1533.333333333333,30.83333333333333,84600.0
P5039,2.8,30.0,1533.333333333333,31.66666666666667,85200.0
P5040,2.8,30.0,1533.333333333333,32.5,85700.0
P5041,2.8,30.0,1533.333333333333,33.33333333333334,86300.0
P5042,2.8,30.0,1533.333333333333,34.16666666666666,87800.0
P5043,2.8,30.0,1533.333333333333,35.0,88400.0
P5044,2.8,30.0,1600.0,30.0,83200.0
P5045,2.8,30.0,1600.0,30.83333333333333,83700.0
P5046,2.8,30.0,1600.0,31.66666666666667,84300.0
P5047,2.8,30.0,1600.0,32.5,84800.0
P5048,2.8,30.0,1600.0,33.33333333333334,85400.0
P5049,2.8,30.0,1600.0,34.16666666666666,86900.0
P5050,2.8,30.0,1600.0,35.0,87500.0
P5051,3.2,33.0,1700.0,40.0,127000.0
P5052,3.2,33.0,1700.0,40.83333333333334,127700.0
P5053,3.2,33.0,1700.0,41.66666666666666,128400.0
P5054,3.2,33.0,1700.0,42.5,129100.0
P5055,3.2,33.0,1700.0,43.33333333333334,129700.0
P5056,3.2,33.0,1700.0,44.16666666666666,130400.0
P5057,3.2,33.0,1700.0,45.0,131100.0
P5058,3.2,33.0,1766.666666666667,40.0,127000.0
P5059,3.2,33.0,1766.666666666667,40.83333333333334,127700.0
P5060,3.2,33.0,1766.666666666667,41.66666666666666,128400.0
P5061,3.2,33.0,1766.666666666667,42.5,129100.0
P5062,3.2,33.0,1766.666666666667,43.33333333333334,129700.0
P5063,3.2,33.0,1766.666666666667,44.16666666666666,130400.0
P5064,3.2,33.0,1766.666666666667,45.0,131100.0
P5065,3.2,33.0,1833.333333333333,40.0,127400.0
P5066,3.2,33.0,1833.333333333333,40.83333333333334,128100.0
P5067,3.2,33.0,1833.333333333333,41.66666666666666,128800.0
P5068,3.2,33.0,1833.333333333333,42.5,129500.0
P5069,3.2,33.0,1833.333333333333,43.33333333333334,130100.0
P5070,3.2,33.0,1833.333333333333,44.16666666666666,130800.0
P5071,3.2,33.0,1833.333333333333,45.0,131500.0
P5072,3.2,33.0,1900.0,40.0,132500.0
P5073,3.2,33.0,1900.0,40.83333333333334,133200.0
P5074,3.2,33.0,1900.0,41.66666666666666,133900.0
P5075,3.2,33.0,1900.0,42.5,134600.0
P5076,3.2,33.0,1900.0,43.33333333333334,135200.0
P5077,3.2,33.0,1900.0,44.16666666666666,135900.0
P5078,3.2,33.0,1900.0,45.0,136600.0
P5079,3.2,33.0,1966.666666666667,40.0,132700.0
P5080,3.2,33.0,1966.666666666667,40.83333333333334,133400.0
P5081,3.2,33.0,1966.666666666667,41.66666666666666,134100.0
P5082,3.2,33.0,1966.666666666667,42.5,134800.0
P5083,3.2,33.0,1966.666666666667,43.33333333333334,135400.0
P5084,3.2,33.0,1966.666666666667,44.16666666666666,136100.0
P5085,3.2,33.0,1966.666666666667,45.0,136800.0
P5086,3.2,33.0,2033.333333333333,40.0,132700.0
P5087,3.2,33.0,2033.333333333333,40.83333333333334,133400.0
P5088,3.2,33.0,2033.333333333333,41.66666666666666,134100.0
P5089,3.2,33.0,2033.333333333333,42.5,134800.0
P5090,3.2,33.0,2033.333333333333,43.33333333333334,135400.0
P5091,3.2,33.0,2033.333333333333,44.16666666666666,136100.0
P5092,3.2,33.0,2033.333333333333,45.0,136800.0
P5093,3.2,33.0,2100.0,40.0,141400.0
P5094,3.2,33.0,2100.0,40.83333333333334,142100.0
P5095,3.2,33.0,2100.0,41.66666666666666,142800.0
P5096,3.2,33.0,2100.0,42.5,143500.0
P5097,3.2,33.0,2100.0,43.33333333333334,144100.0
P5098,3.2,33.0,2100.0,44.16666666666666,144800.0
P5099,3.2,33.0,2100.0,45.0,145500.0
P5100,3.2,33.66666666666666,1700.0,40.0,129600.0
P5101,3.2,33.66666666666666,1700.0,40.83333333333334,130300.0
P5102,3.2,33.66666666666666,1700.0,41.66666666666666,131000.0
P5103,3.2,33.66666666666666,1700.0,42.5,131700.0
P5104,3.2,33.66666666666666,1700.0,43.33333333333334,132300.0
P5105,3.2,33.66666666666666,1700.0,44.16666666666666,133000.0
P5106,3.2,33.66666666666666,1700.0,45.0,133700.0
P5107,3.2,33.66666666666666,1766.666666666667,40.0,129600.0
P5108,3.2,33.66666666666666,1766.666666666667,40.83333333333334,130300.0
P5109,3.2,33.66666666666666,1766.666666666667,41.66666666666666,131000.0
P5110,3.2,33.66666666666666,1766.666666666667,42.5,131700.0
P5111,3.2,33.66666666666666,1766.666666666667,43.33333333333334,132300.0
P5112,3.2,33.66666666666666,1766.666666666667,44.16666666666666,133000.0
P5113,3.2,33.66666666666666,1766.666666666667,45.0,133700.0
P5114,3.2,33.66666666666666,1833.333333333333,40.0,130000.0
P5115,3.2,33.66666666666666,1833.333333333333,40.83333333333334,130700.0
P5116,3.2,33.66666666666666,1833.333333333333,41.66666666666666,131400.0
P5117,3.2,33.66666666666666,1833.333333333333,42.5,132100.0
P5118,3.2,33.66666666666666,1833.333333333333,43.33333333333334,132700.0
P5119,3.2,33.66666666666666,1833.333333333333,44.16666666666666,133400.0
P5120,3.2,33.66666666666666,1833.333333333333,45.0,134100.0
P5121,3.2,33.66666666666666,1900.0,40.0,135200.0
P5122,3.2,33.66666666666666,1900.0,40.83333333333334,135900.0
P5123,3.2,33.66666666666666,1900.0,41.66666666666666,136600.0
P5124,3.2,33.66666666666666,1900.0,42.5,137300.0
P5125,3.2,33.66666666666666,1900.0,43.33333333333334,137900.0
P5126,3.2,33.66666666666666,1900.0,44.16666666666666,138600.0
P5127,3.2,33.66666666666666,1900.0,45.0,139300.0
P5128,3.2,33.66666666666666,1966.666666666667,40.0,135400.0
P5129,3.2,33.66666666666666,1966.666666666667,40.83333333333334,136100.0
P5130,3.2,33.66666666666666,1966.666666666667,41.66666666666666,136800.0
P5131,3.2,33.66666666666666,1966.666666666667,42.5,137500.0
P5132,3.2,33.66666666666666,1966.666666666667,43.33333333333334,138100.0
P5133,3.2,33.66666666666666,1966.666666666667,44.16666666666666,138800.0
P5134,3.2,33.66666666666666,1966.666666666667,45.0,139500.0
P5135,3.2,33.66666666666666,2033.333333333333,40.0,135400.0
P5136,3.2,33.66666666666666,2033.333333333333,40.83333333333334,136100.0
P5137,3.2,33.66666666666666,2033.333333333333,41.66666666666666,136800.0
P5138,3.2,33.66666666666666,2033.333333333333,42.5,137500.0
P5139,3.2,33.66666666666666,2033.333333333333,43.33333333333334,138100.0
P5140,3.2,33.66666666666666,2033.333333333333,44.16666666666666,138800.0
P5141,3.2,33.66666666666666,2033.333333333333,45.0,139500.0
P5142,3.2,33.66666666666666,2100.0,40.0,143300.0
P5143,3.2,33.66666666666666,2100.0,40.83333333333334,144000.0
P5144,3.2,33.66666666666666,2100.0,41.66666666666666,144700.0
P5145,3.2,33.66666666666666,2100.0,42.5,145400.0
P5146,3.2,33.66666666666666,2100.0,43.33333333333334,146000.0
P5147,3.2,33.66666666666666,2100.0,44.16666666666666,146700.0
P5148,3.2,33.66666666666666,2100.0,45.0,147400.0
P5149,3.2,34.33333333333334,1700.0,40.0,125900.0
P5150,3.2,34.33333333333334,1700.0,40.83333333333334,126600.0
P5151,3.2,34.33333333333334,1700.0,41.66666666666666,127300.0
P5152,3.2,34.33333333333334,1700.0,42.5,128000.0
P5153,3.2,34.33333333333334,1700.0,43.33333333333334,128600.0
P5154,3.2,34.33333333333334,1700.0,44.16666666666666,129300.0
P5155,3.2,34.33333333333334,1700.0,45.0,130000.0
P5156,3.2,34.33333333333334,1766.666666666667,40.0,131200.0
P5157,3.2,34.33333333333334,1766.666666666667,40.83333333333334,131900.0
P5158,3.2,34.33333333333334,1766.666666666667,41.66666666666666,132600.0
P5159,3.2,34.33333333333334,1766.666666666667,42.5,133300.0
P5160,3.2,34.33333333333334,1766.666666666667,43.33333333333334,133900.0
P5161,3.2,34.33333333333334,1766.666666666667,44.16666666666666,134600.0
P5162,3.2,34.33333333333334,1766.666666666667,45.0,135300.0
P5163,3.2,34.33333333333334,1833.333333333333,40.0,131600.0
P5164,3.2,34.33333333333334,1833.333333333333,40.83333333333334,132300.0
P5165,3.2,34.33333333333334,1833.333333333333,41.66666666666666,133000.0
P5166,3.2,34.33333333333334,1833.333333333333,42.5,133700.0
P5167,3.2,34.33333333333334,1833.333333333333,43.33333333333334,134300.0
P5168,3.2,34.33333333333334,1833.333333333333,44.16666666666666,135000.0
P5169,3.2,34.33333333333334,1833.333333333333,45.0,135700.0
P5170,3.2,34.33333333333334,1900.0,40.0,137100.0
P5171,3.2,34.33333333333334,1900.0,40.83333333333334,137800.0
P5172,3.2,34.33333333333334,1900.0,41.66666666666666,138500.0
P5173,3.2,34.33333333333334,1900.0,42.5,139200.0
P5174,3.2,34.33333333333334,1900.0,43.33333333333334,139800.0
P5175,3.2,34.33333333333334,1900.0,44.16666666666666,140500.0
P5176,3.2,34.33333333333334,1900.0,45.0,141200.0
P5177,3.2,34.33333333333334,1966.666666666667,40.0,137100.0
P5178,3.2,34.33333333333334,1966.666666666667,40.83333333333334,137800.0
P5179,3.2,34.33333333333334,1966.666666666667,41.66666666666666,138500.0
P5180,3.2,34.33333333333334,1966.666666666667,42.5,139200.0
P5181,3.2,34.33333333333334,1966.666666666667,43.33333333333334,139800.0
P5182,3.2,34.33333333333334,1966.666666666667,44.16666666666666,140500.0
P5183,3.2,34.33333333333334,1966.666666666667,45.0,141200.0
P5184,3.2,34.33333333333334,2033.333333333333,40.0,137100.0
P5185,3.2,34.33333333333334,2033.333333333333,40.83333333333334,137800.0
P5186,3.2,34.33333333333334,2033.333333333333,41.66666666666666,138500.0
P5187,3.2,34.33333333333334,2033.333333333333,42.5,139200.0
P5188,3.2,34.33333333333334,2033.333333333333,43.33333333333334,139800.0
P5189,3.2,34.33333333333334,2033.333333333333,44.16666666666666,140500.0
P5190,3.2,34.33333333333334,2033.333333333333,45.0,141200.0
P5191,3.2,34.33333333333334,2100.0,40.0,145100.0
P5192,3.2,34.33333333333334,2100.0,40.83333333333334,145800.0
P5193,3.2,34.33333333333334,2100.0,41.66666666666666,146500.0
P5194,3.2,34.33333333333334,2100.0,42.5,147200.0
P5195,3.2,34.33333333333334,2100.0,43.33333333333334,147800.0
P5196,3.2,34.33333333333334,2100.0,44.16666666666666,148500.0
P5197,3.2,34.33333333333334,2100.0,45.0,149200.0
P5198,3.2,35.0,1700.0,40.0,127300.0
P5199,3.2,35.0,1700.0,40.83333333333334,128000.0
P5200,3.2,35.0,1700.0,41.66666666666666,128700.0
P5201,3.2,35.0,1700.0,42.5,129400.0
P5202,3.2,35.0,1700.0,43.33333333333334,130000.0
P5203,3.2,35.0,1700.0,44.16666666666666,130700.0
P5204,3.2,35.0,1700.0,45.0,136900.0
P5205,3.2,35.0,1766.666666666667,40.0,132800.0
P5206,3.2,35.0,1766.666666666667,40.83333333333334,133500.0
P5207,3.2,35.0,1766.666666666667,41.66666666666666,134200.0
P5208,3.2,35.0,1766.666666666667,42.5,134900.0
P5209,3.2,35.0,1766.666666666667,43.33333333333334,135500.0
P5210,3.2,35.0,1766.666666666667,44.16666666666666,136200.0
P5211,3.2,35.0,1766.666666666667,45.0,136900.0
P5212,3.2,35.0,1833.333333333333,40.0,133200.0
P5213,3.2,35.0,1833.333333333333,40.83333333333334,133900.0
P5214,3.2,35.0,1833.333333333333,41.66666666666666,134600.0
P5215,3.2,35.0,1833.333333333333,42.5,135300.0
P5216,3.2,35.0,1833.333333333333,43.33333333333334,135900.0
P5217,3.2,35.0,1833.333333333333,44.16666666666666,136600.0
P5218,3.2,35.0,1833.333333333333,45.0,137300.0
P5219,3.2,35.0,1900.0,40.0,138800.0
P5220,3.2,35.0,1900.0,40.83333333333334,139500.0
P5221,3.2,35.0,1900.0,41.66666666666666,140200.0
P5222,3.2,35.0,1900.0,42.5,140900.0
P5223,3.2,35.0,1900.0,43.33333333333334,141500.0
P5224,3.2,35.0,1900.0,44.16666666666666,142200.0
P5225,3.2,35.0,1900.0,45.0,142900.0
P5226,3.2,35.0,1966.666666666667,40.0,138800.0
P5227,3.2,35.0,1966.666666666667,40.83333333333334,139500.0
P5228,3.2,35.0,1966.666666666667,41.66666666666666,140200.0
P5229,3.2,35.0,1966.666666666667,42.5,140900.0
P5230,3.2,35.0,1966.666666666667,43.33333333333334,141500.0
P5231,3.2,35.0,1966.666666666667,44.16666666666666,142200.0
P5232,3.2,35.0,1966.666666666667,45.0,142900.0
P5233,3.2,35.0,2033.333333333333,40.0,138800.0
P5234,3.2,35.0,2033.333333333333,40.83333333333334,147600.0
P5235,3.2,35.0,2033.333333333333,41.66666666666666,148300.0
P5236,3.2,35.0,2033.333333333333,42.5,149000.0
P5237,3.2,35.0,2033.333333333333,43.33333333333334,149600.0
P5238,3.2,35.0,2033.333333333333,44.16666666666666,150300.0
P5239,3.2,35.0,2033.333333333333,45.0,151000.0
P5240,3.2,35.0,2100.0,40.0,146900.0
P5241,3.2,35.0,2100.0,40.83333333333334,147600.0
P5242,3.2,35.0,2100.0,41.66666666666666,148300.0
P5243,3.2,35.0,2100.0,42.5,149000.0
P5244,3.2,35.0,2100.0,43.33333333333334,149600.0
P5245,3.2,35.0,2100.0,44.16666666666666,150300.0
P5246,3.2,35.0,2100.0,45.0,151000.0
P5247,3.2,35.66666666666666,1700.0,40.0,134300.0
P5248,3.2,35.66666666666666,1700.0,40.83333333333334,135000.0
P5249,3.2,35.66666666666666,1700.0,41.66666666666666,135700.0
P5250,3.2,35.66666666666666,1700.0,42.5,136400.0
P5251,3.2,35.66666666666666,1700.0,43.33333333333334,137000.0
P5252,3.2,35.66666666666666,1700.0,44.16666666666666,137700.0
P5253,3.2,35.66666666666666,1700.0,45.0,132900.0
P5254,3.2,35.66666666666666,1766.666666666667,40.0,134300.0
P5255,3.2,35.66666666666666,1766.666666666667,40.83333333333334,135000.0
P5256,3.2,35.66666666666666,1766.666666666667,41.66666666666666,135700.0
P5257,3.2,35.66666666666666,1766.666666666667,42.5,136400.0
P5258,3.2,35.66666666666666,1766.666666666667,43.33333333333334,137000.0
P5259,3.2,35.66666666666666,1766.666666666667,44.16666666666666,137700.0
P5260,3.2,35.66666666666666,1766.666666666667,45.0,138400.0
P5261,3.2,35.66666666666666,1833.333333333333,40.0,134700.0
P5262,3.2,35.66666666666666,1833.333333333333,40.83333333333334,135400.0
P5263,3.2,35.66666666666666,1833.333333333333,41.66666666666666,136100.0
P5264,3.2,35.66666666666666,1833.333333333333,42.5,136800.0
P5265,3.2,35.66666666666666,1833.333333333333,43.33333333333334,137400.0
P5266,3.2,35.66666666666666,1833.333333333333,44.16666666666666,138100.0
P5267,3.2,35.66666666666666,1833.333333333333,45.0,138800.0
P5268,3.2,35.66666666666666,1900.0,40.0,140400.0
P5269,3.2,35.66666666666666,1900.0,40.83333333333334,141100.0
P5270,3.2,35.66666666666666,1900.0,41.66666666666666,141800.0
P5271,3.2,35.66666666666666,1900.0,42.5,142500.0
P5272,3.2,35.66666666666666,1900.0,43.33333333333334,143100.0
P5273,3.2,35.66666666666666,1900.0,44.16666666666666,143800.0
P5274,3.2,35.66666666666666,1900.0,45.0,144500.0
P5275,3.2,35.66666666666666,1966.666666666667,40.0,140400.0
P5276,3.2,35.66666666666666,1966.666666666667,40.83333333333334,141100.0
P5277,3.2,35.66666666666666,1966.666666666667,41.66666666666666,141800.0
P5278,3.2,35.66666666666666,1966.666666666667,42.5,140300.0
P5279,3.2,35.66666666666666,1966.666666666667,43.33333333333334,140900.0
P5280,3.2,35.66666666666666,1966.666666666667,44.16666666666666,141600.0
P5281,3.2,35.66666666666666,1966.666666666667,45.0,142300.0
P5282,3.2,35.66666666666666,2033.333333333333,40.0,148700.0
P5283,3.2,35.66666666666666,2033.333333333333,40.83333333333334,149400.0
P5284,3.2,35.66666666666666,2033.333333333333,41.66666666666666,150100.0
P5285,3.2,35.66666666666666,2033.333333333333,42.5,150800.0
P5286,3.2,35.66666666666666,2033.333333333333,43.33333333333334,151400.0
P5287,3.2,35.66666666666666,2033.333333333333,44.16666666666666,152100.0
P5288,3.2,35.66666666666666,2033.333333333333,45.0,152800.0
P5289,3.2,35.66666666666666,2100.0,40.0,148700.0
P5290,3.2,35.66666666666666,2100.0,40.83333333333334,149400.0
P5291,3.2,35.66666666666666,2100.0,41.66666666666666,150100.0
P5292,3.2,35.66666666666666,2100.0,42.5,150800.0
P5293,3.2,35.66666666666666,2100.0,43.33333333333334,151400.0
P5294,3.2,35.66666666666666,2100.0,44.16666666666666,152100.0
P5295,3.2,35.66666666666666,2100.0,45.0,152800.0
P5296,3.2,36.33333333333334,1700.0,40.0,130300.0
P5297,3.2,36.33333333333334,1700.0,40.83333333333334,131000.0
P5298,3.2,36.33333333333334,1700.0,41.66666666666666,131700.0
P5299,3.2,36.33333333333334,1700.0,42.5,132400.0
P5300,3.2,36.33333333333334,1700.0,43.33333333333334,133000.0
P5301,3.2,36.33333333333334,1700.0,44.16666666666666,133700.0
P5302,3.2,36.33333333333334,1700.0,45.0,134400.0
P5303,3.2,36.33333333333334,1766.666666666667,40.0,135900.0
P5304,3.2,36.33333333333334,1766.666666666667,40.83333333333334,136600.0
P5305,3.2,36.33333333333334,1766.666666666667,41.66666666666666,137300.0
P5306,3.2,36.33333333333334,1766.666666666667,42.5,138000.0
P5307,3.2,36.33333333333334,1766.666666666667,43.33333333333334,138600.0
P5308,3.2,36.33333333333334,1766.666666666667,44.16666666666666,139300.0
P5309,3.2,36.33333333333334,1766.666666666667,45.0,140000.0
P5310,3.2,36.33333333333334,1833.333333333333,40.0,136300.0
P5311,3.2,36.33333333333334,1833.333333333333,40.83333333333334,137000.0
P5312,3.2,36.33333333333334,1833.333333333333,41.66666666666666,137700.0
P5313,3.2,36.33333333333334,1833.333333333333,42.5,138400.0
P5314,3.2,36.33333333333334,1833.333333333333,43.33333333333334,139000.0
P5315,3.2,36.33333333333334,1833.333333333333,44.16666666666666,139700.0
P5316,3.2,36.33333333333334,1833.333333333333,45.0,140400.0
P5317,3.2,36.33333333333334,1900.0,40.0,142100.0
P5318,3.2,36.33333333333334,1900.0,40.83333333333334,142800.0
P5319,3.2,36.33333333333334,1900.0,41.66666666666666,143500.0
P5320,3.2,36.33333333333334,1900.0,42.5,144200.0
P5321,3.2,36.33333333333334,1900.0,43.33333333333334,144800.0
P5322,3.2,36.33333333333334,1900.0,44.16666666666666,145500.0
P5323,3.2,36.33333333333334,1900.0,45.0,146200.0
P5324,3.2,36.33333333333334,1966.666666666667,40.0,139800.0
P5325,3.2,36.33333333333334,1966.666666666667,40.83333333333334,140500.0
P5326,3.2,36.33333333333334,1966.666666666667,41.66666666666666,141200.0
P5327,3.2,36.33333333333334,1966.666666666667,42.5,141900.0
P5328,3.2,36.33333333333334,1966.666666666667,43.33333333333334,142500.0
P5329,3.2,36.33333333333334,1966.666666666667,44.16666666666666,143200.0
P5330,3.2,36.33333333333334,1966.666666666667,45.0,143900.0
P5331,3.2,36.33333333333334,2033.333333333333,40.0,150500.0
P5332,3.2,36.33333333333334,2033.333333333333,40.83333333333334,151200.0
P5333,3.2,36.33333333333334,2033.333333333333,41.66666666666666,151900.0
P5334,3.2,36.33333333333334,2033.333333333333,42.5,152600.0
P5335,3.2,36.33333333333334,2033.333333333333,43.33333333333334,153200.0
P5336,3.2,36.33333333333334,2033.333333333333,44.16666666666666,153900.0
P5337,3.2,36.33333333333334,2033.333333333333,45.0,154600.0
P5338,3.2,36.33333333333334,2100.0,40.0,150500.0
P5339,3.2,36.33333333333334,2100.0,40.83333333333334,151200.0
P5340,3.2,36.33333333333334,2100.0,41.66666666666666,151900.0
P5341,3.2,36.33333333333334,2100.0,42.5,152600.0
P5342,3.2,36.33333333333334,2100.0,43.33333333333334,153200.0
P5343,3.2,36.33333333333334,2100.0,44.16666666666666,153900.0
P5344,3.2,36.33333333333334,2100.0,45.0,154600.0
P5345,3.2,37.0,1700.0,40.0,131700.0
P5346,3.2,37.0,1700.0,40.83333333333334,132400.0
P5347,3.2,37.0,1700.0,41.66666666666666,138900.0
P5348,3.2,37.0,1700.0,42.5,139600.0
P5349,3.2,37.0,1700.0,43.33333333333334,140200.0
P5350,3.2,37.0,1700.0,44.16666666666666,140900.0
P5351,3.2,37.0,1700.0,45.0,141600.0
P5352,3.2,37.0,1766.666666666667,40.0,137500.0
P5353,3.2,37.0,1766.666666666667,40.83333333333334,138200.0
P5354,3.2,37.0,1766.666666666667,41.66666666666666,138900.0
P5355,3.2,37.0,1766.666666666667,42.5,139600.0
P5356,3.2,37.0,1766.666666666667,43.33333333333334,140200.0
P5357,3.2,37.0,1766.666666666667,44.16666666666666,140900.0
P5358,3.2,37.0,1766.666666666667,45.0,141600.0
P5359,3.2,37.0,1833.333333333333,40.0,137900.0
P5360,3.2,37.0,1833.333333333333,40.83333333333334,138600.0
P5361,3.2,37.0,1833.333333333333,41.66666666666666,139300.0
P5362,3.2,37.0,1833.333333333333,42.5,140000.0
P5363,3.2,37.0,1833.333333333333,43.33333333333334,136600.0
P5364,3.2,37.0,1833.333333333333,44.16666666666666,137300.0
P5365,3.2,37.0,1833.333333333333,45.0,138000.0
P5366,3.2,37.0,1900.0,40.0,143800.0
P5367,3.2,37.0,1900.0,40.83333333333334,144500.0
P5368,3.2,37.0,1900.0,41.66666666666666,145200.0
P5369,3.2,37.0,1900.0,42.5,145900.0
P5370,3.2,37.0,1900.0,43.33333333333334,146500.0
P5371,3.2,37.0,1900.0,44.16666666666666,147200.0
P5372,3.2,37.0,1900.0,45.0,147900.0
P5373,3.2,37.0,1966.666666666667,40.0,143800.0
P5374,3.2,37.0,1966.666666666667,40.83333333333334,144500.0
P5375,3.2,37.0,1966.666666666667,41.66666666666666,145200.0
P5376,3.2,37.0,1966.666666666667,42.5,145900.0
P5377,3.2,37.0,1966.666666666667,43.33333333333334,146500.0
P5378,3.2,37.0,1966.666666666667,44.16666666666666,147200.0
P5379,3.2,37.0,1966.666666666667,45.0,147900.0
P5380,3.2,37.0,2033.333333333333,40.0,152400.0
P5381,3.2,37.0,2033.333333333333,40.83333333333334,153100.0
P5382,3.2,37.0,2033.333333333333,41.66666666666666,153800.0
P5383,3.2,37.0,2033.333333333333,42.5,154500.0
P5384,3.2,37.0,2033.333333333333,43.33333333333334,155100.0
P5385,3.2,37.0,2033.333333333333,44.16666666666666,155800.0
P5386,3.2,37.0,2033.333333333333,45.0,156500.0
P5387,3.2,37.0,2100.0,40.0,152400.0
P5388,3.2,37.0,2100.0,40.83333333333334,153100.0
P5389,3.2,37.0,2100.0,41.66666666666666,153800.0
P5390,3.2,37.0,2100.0,42.5,154500.0
P5391,3.2,37.0,2100.0,43.33333333333334,155100.0
P5392,3.2,37.0,2100.0,44.16666666666666,155800.0
P5393,3.2,37.0,2100.0,45.0,156500.0
P5394,3.3,33.0,1700.0,40.0,133000.0
P5395,3.3,33.0,1700.0,40.83333333333334,133700.0
P5396,3.3,33.0,1700.0,41.66666666666666,134500.0
P5397,3.3,33.0,1700.0,42.5,135200.0
P5398,3.3,33.0,1700.0,43.33333333333334,135900.0
P5399,3.3,33.0,1700.0,44.16666666666666,136600.0
P5400,3.3,33.0,1700.0,45.0,137400.0
P5401,3.3,33.0,1766.666666666667,40.0,133400.0
P5402,3.3,33.0,1766.666666666667,40.83333333333334,134100.0
P5403,3.3,33.0,1766.666666666667,41.66666666666666,134900.0
P5404,3.3,33.0,1766.666666666667,42.5,135600.0
P5405,3.3,33.0,1766.666666666667,43.33333333333334,136300.0
P5406,3.3,33.0,1766.666666666667,44.16666666666666,137000.0
P5407,3.3,33.0,1766.666666666667,45.0,137800.0
P5408,3.3,33.0,1833.333333333333,40.0,138700.0
P5409,3.3,33.0,1833.333333333333,40.83333333333334,139400.0
P5410,3.3,33.0,1833.333333333333,41.66666666666666,140200.0
P5411,3.3,33.0,1833.333333333333,42.5,140900.0
P5412,3.3,33.0,1833.333333333333,43.33333333333334,141600.0
P5413,3.3,33.0,1833.333333333333,44.16666666666666,142300.0
P5414,3.3,33.0,1833.333333333333,45.0,143100.0
P5415,3.3,33.0,1900.0,40.0,139000.0
P5416,3.3,33.0,1900.0,40.83333333333334,139700.0
P5417,3.3,33.0,1900.0,41.66666666666666,140500.0
P5418,3.3,33.0,1900.0,42.5,141200.0
P5419,3.3,33.0,1900.0,43.33333333333334,141900.0
P5420,3.3,33.0,1900.0,44.16666666666666,142600.0
P5421,3.3,33.0,1900.0,45.0,143400.0
P5422,3.3,33.0,1966.666666666667,40.0,139000.0
P5423,3.3,33.0,1966.666666666667,40.83333333333334,139700.0
P5424,3.3,33.0,1966.666666666667,41.66666666666666,140500.0
P5425,3.3,33.0,1966.666666666667,42.5,141200.0
P5426,3.3,33.0,1966.666666666667,43.33333333333334,141900.0
P5427,3.3,33.0,1966.666666666667,44.16666666666666,142600.0
P5428,3.3,33.0,1966.666666666667,45.0,143400.0
P5429,3.3,33.0,2033.333333333333,40.0,146900.0
P5430,3.3,33.0,2033.333333333333,40.83333333333334,147600.0
P5431,3.3,33.0,2033.333333333333,41.66666666666666,148400.0
P5432,3.3,33.0,2033.333333333333,42.5,149100.0
P5433,3.3,33.0,2033.333333333333,43.33333333333334,149800.0
P5434,3.3,33.0,2033.333333333333,44.16666666666666,150500.0
P5435,3.3,33.0,2033.333333333333,45.0,151300.0
P5436,3.3,33.0,2100.0,40.0,146800.0
P5437,3.3,33.0,2100.0,40.83333333333334,147500.0
P5438,3.3,33.0,2100.0,41.66666666666666,148300.0
P5439,3.3,33.0,2100.0,42.5,149000.0
P5440,3.3,33.0,2100.0,43.33333333333334,149700.0
P5441,3.3,33.0,2100.0,44.16666666666666,150400.0
P5442,3.3,33.0,2100.0,45.0,151200.0
P5443,3.3,33.66666666666666,1700.0,40.0,134600.0
P5444,3.3,33.66666666666666,1700.0,40.83333333333334,135300.0
P5445,3.3,33.66666666666666,1700.0,41.66666666666666,136100.0
P5446,3.3,33.66666666666666,1700.0,42.5,136800.0
P5447,3.3,33.66666666666666,1700.0,43.33333333333334,137500.0
P5448,3.3,33.66666666666666,1700.0,44.16666666666666,138200.0
P5449,3.3,33.66666666666666,1700.0,45.0,139000.0
P5450,3.3,33.66666666666666,1766.666666666667,40.0,135000.0
P5451,3.3,33.66666666666666,1766.666666666667,40.83333333333334,135700.0
P5452,3.3,33.66666666666666,1766.666666666667,41.66666666666666,136500.0
P5453,3.3,33.66666666666666,1766.666666666667,42.5,137200.0
P5454,3.3,33.66666666666666,1766.666666666667,43.33333333333334,137900.0
P5455,3.3,33.66666666666666,1766.666666666667,44.16666666666666,138600.0
P5456,3.3,33.66666666666666,1766.666666666667,45.0,139400.0
P5457,3.3,33.66666666666666,1833.333333333333,40.0,140400.0
P5458,3.3,33.66666666666666,1833.333333333333,40.83333333333334,141100.0
P5459,3.3,33.66666666666666,1833.333333333333,41.66666666666666,141900.0
P5460,3.3,33.66666666666666,1833.333333333333,42.5,142600.0
P5461,3.3,33.66666666666666,1833.333333333333,43.33333333333334,143300.0
P5462,3.3,33.66666666666666,1833.333333333333,44.16666666666666,144000.0
P5463,3.3,33.66666666666666,1833.333333333333,45.0,144800.0
P5464,3.3,33.66666666666666,1900.0,40.0,140700.0
P5465,3.3,33.66666666666666,1900.0,40.83333333333334,141400.0
P5466,3.3,33.66666666666666,1900.0,41.66666666666666,142200.0
P5467,3.3,33.66666666666666,1900.0,42.5,142900.0
P5468,3.3,33.66666666666666,1900.0,43.33333333333334,143600.0
P5469,3.3,33.66666666666666,1900.0,44.16666666666666,144300.0
P5470,3.3,33.66666666666666,1900.0,45.0,145100.0
P5471,3.3,33.66666666666666,1966.666666666667,40.0,140700.0
P5472,3.3,33.66666666666666,1966.666666666667,40.83333333333334,141400.0
P5473,3.3,33.66666666666666,1966.666666666667,41.66666666666666,142200.0
P5474,3.3,33.66666666666666,1966.666666666667,42.5,142900.0
P5475,3.3,33.66666666666666,1966.666666666667,43.33333333333334,143600.0
P5476,3.3,33.66666666666666,1966.666666666667,44.16666666666666,144300.0
P5477,3.3,33.66666666666666,1966.666666666667,45.0,145100.0
P5478,3.3,33.66666666666666,2033.333333333333,40.0,148800.0
P5479,3.3,33.66666666666666,2033.333333333333,40.83333333333334,149500.0
P5480,3.3,33.66666666666666,2033.333333333333,41.66666666666666,150300.0
P5481,3.3,33.66666666666666,2033.333333333333,42.5,151000.0
P5482,3.3,33.66666666666666,2033.333333333333,43.33333333333334,151700.0
P5483,3.3,33.66666666666666,2033.333333333333,44.16666666666666,152400.0
P5484,3.3,33.66666666666666,2033.333333333333,45.0,153200.0
P5485,3.3,33.66666666666666,2100.0,40.0,148700.0
P5486,3.3,33.66666666666666,2100.0,40.83333333333334,149400.0
P5487,3.3,33.66666666666666,2100.0,41.66666666666666,150200.0
P5488,3.3,33.66666666666666,2100.0,42.5,150900.0
P5489,3.3,33.66666666666666,2100.0,43.33333333333334,151600.0
P5490,3.3,33.66666666666666,2100.0,44.16666666666666,152300.0
P5491,3.3,33.66666666666666,2100.0,45.0,153100.0
P5492,3.3,34.33333333333334,1700.0,40.0,136200.0
P5493,3.3,34.33333333333334,1700.0,40.83333333333334,136900.0
P5494,3.3,34.33333333333334,1700.0,41.66666666666666,137700.0
P5495,3.3,34.33333333333334,1700.0,42.5,138400.0
P5496,3.3,34.33333333333334,1700.0,43.33333333333334,139100.0
P5497,3.3,34.33333333333334,1700.0,44.16666666666666,139800.0
P5498,3.3,34.33333333333334,1700.0,45.0,140600.0
P5499,3.3,34.33333333333334,1766.666666666667,40.0,136600.0
P5500,3.3,34.33333333333334,1766.666666666667,40.83333333333334,137300.0
P5501,3.3,34.33333333333334,1766.666666666667,41.66666666666666,138100.0
P5502,3.3,34.33333333333334,1766.666666666667,42.5,138800.0
P5503,3.3,34.33333333333334,1766.666666666667,43.33333333333334,139500.0
P5504,3.3,34.33333333333334,1766.666666666667,44.16666666666666,140200.0
P5505,3.3,34.33333333333334,1766.666666666667,45.0,141000.0
P5506,3.3,34.33333333333334,1833.333333333333,40.0,142400.0
P5507,3.3,34.33333333333334,1833.333333333333,40.83333333333334,143100.0
P5508,3.3,34.33333333333334,1833.333333333333,41.66666666666666,143900.0
P5509,3.3,34.33333333333334,1833.333333333333,42.5,144600.0
P5510,3.3,34.33333333333334,1833.333333333333,43.33333333333334,145300.0
P5511,3.3,34.33333333333334,1833.333333333333,44.16666666666666,146000.0
P5512,3.3,34.33333333333334,1833.333333333333,45.0,146800.0
P5513,3.3,34.33333333333334,1900.0,40.0,142400.0
P5514,3.3,34.33333333333334,1900.0,40.83333333333334,143100.0
P5515,3.3,34.33333333333334,1900.0,41.66666666666666,143900.0
P5516,3.3,34.33333333333334,1900.0,42.5,144600.0
P5517,3.3,34.33333333333334,1900.0,43.33333333333334,145300.0
P5518,3.3,34.33333333333334,1900.0,44.16666666666666,146000.0
P5519,3.3,34.33333333333334,1900.0,45.0,146800.0
P5520,3.3,34.33333333333334,1966.666666666667,40.0,142400.0
P5521,3.3,34.33333333333334,1966.666666666667,40.83333333333334,143100.0
P5522,3.3,34.33333333333334,1966.666666666667,41.66666666666666,143900.0
P5523,3.3,34.33333333333334,1966.666666666667,42.5,144600.0
P5524,3.3,34.33333333333334,1966.666666666667,43.33333333333334,145300.0
P5525,3.3,34.33333333333334,1966.666666666667,44.16666666666666,146000.0
P5526,3.3,34.33333333333334,1966.666666666667,45.0,155000.0
P5527,3.3,34.33333333333334,2033.333333333333,40.0,150600.0
P5528,3.3,34.33333333333334,2033.333333333333,40.83333333333334,151300.0
P5529,3.3,34.33333333333334,2033.333333333333,41.66666666666666,152100.0
P5530,3.3,34.33333333333334,2033.333333333333,42.5,152800.0
P5531,3.3,34.33333333333334,2033.333333333333,43.33333333333334,153500.0
P5532,3.3,34.33333333333334,2033.333333333333,44.16666666666666,154200.0
P5533,3.3,34.33333333333334,2033.333333333333,45.0,155000.0
P5534,3.3,34.33333333333334,2100.0,40.0,150500.0
P5535,3.3,34.33333333333334,2100.0,40.83333333333334,151200.0
P5536,3.3,34.33333333333334,2100.0,41.66666666666666,152000.0
P5537,3.3,34.33333333333334,2100.0,42.5,152700.0
P5538,3.3,34.33333333333334,2100.0,43.33333333333334,153400.0
P5539,3.3,34.33333333333334,2100.0,44.16666666666666,154100.0
P5540,3.3,34.33333333333334,2100.0,45.0,154900.0
P5541,3.3,35.0,1700.0,40.0,137900.0
P5542,3.3,35.0,1700.0,40.83333333333334,138600.0
P5543,3.3,35.0,1700.0,41.66666666666666,139400.0
P5544,3.3,35.0,1700.0,42.5,140100.0
P5545,3.3,35.0,1700.0,43.33333333333334,140800.0
P5546,3.3,35.0,1700.0,44.16666666666666,141500.0
P5547,3.3,35.0,1700.0,45.0,142300.0
P5548,3.3,35.0,1766.666666666667,40.0,138300.0
P5549,3.3,35.0,1766.666666666667,40.83333333333334,139000.0
P5550,3.3,35.0,1766.666666666667,41.66666666666666,139800.0
P5551,3.3,35.0,1766.666666666667,42.5,140500.0
P5552,3.3,35.0,1766.666666666667,43.33333333333334,141200.0
P5553,3.3,35.0,1766.666666666667,44.16666666666666,141900.0
P5554,3.3,35.0,1766.666666666667,45.0,142700.0
P5555,3.3,35.0,1833.333333333333,40.0,144100.0
P5556,3.3,35.0,1833.333333333333,40.83333333333334,144800.0
P5557,3.3,35.0,1833.333333333333,41.66666666666666,145600.0
P5558,3.3,35.0,1833.333333333333,42.5,146300.0
P5559,3.3,35.0,1833.333333333333,43.33333333333334,147000.0
P5560,3.3,35.0,1833.333333333333,44.16666666666666,147700.0
P5561,3.3,35.0,1833.333333333333,45.0,148500.0
P5562,3.3,35.0,1900.0,40.0,144100.0
P5563,3.3,35.0,1900.0,40.83333333333334,144800.0
P5564,3.3,35.0,1900.0,41.66666666666666,145600.0
P5565,3.3,35.0,1900.0,42.5,146300.0
P5566,3.3,35.0,1900.0,43.33333333333334,147000.0
P5567,3.3,35.0,1900.0,44.16666666666666,147700.0
P5568,3.3,35.0,1900.0,45.0,148500.0
P5569,3.3,35.0,1966.666666666667,40.0,152500.0
P5570,3.3,35.0,1966.666666666667,40.83333333333334,153200.0
P5571,3.3,35.0,1966.666666666667,41.66666666666666,154000.0
P5572,3.3,35.0,1966.666666666667,42.5,154700.0
P5573,3.3,35.0,1966.666666666667,43.33333333333334,155400.0
P5574,3.3,35.0,1966.666666666667,44.16666666666666,156100.0
P5575,3.3,35.0,1966.666666666667,45.0,156900.0
P5576,3.3,35.0,2033.333333333333,40.0,152500.0
P5577,3.3,35.0,2033.333333333333,40.83333333333334,153200.0
P5578,3.3,35.0,2033.333333333333,41.66666666666666,154000.0
P5579,3.3,35.0,2033.333333333333,42.5,154700.0
P5580,3.3,35.0,2033.333333333333,43.33333333333334,155400.0
P5581,3.3,35.0,2033.333333333333,44.16666666666666,156100.0
P5582,3.3,35.0,2033.333333333333,45.0,156900.0
P5583,3.3,35.0,2100.0,40.0,152400.0
P5584,3.3,35.0,2100.0,40.83333333333334,153100.0
P5585,3.3,35.0,2100.0,41.66666666666666,153900.0
P5586,3.3,35.0,2100.0,42.5,154600.0
P5587,3.3,35.0,2100.0,43.33333333333334,155300.0
P5588,3.3,35.0,2100.0,44.16666666666666,156000.0
P5589,3.3,35.0,2100.0,45.0,156800.0
P5590,3.3,35.66666666666666,1700.0,40.0,139600.0
P5591,3.3,35.66666666666666,1700.0,40.83333333333334,140300.0
P5592,3.3,35.66666666666666,1700.0,41.66666666666666,141100.0
P5593,3.3,35.66666666666666,1700.0,42.5,141800.0
P5594,3.3,35.66666666666666,1700.0,43.33333333333334,142500.0
P5595,3.3,35.66666666666666,1700.0,44.16666666666666,143200.0
P5596,3.3,35.66666666666666,1700.0,45.0,144000.0
P5597,3.3,35.66666666666666,1766.666666666667,40.0,140000.0
P5598,3.3,35.66666666666666,1766.666666666667,40.83333333333334,140700.0
P5599,3.3,35.66666666666666,1766.666666666667,41.66666666666666,141500.0
P5600,3.3,35.66666666666666,1766.666666666667,42.5,142200.0
P5601,3.3,35.66666666666666,1766.666666666667,43.33333333333334,142900.0
P5602,3.3,35.66666666666666,1766.666666666667,44.16666666666666,143600.0
P5603,3.3,35.66666666666666,1766.666666666667,45.0,144400.0
P5604,3.3,35.66666666666666,1833.333333333333,40.0,146000.0
P5605,3.3,35.66666666666666,1833.333333333333,40.83333333333334,146700.0
P5606,3.3,35.66666666666666,1833.333333333333,41.66666666666666,147500.0
P5607,3.3,35.66666666666666,1833.333333333333,42.5,148200.0
P5608,3.3,35.66666666666666,1833.333333333333,43.33333333333334,148900.0
P5609,3.3,35.66666666666666,1833.333333333333,44.16666666666666,149600.0
P5610,3.3,35.66666666666666,1833.333333333333,45.0,150400.0
P5611,3.3,35.66666666666666,1900.0,40.0,146000.0
P5612,3.3,35.66666666666666,1900.0,40.83333333333334,146700.0
P5613,3.3,35.66666666666666,1900.0,41.66666666666666,147500.0
P5614,3.3,35.66666666666666,1900.0,42.5,148200.0
P5615,3.3,35.66666666666666,1900.0,43.33333333333334,148900.0
P5616,3.3,35.66666666666666,1900.0,44.16666666666666,149600.0
P5617,3.3,35.66666666666666,1900.0,45.0,150400.0
P5618,3.3,35.66666666666666,1966.666666666667,40.0,154500.0
P5619,3.3,35.66666666666666,1966.666666666667,40.83333333333334,155200.0
P5620,3.3,35.66666666666666,1966.666666666667,41.66666666666666,156000.0
P5621,3.3,35.66666666666666,1966.666666666667,42.5,156700.0
P5622,3.3,35.66666666666666,1966.666666666667,43.33333333333334,157400.0
P5623,3.3,35.66666666666666,1966.666666666667,44.16666666666666,158100.0
P5624,3.3,35.66666666666666,1966.666666666667,45.0,158900.0
P5625,3.3,35.66666666666666,2033.333333333333,40.0,154500.0
P5626,3.3,35.66666666666666,2033.333333333333,40.83333333333334,155200.0
P5627,3.3,35.66666666666666,2033.333333333333,41.66666666666666,156000.0
P5628,3.3,35.66666666666666,2033.333333333333,42.5,156700.0
P5629,3.3,35.66666666666666,2033.333333333333,43.33333333333334,157400.0
P5630,3.3,35.66666666666666,2033.333333333333,44.16666666666666,158100.0
P5631,3.3,35.66666666666666,2033.333333333333,45.0,158900.0
P5632,3.3,35.66666666666666,2100.0,40.0,154400.0
P5633,3.3,35.66666666666666,2100.0,40.83333333333334,155100.0
P5634,3.3,35.66666666666666,2100.0,41.66666666666666,155900.0
P5635,3.3,35.66666666666666,2100.0,42.5,156600.0
P5636,3.3,35.66666666666666,2100.0,43.33333333333334,157300.0
P5637,3.3,35.66666666666666,2100.0,44.16666666666666,158000.0
P5638,3.3,35.66666666666666,2100.0,45.0,158800.0
P5639,3.3,36.33333333333334,1700.0,40.0,141200.0
P5640,3.3,36.33333333333334,1700.0,40.83333333333334,141900.0
P5641,3.3,36.33333333333334,1700.0,41.66666666666666,142700.0
P5642,3.3,36.33333333333334,1700.0,42.5,143400.0
P5643,3.3,36.33333333333334,1700.0,43.33333333333334,144100.0
P5644,3.3,36.33333333333334,1700.0,44.16666666666666,144800.0
P5645,3.3,36.33333333333334,1700.0,45.0,145600.0
P5646,3.3,36.33333333333334,1766.666666666667,40.0,141600.0
P5647,3.3,36.33333333333334,1766.666666666667,40.83333333333334,142300.0
P5648,3.3,36.33333333333334,1766.666666666667,41.66666666666666,143100.0
P5649,3.3,36.33333333333334,1766.666666666667,42.5,143800.0
P5650,3.3,36.33333333333334,1766.666666666667,43.33333333333334,144500.0
P5651,3.3,36.33333333333334,1766.666666666667,44.16666666666666,145200.0
P5652,3.3,36.33333333333334,1766.666666666667,45.0,146000.0
P5653,3.3,36.33333333333334,1833.333333333333,40.0,147700.0
P5654,3.3,36.33333333333334,1833.333333333333,40.83333333333334,148400.0
P5655,3.3,36.33333333333334,1833.333333333333,41.66666666666666,149200.0
P5656,3.3,36.33333333333334,1833.333333333333,42.5,149900.0
P5657,3.3,36.33333333333334,1833.333333333333,43.33333333333334,150600.0
P5658,3.3,36.33333333333334,1833.333333333333,44.16666666666666,151300.0
P5659,3.3,36.33333333333334,1833.333333333333,45.0,152100.0
P5660,3.3,36.33333333333334,1900.0,40.0,145300.0
P5661,3.3,36.33333333333334,1900.0,40.83333333333334,146000.0
P5662,3.3,36.33333333333334,1900.0,41.66666666666666,146800.0
P5663,3.3,36.33333333333334,1900.0,42.5,147500.0
P5664,3.3,36.33333333333334,1900.0,43.33333333333334,148200.0
P5665,3.3,36.33333333333334,1900.0,44.16666666666666,148900.0
P5666,3.3,36.33333333333334,1900.0,45.0,149700.0
P5667,3.3,36.33333333333334,1966.666666666667,40.0,156400.0
P5668,3.3,36.33333333333334,1966.666666666667,40.83333333333334,157100.0
P5669,3.3,36.33333333333334,1966.666666666667,41.66666666666666,157900.0
P5670,3.3,36.33333333333334,1966.666666666667,42.5,158600.0
P5671,3.3,36.33333333333334,1966.666666666667,43.33333333333334,159300.0
P5672,3.3,36.33333333333334,1966.666666666667,44.16666666666666,160000.0
P5673,3.3,36.33333333333334,1966.666666666667,45.0,160800.0
P5674,3.3,36.33333333333334,2033.333333333333,40.0,156400.0
P5675,3.3,36.33333333333334,2033.333333333333,40.83333333333334,157100.0
P5676,3.3,36.33333333333334,2033.333333333333,41.66666666666666,157900.0
P5677,3.3,36.33333333333334,2033.333333333333,42.5,158600.0
P5678,3.3,36.33333333333334,2033.333333333333,43.33333333333334,159300.0
P5679,3.3,36.33333333333334,2033.333333333333,44.16666666666666,160000.0
P5680,3.3,36.33333333333334,2033.333333333333,45.0,160800.0
P5681,3.3,36.33333333333334,2100.0,40.0,156600.0
P5682,3.3,36.33333333333334,2100.0,40.83333333333334,157300.0
P5683,3.3,36.33333333333334,2100.0,41.66666666666666,158100.0
P5684,3.3,36.33333333333334,2100.0,42.5,158800.0
P5685,3.3,36.33333333333334,2100.0,43.33333333333334,159500.0
P5686,3.3,36.33333333333334,2100.0,44.16666666666666,160200.0
P5687,3.3,36.33333333333334,2100.0,45.0,161000.0
P5688,3.3,37.0,1700.0,40.0,142800.0
P5689,3.3,37.0,1700.0,40.83333333333334,143500.0
P5690,3.3,37.0,1700.0,41.66666666666666,144300.0
P5691,3.3,37.0,1700.0,42.5,145000.0
P5692,3.3,37.0,1700.0,43.33333333333334,145700.0
P5693,3.3,37.0,1700.0,44.16666666666666,146400.0
P5694,3.3,37.0,1700.0,45.0,147200.0
P5695,3.3,37.0,1766.666666666667,40.0,143200.0
P5696,3.3,37.0,1766.666666666667,40.83333333333334,143900.0
P5697,3.3,37.0,1766.666666666667,41.66666666666666,144700.0
P5698,3.3,37.0,1766.666666666667,42.5,141000.0
P5699,3.3,37.0,1766.666666666667,43.33333333333334,141700.0
P5700,3.3,37.0,1766.666666666667,44.16666666666666,146800.0
P5701,3.3,37.0,1766.666666666667,45.0,147600.0
P5702,3.3,37.0,1833.333333333333,40.0,149400.0
P5703,3.3,37.0,1833.333333333333,40.83333333333334,150100.0
P5704,3.3,37.0,1833.333333333333,41.66666666666666,150900.0
P5705,3.3,37.0,1833.333333333333,42.5,151600.0
P5706,3.3,37.0,1833.333333333333,43.33333333333334,152300.0
P5707,3.3,37.0,1833.333333333333,44.16666666666666,153000.0
P5708,3.3,37.0,1833.333333333333,45.0,153800.0
P5709,3.3,37.0,1900.0,40.0,149400.0
P5710,3.3,37.0,1900.0,40.83333333333334,150100.0
P5711,3.3,37.0,1900.0,41.66666666666666,150900.0
P5712,3.3,37.0,1900.0,42.5,151600.0
P5713,3.3,37.0,1900.0,43.33333333333334,152300.0
P5714,3.3,37.0,1900.0,44.16666666666666,153000.0
P5715,3.3,37.0,1900.0,45.0,153800.0
P5716,3.3,37.0,1966.666666666667,40.0,158300.0
P5717,3.3,37.0,1966.666666666667,40.83333333333334,159000.0
P5718,3.3,37.0,1966.666666666667,41.66666666666666,159800.0
P5719,3.3,37.0,1966.666666666667,42.5,160500.0
P5720,3.3,37.0,1966.666666666667,43.33333333333334,161200.0
P5721,3.3,37.0,1966.666666666667,44.16666666666666,161900.0
P5722,3.3,37.0,1966.666666666667,45.0,162700.0
P5723,3.3,37.0,2033.333333333333,40.0,158300.0
P5724,3.3,37.0,2033.333333333333,40.83333333333334,159000.0
P5725,3.3,37.0,2033.333333333333,41.66666666666666,159800.0
P5726,3.3,37.0,2033.333333333333,42.5,160500.0
P5727,3.3,37.0,2033.333333333333,43.33333333333334,161200.0
P5728,3.3,37.0,2033.333333333333,44.16666666666666,161900.0
P5729,3.3,37.0,2033.333333333333,45.0,162700.0
P5730,3.3,37.0,2100.0,40.0,158500.0
P5731,3.3,37.0,2100.0,40.83333333333334,159200.0
P5732,3.3,37.0,2100.0,41.66666666666666,160000.0
P5733,3.3,37.0,2100.0,42.5,160700.0
P5734,3.3,37.0,2100.0,43.33333333333334,161400.0
P5735,3.3,37.0,2100.0,44.16666666666666,162100.0
P5736,3.3,37.0,2100.0,45.0,162900.0
P5737,3.4,33.0,1700.0,40.0,138600.0
P5738,3.4,33.0,1700.0,40.83333333333334,139300.0
P5739,3.4,33.0,1700.0,41.66666666666666,140100.0
P5740,3.4,33.0,1700.0,42.5,140800.0
P5741,3.4,33.0,1700.0,43.33333333333334,141600.0
P5742,3.4,33.0,1700.0,44.16666666666666,142400.0
P5743,3.4,33.0,1700.0,45.0,143100.0
P5744,3.4,33.0,1766.666666666667,40.0,138600.0
P5745,3.4,33.0,1766.666666666667,40.83333333333334,139300.0
P5746,3.4,33.0,1766.666666666667,41.66666666666666,140100.0
P5747,3.4,33.0,1766.666666666667,42.5,140800.0
P5748,3.4,33.0,1766.666666666667,43.33333333333334,141600.0
P5749,3.4,33.0,1766.666666666667,44.16666666666666,142400.0
P5750,3.4,33.0,1766.666666666667,45.0,143100.0
P5751,3.4,33.0,1833.333333333333,40.0,144300.0
P5752,3.4,33.0,1833.333333333333,40.83333333333334,145000.0
P5753,3.4,33.0,1833.333333333333,41.66666666666666,145800.0
P5754,3.4,33.0,1833.333333333333,42.5,146500.0
P5755,3.4,33.0,1833.333333333333,43.33333333333334,147300.0
P5756,3.4,33.0,1833.333333333333,44.16666666666666,148100.0
P5757,3.4,33.0,1833.333333333333,45.0,148800.0
P5758,3.4,33.0,1900.0,40.0,144300.0
P5759,3.4,33.0,1900.0,40.83333333333334,145000.0
P5760,3.4,33.0,1900.0,41.66666666666666,145800.0
P5761,3.4,33.0,1900.0,42.5,146500.0
P5762,3.4,33.0,1900.0,43.33333333333334,147300.0
P5763,3.4,33.0,1900.0,44.16666666666666,148100.0
P5764,3.4,33.0,1900.0,45.0,148800.0
P5765,3.4,33.0,1966.666666666667,40.0,152400.0
P5766,3.4,33.0,1966.666666666667,40.83333333333334,153100.0
P5767,3.4,33.0,1966.666666666667,41.66666666666666,153900.0
P5768,3.4,33.0,1966.666666666667,42.5,154600.0
P5769,3.4,33.0,1966.666666666667,43.33333333333334,155400.0
P5770,3.4,33.0,1966.666666666667,44.16666666666666,156200.0
P5771,3.4,33.0,1966.666666666667,45.0,156900.0
P5772,3.4,33.0,2033.333333333333,40.0,152400.0
P5773,3.4,33.0,2033.333333333333,40.83333333333334,153100.0
P5774,3.4,33.0,2033.333333333333,41.66666666666666,153900.0
P5775,3.4,33.0,2033.333333333333,42.5,154600.0
P5776,3.4,33.0,2033.333333333333,43.33333333333334,155400.0
P5777,3.4,33.0,2033.333333333333,44.16666666666666,156200.0
P5778,3.4,33.0,2033.333333333333,45.0,156900.0
P5779,3.4,33.0,2100.0,40.0,153000.0
P5780,3.4,33.0,2100.0,40.83333333333334,153700.0
P5781,3.4,33.0,2100.0,41.66666666666666,154500.0
P5782,3.4,33.0,2100.0,42.5,155200.0
P5783,3.4,33.0,2100.0,43.33333333333334,156000.0
P5784,3.4,33.0,2100.0,44.16666666666666,156800.0
P5785,3.4,33.0,2100.0,45.0,157500.0
P5786,3.4,33.66666666666666,1700.0,40.0,140200.0
P5787,3.4,33.66666666666666,1700.0,40.83333333333334,140900.0
P5788,3.4,33.66666666666666,1700.0,41.66666666666666,141700.0
P5789,3.4,33.66666666666666,1700.0,42.5,142400.0
P5790,3.4,33.66666666666666,1700.0,43.33333333333334,143200.0
P5791,3.4,33.66666666666666,1700.0,44.16666666666666,144000.0
P5792,3.4,33.66666666666666,1700.0,45.0,144700.0
P5793,3.4,33.66666666666666,1766.666666666667,40.0,140200.0
P5794,3.4,33.66666666666666,1766.666666666667,40.83333333333334,140900.0
P5795,3.4,33.66666666666666,1766.666666666667,41.66666666666666,141700.0
P5796,3.4,33.66666666666666,1766.666666666667,42.5,142400.0
P5797,3.4,33.66666666666666,1766.666666666667,43.33333333333334,143200.0
P5798,3.4,33.66666666666666,1766.666666666667,44.16666666666666,144000.0
P5799,3.4,33.66666666666666,1766.666666666667,45.0,144700.0
P5800,3.4,33.66666666666666,1833.333333333333,40.0,146100.0
P5801,3.4,33.66666666666666,1833.333333333333,40.83333333333334,146800.0
P5802,3.4,33.66666666666666,1833.333333333333,41.66666666666666,147600.0
P5803,3.4,33.66666666666666,1833.333333333333,42.5,148300.0
P5804,3.4,33.66666666666666,1833.333333333333,43.33333333333334,149100.0
P5805,3.4,33.66666666666666,1833.333333333333,44.16666666666666,149900.0
P5806,3.4,33.66666666666666,1833.333333333333,45.0,150600.0
P5807,3.4,33.66666666666666,1900.0,40.0,146100.0
P5808,3.4,33.66666666666666,1900.0,40.83333333333334,146800.0
P5809,3.4,33.66666666666666,1900.0,41.66666666666666,147600.0
P5810,3.4,33.66666666666666,1900.0,42.5,148300.0
P5811,3.4,33.66666666666666,1900.0,43.33333333333334,149100.0
P5812,3.4,33.66666666666666,1900.0,44.16666666666666,149900.0
P5813,3.4,33.66666666666666,1900.0,45.0,150600.0
P5814,3.4,33.66666666666666,1966.666666666667,40.0,154400.0
P5815,3.4,33.66666666666666,1966.666666666667,40.83333333333334,155100.0
P5816,3.4,33.66666666666666,1966.666666666667,41.66666666666666,155900.0
P5817,3.4,33.66666666666666,1966.666666666667,42.5,156600.0
P5818,3.4,33.66666666666666,1966.666666666667,43.33333333333334,157400.0
P5819,3.4,33.66666666666666,1966.666666666667,44.16666666666666,158200.0
P5820,3.4,33.66666666666666,1966.666666666667,45.0,158900.0
P5821,3.4,33.66666666666666,2033.333333333333,40.0,154400.0
P5822,3.4,33.66666666666666,2033.333333333333,40.83333333333334,155100.0
P5823,3.4,33.66666666666666,2033.333333333333,41.66666666666666,155900.0
P5824,3.4,33.66666666666666,2033.333333333333,42.5,156600.0
P5825,3.4,33.66666666666666,2033.333333333333,43.33333333333334,157400.0
P5826,3.4,33.66666666666666,2033.333333333333,44.16666666666666,158200.0
P5827,3.4,33.66666666666666,2033.333333333333,45.0,158900.0
P5828,3.4,33.66666666666666,2100.0,40.0,163300.0
P5829,3.4,33.66666666666666,2100.0,40.83333333333334,164000.0
P5830,3.4,33.66666666666666,2100.0,41.66666666666666,164800.0
P5831,3.4,33.66666666666666,2100.0,42.5,165500.0
P5832,3.4,33.66666666666666,2100.0,43.33333333333334,166300.0
P5833,3.4,33.66666666666666,2100.0,44.16666666666666,167100.0
P5834,3.4,33.66666666666666,2100.0,45.0,167800.0
P5835,3.4,34.33333333333334,1700.0,40.0,141900.0
P5836,3.4,34.33333333333334,1700.0,40.83333333333334,142600.0
P5837,3.4,34.33333333333334,1700.0,41.66666666666666,143400.0
P5838,3.4,34.33333333333334,1700.0,42.5,144100.0
P5839,3.4,34.33333333333334,1700.0,43.33333333333334,144900.0
P5840,3.4,34.33333333333334,1700.0,44.16666666666666,145700.0
P5841,3.4,34.33333333333334,1700.0,45.0,146400.0
P5842,3.4,34.33333333333334,1766.666666666667,40.0,147800.0
P5843,3.4,34.33333333333334,1766.666666666667,40.83333333333334,148500.0
P5844,3.4,34.33333333333334,1766.666666666667,41.66666666666666,149300.0
P5845,3.4,34.33333333333334,1766.666666666667,42.5,150000.0
P5846,3.4,34.33333333333334,1766.666666666667,43.33333333333334,150800.0
P5847,3.4,34.33333333333334,1766.666666666667,44.16666666666666,151600.0
P5848,3.4,34.33333333333334,1766.666666666667,45.0,152300.0
P5849,3.4,34.33333333333334,1833.333333333333,40.0,147800.0
P5850,3.4,34.33333333333334,1833.333333333333,40.83333333333334,148500.0
P5851,3.4,34.33333333333334,1833.333333333333,41.66666666666666,149300.0
P5852,3.4,34.33333333333334,1833.333333333333,42.5,150000.0
P5853,3.4,34.33333333333334,1833.333333333333,43.33333333333334,150800.0
P5854,3.4,34.33333333333334,1833.333333333333,44.16666666666666,151600.0
P5855,3.4,34.33333333333334,1833.333333333333,45.0,152300.0
P5856,3.4,34.33333333333334,1900.0,40.0,147800.0
P5857,3.4,34.33333333333334,1900.0,40.83333333333334,148500.0
P5858,3.4,34.33333333333334,1900.0,41.66666666666666,149300.0
P5859,3.4,34.33333333333334,1900.0,42.5,150000.0
P5860,3.4,34.33333333333334,1900.0,43.33333333333334,150800.0
P5861,3.4,34.33333333333334,1900.0,44.16666666666666,151600.0
P5862,3.4,34.33333333333334,1900.0,45.0,160800.0
P5863,3.4,34.33333333333334,1966.666666666667,40.0,156300.0
P5864,3.4,34.33333333333334,1966.666666666667,40.83333333333334,157000.0
P5865,3.4,34.33333333333334,1966.666666666667,41.66666666666666,157800.0
P5866,3.4,34.33333333333334,1966.666666666667,42.5,158500.0
P5867,3.4,34.33333333333334,1966.666666666667,43.33333333333334,159300.0
P5868,3.4,34.33333333333334,1966.666666666667,44.16666666666666,160100.0
P5869,3.4,34.33333333333334,1966.666666666667,45.0,160800.0
P5870,3.4,34.33333333333334,2033.333333333333,40.0,156300.0
P5871,3.4,34.33333333333334,2033.333333333333,40.83333333333334,157000.0
P5872,3.4,34.33333333333334,2033.333333333333,41.66666666666666,157800.0
P5873,3.4,34.33333333333334,2033.333333333333,42.5,158500.0
P5874,3.4,34.33333333333334,2033.333333333333,43.33333333333334,159300.0
P5875,3.4,34.33333333333334,2033.333333333333,44.16666666666666,160100.0
P5876,3.4,34.33333333333334,2033.333333333333,45.0,160800.0
P5877,3.4,34.33333333333334,2100.0,40.0,165400.0
P5878,3.4,34.33333333333334,2100.0,40.83333333333334,166100.0
P5879,3.4,34.33333333333334,2100.0,41.66666666666666,166900.0
P5880,3.4,34.33333333333334,2100.0,42.5,167600.0
P5881,3.4,34.33333333333334,2100.0,43.33333333333334,168400.0
P5882,3.4,34.33333333333334,2100.0,44.16666666666666,169200.0
P5883,3.4,34.33333333333334,2100.0,45.0,169900.0
P5884,3.4,35.0,1700.0,40.0,143500.0
P5885,3.4,35.0,1700.0,40.83333333333334,144200.0
P5886,3.4,35.0,1700.0,41.66666666666666,145000.0
P5887,3.4,35.0,1700.0,42.5,145700.0
P5888,3.4,35.0,1700.0,43.33333333333334,146500.0
P5889,3.4,35.0,1700.0,44.16666666666666,147300.0
P5890,3.4,35.0,1700.0,45.0,148000.0
P5891,3.4,35.0,1766.666666666667,40.0,149600.0
P5892,3.4,35.0,1766.666666666667,40.83333333333334,150300.0
P5893,3.4,35.0,1766.666666666667,41.66666666666666,151100.0
P5894,3.4,35.0,1766.666666666667,42.5,151800.0
P5895,3.4,35.0,1766.666666666667,43.33333333333334,152600.0
P5896,3.4,35.0,1766.666666666667,44.16666666666666,153400.0
P5897,3.4,35.0,1766.666666666667,45.0,154100.0
P5898,3.4,35.0,1833.333333333333,40.0,149600.0
P5899,3.4,35.0,1833.333333333333,40.83333333333334,150300.0
P5900,3.4,35.0,1833.333333333333,41.66666666666666,151100.0
P5901,3.4,35.0,1833.333333333333,42.5,151800.0
P5902,3.4,35.0,1833.333333333333,43.33333333333334,152600.0
P5903,3.4,35.0,1833.333333333333,44.16666666666666,153400.0
P5904,3.4,35.0,1833.333333333333,45.0,154100.0
P5905,3.4,35.0,1900.0,40.0,158200.0
P5906,3.4,35.0,1900.0,40.83333333333334,158900.0
P5907,3.4,35.0,1900.0,41.66666666666666,159700.0
P5908,3.4,35.0,1900.0,42.5,160400.0
P5909,3.4,35.0,1900.0,43.33333333333334,161200.0
P5910,3.4,35.0,1900.0,44.16666666666666,162000.0
P5911,3.4,35.0,1900.0,45.0,162700.0
P5912,3.4,35.0,1966.666666666667,40.0,158200.0
P5913,3.4,35.0,1966.666666666667,40.83333333333334,158900.0
P5914,3.4,35.0,1966.666666666667,41.66666666666666,159700.0
P5915,3.4,35.0,1966.666666666667,42.5,160400.0
P5916,3.4,35.0,1966.666666666667,43.33333333333334,161200.0
P5917,3.4,35.0,1966.666666666667,44.16666666666666,162000.0
P5918,3.4,35.0,1966.666666666667,45.0,162700.0
P5919,3.4,35.0,2033.333333333333,40.0,158200.0
P5920,3.4,35.0,2033.333333333333,40.83333333333334,158900.0
P5921,3.4,35.0,2033.333333333333,41.66666666666666,159700.0
P5922,3.4,35.0,2033.333333333333,42.5,160400.0
P5923,3.4,35.0,2033.333333333333,43.33333333333334,161200.0
P5924,3.4,35.0,2033.333333333333,44.16666666666666,162000.0
P5925,3.4,35.0,2033.333333333333,45.0,162700.0
P5926,3.4,35.0,2100.0,40.0,167500.0
P5927,3.4,35.0,2100.0,40.83333333333334,168200.0
P5928,3.4,35.0,2100.0,41.66666666666666,169000.0
P5929,3.4,35.0,2100.0,42.5,169700.0
P5930,3.4,35.0,2100.0,43.33333333333334,170500.0
P5931,3.4,35.0,2100.0,44.16666666666666,171300.0
P5932,3.4,35.0,2100.0,45.0,172000.0
P5933,3.4,35.66666666666666,1700.0,40.0,145200.0
P5934,3.4,35.66666666666666,1700.0,40.83333333333334,145900.0
P5935,3.4,35.66666666666666,1700.0,41.66666666666666,146700.0
P5936,3.4,35.66666666666666,1700.0,42.5,147400.0
P5937,3.4,35.66666666666666,1700.0,43.33333333333334,148200.0
P5938,3.4,35.66666666666666,1700.0,44.16666666666666,149000.0
P5939,3.4,35.66666666666666,1700.0,45.0,149700.0
P5940,3.4,35.66666666666666,1766.666666666667,40.0,151400.0
P5941,3.4,35.66666666666666,1766.666666666667,40.83333333333334,152100.0
P5942,3.4,35.66666666666666,1766.666666666667,41.66666666666666,152900.0
P5943,3.4,35.66666666666666,1766.666666666667,42.5,153600.0
P5944,3.4,35.66666666666666,1766.666666666667,43.33333333333334,154400.0
P5945,3.4,35.66666666666666,1766.666666666667,44.16666666666666,155200.0
P5946,3.4,35.66666666666666,1766.666666666667,45.0,155900.0
P5947,3.4,35.66666666666666,1833.333333333333,40.0,151400.0
P5948,3.4,35.66666666666666,1833.333333333333,40.83333333333334,152100.0
P5949,3.4,35.66666666666666,1833.333333333333,41.66666666666666,152900.0
P5950,3.4,35.66666666666666,1833.333333333333,42.5,153600.0
P5951,3.4,35.66666666666666,1833.333333333333,43.33333333333334,154400.0
P5952,3.4,35.66666666666666,1833.333333333333,44.16666666666666,155200.0
P5953,3.4,35.66666666666666,1833.333333333333,45.0,155900.0
P5954,3.4,35.66666666666666,1900.0,40.0,160200.0
P5955,3.4,35.66666666666666,1900.0,40.83333333333334,160900.0
P5956,3.4,35.66666666666666,1900.0,41.66666666666666,161700.0
P5957,3.4,35.66666666666666,1900.0,42.5,162400.0
P5958,3.4,35.66666666666666,1900.0,43.33333333333334,163200.0
P5959,3.4,35.66666666666666,1900.0,44.16666666666666,164000.0
P5960,3.4,35.66666666666666,1900.0,45.0,164700.0
P5961,3.4,35.66666666666666,1966.666666666667,40.0,160200.0
P5962,3.4,35.66666666666666,1966.666666666667,40.83333333333334,160900.0
P5963,3.4,35.66666666666666,1966.666666666667,41.66666666666666,161700.0
P5964,3.4,35.66666666666666,1966.666666666667,42.5,162400.0
P5965,3.4,35.66666666666666,1966.666666666667,43.33333333333334,163200.0
P5966,3.4,35.66666666666666,1966.666666666667,44.16666666666666,164000.0
P5967,3.4,35.66666666666666,1966.666666666667,45.0,164700.0
P5968,3.4,35.66666666666666,2033.333333333333,40.0,160500.0
P5969,3.4,35.66666666666666,2033.333333333333,40.83333333333334,161200.0
P5970,3.4,35.66666666666666,2033.333333333333,41.66666666666666,162000.0
P5971,3.4,35.66666666666666,2033.333333333333,42.5,162700.0
P5972,3.4,35.66666666666666,2033.333333333333,43.33333333333334,163500.0
P5973,3.4,35.66666666666666,2033.333333333333,44.16666666666666,164300.0
P5974,3.4,35.66666666666666,2033.333333333333,45.0,165000.0
P5975,3.4,35.66666666666666,2100.0,40.0,169600.0
P5976,3.4,35.66666666666666,2100.0,40.83333333333334,170300.0
P5977,3.4,35.66666666666666,2100.0,41.66666666666666,171100.0
P5978,3.4,35.66666666666666,2100.0,42.5,171800.0
P5979,3.4,35.66666666666666,2100.0,43.33333333333334,172600.0
P5980,3.4,35.66666666666666,2100.0,44.16666666666666,173400.0
P5981,3.4,35.66666666666666,2100.0,45.0,174100.0
P5982,3.4,36.33333333333334,1700.0,40.0,146900.0
P5983,3.4,36.33333333333334,1700.0,40.83333333333334,147600.0
P5984,3.4,36.33333333333334,1700.0,41.66666666666666,148400.0
P5985,3.4,36.33333333333334,1700.0,42.5,149100.0
P5986,3.4,36.33333333333334,1700.0,43.33333333333334,149900.0
P5987,3.4,36.33333333333334,1700.0,44.16666666666666,150700.0
P5988,3.4,36.33333333333334,1700.0,45.0,151400.0
P5989,3.4,36.33333333333334,1766.666666666667,40.0,153200.0
P5990,3.4,36.33333333333334,1766.666666666667,40.83333333333334,153900.0
P5991,3.4,36.33333333333334,1766.666666666667,41.66666666666666,154700.0
P5992,3.4,36.33333333333334,1766.666666666667,42.5,155400.0
P5993,3.4,36.33333333333334,1766.666666666667,43.33333333333334,156200.0
P5994,3.4,36.33333333333334,1766.666666666667,44.16666666666666,157000.0
P5995,3.4,36.33333333333334,1766.666666666667,45.0,157700.0
P5996,3.4,36.33333333333334,1833.333333333333,40.0,153200.0
P5997,3.4,36.33333333333334,1833.333333333333,40.83333333333334,153900.0
P5998,3.4,36.33333333333334,1833.333333333333,41.66666666666666,154700.0
P5999,3.4,36.33333333333334,1833.333333333333,42.5,155400.0
P6000,3.4,36.33333333333334,1833.333333333333,43.33333333333334,156200.0
P6001,3.4,36.33333333333334,1833.333333333333,44.16666666666666,157000.0
P6002,3.4,36.33333333333334,1833.333333333333,45.0,157700.0
P6003,3.4,36.33333333333334,1900.0,40.0,162100.0
P6004,3.4,36.33333333333334,1900.0,40.83333333333334,162800.0
P6005,3.4,36.33333333333334,1900.0,41.66666666666666,163600.0
P6006,3.4,36.33333333333334,1900.0,42.5,164300.0
P6007,3.4,36.33333333333334,1900.0,43.33333333333334,165100.0
P6008,3.4,36.33333333333334,1900.0,44.16666666666666,165900.0
P6009,3.4,36.33333333333334,1900.0,45.0,166600.0
P6010,3.4,36.33333333333334,1966.666666666667,40.0,162100.0
P6011,3.4,36.33333333333334,1966.666666666667,40.83333333333334,162800.0
P6012,3.4,36.33333333333334,1966.666666666667,41.66666666666666,163600.0
P6013,3.4,36.33333333333334,1966.666666666667,42.5,164300.0
P6014,3.4,36.33333333333334,1966.666666666667,43.33333333333334,165100.0
P6015,3.4,36.33333333333334,1966.666666666667,44.16666666666666,165900.0
P6016,3.4,36.33333333333334,1966.666666666667,45.0,166600.0
P6017,3.4,36.33333333333334,2033.333333333333,40.0,162400.0
P6018,3.4,36.33333333333334,2033.333333333333,40.83333333333334,163100.0
P6019,3.4,36.33333333333334,2033.333333333333,41.66666666666666,163900.0
P6020,3.4,36.33333333333334,2033.333333333333,42.5,164600.0
P6021,3.4,36.33333333333334,2033.333333333333,43.33333333333334,165400.0
P6022,3.4,36.33333333333334,2033.333333333333,44.16666666666666,166200.0
P6023,3.4,36.33333333333334,2033.333333333333,45.0,166900.0
P6024,3.4,36.33333333333334,2100.0,40.0,171700.0
P6025,3.4,36.33333333333334,2100.0,40.83333333333334,172400.0
P6026,3.4,36.33333333333334,2100.0,41.66666666666666,173200.0
P6027,3.4,36.33333333333334,2100.0,42.5,173900.0
P6028,3.4,36.33333333333334,2100.0,43.33333333333334,174700.0
P6029,3.4,36.33333333333334,2100.0,44.16666666666666,175500.0
P6030,3.4,36.33333333333334,2100.0,45.0,176200.0
P6031,3.4,37.0,1700.0,40.0,148500.0
P6032,3.4,37.0,1700.0,40.83333333333334,149200.0
P6033,3.4,37.0,1700.0,41.66666666666666,150000.0
P6034,3.4,37.0,1700.0,42.5,150700.0
P6035,3.4,37.0,1700.0,43.33333333333334,151500.0
P6036,3.4,37.0,1700.0,44.16666666666666,152300.0
P6037,3.4,37.0,1700.0,45.0,153000.0
P6038,3.4,37.0,1766.666666666667,40.0,154900.0
P6039,3.4,37.0,1766.666666666667,40.83333333333334,155600.0
P6040,3.4,37.0,1766.666666666667,41.66666666666666,156400.0
P6041,3.4,37.0,1766.666666666667,42.5,157100.0
P6042,3.4,37.0,1766.666666666667,43.33333333333334,157900.0
P6043,3.4,37.0,1766.666666666667,44.16666666666666,152600.0
P6044,3.4,37.0,1766.666666666667,45.0,153300.0
P6045,3.4,37.0,1833.333333333333,40.0,154900.0
P6046,3.4,37.0,1833.333333333333,40.83333333333334,155600.0
P6047,3.4,37.0,1833.333333333333,41.66666666666666,156400.0
P6048,3.4,37.0,1833.333333333333,42.5,157100.0
P6049,3.4,37.0,1833.333333333333,43.33333333333334,157900.0
P6050,3.4,37.0,1833.333333333333,44.16666666666666,158700.0
P6051,3.4,37.0,1833.333333333333,45.0,159400.0
P6052,3.4,37.0,1900.0,40.0,164100.0
P6053,3.4,37.0,1900.0,40.83333333333334,164800.0
P6054,3.4,37.0,1900.0,41.66666666666666,165600.0
P6055,3.4,37.0,1900.0,42.5,166300.0
P6056,3.4,37.0,1900.0,43.33333333333334,167100.0
P6057,3.4,37.0,1900.0,44.16666666666666,167900.0
P6058,3.4,37.0,1900.0,45.0,168600.0
P6059,3.4,37.0,1966.666666666667,40.0,164100.0
P6060,3.4,37.0,1966.666666666667,40.83333333333334,164800.0
P6061,3.4,37.0,1966.666666666667,41.66666666666666,165600.0
P6062,3.4,37.0,1966.666666666667,42.5,166300.0
P6063,3.4,37.0,1966.666666666667,43.33333333333334,167100.0
P6064,3.4,37.0,1966.666666666667,44.16666666666666,167900.0
P6065,3.4,37.0,1966.666666666667,45.0,168600.0
P6066,3.4,37.0,2033.333333333333,40.0,164400.0
P6067,3.4,37.0,2033.333333333333,40.83333333333334,165100.0
P6068,3.4,37.0,2033.333333333333,41.66666666666666,165900.0
P6069,3.4,37.0,2033.333333333333,42.5,166600.0
P6070,3.4,37.0,2033.333333333333,43.33333333333334,167400.0
P6071,3.4,37.0,2033.333333333333,44.16666666666666,168200.0
P6072,3.4,37.0,2033.333333333333,45.0,168900.0
P6073,3.4,37.0,2100.0,40.0,173800.0
P6074,3.4,37.0,2100.0,40.83333333333334,174500.0
P6075,3.4,37.0,2100.0,41.66666666666666,175300.0
P6076,3.4,37.0,2100.0,42.5,176000.0
P6077,3.4,37.0,2100.0,43.33333333333334,176800.0
P6078,3.4,37.0,2100.0,44.16666666666666,177600.0
P6079,3.4,37.0,2100.0,45.0,178300.0
P6080,3.5,33.0,1700.0,40.0,140100.0
P6081,3.5,33.0,1700.0,40.83333333333334,141000.0
P6082,3.5,33.0,1700.0,41.66666666666666,141800.0
P6083,3.5,33.0,1700.0,42.5,142600.0
P6084,3.5,33.0,1700.0,43.33333333333334,143400.0
P6085,3.5,33.0,1700.0,44.16666666666666,144200.0
P6086,3.5,33.0,1700.0,45.0,145000.0
P6087,3.5,33.0,1766.666666666667,40.0,149600.0
P6088,3.5,33.0,1766.666666666667,40.83333333333334,150500.0
P6089,3.5,33.0,1766.666666666667,41.66666666666666,151300.0
P6090,3.5,33.0,1766.666666666667,42.5,152100.0
P6091,3.5,33.0,1766.666666666667,43.33333333333334,152900.0
P6092,3.5,33.0,1766.666666666667,44.16666666666666,153700.0
P6093,3.5,33.0,1766.666666666667,45.0,154500.0
P6094,3.5,33.0,1833.333333333333,40.0,146200.0
P6095,3.5,33.0,1833.333333333333,40.83333333333334,147100.0
P6096,3.5,33.0,1833.333333333333,41.66666666666666,147900.0
P6097,3.5,33.0,1833.333333333333,42.5,148700.0
P6098,3.5,33.0,1833.333333333333,43.33333333333334,149500.0
P6099,3.5,33.0,1833.333333333333,44.16666666666666,150300.0
P6100,3.5,33.0,1833.333333333333,45.0,151100.0
P6101,3.5,33.0,1900.0,40.0,158000.0
P6102,3.5,33.0,1900.0,40.83333333333334,158900.0
P6103,3.5,33.0,1900.0,41.66666666666666,159700.0
P6104,3.5,33.0,1900.0,42.5,160500.0
P6105,3.5,33.0,1900.0,43.33333333333334,161300.0
P6106,3.5,33.0,1900.0,44.16666666666666,162100.0
P6107,3.5,33.0,1900.0,45.0,162900.0
P6108,3.5,33.0,1966.666666666667,40.0,158000.0
P6109,3.5,33.0,1966.666666666667,40.83333333333334,158900.0
P6110,3.5,33.0,1966.666666666667,41.66666666666666,159700.0
P6111,3.5,33.0,1966.666666666667,42.5,160500.0
P6112,3.5,33.0,1966.666666666667,43.33333333333334,161300.0
P6113,3.5,33.0,1966.666666666667,44.16666666666666,162100.0
P6114,3.5,33.0,1966.666666666667,45.0,162900.0
P6115,3.5,33.0,2033.333333333333,40.0,158400.0
P6116,3.5,33.0,2033.333333333333,40.83333333333334,159300.0
P6117,3.5,33.0,2033.333333333333,41.66666666666666,160100.0
P6118,3.5,33.0,2033.333333333333,42.5,160900.0
P6119,3.5,33.0,2033.333333333333,43.33333333333334,161700.0
P6120,3.5,33.0,2033.333333333333,44.16666666666666,162500.0
P6121,3.5,33.0,2033.333333333333,45.0,163300.0
P6122,3.5,33.0,2100.0,40.0,167100.0
P6123,3.5,33.0,2100.0,40.83333333333334,168000.0
P6124,3.5,33.0,2100.0,41.66666666666666,168800.0
P6125,3.5,33.0,2100.0,42.5,169600.0
P6126,3.5,33.0,2100.0,43.33333333333334,170400.0
P6127,3.5,33.0,2100.0,44.16666666666666,171200.0
P6128,3.5,33.0,2100.0,45.0,172000.0
P6129,3.5,33.66666666666666,1700.0,40.0,145500.0
P6130,3.5,33.66666666666666,1700.0,40.83333333333334,146400.0
P6131,3.5,33.66666666666666,1700.0,41.66666666666666,147200.0
P6132,3.5,33.66666666666666,1700.0,42.5,148000.0
P6133,3.5,33.66666666666666,1700.0,43.33333333333334,148800.0
P6134,3.5,33.66666666666666,1700.0,44.16666666666666,149600.0
P6135,3.5,33.66666666666666,1700.0,45.0,150400.0
P6136,3.5,33.66666666666666,1766.666666666667,40.0,151500.0
P6137,3.5,33.66666666666666,1766.666666666667,40.83333333333334,152400.0
P6138,3.5,33.66666666666666,1766.666666666667,41.66666666666666,153200.0
P6139,3.5,33.66666666666666,1766.666666666667,42.5,154000.0
P6140,3.5,33.66666666666666,1766.666666666667,43.33333333333334,154800.0
P6141,3.5,33.66666666666666,1766.666666666667,44.16666666666666,155600.0
P6142,3.5,33.66666666666666,1766.666666666667,45.0,156400.0
P6143,3.5,33.66666666666666,1833.333333333333,40.0,148100.0
P6144,3.5,33.66666666666666,1833.333333333333,40.83333333333334,152400.0
P6145,3.5,33.66666666666666,1833.333333333333,41.66666666666666,153200.0
P6146,3.5,33.66666666666666,1833.333333333333,42.5,154000.0
P6147,3.5,33.66666666666666,1833.333333333333,43.33333333333334,154800.0
P6148,3.5,33.66666666666666,1833.333333333333,44.16666666666666,155600.0
P6149,3.5,33.66666666666666,1833.333333333333,45.0,156400.0
P6150,3.5,33.66666666666666,1900.0,40.0,160100.0
P6151,3.5,33.66666666666666,1900.0,40.83333333333334,161000.0
P6152,3.5,33.66666666666666,1900.0,41.66666666666666,161800.0
P6153,3.5,33.66666666666666,1900.0,42.5,162600.0
P6154,3.5,33.66666666666666,1900.0,43.33333333333334,163400.0
P6155,3.5,33.66666666666666,1900.0,44.16666666666666,164200.0
P6156,3.5,33.66666666666666,1900.0,45.0,165000.0
P6157,3.5,33.66666666666666,1966.666666666667,40.0,160100.0
P6158,3.5,33.66666666666666,1966.666666666667,40.83333333333334,161000.0
P6159,3.5,33.66666666666666,1966.666666666667,41.66666666666666,161800.0
P6160,3.5,33.66666666666666,1966.666666666667,42.5,162600.0
P6161,3.5,33.66666666666666,1966.666666666667,43.33333333333334,163400.0
P6162,3.5,33.66666666666666,1966.666666666667,44.16666666666666,164200.0
P6163,3.5,33.66666666666666,1966.666666666667,45.0,165000.0
P6164,3.5,33.66666666666666,2033.333333333333,40.0,160500.0
P6165,3.5,33.66666666666666,2033.333333333333,40.83333333333334,161400.0
P6166,3.5,33.66666666666666,2033.333333333333,41.66666666666666,162200.0
P6167,3.5,33.66666666666666,2033.333333333333,42.5,163000.0
P6168,3.5,33.66666666666666,2033.333333333333,43.33333333333334,163800.0
P6169,3.5,33.66666666666666,2033.333333333333,44.16666666666666,164600.0
P6170,3.5,33.66666666666666,2033.333333333333,45.0,165400.0
P6171,3.5,33.66666666666666,2100.0,40.0,169300.0
P6172,3.5,33.66666666666666,2100.0,40.83333333333334,170200.0
P6173,3.5,33.66666666666666,2100.0,41.66666666666666,171000.0
P6174,3.5,33.66666666666666,2100.0,42.5,171800.0
P6175,3.5,33.66666666666666,2100.0,43.33333333333334,172600.0
P6176,3.5,33.66666666666666,2100.0,44.16666666666666,173400.0
P6177,3.5,33.66666666666666,2100.0,45.0,174200.0
P6178,3.5,34.33333333333334,1700.0,40.0,147200.0
P6179,3.5,34.33333333333334,1700.0,40.83333333333334,148100.0
P6180,3.5,34.33333333333334,1700.0,41.66666666666666,148900.0
P6181,3.5,34.33333333333334,1700.0,42.5,149700.0
P6182,3.5,34.33333333333334,1700.0,43.33333333333334,150500.0
P6183,3.5,34.33333333333334,1700.0,44.16666666666666,151300.0
P6184,3.5,34.33333333333334,1700.0,45.0,152100.0
P6185,3.5,34.33333333333334,1766.666666666667,40.0,153300.0
P6186,3.5,34.33333333333334,1766.666666666667,40.83333333333334,154200.0
P6187,3.5,34.33333333333334,1766.666666666667,41.66666666666666,155000.0
P6188,3.5,34.33333333333334,1766.666666666667,42.5,155800.0
P6189,3.5,34.33333333333334,1766.666666666667,43.33333333333334,156600.0
P6190,3.5,34.33333333333334,1766.666666666667,44.16666666666666,157400.0
P6191,3.5,34.33333333333334,1766.666666666667,45.0,158200.0
P6192,3.5,34.33333333333334,1833.333333333333,40.0,153300.0
P6193,3.5,34.33333333333334,1833.333333333333,40.83333333333334,154200.0
P6194,3.5,34.33333333333334,1833.333333333333,41.66666666666666,155000.0
P6195,3.5,34.33333333333334,1833.333333333333,42.5,155800.0
P6196,3.5,34.33333333333334,1833.333333333333,43.33333333333334,156600.0
P6197,3.5,34.33333333333334,1833.333333333333,44.16666666666666,157400.0
P6198,3.5,34.33333333333334,1833.333333333333,45.0,158200.0
P6199,3.5,34.33333333333334,1900.0,40.0,162100.0
P6200,3.5,34.33333333333334,1900.0,40.83333333333334,163000.0
P6201,3.5,34.33333333333334,1900.0,41.66666666666666,163800.0
P6202,3.5,34.33333333333334,1900.0,42.5,164600.0
P6203,3.5,34.33333333333334,1900.0,43.33333333333334,165400.0
P6204,3.5,34.33333333333334,1900.0,44.16666666666666,166200.0
P6205,3.5,34.33333333333334,1900.0,45.0,167000.0
P6206,3.5,34.33333333333334,1966.666666666667,40.0,162100.0
P6207,3.5,34.33333333333334,1966.666666666667,40.83333333333334,163000.0
P6208,3.5,34.33333333333334,1966.666666666667,41.66666666666666,163800.0
P6209,3.5,34.33333333333334,1966.666666666667,42.5,164600.0
P6210,3.5,34.33333333333334,1966.666666666667,43.33333333333334,165400.0
P6211,3.5,34.33333333333334,1966.666666666667,44.16666666666666,166200.0
P6212,3.5,34.33333333333334,1966.666666666667,45.0,167000.0
P6213,3.5,34.33333333333334,2033.333333333333,40.0,171200.0
P6214,3.5,34.33333333333334,2033.333333333333,40.83333333333334,172100.0
P6215,3.5,34.33333333333334,2033.333333333333,41.66666666666666,172900.0
P6216,3.5,34.33333333333334,2033.333333333333,42.5,173700.0
P6217,3.5,34.33333333333334,2033.333333333333,43.33333333333334,174500.0
P6218,3.5,34.33333333333334,2033.333333333333,44.16666666666666,175300.0
P6219,3.5,34.33333333333334,2033.333333333333,45.0,176100.0
P6220,3.5,34.33333333333334,2100.0,40.0,171500.0
P6221,3.5,34.33333333333334,2100.0,40.83333333333334,172400.0
P6222,3.5,34.33333333333334,2100.0,41.66666666666666,173200.0
P6223,3.5,34.33333333333334,2100.0,42.5,174000.0
P6224,3.5,34.33333333333334,2100.0,43.33333333333334,174800.0
P6225,3.5,34.33333333333334,2100.0,44.16666666666666,175600.0
P6226,3.5,34.33333333333334,2100.0,45.0,176400.0
P6227,3.5,35.0,1700.0,40.0,149200.0
P6228,3.5,35.0,1700.0,40.83333333333334,150100.0
P6229,3.5,35.0,1700.0,41.66666666666666,150900.0
P6230,3.5,35.0,1700.0,42.5,151700.0
P6231,3.5,35.0,1700.0,43.33333333333334,152500.0
P6232,3.5,35.0,1700.0,44.16666666666666,153300.0
P6233,3.5,35.0,1700.0,45.0,154100.0
P6234,3.5,35.0,1766.666666666667,40.0,155200.0
P6235,3.5,35.0,1766.666666666667,40.83333333333334,156100.0
P6236,3.5,35.0,1766.666666666667,41.66666666666666,156900.0
P6237,3.5,35.0,1766.666666666667,42.5,157700.0
P6238,3.5,35.0,1766.666666666667,43.33333333333334,158500.0
P6239,3.5,35.0,1766.666666666667,44.16666666666666,159300.0
P6240,3.5,35.0,1766.666666666667,45.0,160100.0
P6241,3.5,35.0,1833.333333333333,40.0,155200.0
P6242,3.5,35.0,1833.333333333333,40.83333333333334,156100.0
P6243,3.5,35.0,1833.333333333333,41.66666666666666,156900.0
P6244,3.5,35.0,1833.333333333333,42.5,157700.0
P6245,3.5,35.0,1833.333333333333,43.33333333333334,158500.0
P6246,3.5,35.0,1833.333333333333,44.16666666666666,159300.0
P6247,3.5,35.0,1833.333333333333,45.0,156300.0
P6248,3.5,35.0,1900.0,40.0,164100.0
P6249,3.5,35.0,1900.0,40.83333333333334,165000.0
P6250,3.5,35.0,1900.0,41.66666666666666,165800.0
P6251,3.5,35.0,1900.0,42.5,166600.0
P6252,3.5,35.0,1900.0,43.33333333333334,167400.0
P6253,3.5,35.0,1900.0,44.16666666666666,168200.0
P6254,3.5,35.0,1900.0,45.0,169000.0
P6255,3.5,35.0,1966.666666666667,40.0,164100.0
P6256,3.5,35.0,1966.666666666667,40.83333333333334,165000.0
P6257,3.5,35.0,1966.666666666667,41.66666666666666,165800.0
P6258,3.5,35.0,1966.666666666667,42.5,166600.0
P6259,3.5,35.0,1966.666666666667,43.33333333333334,167400.0
P6260,3.5,35.0,1966.666666666667,44.16666666666666,168200.0
P6261,3.5,35.0,1966.666666666667,45.0,169000.0
P6262,3.5,35.0,2033.333333333333,40.0,173400.0
P6263,3.5,35.0,2033.333333333333,40.83333333333334,174300.0
P6264,3.5,35.0,2033.333333333333,41.66666666666666,175100.0
P6265,3.5,35.0,2033.333333333333,42.5,175900.0
P6266,3.5,35.0,2033.333333333333,43.33333333333334,176700.0
P6267,3.5,35.0,2033.333333333333,44.16666666666666,177500.0
P6268,3.5,35.0,2033.333333333333,45.0,178300.0
P6269,3.5,35.0,2100.0,40.0,173700.0
P6270,3.5,35.0,2100.0,40.83333333333334,174600.0
P6271,3.5,35.0,2100.0,41.66666666666666,175400.0
P6272,3.5,35.0,2100.0,42.5,176200.0
P6273,3.5,35.0,2100.0,43.33333333333334,177000.0
P6274,3.5,35.0,2100.0,44.16666666666666,177800.0
P6275,3.5,35.0,2100.0,45.0,178600.0
P6276,3.5,35.66666666666666,1700.0,40.0,146900.0
P6277,3.5,35.66666666666666,1700.0,40.83333333333334,147800.0
P6278,3.5,35.66666666666666,1700.0,41.66666666666666,148600.0
P6279,3.5,35.66666666666666,1700.0,42.5,149400.0
P6280,3.5,35.66666666666666,1700.0,43.33333333333334,150200.0
P6281,3.5,35.66666666666666,1700.0,44.16666666666666,151000.0
P6282,3.5,35.66666666666666,1700.0,45.0,151800.0
P6283,3.5,35.66666666666666,1766.666666666667,40.0,157000.0
P6284,3.5,35.66666666666666,1766.666666666667,40.83333333333334,157900.0
P6285,3.5,35.66666666666666,1766.666666666667,41.66666666666666,158700.0
P6286,3.5,35.66666666666666,1766.666666666667,42.5,159500.0
P6287,3.5,35.66666666666666,1766.666666666667,43.33333333333334,160300.0
P6288,3.5,35.66666666666666,1766.666666666667,44.16666666666666,161100.0
P6289,3.5,35.66666666666666,1766.666666666667,45.0,161900.0
P6290,3.5,35.66666666666666,1833.333333333333,40.0,153200.0
P6291,3.5,35.66666666666666,1833.333333333333,40.83333333333334,154100.0
P6292,3.5,35.66666666666666,1833.333333333333,41.66666666666666,154900.0
P6293,3.5,35.66666666666666,1833.333333333333,42.5,155700.0
P6294,3.5,35.66666666666666,1833.333333333333,43.33333333333334,156500.0
P6295,3.5,35.66666666666666,1833.333333333333,44.16666666666666,157300.0
P6296,3.5,35.66666666666666,1833.333333333333,45.0,158100.0
P6297,3.5,35.66666666666666,1900.0,40.0,166100.0
P6298,3.5,35.66666666666666,1900.0,40.83333333333334,167000.0
P6299,3.5,35.66666666666666,1900.0,41.66666666666666,167800.0
P6300,3.5,35.66666666666666,1900.0,42.5,168600.0
P6301,3.5,35.66666666666666,1900.0,43.33333333333334,169400.0
P6302,3.5,35.66666666666666,1900.0,44.16666666666666,170200.0
P6303,3.5,35.66666666666666,1900.0,45.0,171000.0
P6304,3.5,35.66666666666666,1966.666666666667,40.0,166500.0
P6305,3.5,35.66666666666666,1966.666666666667,40.83333333333334,167400.0
P6306,3.5,35.66666666666666,1966.666666666667,41.66666666666666,168200.0
P6307,3.5,35.66666666666666,1966.666666666667,42.5,169000.0
P6308,3.5,35.66666666666666,1966.666666666667,43.33333333333334,169800.0
P6309,3.5,35.66666666666666,1966.666666666667,44.16666666666666,170600.0
P6310,3.5,35.66666666666666,1966.666666666667,45.0,171400.0
P6311,3.5,35.66666666666666,2033.333333333333,40.0,175500.0
P6312,3.5,35.66666666666666,2033.333333333333,40.83333333333334,176400.0
P6313,3.5,35.66666666666666,2033.333333333333,41.66666666666666,177200.0
P6314,3.5,35.66666666666666,2033.333333333333,42.5,178000.0
P6315,3.5,35.66666666666666,2033.333333333333,43.33333333333334,178800.0
P6316,3.5,35.66666666666666,2033.333333333333,44.16666666666666,179600.0
P6317,3.5,35.66666666666666,2033.333333333333,45.0,180400.0
P6318,3.5,35.66666666666666,2100.0,40.0,175800.0
P6319,3.5,35.66666666666666,2100.0,40.83333333333334,176700.0
P6320,3.5,35.66666666666666,2100.0,41.66666666666666,177500.0
P6321,3.5,35.66666666666666,2100.0,42.5,178300.0
P6322,3.5,35.66666666666666,2100.0,43.33333333333334,179100.0
P6323,3.5,35.66666666666666,2100.0,44.16666666666666,179900.0
P6324,3.5,35.66666666666666,2100.0,45.0,180700.0
P6325,3.5,36.33333333333334,1700.0,40.0,148500.0
P6326,3.5,36.33333333333334,1700.0,40.83333333333334,149400.0
P6327,3.5,36.33333333333334,1700.0,41.66666666666666,150200.0
P6328,3.5,36.33333333333334,1700.0,42.5,151000.0
P6329,3.5,36.33333333333334,1700.0,43.33333333333334,151800.0
P6330,3.5,36.33333333333334,1700.0,44.16666666666666,152600.0
P6331,3.5,36.33333333333334,1700.0,45.0,153400.0
P6332,3.5,36.33333333333334,1766.666666666667,40.0,158800.0
P6333,3.5,36.33333333333334,1766.666666666667,40.83333333333334,159700.0
P6334,3.5,36.33333333333334,1766.666666666667,41.66666666666666,160500.0
P6335,3.5,36.33333333333334,1766.666666666667,42.5,161300.0
P6336,3.5,36.33333333333334,1766.666666666667,43.33333333333334,162100.0
P6337,3.5,36.33333333333334,1766.666666666667,44.16666666666666,162900.0
P6338,3.5,36.33333333333334,1766.666666666667,45.0,163700.0
P6339,3.5,36.33333333333334,1833.333333333333,40.0,154900.0
P6340,3.5,36.33333333333334,1833.333333333333,40.83333333333334,155800.0
P6341,3.5,36.33333333333334,1833.333333333333,41.66666666666666,156600.0
P6342,3.5,36.33333333333334,1833.333333333333,42.5,157400.0
P6343,3.5,36.33333333333334,1833.333333333333,43.33333333333334,158200.0
P6344,3.5,36.33333333333334,1833.333333333333,44.16666666666666,159000.0
P6345,3.5,36.33333333333334,1833.333333333333,45.0,159800.0
P6346,3.5,36.33333333333334,1900.0,40.0,168100.0
P6347,3.5,36.33333333333334,1900.0,40.83333333333334,169000.0
P6348,3.5,36.33333333333334,1900.0,41.66666666666666,169800.0
P6349,3.5,36.33333333333334,1900.0,42.5,170600.0
P6350,3.5,36.33333333333334,1900.0,43.33333333333334,171400.0
P6351,3.5,36.33333333333334,1900.0,44.16666666666666,172200.0
P6352,3.5,36.33333333333334,1900.0,45.0,173000.0
P6353,3.5,36.33333333333334,1966.666666666667,40.0,168500.0
P6354,3.5,36.33333333333334,1966.666666666667,40.83333333333334,169400.0
P6355,3.5,36.33333333333334,1966.666666666667,41.66666666666666,170200.0
P6356,3.5,36.33333333333334,1966.666666666667,42.5,171000.0
P6357,3.5,36.33333333333334,1966.666666666667,43.33333333333334,171800.0
P6358,3.5,36.33333333333334,1966.666666666667,44.16666666666666,172600.0
P6359,3.5,36.33333333333334,1966.666666666667,45.0,173400.0
P6360,3.5,36.33333333333334,2033.333333333333,40.0,177700.0
P6361,3.5,36.33333333333334,2033.333333333333,40.83333333333334,178600.0
P6362,3.5,36.33333333333334,2033.333333333333,41.66666666666666,179400.0
P6363,3.5,36.33333333333334,2033.333333333333,42.5,180200.0
P6364,3.5,36.33333333333334,2033.333333333333,43.33333333333334,181000.0
P6365,3.5,36.33333333333334,2033.333333333333,44.16666666666666,181800.0
P6366,3.5,36.33333333333334,2033.333333333333,45.0,182600.0
P6367,3.5,36.33333333333334,2100.0,40.0,178000.0
P6368,3.5,36.33333333333334,2100.0,40.83333333333334,178900.0
P6369,3.5,36.33333333333334,2100.0,41.66666666666666,179700.0
P6370,3.5,36.33333333333334,2100.0,42.5,180500.0
P6371,3.5,36.33333333333334,2100.0,43.33333333333334,181300.0
P6372,3.5,36.33333333333334,2100.0,44.16666666666666,182100.0
P6373,3.5,36.33333333333334,2100.0,45.0,182900.0
P6374,3.5,37.0,1700.0,40.0,150400.0
P6375,3.5,37.0,1700.0,40.83333333333334,151300.0
P6376,3.5,37.0,1700.0,41.66666666666666,152100.0
P6377,3.5,37.0,1700.0,42.5,152900.0
P6378,3.5,37.0,1700.0,43.33333333333334,153700.0
P6379,3.5,37.0,1700.0,44.16666666666666,154500.0
P6380,3.5,37.0,1700.0,45.0,155300.0
P6381,3.5,37.0,1766.666666666667,40.0,160700.0
P6382,3.5,37.0,1766.666666666667,40.83333333333334,161600.0
P6383,3.5,37.0,1766.666666666667,41.66666666666666,162400.0
P6384,3.5,37.0,1766.666666666667,42.5,163200.0
P6385,3.5,37.0,1766.666666666667,43.33333333333334,164000.0
P6386,3.5,37.0,1766.666666666667,44.16666666666666,164800.0
P6387,3.5,37.0,1766.666666666667,45.0,165600.0
P6388,3.5,37.0,1833.333333333333,40.0,156900.0
P6389,3.5,37.0,1833.333333333333,40.83333333333334,157800.0
P6390,3.5,37.0,1833.333333333333,41.66666666666666,158600.0
P6391,3.5,37.0,1833.333333333333,42.5,159400.0
P6392,3.5,37.0,1833.333333333333,43.33333333333334,160200.0
P6393,3.5,37.0,1833.333333333333,44.16666666666666,161000.0
P6394,3.5,37.0,1833.333333333333,45.0,161800.0
P6395,3.5,37.0,1900.0,40.0,170100.0
P6396,3.5,37.0,1900.0,40.83333333333334,171000.0
P6397,3.5,37.0,1900.0,41.66666666666666,171800.0
P6398,3.5,37.0,1900.0,42.5,172600.0
P6399,3.5,37.0,1900.0,43.33333333333334,173400.0
P6400,3.5,37.0,1900.0,44.16666666666666,174200.0
P6401,3.5,37.0,1900.0,45.0,175000.0
P6402,3.5,37.0,1966.666666666667,40.0,170500.0
P6403,3.5,37.0,1966.666666666667,40.83333333333334,171400.0
P6404,3.5,37.0,1966.666666666667,41.66666666666666,172200.0
P6405,3.5,37.0,1966.666666666667,42.5,173000.0
P6406,3.5,37.0,1966.666666666667,43.33333333333334,173800.0
P6407,3.5,37.0,1966.666666666667,44.16666666666666,174600.0
P6408,3.5,37.0,1966.666666666667,45.0,175400.0
P6409,3.5,37.0,2033.333333333333,40.0,179800.0
P6410,3.5,37.0,2033.333333333333,40.83333333333334,180700.0
P6411,3.5,37.0,2033.333333333333,41.66666666666666,181500.0
P6412,3.5,37.0,2033.333333333333,42.5,182300.0
P6413,3.5,37.0,2033.333333333333,43.33333333333334,183100.0
P6414,3.5,37.0,2033.333333333333,44.16666666666666,183900.0
P6415,3.5,37.0,2033.333333333333,45.0,184700.0
P6416,3.5,37.0,2100.0,40.0,180100.0
P6417,3.5,37.0,2100.0,40.83333333333334,181000.0
P6418,3.5,37.0,2100.0,41.66666666666666,181800.0
P6419,3.5,37.0,2100.0,42.5,182600.0
P6420,3.5,37.0,2100.0,43.33333333333334,183400.0
P6421,3.5,37.0,2100.0,44.16666666666666,184200.0
P6422,3.5,37.0,2100.0,45.0,185000.0
P6423,3.6,33.0,1700.0,40.0,155300.0
P6424,3.6,33.0,1700.0,40.83333333333334,156100.0
P6425,3.6,33.0,1700.0,41.66666666666666,157000.0
P6426,3.6,33.0,1700.0,42.5,157800.0
P6427,3.6,33.0,1700.0,43.33333333333334,158700.0
P6428,3.6,33.0,1700.0,44.16666666666666,159500.0
P6429,3.6,33.0,1700.0,45.0,160400.0
P6430,3.6,33.0,1766.666666666667,40.0,155300.0
P6431,3.6,33.0,1766.666666666667,40.83333333333334,156100.0
P6432,3.6,33.0,1766.666666666667,41.66666666666666,157000.0
P6433,3.6,33.0,1766.666666666667,42.5,157800.0
P6434,3.6,33.0,1766.666666666667,43.33333333333334,158700.0
P6435,3.6,33.0,1766.666666666667,44.16666666666666,159500.0
P6436,3.6,33.0,1766.666666666667,45.0,160400.0
P6437,3.6,33.0,1833.333333333333,40.0,163900.0
P6438,3.6,33.0,1833.333333333333,40.83333333333334,164700.0
P6439,3.6,33.0,1833.333333333333,41.66666666666666,165600.0
P6440,3.6,33.0,1833.333333333333,42.5,166400.0
P6441,3.6,33.0,1833.333333333333,43.33333333333334,167300.0
P6442,3.6,33.0,1833.333333333333,44.16666666666666,168100.0
P6443,3.6,33.0,1833.333333333333,45.0,169000.0
P6444,3.6,33.0,1900.0,40.0,163800.0
P6445,3.6,33.0,1900.0,40.83333333333334,164600.0
P6446,3.6,33.0,1900.0,41.66666666666666,165500.0
P6447,3.6,33.0,1900.0,42.5,166300.0
P6448,3.6,33.0,1900.0,43.33333333333334,167200.0
P6449,3.6,33.0,1900.0,44.16666666666666,168000.0
P6450,3.6,33.0,1900.0,45.0,168900.0
P6451,3.6,33.0,1966.666666666667,40.0,164100.0
P6452,3.6,33.0,1966.666666666667,40.83333333333334,164900.0
P6453,3.6,33.0,1966.666666666667,41.66666666666666,165800.0
P6454,3.6,33.0,1966.666666666667,42.5,166600.0
P6455,3.6,33.0,1966.666666666667,43.33333333333334,167500.0
P6456,3.6,33.0,1966.666666666667,44.16666666666666,168300.0
P6457,3.6,33.0,1966.666666666667,45.0,169200.0
P6458,3.6,33.0,2033.333333333333,40.0,173100.0
P6459,3.6,33.0,2033.333333333333,40.83333333333334,173900.0
P6460,3.6,33.0,2033.333333333333,41.66666666666666,174800.0
P6461,3.6,33.0,2033.333333333333,42.5,175600.0
P6462,3.6,33.0,2033.333333333333,43.33333333333334,176500.0
P6463,3.6,33.0,2033.333333333333,44.16666666666666,177300.0
P6464,3.6,33.0,2033.333333333333,45.0,178200.0
P6465,3.6,33.0,2100.0,40.0,173100.0
P6466,3.6,33.0,2100.0,40.83333333333334,173900.0
P6467,3.6,33.0,2100.0,41.66666666666666,174800.0
P6468,3.6,33.0,2100.0,42.5,175600.0
P6469,3.6,33.0,2100.0,43.33333333333334,176500.0
P6470,3.6,33.0,2100.0,44.16666666666666,177300.0
P6471,3.6,33.0,2100.0,45.0,178200.0
P6472,3.6,33.66666666666666,1700.0,40.0,157200.0
P6473,3.6,33.66666666666666,1700.0,40.83333333333334,158000.0
P6474,3.6,33.66666666666666,1700.0,41.66666666666666,158900.0
P6475,3.6,33.66666666666666,1700.0,42.5,159700.0
P6476,3.6,33.66666666666666,1700.0,43.33333333333334,160600.0
P6477,3.6,33.66666666666666,1700.0,44.16666666666666,161400.0
P6478,3.6,33.66666666666666,1700.0,45.0,162300.0
P6479,3.6,33.66666666666666,1766.666666666667,40.0,153200.0
P6480,3.6,33.66666666666666,1766.666666666667,40.83333333333334,154000.0
P6481,3.6,33.66666666666666,1766.666666666667,41.66666666666666,154900.0
P6482,3.6,33.66666666666666,1766.666666666667,42.5,155700.0
P6483,3.6,33.66666666666666,1766.666666666667,43.33333333333334,156600.0
P6484,3.6,33.66666666666666,1766.666666666667,44.16666666666666,157400.0
P6485,3.6,33.66666666666666,1766.666666666667,45.0,158300.0
P6486,3.6,33.66666666666666,1833.333333333333,40.0,166000.0
P6487,3.6,33.66666666666666,1833.333333333333,40.83333333333334,166800.0
P6488,3.6,33.66666666666666,1833.333333333333,41.66666666666666,167700.0
P6489,3.6,33.66666666666666,1833.333333333333,42.5,168500.0
P6490,3.6,33.66666666666666,1833.333333333333,43.33333333333334,169400.0
P6491,3.6,33.66666666666666,1833.333333333333,44.16666666666666,170200.0
P6492,3.6,33.66666666666666,1833.333333333333,45.0,171100.0
P6493,3.6,33.66666666666666,1900.0,40.0,165900.0
P6494,3.6,33.66666666666666,1900.0,40.83333333333334,166700.0
P6495,3.6,33.66666666666666,1900.0,41.66666666666666,167600.0
P6496,3.6,33.66666666666666,1900.0,42.5,168400.0
P6497,3.6,33.66666666666666,1900.0,43.33333333333334,169300.0
P6498,3.6,33.66666666666666,1900.0,44.16666666666666,170100.0
P6499,3.6,33.66666666666666,1900.0,45.0,171000.0
P6500,3.6,33.66666666666666,1966.666666666667,40.0,166200.0
P6501,3.6,33.66666666666666,1966.666666666667,40.83333333333334,167000.0
P6502,3.6,33.66666666666666,1966.666666666667,41.66666666666666,167900.0
P6503,3.6,33.66666666666666,1966.666666666667,42.5,168700.0
P6504,3.6,33.66666666666666,1966.666666666667,43.33333333333334,169600.0
P6505,3.6,33.66666666666666,1966.666666666667,44.16666666666666,170400.0
P6506,3.6,33.66666666666666,1966.666666666667,45.0,171300.0
P6507,3.6,33.66666666666666,2033.333333333333,40.0,175300.0
P6508,3.6,33.66666666666666,2033.333333333333,40.83333333333334,176100.0
P6509,3.6,33.66666666666666,2033.333333333333,41.66666666666666,177000.0
P6510,3.6,33.66666666666666,2033.333333333333,42.5,177800.0
P6511,3.6,33.66666666666666,2033.333333333333,43.33333333333334,178700.0
P6512,3.6,33.66666666666666,2033.333333333333,44.16666666666666,179500.0
P6513,3.6,33.66666666666666,2033.333333333333,45.0,180400.0
P6514,3.6,33.66666666666666,2100.0,40.0,175300.0
P6515,3.6,33.66666666666666,2100.0,40.83333333333334,176100.0
P6516,3.6,33.66666666666666,2100.0,41.66666666666666,177000.0
P6517,3.6,33.66666666666666,2100.0,42.5,177800.0
P6518,3.6,33.66666666666666,2100.0,43.33333333333334,178700.0
P6519,3.6,33.66666666666666,2100.0,44.16666666666666,179500.0
P6520,3.6,33.66666666666666,2100.0,45.0,180400.0
P6521,3.6,34.33333333333334,1700.0,40.0,159100.0
P6522,3.6,34.33333333333334,1700.0,40.83333333333334,159900.0
P6523,3.6,34.33333333333334,1700.0,41.66666666666666,160800.0
P6524,3.6,34.33333333333334,1700.0,42.5,161600.0
P6525,3.6,34.33333333333334,1700.0,43.33333333333334,162500.0
P6526,3.6,34.33333333333334,1700.0,44.16666666666666,163300.0
P6527,3.6,34.33333333333334,1700.0,45.0,164200.0
P6528,3.6,34.33333333333334,1766.666666666667,40.0,159100.0
P6529,3.6,34.33333333333334,1766.666666666667,40.83333333333334,159900.0
P6530,3.6,34.33333333333334,1766.666666666667,41.66666666666666,160800.0
P6531,3.6,34.33333333333334,1766.666666666667,42.5,161600.0
P6532,3.6,34.33333333333334,1766.666666666667,43.33333333333334,162500.0
P6533,3.6,34.33333333333334,1766.666666666667,44.16666666666666,163300.0
P6534,3.6,34.33333333333334,1766.666666666667,45.0,164200.0
P6535,3.6,34.33333333333334,1833.333333333333,40.0,168000.0
P6536,3.6,34.33333333333334,1833.333333333333,40.83333333333334,168800.0
P6537,3.6,34.33333333333334,1833.333333333333,41.66666666666666,169700.0
P6538,3.6,34.33333333333334,1833.333333333333,42.5,170500.0
P6539,3.6,34.33333333333334,1833.333333333333,43.33333333333334,171400.0
P6540,3.6,34.33333333333334,1833.333333333333,44.16666666666666,172200.0
P6541,3.6,34.33333333333334,1833.333333333333,45.0,173100.0
P6542,3.6,34.33333333333334,1900.0,40.0,167900.0
P6543,3.6,34.33333333333334,1900.0,40.83333333333334,168700.0
P6544,3.6,34.33333333333334,1900.0,41.66666666666666,169600.0
P6545,3.6,34.33333333333334,1900.0,42.5,170400.0
P6546,3.6,34.33333333333334,1900.0,43.33333333333334,171300.0
P6547,3.6,34.33333333333334,1900.0,44.16666666666666,172100.0
P6548,3.6,34.33333333333334,1900.0,45.0,173000.0
P6549,3.6,34.33333333333334,1966.666666666667,40.0,168200.0
P6550,3.6,34.33333333333334,1966.666666666667,40.83333333333334,169000.0
P6551,3.6,34.33333333333334,1966.666666666667,41.66666666666666,169900.0
P6552,3.6,34.33333333333334,1966.666666666667,42.5,170700.0
P6553,3.6,34.33333333333334,1966.666666666667,43.33333333333334,171600.0
P6554,3.6,34.33333333333334,1966.666666666667,44.16666666666666,172400.0
P6555,3.6,34.33333333333334,1966.666666666667,45.0,173300.0
P6556,3.6,34.33333333333334,2033.333333333333,40.0,177500.0
P6557,3.6,34.33333333333334,2033.333333333333,40.83333333333334,178300.0
P6558,3.6,34.33333333333334,2033.333333333333,41.66666666666666,179200.0
P6559,3.6,34.33333333333334,2033.333333333333,42.5,180000.0
P6560,3.6,34.33333333333334,2033.333333333333,43.33333333333334,180900.0
P6561,3.6,34.33333333333334,2033.333333333333,44.16666666666666,181700.0
P6562,3.6,34.33333333333334,2033.333333333333,45.0,182600.0
P6563,3.6,34.33333333333334,2100.0,40.0,177500.0
P6564,3.6,34.33333333333334,2100.0,40.83333333333334,178300.0
P6565,3.6,34.33333333333334,2100.0,41.66666666666666,179200.0
P6566,3.6,34.33333333333334,2100.0,42.5,180000.0
P6567,3.6,34.33333333333334,2100.0,43.33333333333334,180900.0
P6568,3.6,34.33333333333334,2100.0,44.16666666666666,181700.0
P6569,3.6,34.33333333333334,2100.0,45.0,182600.0
P6570,3.6,35.0,1700.0,40.0,160900.0
P6571,3.6,35.0,1700.0,40.83333333333334,161700.0
P6572,3.6,35.0,1700.0,41.66666666666666,162600.0
P6573,3.6,35.0,1700.0,42.5,163400.0
P6574,3.6,35.0,1700.0,43.33333333333334,164300.0
P6575,3.6,35.0,1700.0,44.16666666666666,165100.0
P6576,3.6,35.0,1700.0,45.0,166000.0
P6577,3.6,35.0,1766.666666666667,40.0,160900.0
P6578,3.6,35.0,1766.666666666667,40.83333333333334,161700.0
P6579,3.6,35.0,1766.666666666667,41.66666666666666,162600.0
P6580,3.6,35.0,1766.666666666667,42.5,163400.0
P6581,3.6,35.0,1766.666666666667,43.33333333333334,164300.0
P6582,3.6,35.0,1766.666666666667,44.16666666666666,161300.0
P6583,3.6,35.0,1766.666666666667,45.0,162200.0
P6584,3.6,35.0,1833.333333333333,40.0,170100.0
P6585,3.6,35.0,1833.333333333333,40.83333333333334,170900.0
P6586,3.6,35.0,1833.333333333333,41.66666666666666,171800.0
P6587,3.6,35.0,1833.333333333333,42.5,172600.0
P6588,3.6,35.0,1833.333333333333,43.33333333333334,173500.0
P6589,3.6,35.0,1833.333333333333,44.16666666666666,174300.0
P6590,3.6,35.0,1833.333333333333,45.0,175200.0
P6591,3.6,35.0,1900.0,40.0,170000.0
P6592,3.6,35.0,1900.0,40.83333333333334,170800.0
P6593,3.6,35.0,1900.0,41.66666666666666,171700.0
P6594,3.6,35.0,1900.0,42.5,172500.0
P6595,3.6,35.0,1900.0,43.33333333333334,173400.0
P6596,3.6,35.0,1900.0,44.16666666666666,174200.0
P6597,3.6,35.0,1900.0,45.0,175100.0
P6598,3.6,35.0,1966.666666666667,40.0,179400.0
P6599,3.6,35.0,1966.666666666667,40.83333333333334,180200.0
P6600,3.6,35.0,1966.666666666667,41.66666666666666,181100.0
P6601,3.6,35.0,1966.666666666667,42.5,181900.0
P6602,3.6,35.0,1966.666666666667,43.33333333333334,182800.0
P6603,3.6,35.0,1966.666666666667,44.16666666666666,183600.0
P6604,3.6,35.0,1966.666666666667,45.0,184500.0
P6605,3.6,35.0,2033.333333333333,40.0,179700.0
P6606,3.6,35.0,2033.333333333333,40.83333333333334,180500.0
P6607,3.6,35.0,2033.333333333333,41.66666666666666,181400.0
P6608,3.6,35.0,2033.333333333333,42.5,182200.0
P6609,3.6,35.0,2033.333333333333,43.33333333333334,183100.0
P6610,3.6,35.0,2033.333333333333,44.16666666666666,183900.0
P6611,3.6,35.0,2033.333333333333,45.0,184800.0
P6612,3.6,35.0,2100.0,40.0,179700.0
P6613,3.6,35.0,2100.0,40.83333333333334,180500.0
P6614,3.6,35.0,2100.0,41.66666666666666,181400.0
P6615,3.6,35.0,2100.0,42.5,182200.0
P6616,3.6,35.0,2100.0,43.33333333333334,183100.0
P6617,3.6,35.0,2100.0,44.16666666666666,183900.0
P6618,3.6,35.0,2100.0,45.0,184800.0
P6619,3.6,35.66666666666666,1700.0,40.0,162900.0
P6620,3.6,35.66666666666666,1700.0,40.83333333333334,163700.0
P6621,3.6,35.66666666666666,1700.0,41.66666666666666,164600.0
P6622,3.6,35.66666666666666,1700.0,42.5,165400.0
P6623,3.6,35.66666666666666,1700.0,43.33333333333334,166300.0
P6624,3.6,35.66666666666666,1700.0,44.16666666666666,167100.0
P6625,3.6,35.66666666666666,1700.0,45.0,168000.0
P6626,3.6,35.66666666666666,1766.666666666667,40.0,159000.0
P6627,3.6,35.66666666666666,1766.666666666667,40.83333333333334,159800.0
P6628,3.6,35.66666666666666,1766.666666666667,41.66666666666666,160700.0
P6629,3.6,35.66666666666666,1766.666666666667,42.5,161500.0
P6630,3.6,35.66666666666666,1766.666666666667,43.33333333333334,162400.0
P6631,3.6,35.66666666666666,1766.666666666667,44.16666666666666,163200.0
P6632,3.6,35.66666666666666,1766.666666666667,45.0,164100.0
P6633,3.6,35.66666666666666,1833.333333333333,40.0,172200.0
P6634,3.6,35.66666666666666,1833.333333333333,40.83333333333334,173000.0
P6635,3.6,35.66666666666666,1833.333333333333,41.66666666666666,173900.0
P6636,3.6,35.66666666666666,1833.333333333333,42.5,174700.0
P6637,3.6,35.66666666666666,1833.333333333333,43.33333333333334,175600.0
P6638,3.6,35.66666666666666,1833.333333333333,44.16666666666666,176400.0
P6639,3.6,35.66666666666666,1833.333333333333,45.0,177300.0
P6640,3.6,35.66666666666666,1900.0,40.0,172400.0
P6641,3.6,35.66666666666666,1900.0,40.83333333333334,173200.0
P6642,3.6,35.66666666666666,1900.0,41.66666666666666,174100.0
P6643,3.6,35.66666666666666,1900.0,42.5,174900.0
P6644,3.6,35.66666666666666,1900.0,43.33333333333334,175800.0
P6645,3.6,35.66666666666666,1900.0,44.16666666666666,176600.0
P6646,3.6,35.66666666666666,1900.0,45.0,177500.0
P6647,3.6,35.66666666666666,1966.666666666667,40.0,181800.0
P6648,3.6,35.66666666666666,1966.666666666667,40.83333333333334,182600.0
P6649,3.6,35.66666666666666,1966.666666666667,41.66666666666666,183500.0
P6650,3.6,35.66666666666666,1966.666666666667,42.5,184300.0
P6651,3.6,35.66666666666666,1966.666666666667,43.33333333333334,185200.0
P6652,3.6,35.66666666666666,1966.666666666667,44.16666666666666,186000.0
P6653,3.6,35.66666666666666,1966.666666666667,45.0,186900.0
P6654,3.6,35.66666666666666,2033.333333333333,40.0,182100.0
P6655,3.6,35.66666666666666,2033.333333333333,40.83333333333334,182900.0
P6656,3.6,35.66666666666666,2033.333333333333,41.66666666666666,183800.0
P6657,3.6,35.66666666666666,2033.333333333333,42.5,184600.0
P6658,3.6,35.66666666666666,2033.333333333333,43.33333333333334,185500.0
P6659,3.6,35.66666666666666,2033.333333333333,44.16666666666666,186300.0
P6660,3.6,35.66666666666666,2033.333333333333,45.0,187200.0
P6661,3.6,35.66666666666666,2100.0,40.0,182100.0
P6662,3.6,35.66666666666666,2100.0,40.83333333333334,182900.0
P6663,3.6,35.66666666666666,2100.0,41.66666666666666,183800.0
P6664,3.6,35.66666666666666,2100.0,42.5,184600.0
P6665,3.6,35.66666666666666,2100.0,43.33333333333334,185500.0
P6666,3.6,35.66666666666666,2100.0,44.16666666666666,186300.0
P6667,3.6,35.66666666666666,2100.0,45.0,187200.0
P6668,3.6,36.33333333333334,1700.0,40.0,164800.0
P6669,3.6,36.33333333333334,1700.0,40.83333333333334,165600.0
P6670,3.6,36.33333333333334,1700.0,41.66666666666666,166500.0
P6671,3.6,36.33333333333334,1700.0,42.5,167300.0
P6672,3.6,36.33333333333334,1700.0,43.33333333333334,168200.0
P6673,3.6,36.33333333333334,1700.0,44.16666666666666,169000.0
P6674,3.6,36.33333333333334,1700.0,45.0,169900.0
P6675,3.6,36.33333333333334,1766.666666666667,40.0,160400.0
P6676,3.6,36.33333333333334,1766.666666666667,40.83333333333334,161200.0
P6677,3.6,36.33333333333334,1766.666666666667,41.66666666666666,162100.0
P6678,3.6,36.33333333333334,1766.666666666667,42.5,162900.0
P6679,3.6,36.33333333333334,1766.666666666667,43.33333333333334,163800.0
P6680,3.6,36.33333333333334,1766.666666666667,44.16666666666666,164600.0
P6681,3.6,36.33333333333334,1766.666666666667,45.0,165500.0
P6682,3.6,36.33333333333334,1833.333333333333,40.0,174300.0
P6683,3.6,36.33333333333334,1833.333333333333,40.83333333333334,175100.0
P6684,3.6,36.33333333333334,1833.333333333333,41.66666666666666,176000.0
P6685,3.6,36.33333333333334,1833.333333333333,42.5,176800.0
P6686,3.6,36.33333333333334,1833.333333333333,43.33333333333334,177700.0
P6687,3.6,36.33333333333334,1833.333333333333,44.16666666666666,178500.0
P6688,3.6,36.33333333333334,1833.333333333333,45.0,179400.0
P6689,3.6,36.33333333333334,1900.0,40.0,174500.0
P6690,3.6,36.33333333333334,1900.0,40.83333333333334,175300.0
P6691,3.6,36.33333333333334,1900.0,41.66666666666666,176200.0
P6692,3.6,36.33333333333334,1900.0,42.5,177000.0
P6693,3.6,36.33333333333334,1900.0,43.33333333333334,177900.0
P6694,3.6,36.33333333333334,1900.0,44.16666666666666,178700.0
P6695,3.6,36.33333333333334,1900.0,45.0,179600.0
P6696,3.6,36.33333333333334,1966.666666666667,40.0,184000.0
P6697,3.6,36.33333333333334,1966.666666666667,40.83333333333334,184800.0
P6698,3.6,36.33333333333334,1966.666666666667,41.66666666666666,185700.0
P6699,3.6,36.33333333333334,1966.666666666667,42.5,186500.0
P6700,3.6,36.33333333333334,1966.666666666667,43.33333333333334,187400.0
P6701,3.6,36.33333333333334,1966.666666666667,44.16666666666666,188200.0
P6702,3.6,36.33333333333334,1966.666666666667,45.0,189100.0
P6703,3.6,36.33333333333334,2033.333333333333,40.0,184300.0
P6704,3.6,36.33333333333334,2033.333333333333,40.83333333333334,185100.0
P6705,3.6,36.33333333333334,2033.333333333333,41.66666666666666,186000.0
P6706,3.6,36.33333333333334,2033.333333333333,42.5,186800.0
P6707,3.6,36.33333333333334,2033.333333333333,43.33333333333334,187700.0
P6708,3.6,36.33333333333334,2033.333333333333,44.16666666666666,188500.0
P6709,3.6,36.33333333333334,2033.333333333333,45.0,189400.0
P6710,3.6,36.33333333333334,2100.0,40.0,184300.0
P6711,3.6,36.33333333333334,2100.0,40.83333333333334,185100.0
P6712,3.6,36.33333333333334,2100.0,41.66666666666666,186000.0
P6713,3.6,36.33333333333334,2100.0,42.5,186800.0
P6714,3.6,36.33333333333334,2100.0,43.33333333333334,187700.0
P6715,3.6,36.33333333333334,2100.0,44.16666666666666,188500.0
P6716,3.6,36.33333333333334,2100.0,45.0,189400.0
P6717,3.6,37.0,1700.0,40.0,166700.0
P6718,3.6,37.0,1700.0,40.83333333333334,167500.0
P6719,3.6,37.0,1700.0,41.66666666666666,168400.0
P6720,3.6,37.0,1700.0,42.5,169200.0
P6721,3.6,37.0,1700.0,43.33333333333334,170100.0
P6722,3.6,37.0,1700.0,44.16666666666666,170900.0
P6723,3.6,37.0,1700.0,45.0,171800.0
P6724,3.6,37.0,1766.666666666667,40.0,162400.0
P6725,3.6,37.0,1766.666666666667,40.83333333333334,163200.0
P6726,3.6,37.0,1766.666666666667,41.66666666666666,164100.0
P6727,3.6,37.0,1766.666666666667,42.5,164900.0
P6728,3.6,37.0,1766.666666666667,43.33333333333334,165800.0
P6729,3.6,37.0,1766.666666666667,44.16666666666666,166600.0
P6730,3.6,37.0,1766.666666666667,45.0,167500.0
P6731,3.6,37.0,1833.333333333333,40.0,176400.0
P6732,3.6,37.0,1833.333333333333,40.83333333333334,177200.0
P6733,3.6,37.0,1833.333333333333,41.66666666666666,178100.0
P6734,3.6,37.0,1833.333333333333,42.5,178900.0
P6735,3.6,37.0,1833.333333333333,43.33333333333334,179800.0
P6736,3.6,37.0,1833.333333333333,44.16666666666666,180600.0
P6737,3.6,37.0,1833.333333333333,45.0,181500.0
P6738,3.6,37.0,1900.0,40.0,176600.0
P6739,3.6,37.0,1900.0,40.83333333333334,177400.0
P6740,3.6,37.0,1900.0,41.66666666666666,178300.0
P6741,3.6,37.0,1900.0,42.5,179100.0
P6742,3.6,37.0,1900.0,43.33333333333334,180000.0
P6743,3.6,37.0,1900.0,44.16666666666666,180800.0
P6744,3.6,37.0,1900.0,45.0,181700.0
P6745,3.6,37.0,1966.666666666667,40.0,186200.0
P6746,3.6,37.0,1966.666666666667,40.83333333333334,187000.0
P6747,3.6,37.0,1966.666666666667,41.66666666666666,187900.0
P6748,3.6,37.0,1966.666666666667,42.5,188700.0
P6749,3.6,37.0,1966.666666666667,43.33333333333334,189600.0
P6750,3.6,37.0,1966.666666666667,44.16666666666666,190400.0
P6751,3.6,37.0,1966.666666666667,45.0,191300.0
P6752,3.6,37.0,2033.333333333333,40.0,186500.0
P6753,3.6,37.0,2033.333333333333,40.83333333333334,187300.0
P6754,3.6,37.0,2033.333333333333,41.66666666666666,188200.0
P6755,3.6,37.0,2033.333333333333,42.5,189000.0
P6756,3.6,37.0,2033.333333333333,43.33333333333334,189900.0
P6757,3.6,37.0,2033.333333333333,44.16666666666666,190700.0
P6758,3.6,37.0,2033.333333333333,45.0,191600.0
P6759,3.6,37.0,2100.0,40.0,186500.0
P6760,3.6,37.0,2100.0,40.83333333333334,187300.0
P6761,3.6,37.0,2100.0,41.66666666666666,188200.0
P6762,3.6,37.0,2100.0,42.5,189000.0
P6763,3.6,37.0,2100.0,43.33333333333334,189900.0
P6764,3.6,37.0,2100.0,44.16666666666666,190700.0
P6765,3.6,37.0,2100.0,45.0,191600.0
P6766,3.7,33.0,1700.0,40.0,160800.0
P6767,3.7,33.0,1700.0,40.83333333333334,161600.0
P6768,3.7,33.0,1700.0,41.66666666666666,162500.0
P6769,3.7,33.0,1700.0,42.5,163400.0
P6770,3.7,33.0,1700.0,43.33333333333334,164300.0
P6771,3.7,33.0,1700.0,44.16666666666666,165200.0
P6772,3.7,33.0,1700.0,45.0,166100.0
P6773,3.7,33.0,1766.666666666667,40.0,169700.0
P6774,3.7,33.0,1766.666666666667,40.83333333333334,170500.0
P6775,3.7,33.0,1766.666666666667,41.66666666666666,171400.0
P6776,3.7,33.0,1766.666666666667,42.5,172300.0
P6777,3.7,33.0,1766.666666666667,43.33333333333334,173200.0
P6778,3.7,33.0,1766.666666666667,44.16666666666666,174100.0
P6779,3.7,33.0,1766.666666666667,45.0,175000.0
P6780,3.7,33.0,1833.333333333333,40.0,169600.0
P6781,3.7,33.0,1833.333333333333,40.83333333333334,170400.0
P6782,3.7,33.0,1833.333333333333,41.66666666666666,171300.0
P6783,3.7,33.0,1833.333333333333,42.5,172200.0
P6784,3.7,33.0,1833.333333333333,43.33333333333334,173100.0
P6785,3.7,33.0,1833.333333333333,44.16666666666666,174000.0
P6786,3.7,33.0,1833.333333333333,45.0,174900.0
P6787,3.7,33.0,1900.0,40.0,170000.0
P6788,3.7,33.0,1900.0,40.83333333333334,170800.0
P6789,3.7,33.0,1900.0,41.66666666666666,171700.0
P6790,3.7,33.0,1900.0,42.5,172600.0
P6791,3.7,33.0,1900.0,43.33333333333334,173500.0
P6792,3.7,33.0,1900.0,44.16666666666666,174400.0
P6793,3.7,33.0,1900.0,45.0,175300.0
P6794,3.7,33.0,1966.666666666667,40.0,170300.0
P6795,3.7,33.0,1966.666666666667,40.83333333333334,171100.0
P6796,3.7,33.0,1966.666666666667,41.66666666666666,172000.0
P6797,3.7,33.0,1966.666666666667,42.5,172900.0
P6798,3.7,33.0,1966.666666666667,43.33333333333334,173800.0
P6799,3.7,33.0,1966.666666666667,44.16666666666666,174700.0
P6800,3.7,33.0,1966.666666666667,45.0,175600.0
P6801,3.7,33.0,2033.333333333333,40.0,179100.0
P6802,3.7,33.0,2033.333333333333,40.83333333333334,179900.0
P6803,3.7,33.0,2033.333333333333,41.66666666666666,180800.0
P6804,3.7,33.0,2033.333333333333,42.5,181700.0
P6805,3.7,33.0,2033.333333333333,43.33333333333334,182600.0
P6806,3.7,33.0,2033.333333333333,44.16666666666666,183500.0
P6807,3.7,33.0,2033.333333333333,45.0,184400.0
P6808,3.7,33.0,2100.0,40.0,185000.0
P6809,3.7,33.0,2100.0,40.83333333333334,185800.0
P6810,3.7,33.0,2100.0,41.66666666666666,186700.0
P6811,3.7,33.0,2100.0,42.5,187600.0
P6812,3.7,33.0,2100.0,43.33333333333334,188500.0
P6813,3.7,33.0,2100.0,44.16666666666666,189400.0
P6814,3.7,33.0,2100.0,45.0,190300.0
P6815,3.7,33.66666666666666,1700.0,40.0,162700.0
P6816,3.7,33.66666666666666,1700.0,40.83333333333334,163500.0
P6817,3.7,33.66666666666666,1700.0,41.66666666666666,164400.0
P6818,3.7,33.66666666666666,1700.0,42.5,165300.0
P6819,3.7,33.66666666666666,1700.0,43.33333333333334,166200.0
P6820,3.7,33.66666666666666,1700.0,44.16666666666666,167100.0
P6821,3.7,33.66666666666666,1700.0,45.0,168000.0
P6822,3.7,33.66666666666666,1766.666666666667,40.0,171800.0
P6823,3.7,33.66666666666666,1766.666666666667,40.83333333333334,172600.0
P6824,3.7,33.66666666666666,1766.666666666667,41.66666666666666,173500.0
P6825,3.7,33.66666666666666,1766.666666666667,42.5,174400.0
P6826,3.7,33.66666666666666,1766.666666666667,43.33333333333334,175300.0
P6827,3.7,33.66666666666666,1766.666666666667,44.16666666666666,176200.0
P6828,3.7,33.66666666666666,1766.666666666667,45.0,177100.0
P6829,3.7,33.66666666666666,1833.333333333333,40.0,171700.0
P6830,3.7,33.66666666666666,1833.333333333333,40.83333333333334,172500.0
P6831,3.7,33.66666666666666,1833.333333333333,41.66666666666666,173400.0
P6832,3.7,33.66666666666666,1833.333333333333,42.5,174300.0
P6833,3.7,33.66666666666666,1833.333333333333,43.33333333333334,175200.0
P6834,3.7,33.66666666666666,1833.333333333333,44.16666666666666,176100.0
P6835,3.7,33.66666666666666,1833.333333333333,45.0,177000.0
P6836,3.7,33.66666666666666,1900.0,40.0,172100.0
P6837,3.7,33.66666666666666,1900.0,40.83333333333334,172900.0
P6838,3.7,33.66666666666666,1900.0,41.66666666666666,173800.0
P6839,3.7,33.66666666666666,1900.0,42.5,174700.0
P6840,3.7,33.66666666666666,1900.0,43.33333333333334,175600.0
P6841,3.7,33.66666666666666,1900.0,44.16666666666666,176500.0
P6842,3.7,33.66666666666666,1900.0,45.0,177400.0
P6843,3.7,33.66666666666666,1966.666666666667,40.0,181400.0
P6844,3.7,33.66666666666666,1966.666666666667,40.83333333333334,182200.0
P6845,3.7,33.66666666666666,1966.666666666667,41.66666666666666,183100.0
P6846,3.7,33.66666666666666,1966.666666666667,42.5,184000.0
P6847,3.7,33.66666666666666,1966.666666666667,43.33333333333334,184900.0
P6848,3.7,33.66666666666666,1966.666666666667,44.16666666666666,185800.0
P6849,3.7,33.66666666666666,1966.666666666667,45.0,186700.0
P6850,3.7,33.66666666666666,2033.333333333333,40.0,181400.0
P6851,3.7,33.66666666666666,2033.333333333333,40.83333333333334,182200.0
P6852,3.7,33.66666666666666,2033.333333333333,41.66666666666666,183100.0
P6853,3.7,33.66666666666666,2033.333333333333,42.5,184000.0
P6854,3.7,33.66666666666666,2033.333333333333,43.33333333333334,184900.0
P6855,3.7,33.66666666666666,2033.333333333333,44.16666666666666,185800.0
P6856,3.7,33.66666666666666,2033.333333333333,45.0,186700.0
P6857,3.7,33.66666666666666,2100.0,40.0,187500.0
P6858,3.7,33.66666666666666,2100.0,40.83333333333334,188300.0
P6859,3.7,33.66666666666666,2100.0,41.66666666666666,189200.0
P6860,3.7,33.66666666666666,2100.0,42.5,190100.0
P6861,3.7,33.66666666666666,2100.0,43.33333333333334,191000.0
P6862,3.7,33.66666666666666,2100.0,44.16666666666666,191900.0
P6863,3.7,33.66666666666666,2100.0,45.0,192800.0
P6864,3.7,34.33333333333334,1700.0,40.0,164700.0
P6865,3.7,34.33333333333334,1700.0,40.83333333333334,165500.0
P6866,3.7,34.33333333333334,1700.0,41.66666666666666,166400.0
P6867,3.7,34.33333333333334,1700.0,42.5,167300.0
P6868,3.7,34.33333333333334,1700.0,43.33333333333334,168200.0
P6869,3.7,34.33333333333334,1700.0,44.16666666666666,169100.0
P6870,3.7,34.33333333333334,1700.0,45.0,170000.0
P6871,3.7,34.33333333333334,1766.666666666667,40.0,173900.0
P6872,3.7,34.33333333333334,1766.666666666667,40.83333333333334,174700.0
P6873,3.7,34.33333333333334,1766.666666666667,41.66666666666666,175600.0
P6874,3.7,34.33333333333334,1766.666666666667,42.5,176500.0
P6875,3.7,34.33333333333334,1766.666666666667,43.33333333333334,177400.0
P6876,3.7,34.33333333333334,1766.666666666667,44.16666666666666,178300.0
P6877,3.7,34.33333333333334,1766.666666666667,45.0,179200.0
P6878,3.7,34.33333333333334,1833.333333333333,40.0,173800.0
P6879,3.7,34.33333333333334,1833.333333333333,40.83333333333334,174600.0
P6880,3.7,34.33333333333334,1833.333333333333,41.66666666666666,175500.0
P6881,3.7,34.33333333333334,1833.333333333333,42.5,176400.0
P6882,3.7,34.33333333333334,1833.333333333333,43.33333333333334,177300.0
P6883,3.7,34.33333333333334,1833.333333333333,44.16666666666666,178200.0
P6884,3.7,34.33333333333334,1833.333333333333,45.0,179100.0
P6885,3.7,34.33333333333334,1900.0,40.0,174200.0
P6886,3.7,34.33333333333334,1900.0,40.83333333333334,175000.0
P6887,3.7,34.33333333333334,1900.0,41.66666666666666,175900.0
P6888,3.7,34.33333333333334,1900.0,42.5,176800.0
P6889,3.7,34.33333333333334,1900.0,43.33333333333334,177700.0
P6890,3.7,34.33333333333334,1900.0,44.16666666666666,178600.0
P6891,3.7,34.33333333333334,1900.0,45.0,179500.0
P6892,3.7,34.33333333333334,1966.666666666667,40.0,183700.0
P6893,3.7,34.33333333333334,1966.666666666667,40.83333333333334,184500.0
P6894,3.7,34.33333333333334,1966.666666666667,41.66666666666666,185400.0
P6895,3.7,34.33333333333334,1966.666666666667,42.5,186300.0
P6896,3.7,34.33333333333334,1966.666666666667,43.33333333333334,187200.0
P6897,3.7,34.33333333333334,1966.666666666667,44.16666666666666,188100.0
P6898,3.7,34.33333333333334,1966.666666666667,45.0,189000.0
P6899,3.7,34.33333333333334,2033.333333333333,40.0,183700.0
P6900,3.7,34.33333333333334,2033.333333333333,40.83333333333334,184500.0
P6901,3.7,34.33333333333334,2033.333333333333,41.66666666666666,185400.0
P6902,3.7,34.33333333333334,2033.333333333333,42.5,186300.0
P6903,3.7,34.33333333333334,2033.333333333333,43.33333333333334,187200.0
P6904,3.7,34.33333333333334,2033.333333333333,44.16666666666666,188100.0
P6905,3.7,34.33333333333334,2033.333333333333,45.0,189000.0
P6906,3.7,34.33333333333334,2100.0,40.0,189900.0
P6907,3.7,34.33333333333334,2100.0,40.83333333333334,190700.0
P6908,3.7,34.33333333333334,2100.0,41.66666666666666,191600.0
P6909,3.7,34.33333333333334,2100.0,42.5,192500.0
P6910,3.7,34.33333333333334,2100.0,43.33333333333334,193400.0
P6911,3.7,34.33333333333334,2100.0,44.16666666666666,194300.0
P6912,3.7,34.33333333333334,2100.0,45.0,195200.0
P6913,3.7,35.0,1700.0,40.0,166600.0
P6914,3.7,35.0,1700.0,40.83333333333334,167400.0
P6915,3.7,35.0,1700.0,41.66666666666666,168300.0
P6916,3.7,35.0,1700.0,42.5,169200.0
P6917,3.7,35.0,1700.0,43.33333333333334,170100.0
P6918,3.7,35.0,1700.0,44.16666666666666,171000.0
P6919,3.7,35.0,1700.0,45.0,171900.0
P6920,3.7,35.0,1766.666666666667,40.0,176000.0
P6921,3.7,35.0,1766.666666666667,40.83333333333334,176800.0
P6922,3.7,35.0,1766.666666666667,41.66666666666666,177700.0
P6923,3.7,35.0,1766.666666666667,42.5,178600.0
P6924,3.7,35.0,1766.666666666667,43.33333333333334,179500.0
P6925,3.7,35.0,1766.666666666667,44.16666666666666,180400.0
P6926,3.7,35.0,1766.666666666667,45.0,181300.0
P6927,3.7,35.0,1833.333333333333,40.0,175900.0
P6928,3.7,35.0,1833.333333333333,40.83333333333334,176700.0
P6929,3.7,35.0,1833.333333333333,41.66666666666666,177600.0
P6930,3.7,35.0,1833.333333333333,42.5,178500.0
P6931,3.7,35.0,1833.333333333333,43.33333333333334,179400.0
P6932,3.7,35.0,1833.333333333333,44.16666666666666,180300.0
P6933,3.7,35.0,1833.333333333333,45.0,181200.0
P6934,3.7,35.0,1900.0,40.0,176300.0
P6935,3.7,35.0,1900.0,40.83333333333334,177100.0
P6936,3.7,35.0,1900.0,41.66666666666666,178000.0
P6937,3.7,35.0,1900.0,42.5,178900.0
P6938,3.7,35.0,1900.0,43.33333333333334,179800.0
P6939,3.7,35.0,1900.0,44.16666666666666,180700.0
P6940,3.7,35.0,1900.0,45.0,181600.0
P6941,3.7,35.0,1966.666666666667,40.0,186000.0
P6942,3.7,35.0,1966.666666666667,40.83333333333334,186800.0
P6943,3.7,35.0,1966.666666666667,41.66666666666666,187700.0
P6944,3.7,35.0,1966.666666666667,42.5,188600.0
P6945,3.7,35.0,1966.666666666667,43.33333333333334,189500.0
P6946,3.7,35.0,1966.666666666667,44.16666666666666,190400.0
P6947,3.7,35.0,1966.666666666667,45.0,191300.0
P6948,3.7,35.0,2033.333333333333,40.0,186000.0
P6949,3.7,35.0,2033.333333333333,40.83333333333334,186800.0
P6950,3.7,35.0,2033.333333333333,41.66666666666666,187700.0
P6951,3.7,35.0,2033.333333333333,42.5,188600.0
P6952,3.7,35.0,2033.333333333333,43.33333333333334,189500.0
P6953,3.7,35.0,2033.333333333333,44.16666666666666,190400.0
P6954,3.7,35.0,2033.333333333333,45.0,191300.0
P6955,3.7,35.0,2100.0,40.0,192300.0
P6956,3.7,35.0,2100.0,40.83333333333334,193100.0
P6957,3.7,35.0,2100.0,41.66666666666666,194000.0
P6958,3.7,35.0,2100.0,42.5,194900.0
P6959,3.7,35.0,2100.0,43.33333333333334,195800.0
P6960,3.7,35.0,2100.0,44.16666666666666,196700.0
P6961,3.7,35.0,2100.0,45.0,197600.0
P6962,3.7,35.66666666666666,1700.0,40.0,168500.0
P6963,3.7,35.66666666666666,1700.0,40.83333333333334,169300.0
P6964,3.7,35.66666666666666,1700.0,41.66666666666666,170200.0
P6965,3.7,35.66666666666666,1700.0,42.5,171100.0
P6966,3.7,35.66666666666666,1700.0,43.33333333333334,172000.0
P6967,3.7,35.66666666666666,1700.0,44.16666666666666,172900.0
P6968,3.7,35.66666666666666,1700.0,45.0,173800.0
P6969,3.7,35.66666666666666,1766.666666666667,40.0,178100.0
P6970,3.7,35.66666666666666,1766.666666666667,40.83333333333334,178900.0
P6971,3.7,35.66666666666666,1766.666666666667,41.66666666666666,179800.0
P6972,3.7,35.66666666666666,1766.666666666667,42.5,180700.0
P6973,3.7,35.66666666666666,1766.666666666667,43.33333333333334,181600.0
P6974,3.7,35.66666666666666,1766.666666666667,44.16666666666666,182500.0
P6975,3.7,35.66666666666666,1766.666666666667,45.0,183400.0
P6976,3.7,35.66666666666666,1833.333333333333,40.0,178000.0
P6977,3.7,35.66666666666666,1833.333333333333,40.83333333333334,178800.0
P6978,3.7,35.66666666666666,1833.333333333333,41.66666666666666,179700.0
P6979,3.7,35.66666666666666,1833.333333333333,42.5,180600.0
P6980,3.7,35.66666666666666,1833.333333333333,43.33333333333334,181500.0
P6981,3.7,35.66666666666666,1833.333333333333,44.16666666666666,182400.0
P6982,3.7,35.66666666666666,1833.333333333333,45.0,183300.0
P6983,3.7,35.66666666666666,1900.0,40.0,178400.0
P6984,3.7,35.66666666666666,1900.0,40.83333333333334,179200.0
P6985,3.7,35.66666666666666,1900.0,41.66666666666666,180100.0
P6986,3.7,35.66666666666666,1900.0,42.5,181000.0
P6987,3.7,35.66666666666666,1900.0,43.33333333333334,181900.0
P6988,3.7,35.66666666666666,1900.0,44.16666666666666,182800.0
P6989,3.7,35.66666666666666,1900.0,45.0,183700.0
P6990,3.7,35.66666666666666,1966.666666666667,40.0,188300.0
P6991,3.7,35.66666666666666,1966.666666666667,40.83333333333334,189100.0
P6992,3.7,35.66666666666666,1966.666666666667,41.66666666666666,190000.0
P6993,3.7,35.66666666666666,1966.666666666667,42.5,190900.0
P6994,3.7,35.66666666666666,1966.666666666667,43.33333333333334,191800.0
P6995,3.7,35.66666666666666,1966.666666666667,44.16666666666666,192700.0
P6996,3.7,35.66666666666666,1966.666666666667,45.0,193600.0
P6997,3.7,35.66666666666666,2033.333333333333,40.0,188300.0
P6998,3.7,35.66666666666666,2033.333333333333,40.83333333333334,189100.0
P6999,3.7,35.66666666666666,2033.333333333333,41.66666666666666,190000.0
P7000,3.7,35.66666666666666,2033.333333333333,42.5,190900.0
P7001,3.7,35.66666666666666,2033.333333333333,43.33333333333334,191800.0
P7002,3.7,35.66666666666666,2033.333333333333,44.16666666666666,192700.0
P7003,3.7,35.66666666666666,2033.333333333333,45.0,193600.0
P7004,3.7,35.66666666666666,2100.0,40.0,195200.0
P7005,3.7,35.66666666666666,2100.0,40.83333333333334,196000.0
P7006,3.7,35.66666666666666,2100.0,41.66666666666666,196900.0
P7007,3.7,35.66666666666666,2100.0,42.5,197800.0
P7008,3.7,35.66666666666666,2100.0,43.33333333333334,198700.0
P7009,3.7,35.66666666666666,2100.0,44.16666666666666,199600.0
P7010,3.7,35.66666666666666,2100.0,45.0,200500.0
P7011,3.7,36.33333333333334,1700.0,40.0,165900.0
P7012,3.7,36.33333333333334,1700.0,40.83333333333334,166700.0
P7013,3.7,36.33333333333334,1700.0,41.66666666666666,167600.0
P7014,3.7,36.33333333333334,1700.0,42.5,168500.0
P7015,3.7,36.33333333333334,1700.0,43.33333333333334,169400.0
P7016,3.7,36.33333333333334,1700.0,44.16666666666666,170300.0
P7017,3.7,36.33333333333334,1700.0,45.0,171200.0
P7018,3.7,36.33333333333334,1766.666666666667,40.0,180200.0
P7019,3.7,36.33333333333334,1766.666666666667,40.83333333333334,181000.0
P7020,3.7,36.33333333333334,1766.666666666667,41.66666666666666,181900.0
P7021,3.7,36.33333333333334,1766.666666666667,42.5,182800.0
P7022,3.7,36.33333333333334,1766.666666666667,43.33333333333334,183700.0
P7023,3.7,36.33333333333334,1766.666666666667,44.16666666666666,184600.0
P7024,3.7,36.33333333333334,1766.666666666667,45.0,185500.0
P7025,3.7,36.33333333333334,1833.333333333333,40.0,180500.0
P7026,3.7,36.33333333333334,1833.333333333333,40.83333333333334,181300.0
P7027,3.7,36.33333333333334,1833.333333333333,41.66666666666666,182200.0
P7028,3.7,36.33333333333334,1833.333333333333,42.5,183100.0
P7029,3.7,36.33333333333334,1833.333333333333,43.33333333333334,184000.0
P7030,3.7,36.33333333333334,1833.333333333333,44.16666666666666,184900.0
P7031,3.7,36.33333333333334,1833.333333333333,45.0,185800.0
P7032,3.7,36.33333333333334,1900.0,40.0,190300.0
P7033,3.7,36.33333333333334,1900.0,40.83333333333334,191100.0
P7034,3.7,36.33333333333334,1900.0,41.66666666666666,192000.0
P7035,3.7,36.33333333333334,1900.0,42.5,192900.0
P7036,3.7,36.33333333333334,1900.0,43.33333333333334,193800.0
P7037,3.7,36.33333333333334,1900.0,44.16666666666666,194700.0
P7038,3.7,36.33333333333334,1900.0,45.0,195600.0
P7039,3.7,36.33333333333334,1966.666666666667,40.0,190600.0
P7040,3.7,36.33333333333334,1966.666666666667,40.83333333333334,191400.0
P7041,3.7,36.33333333333334,1966.666666666667,41.66666666666666,192300.0
P7042,3.7,36.33333333333334,1966.666666666667,42.5,193200.0
P7043,3.7,36.33333333333334,1966.666666666667,43.33333333333334,194100.0
P7044,3.7,36.33333333333334,1966.666666666667,44.16666666666666,195000.0
P7045,3.7,36.33333333333334,1966.666666666667,45.0,195900.0
P7046,3.7,36.33333333333334,2033.333333333333,40.0,190600.0
P7047,3.7,36.33333333333334,2033.333333333333,40.83333333333334,191400.0
P7048,3.7,36.33333333333334,2033.333333333333,41.66666666666666,192300.0
P7049,3.7,36.33333333333334,2033.333333333333,42.5,193200.0
P7050,3.7,36.33333333333334,2033.333333333333,43.33333333333334,194100.0
P7051,3.7,36.33333333333334,2033.333333333333,44.16666666666666,195000.0
P7052,3.7,36.33333333333334,2033.333333333333,45.0,195900.0
P7053,3.7,36.33333333333334,2100.0,40.0,197600.0
P7054,3.7,36.33333333333334,2100.0,40.83333333333334,198400.0
P7055,3.7,36.33333333333334,2100.0,41.66666666666666,199300.0
P7056,3.7,36.33333333333334,2100.0,42.5,200200.0
P7057,3.7,36.33333333333334,2100.0,43.33333333333334,201100.0
P7058,3.7,36.33333333333334,2100.0,44.16666666666666,202000.0
P7059,3.7,36.33333333333334,2100.0,45.0,202900.0
P7060,3.7,37.0,1700.0,40.0,167700.0
P7061,3.7,37.0,1700.0,40.83333333333334,168500.0
P7062,3.7,37.0,1700.0,41.66666666666666,169400.0
P7063,3.7,37.0,1700.0,42.5,170300.0
P7064,3.7,37.0,1700.0,43.33333333333334,171200.0
P7065,3.7,37.0,1700.0,44.16666666666666,172100.0
P7066,3.7,37.0,1700.0,45.0,173000.0
P7067,3.7,37.0,1766.666666666667,40.0,182400.0
P7068,3.7,37.0,1766.666666666667,40.83333333333334,183200.0
P7069,3.7,37.0,1766.666666666667,41.66666666666666,184100.0
P7070,3.7,37.0,1766.666666666667,42.5,185000.0
P7071,3.7,37.0,1766.666666666667,43.33333333333334,185900.0
P7072,3.7,37.0,1766.666666666667,44.16666666666666,186800.0
P7073,3.7,37.0,1766.666666666667,45.0,187700.0
P7074,3.7,37.0,1833.333333333333,40.0,182700.0
P7075,3.7,37.0,1833.333333333333,40.83333333333334,183500.0
P7076,3.7,37.0,1833.333333333333,41.66666666666666,184400.0
P7077,3.7,37.0,1833.333333333333,42.5,185300.0
P7078,3.7,37.0,1833.333333333333,43.33333333333334,186200.0
P7079,3.7,37.0,1833.333333333333,44.16666666666666,187100.0
P7080,3.7,37.0,1833.333333333333,45.0,188000.0
P7081,3.7,37.0,1900.0,40.0,192700.0
P7082,3.7,37.0,1900.0,40.83333333333334,193500.0
P7083,3.7,37.0,1900.0,41.66666666666666,194400.0
P7084,3.7,37.0,1900.0,42.5,195300.0
P7085,3.7,37.0,1900.0,43.33333333333334,196200.0
P7086,3.7,37.0,1900.0,44.16666666666666,197100.0
P7087,3.7,37.0,1900.0,45.0,198000.0
P7088,3.7,37.0,1966.666666666667,40.0,193000.0
P7089,3.7,37.0,1966.666666666667,40.83333333333334,193800.0
P7090,3.7,37.0,1966.666666666667,41.66666666666666,194700.0
P7091,3.7,37.0,1966.666666666667,42.5,195600.0
P7092,3.7,37.0,1966.666666666667,43.33333333333334,196500.0
P7093,3.7,37.0,1966.666666666667,44.16666666666666,197400.0
P7094,3.7,37.0,1966.666666666667,45.0,198300.0
P7095,3.7,37.0,2033.333333333333,40.0,193000.0
P7096,3.7,37.0,2033.333333333333,40.83333333333334,193800.0
P7097,3.7,37.0,2033.333333333333,41.66666666666666,194700.0
P7098,3.7,37.0,2033.333333333333,42.5,195600.0
P7099,3.7,37.0,2033.333333333333,43.33333333333334,196500.0
P7100,3.7,37.0,2033.333333333333,44.16666666666666,197400.0
P7101,3.7,37.0,2033.333333333333,45.0,198300.0
P7102,3.7,37.0,2100.0,40.0,200100.0
P7103,3.7,37.0,2100.0,40.83333333333334,200900.0
P7104,3.7,37.0,2100.0,41.66666666666666,201800.0
P7105,3.7,37.0,2100.0,42.5,202700.0
P7106,3.7,37.0,2100.0,43.33333333333334,203600.0
P7107,3.7,37.0,2100.0,44.16666666666666,204500.0
P7108,3.7,37.0,2100.0,45.0,205400.0
P7109,3.8,33.0,1700.0,40.0,175300.0
P7110,3.8,33.0,1700.0,40.83333333333334,176200.0
P7111,3.8,33.0,1700.0,41.66666666666666,177100.0
P7112,3.8,33.0,1700.0,42.5,178100.0
P7113,3.8,33.0,1700.0,43.33333333333334,179000.0
P7114,3.8,33.0,1700.0,44.16666666666666,179900.0
P7115,3.8,33.0,1700.0,45.0,180800.0
P7116,3.8,33.0,1766.666666666667,40.0,175200.0
P7117,3.8,33.0,1766.666666666667,40.83333333333334,176100.0
P7118,3.8,33.0,1766.666666666667,41.66666666666666,177000.0
P7119,3.8,33.0,1766.666666666667,42.5,178000.0
P7120,3.8,33.0,1766.666666666667,43.33333333333334,178900.0
P7121,3.8,33.0,1766.666666666667,44.16666666666666,179800.0
P7122,3.8,33.0,1766.666666666667,45.0,180700.0
P7123,3.8,33.0,1833.333333333333,40.0,175500.0
P7124,3.8,33.0,1833.333333333333,40.83333333333334,176400.0
P7125,3.8,33.0,1833.333333333333,41.66666666666666,177300.0
P7126,3.8,33.0,1833.333333333333,42.5,178300.0
P7127,3.8,33.0,1833.333333333333,43.33333333333334,179200.0
P7128,3.8,33.0,1833.333333333333,44.16666666666666,180100.0
P7129,3.8,33.0,1833.333333333333,45.0,181000.0
P7130,3.8,33.0,1900.0,40.0,175900.0
P7131,3.8,33.0,1900.0,40.83333333333334,176800.0
P7132,3.8,33.0,1900.0,41.66666666666666,177700.0
P7133,3.8,33.0,1900.0,42.5,178700.0
P7134,3.8,33.0,1900.0,43.33333333333334,179600.0
P7135,3.8,33.0,1900.0,44.16666666666666,180500.0
P7136,3.8,33.0,1900.0,45.0,181400.0
P7137,3.8,33.0,1966.666666666667,40.0,185000.0
P7138,3.8,33.0,1966.666666666667,40.83333333333334,185900.0
P7139,3.8,33.0,1966.666666666667,41.66666666666666,186800.0
P7140,3.8,33.0,1966.666666666667,42.5,187800.0
P7141,3.8,33.0,1966.666666666667,43.33333333333334,188700.0
P7142,3.8,33.0,1966.666666666667,44.16666666666666,189600.0
P7143,3.8,33.0,1966.666666666667,45.0,190500.0
P7144,3.8,33.0,2033.333333333333,40.0,185000.0
P7145,3.8,33.0,2033.333333333333,40.83333333333334,185900.0
P7146,3.8,33.0,2033.333333333333,41.66666666666666,186800.0
P7147,3.8,33.0,2033.333333333333,42.5,187800.0
P7148,3.8,33.0,2033.333333333333,43.33333333333334,188700.0
P7149,3.8,33.0,2033.333333333333,44.16666666666666,189600.0
P7150,3.8,33.0,2033.333333333333,45.0,190500.0
P7151,3.8,33.0,2100.0,40.0,191600.0
P7152,3.8,33.0,2100.0,40.83333333333334,192500.0
P7153,3.8,33.0,2100.0,41.66666666666666,193400.0
P7154,3.8,33.0,2100.0,42.5,194400.0
P7155,3.8,33.0,2100.0,43.33333333333334,195300.0
P7156,3.8,33.0,2100.0,44.16666666666666,196200.0
P7157,3.8,33.0,2100.0,45.0,197100.0
P7158,3.8,33.66666666666666,1700.0,40.0,177600.0
P7159,3.8,33.66666666666666,1700.0,40.83333333333334,178500.0
P7160,3.8,33.66666666666666,1700.0,41.66666666666666,179400.0
P7161,3.8,33.66666666666666,1700.0,42.5,180400.0
P7162,3.8,33.66666666666666,1700.0,43.33333333333334,181300.0
P7163,3.8,33.66666666666666,1700.0,44.16666666666666,182200.0
P7164,3.8,33.66666666666666,1700.0,45.0,183100.0
P7165,3.8,33.66666666666666,1766.666666666667,40.0,177500.0
P7166,3.8,33.66666666666666,1766.666666666667,40.83333333333334,178400.0
P7167,3.8,33.66666666666666,1766.666666666667,41.66666666666666,179300.0
P7168,3.8,33.66666666666666,1766.666666666667,42.5,180300.0
P7169,3.8,33.66666666666666,1766.666666666667,43.33333333333334,181200.0
P7170,3.8,33.66666666666666,1766.666666666667,44.16666666666666,182100.0
P7171,3.8,33.66666666666666,1766.666666666667,45.0,183000.0
P7172,3.8,33.66666666666666,1833.333333333333,40.0,177800.0
P7173,3.8,33.66666666666666,1833.333333333333,40.83333333333334,178700.0
P7174,3.8,33.66666666666666,1833.333333333333,41.66666666666666,179600.0
P7175,3.8,33.66666666666666,1833.333333333333,42.5,180600.0
P7176,3.8,33.66666666666666,1833.333333333333,43.33333333333334,181500.0
P7177,3.8,33.66666666666666,1833.333333333333,44.16666666666666,182400.0
P7178,3.8,33.66666666666666,1833.333333333333,45.0,183300.0
P7179,3.8,33.66666666666666,1900.0,40.0,178200.0
P7180,3.8,33.66666666666666,1900.0,40.83333333333334,179100.0
P7181,3.8,33.66666666666666,1900.0,41.66666666666666,180000.0
P7182,3.8,33.66666666666666,1900.0,42.5,181000.0
P7183,3.8,33.66666666666666,1900.0,43.33333333333334,181900.0
P7184,3.8,33.66666666666666,1900.0,44.16666666666666,182800.0
P7185,3.8,33.66666666666666,1900.0,45.0,183700.0
P7186,3.8,33.66666666666666,1966.666666666667,40.0,187500.0
P7187,3.8,33.66666666666666,1966.666666666667,40.83333333333334,188400.0
P7188,3.8,33.66666666666666,1966.666666666667,41.66666666666666,189300.0
P7189,3.8,33.66666666666666,1966.666666666667,42.5,190300.0
P7190,3.8,33.66666666666666,1966.666666666667,43.33333333333334,191200.0
P7191,3.8,33.66666666666666,1966.666666666667,44.16666666666666,192100.0
P7192,3.8,33.66666666666666,1966.666666666667,45.0,193000.0
P7193,3.8,33.66666666666666,2033.333333333333,40.0,193700.0
P7194,3.8,33.66666666666666,2033.333333333333,40.83333333333334,194600.0
P7195,3.8,33.66666666666666,2033.333333333333,41.66666666666666,195500.0
P7196,3.8,33.66666666666666,2033.333333333333,42.5,196500.0
P7197,3.8,33.66666666666666,2033.333333333333,43.33333333333334,197400.0
P7198,3.8,33.66666666666666,2033.333333333333,44.16666666666666,198300.0
P7199,3.8,33.66666666666666,2033.333333333333,45.0,199200.0
P7200,3.8,33.66666666666666,2100.0,40.0,194200.0
P7201,3.8,33.66666666666666,2100.0,40.83333333333334,195100.0
P7202,3.8,33.66666666666666,2100.0,41.66666666666666,196000.0
P7203,3.8,33.66666666666666,2100.0,42.5,197000.0
P7204,3.8,33.66666666666666,2100.0,43.33333333333334,197900.0
P7205,3.8,33.66666666666666,2100.0,44.16666666666666,198800.0
P7206,3.8,33.66666666666666,2100.0,45.0,199700.0
P7207,3.8,34.33333333333334,1700.0,40.0,179800.0
P7208,3.8,34.33333333333334,1700.0,40.83333333333334,180700.0
P7209,3.8,34.33333333333334,1700.0,41.66666666666666,181600.0
P7210,3.8,34.33333333333334,1700.0,42.5,182600.0
P7211,3.8,34.33333333333334,1700.0,43.33333333333334,183500.0
P7212,3.8,34.33333333333334,1700.0,44.16666666666666,184400.0
P7213,3.8,34.33333333333334,1700.0,45.0,185300.0
P7214,3.8,34.33333333333334,1766.666666666667,40.0,179700.0
P7215,3.8,34.33333333333334,1766.666666666667,40.83333333333334,180600.0
P7216,3.8,34.33333333333334,1766.666666666667,41.66666666666666,181500.0
P7217,3.8,34.33333333333334,1766.666666666667,42.5,182500.0
P7218,3.8,34.33333333333334,1766.666666666667,43.33333333333334,183400.0
P7219,3.8,34.33333333333334,1766.666666666667,44.16666666666666,184300.0
P7220,3.8,34.33333333333334,1766.666666666667,45.0,185200.0
P7221,3.8,34.33333333333334,1833.333333333333,40.0,180000.0
P7222,3.8,34.33333333333334,1833.333333333333,40.83333333333334,180900.0
P7223,3.8,34.33333333333334,1833.333333333333,41.66666666666666,181800.0
P7224,3.8,34.33333333333334,1833.333333333333,42.5,182800.0
P7225,3.8,34.33333333333334,1833.333333333333,43.33333333333334,183700.0
P7226,3.8,34.33333333333334,1833.333333333333,44.16666666666666,184600.0
P7227,3.8,34.33333333333334,1833.333333333333,45.0,185500.0
P7228,3.8,34.33333333333334,1900.0,40.0,180400.0
P7229,3.8,34.33333333333334,1900.0,40.83333333333334,181300.0
P7230,3.8,34.33333333333334,1900.0,41.66666666666666,182200.0
P7231,3.8,34.33333333333334,1900.0,42.5,183200.0
P7232,3.8,34.33333333333334,1900.0,43.33333333333334,184100.0
P7233,3.8,34.33333333333334,1900.0,44.16666666666666,185000.0
P7234,3.8,34.33333333333334,1900.0,45.0,185900.0
P7235,3.8,34.33333333333334,1966.666666666667,40.0,189800.0
P7236,3.8,34.33333333333334,1966.666666666667,40.83333333333334,190700.0
P7237,3.8,34.33333333333334,1966.666666666667,41.66666666666666,191600.0
P7238,3.8,34.33333333333334,1966.666666666667,42.5,192600.0
P7239,3.8,34.33333333333334,1966.666666666667,43.33333333333334,193500.0
P7240,3.8,34.33333333333334,1966.666666666667,44.16666666666666,194400.0
P7241,3.8,34.33333333333334,1966.666666666667,45.0,195300.0
P7242,3.8,34.33333333333334,2033.333333333333,40.0,196200.0
P7243,3.8,34.33333333333334,2033.333333333333,40.83333333333334,197100.0
P7244,3.8,34.33333333333334,2033.333333333333,41.66666666666666,198000.0
P7245,3.8,34.33333333333334,2033.333333333333,42.5,199000.0
P7246,3.8,34.33333333333334,2033.333333333333,43.33333333333334,199900.0
P7247,3.8,34.33333333333334,2033.333333333333,44.16666666666666,200800.0
P7248,3.8,34.33333333333334,2033.333333333333,45.0,201700.0
P7249,3.8,34.33333333333334,2100.0,40.0,196700.0
P7250,3.8,34.33333333333334,2100.0,40.83333333333334,197600.0
P7251,3.8,34.33333333333334,2100.0,41.66666666666666,198500.0
P7252,3.8,34.33333333333334,2100.0,42.5,199500.0
P7253,3.8,34.33333333333334,2100.0,43.33333333333334,200400.0
P7254,3.8,34.33333333333334,2100.0,44.16666666666666,201300.0
P7255,3.8,34.33333333333334,2100.0,45.0,202200.0
P7256,3.8,35.0,1700.0,40.0,181900.0
P7257,3.8,35.0,1700.0,40.83333333333334,182800.0
P7258,3.8,35.0,1700.0,41.66666666666666,183700.0
P7259,3.8,35.0,1700.0,42.5,184700.0
P7260,3.8,35.0,1700.0,43.33333333333334,185600.0
P7261,3.8,35.0,1700.0,44.16666666666666,186500.0
P7262,3.8,35.0,1700.0,45.0,187400.0
P7263,3.8,35.0,1766.666666666667,40.0,181800.0
P7264,3.8,35.0,1766.666666666667,40.83333333333334,182700.0
P7265,3.8,35.0,1766.666666666667,41.66666666666666,183600.0
P7266,3.8,35.0,1766.666666666667,42.5,184600.0
P7267,3.8,35.0,1766.666666666667,43.33333333333334,185500.0
P7268,3.8,35.0,1766.666666666667,44.16666666666666,186400.0
P7269,3.8,35.0,1766.666666666667,45.0,187300.0
P7270,3.8,35.0,1833.333333333333,40.0,182100.0
P7271,3.8,35.0,1833.333333333333,40.83333333333334,183000.0
P7272,3.8,35.0,1833.333333333333,41.66666666666666,183900.0
P7273,3.8,35.0,1833.333333333333,42.5,184900.0
P7274,3.8,35.0,1833.333333333333,43.33333333333334,185800.0
P7275,3.8,35.0,1833.333333333333,44.16666666666666,186700.0
P7276,3.8,35.0,1833.333333333333,45.0,187600.0
P7277,3.8,35.0,1900.0,40.0,182500.0
P7278,3.8,35.0,1900.0,40.83333333333334,183400.0
P7279,3.8,35.0,1900.0,41.66666666666666,184300.0
P7280,3.8,35.0,1900.0,42.5,185300.0
P7281,3.8,35.0,1900.0,43.33333333333334,186200.0
P7282,3.8,35.0,1900.0,44.16666666666666,187100.0
P7283,3.8,35.0,1900.0,45.0,188000.0
P7284,3.8,35.0,1966.666666666667,40.0,192200.0
P7285,3.8,35.0,1966.666666666667,40.83333333333334,193100.0
P7286,3.8,35.0,1966.666666666667,41.66666666666666,194000.0
P7287,3.8,35.0,1966.666666666667,42.5,195000.0
P7288,3.8,35.0,1966.666666666667,43.33333333333334,195900.0
P7289,3.8,35.0,1966.666666666667,44.16666666666666,196800.0
P7290,3.8,35.0,1966.666666666667,45.0,197700.0
P7291,3.8,35.0,2033.333333333333,40.0,198600.0
P7292,3.8,35.0,2033.333333333333,40.83333333333334,199500.0
P7293,3.8,35.0,2033.333333333333,41.66666666666666,200400.0
P7294,3.8,35.0,2033.333333333333,42.5,201400.0
P7295,3.8,35.0,2033.333333333333,43.33333333333334,202300.0
P7296,3.8,35.0,2033.333333333333,44.16666666666666,203200.0
P7297,3.8,35.0,2033.333333333333,45.0,204100.0
P7298,3.8,35.0,2100.0,40.0,199100.0
P7299,3.8,35.0,2100.0,40.83333333333334,200000.0
P7300,3.8,35.0,2100.0,41.66666666666666,200900.0
P7301,3.8,35.0,2100.0,42.5,201900.0
P7302,3.8,35.0,2100.0,43.33333333333334,202800.0
P7303,3.8,35.0,2100.0,44.16666666666666,203700.0
P7304,3.8,35.0,2100.0,45.0,204600.0
P7305,3.8,35.66666666666666,1700.0,40.0,184100.0
P7306,3.8,35.66666666666666,1700.0,40.83333333333334,185000.0
P7307,3.8,35.66666666666666,1700.0,41.66666666666666,185900.0
P7308,3.8,35.66666666666666,1700.0,42.5,186900.0
P7309,3.8,35.66666666666666,1700.0,43.33333333333334,187800.0
P7310,3.8,35.66666666666666,1700.0,44.16666666666666,188700.0
P7311,3.8,35.66666666666666,1700.0,45.0,189600.0
P7312,3.8,35.66666666666666,1766.666666666667,40.0,184000.0
P7313,3.8,35.66666666666666,1766.666666666667,40.83333333333334,184900.0
P7314,3.8,35.66666666666666,1766.666666666667,41.66666666666666,185800.0
P7315,3.8,35.66666666666666,1766.666666666667,42.5,186800.0
P7316,3.8,35.66666666666666,1766.666666666667,43.33333333333334,187700.0
P7317,3.8,35.66666666666666,1766.666666666667,44.16666666666666,188600.0
P7318,3.8,35.66666666666666,1766.666666666667,45.0,189500.0
P7319,3.8,35.66666666666666,1833.333333333333,40.0,184300.0
P7320,3.8,35.66666666666666,1833.333333333333,40.83333333333334,185200.0
P7321,3.8,35.66666666666666,1833.333333333333,41.66666666666666,186100.0
P7322,3.8,35.66666666666666,1833.333333333333,42.5,187100.0
P7323,3.8,35.66666666666666,1833.333333333333,43.33333333333334,188000.0
P7324,3.8,35.66666666666666,1833.333333333333,44.16666666666666,188900.0
P7325,3.8,35.66666666666666,1833.333333333333,45.0,189800.0
P7326,3.8,35.66666666666666,1900.0,40.0,194600.0
P7327,3.8,35.66666666666666,1900.0,40.83333333333334,195500.0
P7328,3.8,35.66666666666666,1900.0,41.66666666666666,196400.0
P7329,3.8,35.66666666666666,1900.0,42.5,197400.0
P7330,3.8,35.66666666666666,1900.0,43.33333333333334,198300.0
P7331,3.8,35.66666666666666,1900.0,44.16666666666666,199200.0
P7332,3.8,35.66666666666666,1900.0,45.0,200100.0
P7333,3.8,35.66666666666666,1966.666666666667,40.0,194600.0
P7334,3.8,35.66666666666666,1966.666666666667,40.83333333333334,195500.0
P7335,3.8,35.66666666666666,1966.666666666667,41.66666666666666,196400.0
P7336,3.8,35.66666666666666,1966.666666666667,42.5,197400.0
P7337,3.8,35.66666666666666,1966.666666666667,43.33333333333334,198300.0
P7338,3.8,35.66666666666666,1966.666666666667,44.16666666666666,199200.0
P7339,3.8,35.66666666666666,1966.666666666667,45.0,200100.0
P7340,3.8,35.66666666666666,2033.333333333333,40.0,201600.0
P7341,3.8,35.66666666666666,2033.333333333333,40.83333333333334,202500.0
P7342,3.8,35.66666666666666,2033.333333333333,41.66666666666666,203400.0
P7343,3.8,35.66666666666666,2033.333333333333,42.5,204400.0
P7344,3.8,35.66666666666666,2033.333333333333,43.33333333333334,205300.0
P7345,3.8,35.66666666666666,2033.333333333333,44.16666666666666,206200.0
P7346,3.8,35.66666666666666,2033.333333333333,45.0,207100.0
P7347,3.8,35.66666666666666,2100.0,40.0,201600.0
P7348,3.8,35.66666666666666,2100.0,40.83333333333334,202500.0
P7349,3.8,35.66666666666666,2100.0,41.66666666666666,203400.0
P7350,3.8,35.66666666666666,2100.0,42.5,204400.0
P7351,3.8,35.66666666666666,2100.0,43.33333333333334,205300.0
P7352,3.8,35.66666666666666,2100.0,44.16666666666666,206200.0
P7353,3.8,35.66666666666666,2100.0,45.0,207100.0
P7354,3.8,36.33333333333334,1700.0,40.0,186300.0
P7355,3.8,36.33333333333334,1700.0,40.83333333333334,187200.0
P7356,3.8,36.33333333333334,1700.0,41.66666666666666,188100.0
P7357,3.8,36.33333333333334,1700.0,42.5,189100.0
P7358,3.8,36.33333333333334,1700.0,43.33333333333334,190000.0
P7359,3.8,36.33333333333334,1700.0,44.16666666666666,190900.0
P7360,3.8,36.33333333333334,1700.0,45.0,191800.0
P7361,3.8,36.33333333333334,1766.666666666667,40.0,186200.0
P7362,3.8,36.33333333333334,1766.666666666667,40.83333333333334,187100.0
P7363,3.8,36.33333333333334,1766.666666666667,41.66666666666666,188000.0
P7364,3.8,36.33333333333334,1766.666666666667,42.5,189000.0
P7365,3.8,36.33333333333334,1766.666666666667,43.33333333333334,189900.0
P7366,3.8,36.33333333333334,1766.666666666667,44.16666666666666,190800.0
P7367,3.8,36.33333333333334,1766.666666666667,45.0,191700.0
P7368,3.8,36.33333333333334,1833.333333333333,40.0,186500.0
P7369,3.8,36.33333333333334,1833.333333333333,40.83333333333334,187400.0
P7370,3.8,36.33333333333334,1833.333333333333,41.66666666666666,188300.0
P7371,3.8,36.33333333333334,1833.333333333333,42.5,189300.0
P7372,3.8,36.33333333333334,1833.333333333333,43.33333333333334,190200.0
P7373,3.8,36.33333333333334,1833.333333333333,44.16666666666666,191100.0
P7374,3.8,36.33333333333334,1833.333333333333,45.0,192000.0
P7375,3.8,36.33333333333334,1900.0,40.0,196900.0
P7376,3.8,36.33333333333334,1900.0,40.83333333333334,197800.0
P7377,3.8,36.33333333333334,1900.0,41.66666666666666,198700.0
P7378,3.8,36.33333333333334,1900.0,42.5,199700.0
P7379,3.8,36.33333333333334,1900.0,43.33333333333334,200600.0
P7380,3.8,36.33333333333334,1900.0,44.16666666666666,201500.0
P7381,3.8,36.33333333333334,1900.0,45.0,202400.0
P7382,3.8,36.33333333333334,1966.666666666667,40.0,196900.0
P7383,3.8,36.33333333333334,1966.666666666667,40.83333333333334,197800.0
P7384,3.8,36.33333333333334,1966.666666666667,41.66666666666666,198700.0
P7385,3.8,36.33333333333334,1966.666666666667,42.5,199700.0
P7386,3.8,36.33333333333334,1966.666666666667,43.33333333333334,200600.0
P7387,3.8,36.33333333333334,1966.666666666667,44.16666666666666,201500.0
P7388,3.8,36.33333333333334,1966.666666666667,45.0,202400.0
P7389,3.8,36.33333333333334,2033.333333333333,40.0,204100.0
P7390,3.8,36.33333333333334,2033.333333333333,40.83333333333334,205000.0
P7391,3.8,36.33333333333334,2033.333333333333,41.66666666666666,205900.0
P7392,3.8,36.33333333333334,2033.333333333333,42.5,206900.0
P7393,3.8,36.33333333333334,2033.333333333333,43.33333333333334,207800.0
P7394,3.8,36.33333333333334,2033.333333333333,44.16666666666666,208700.0
P7395,3.8,36.33333333333334,2033.333333333333,45.0,209600.0
P7396,3.8,36.33333333333334,2100.0,40.0,204100.0
P7397,3.8,36.33333333333334,2100.0,40.83333333333334,205000.0
P7398,3.8,36.33333333333334,2100.0,41.66666666666666,205900.0
P7399,3.8,36.33333333333334,2100.0,42.5,206900.0
P7400,3.8,36.33333333333334,2100.0,43.33333333333334,207800.0
P7401,3.8,36.33333333333334,2100.0,44.16666666666666,208700.0
P7402,3.8,36.33333333333334,2100.0,45.0,209600.0
P7403,3.8,37.0,1700.0,40.0,188400.0
P7404,3.8,37.0,1700.0,40.83333333333334,189300.0
P7405,3.8,37.0,1700.0,41.66666666666666,190200.0
P7406,3.8,37.0,1700.0,42.5,191200.0
P7407,3.8,37.0,1700.0,43.33333333333334,192100.0
P7408,3.8,37.0,1700.0,44.16666666666666,193000.0
P7409,3.8,37.0,1700.0,45.0,193900.0
P7410,3.8,37.0,1766.666666666667,40.0,188600.0
P7411,3.8,37.0,1766.666666666667,40.83333333333334,189500.0
P7412,3.8,37.0,1766.666666666667,41.66666666666666,190400.0
P7413,3.8,37.0,1766.666666666667,42.5,191400.0
P7414,3.8,37.0,1766.666666666667,43.33333333333334,192300.0
P7415,3.8,37.0,1766.666666666667,44.16666666666666,193200.0
P7416,3.8,37.0,1766.666666666667,45.0,194100.0
P7417,3.8,37.0,1833.333333333333,40.0,188600.0
P7418,3.8,37.0,1833.333333333333,40.83333333333334,189500.0
P7419,3.8,37.0,1833.333333333333,41.66666666666666,190400.0
P7420,3.8,37.0,1833.333333333333,42.5,191400.0
P7421,3.8,37.0,1833.333333333333,43.33333333333334,192300.0
P7422,3.8,37.0,1833.333333333333,44.16666666666666,193200.0
P7423,3.8,37.0,1833.333333333333,45.0,194100.0
P7424,3.8,37.0,1900.0,40.0,199300.0
P7425,3.8,37.0,1900.0,40.83333333333334,200200.0
P7426,3.8,37.0,1900.0,41.66666666666666,201100.0
P7427,3.8,37.0,1900.0,42.5,202100.0
P7428,3.8,37.0,1900.0,43.33333333333334,203000.0
P7429,3.8,37.0,1900.0,44.16666666666666,203900.0
P7430,3.8,37.0,1900.0,45.0,204800.0
P7431,3.8,37.0,1966.666666666667,40.0,199300.0
P7432,3.8,37.0,1966.666666666667,40.83333333333334,200200.0
P7433,3.8,37.0,1966.666666666667,41.66666666666666,201100.0
P7434,3.8,37.0,1966.666666666667,42.5,202100.0
P7435,3.8,37.0,1966.666666666667,43.33333333333334,203000.0
P7436,3.8,37.0,1966.666666666667,44.16666666666666,203900.0
P7437,3.8,37.0,1966.666666666667,45.0,204800.0
P7438,3.8,37.0,2033.333333333333,40.0,206600.0
P7439,3.8,37.0,2033.333333333333,40.83333333333334,207500.0
P7440,3.8,37.0,2033.333333333333,41.66666666666666,208400.0
P7441,3.8,37.0,2033.333333333333,42.5,209400.0
P7442,3.8,37.0,2033.333333333333,43.33333333333334,210300.0
P7443,3.8,37.0,2033.333333333333,44.16666666666666,211200.0
P7444,3.8,37.0,2033.333333333333,45.0,212100.0
P7445,3.8,37.0,2100.0,40.0,206600.0
P7446,3.8,37.0,2100.0,40.83333333333334,207500.0
P7447,3.8,37.0,2100.0,41.66666666666666,208400.0
P7448,3.8,37.0,2100.0,42.5,209400.0
P7449,3.8,37.0,2100.0,43.33333333333334,210300.0
P7450,3.8,37.0,2100.0,44.16666666666666,211200.0
P7451,3.8,37.0,2100.0,45.0,212100.0
P7452,4.2,40.0,800.0,50.0,173300.0
P7453,4.2,40.0,800.0,51.25,175000.0
P7454,4.2,40.0,800.0,52.5,176600.0
P7455,4.2,40.0,800.0,53.75,172600.0
P7456,4.2,40.0,800.0,55.0,174200.0
P7457,4.2,40.0,900.0,50.0,183900.0
P7458,4.2,40.0,900.0,51.25,185600.0
P7459,4.2,40.0,900.0,52.5,187200.0
P7460,4.2,40.0,900.0,53.75,190000.0
P7461,4.2,40.0,900.0,55.0,191600.0
P7462,4.2,40.0,1000.0,50.0,196800.0
P7463,4.2,40.0,1000.0,51.25,198500.0
P7464,4.2,40.0,1000.0,52.5,200100.0
P7465,4.2,40.0,1000.0,53.75,202900.0
P7466,4.2,40.0,1000.0,55.0,204500.0
P7467,4.2,40.0,1100.0,50.0,209700.0
P7468,4.2,40.0,1100.0,51.25,211400.0
P7469,4.2,40.0,1100.0,52.5,200800.0
P7470,4.2,40.0,1100.0,53.75,203600.0
P7471,4.2,40.0,1100.0,55.0,205200.0
P7472,4.2,40.0,1200.0,50.0,209700.0
P7473,4.2,40.0,1200.0,51.25,211400.0
P7474,4.2,40.0,1200.0,52.5,213000.0
P7475,4.2,40.0,1200.0,53.75,215800.0
P7476,4.2,40.0,1200.0,55.0,217400.0
P7477,4.2,40.0,1300.0,50.0,217900.0
P7478,4.2,40.0,1300.0,51.25,219600.0
P7479,4.2,40.0,1300.0,52.5,221200.0
P7480,4.2,40.0,1300.0,53.75,224000.0
P7481,4.2,40.0,1300.0,55.0,225600.0
P7482,4.2,41.0,800.0,50.0,169000.0
P7483,4.2,41.0,800.0,51.25,170700.0
P7484,4.2,41.0,800.0,52.5,172300.0
P7485,4.2,41.0,800.0,53.75,174500.0
P7486,4.2,41.0,800.0,55.0,176100.0
P7487,4.2,41.0,900.0,50.0,186100.0
P7488,4.2,41.0,900.0,51.25,187800.0
P7489,4.2,41.0,900.0,52.5,189400.0
P7490,4.2,41.0,900.0,53.75,192200.0
P7491,4.2,41.0,900.0,55.0,193800.0
P7492,4.2,41.0,1000.0,50.0,199300.0
P7493,4.2,41.0,1000.0,51.25,201000.0
P7494,4.2,41.0,1000.0,52.5,202600.0
P7495,4.2,41.0,1000.0,53.75,205400.0
P7496,4.2,41.0,1000.0,55.0,207000.0
P7497,4.2,41.0,1100.0,50.0,212600.0
P7498,4.2,41.0,1100.0,51.25,214300.0
P7499,4.2,41.0,1100.0,52.5,215900.0
P7500,4.2,41.0,1100.0,53.75,218700.0
P7501,4.2,41.0,1100.0,55.0,220300.0
P7502,4.2,41.0,1200.0,50.0,212600.0
P7503,4.2,41.0,1200.0,51.25,214300.0
P7504,4.2,41.0,1200.0,52.5,215900.0
P7505,4.2,41.0,1200.0,53.75,218700.0
P7506,4.2,41.0,1200.0,55.0,220300.0
P7507,4.2,41.0,1300.0,50.0,221400.0
P7508,4.2,41.0,1300.0,51.25,223100.0
P7509,4.2,41.0,1300.0,52.5,224700.0
P7510,4.2,41.0,1300.0,53.75,227500.0
P7511,4.2,41.0,1300.0,55.0,229100.0
P7512,4.2,42.0,800.0,50.0,171300.0
P7513,4.2,42.0,800.0,51.25,173000.0
P7514,4.2,42.0,800.0,52.5,174600.0
P7515,4.2,42.0,800.0,53.75,176800.0
P7516,4.2,42.0,800.0,55.0,178400.0
P7517,4.2,42.0,900.0,50.0,188500.0
P7518,4.2,42.0,900.0,51.25,190200.0
P7519,4.2,42.0,900.0,52.5,191800.0
P7520,4.2,42.0,900.0,53.75,194600.0
P7521,4.2,42.0,900.0,55.0,196200.0
P7522,4.2,42.0,1000.0,50.0,202000.0
P7523,4.2,42.0,1000.0,51.25,203700.0
P7524,4.2,42.0,1000.0,52.5,205300.0
P7525,4.2,42.0,1000.0,53.75,208100.0
P7526,4.2,42.0,1000.0,55.0,209700.0
P7527,4.2,42.0,1100.0,50.0,215600.0
P7528,4.2,42.0,1100.0,51.25,204400.0
P7529,4.2,42.0,1100.0,52.5,218900.0
P7530,4.2,42.0,1100.0,53.75,221700.0
P7531,4.2,42.0,1100.0,55.0,223300.0
P7532,4.2,42.0,1200.0,50.0,215600.0
P7533,4.2,42.0,1200.0,51.25,217300.0
P7534,4.2,42.0,1200.0,52.5,218900.0
P7535,4.2,42.0,1200.0,53.75,221700.0
P7536,4.2,42.0,1200.0,55.0,223300.0
P7537,4.2,42.0,1300.0,50.0,224600.0
P7538,4.2,42.0,1300.0,51.25,226300.0
P7539,4.2,42.0,1300.0,52.5,227900.0
P7540,4.2,42.0,1300.0,53.75,230700.0
P7541,4.2,42.0,1300.0,55.0,232300.0
P7542,4.2,43.0,800.0,50.0,172800.0
P7543,4.2,43.0,800.0,51.25,174500.0
P7544,4.2,43.0,800.0,52.5,182900.0
P7545,4.2,43.0,800.0,53.75,185100.0
P7546,4.2,43.0,800.0,55.0,186700.0
P7547,4.2,43.0,900.0,50.0,190800.0
P7548,4.2,43.0,900.0,51.25,192500.0
P7549,4.2,43.0,900.0,52.5,194100.0
P7550,4.2,43.0,900.0,53.75,196900.0
P7551,4.2,43.0,900.0,55.0,198500.0
P7552,4.2,43.0,1000.0,50.0,204600.0
P7553,4.2,43.0,1000.0,51.25,206300.0
P7554,4.2,43.0,1000.0,52.5,207900.0
P7555,4.2,43.0,1000.0,53.75,210700.0
P7556,4.2,43.0,1000.0,55.0,212300.0
P7557,4.2,43.0,1100.0,50.0,218500.0
P7558,4.2,43.0,1100.0,51.25,220200.0
P7559,4.2,43.0,1100.0,52.5,221800.0
P7560,4.2,43.0,1100.0,53.75,224600.0
P7561,4.2,43.0,1100.0,55.0,226200.0
P7562,4.2,43.0,1200.0,50.0,218500.0
P7563,4.2,43.0,1200.0,51.25,220200.0
P7564,4.2,43.0,1200.0,52.5,221800.0
P7565,4.2,43.0,1200.0,53.75,224600.0
P7566,4.2,43.0,1200.0,55.0,226200.0
P7567,4.2,43.0,1300.0,50.0,227700.0
P7568,4.2,43.0,1300.0,51.25,229400.0
P7569,4.2,43.0,1300.0,52.5,231000.0
P7570,4.2,43.0,1300.0,53.75,233800.0
P7571,4.2,43.0,1300.0,55.0,235400.0
P7572,4.2,44.0,800.0,50.0,175000.0
P7573,4.2,44.0,800.0,51.25,176700.0
P7574,4.2,44.0,800.0,52.5,178300.0
P7575,4.2,44.0,800.0,53.75,180500.0
P7576,4.2,44.0,800.0,55.0,182100.0
P7577,4.2,44.0,900.0,50.0,193000.0
P7578,4.2,44.0,900.0,51.25,194700.0
P7579,4.2,44.0,900.0,52.5,196300.0
P7580,4.2,44.0,900.0,53.75,199100.0
P7581,4.2,44.0,900.0,55.0,200700.0
P7582,4.2,44.0,1000.0,50.0,207200.0
P7583,4.2,44.0,1000.0,51.25,208900.0
P7584,4.2,44.0,1000.0,52.5,210500.0
P7585,4.2,44.0,1000.0,53.75,213300.0
P7586,4.2,44.0,1000.0,55.0,214900.0
P7587,4.2,44.0,1100.0,50.0,222800.0
P7588,4.2,44.0,1100.0,51.25,224500.0
P7589,4.2,44.0,1100.0,52.5,226100.0
P7590,4.2,44.0,1100.0,53.75,228900.0
P7591,4.2,44.0,1100.0,55.0,230500.0
P7592,4.2,44.0,1200.0,50.0,222800.0
P7593,4.2,44.0,1200.0,51.25,224500.0
P7594,4.2,44.0,1200.0,52.5,226100.0
P7595,4.2,44.0,1200.0,53.75,228900.0
P7596,4.2,44.0,1200.0,55.0,230500.0
P7597,4.2,44.0,1300.0,50.0,232200.0
P7598,4.2,44.0,1300.0,51.25,233900.0
P7599,4.2,44.0,1300.0,52.5,235500.0
P7600,4.2,44.0,1300.0,53.75,238300.0
P7601,4.2,44.0,1300.0,55.0,239900.0
P7602,4.2,45.0,800.0,50.0,178300.0
P7603,4.2,45.0,800.0,51.25,180000.0
P7604,4.2,45.0,800.0,52.5,181600.0
P7605,4.2,45.0,800.0,53.75,190700.0
P7606,4.2,45.0,800.0,55.0,185400.0
P7607,4.2,45.0,900.0,50.0,196700.0
P7608,4.2,45.0,900.0,51.25,198400.0
P7609,4.2,45.0,900.0,52.5,200000.0
P7610,4.2,45.0,900.0,53.75,202800.0
P7611,4.2,45.0,900.0,55.0,204400.0
P7612,4.2,45.0,1000.0,50.0,211100.0
P7613,4.2,45.0,1000.0,51.25,212800.0
P7614,4.2,45.0,1000.0,52.5,214400.0
P7615,4.2,45.0,1000.0,53.75,217200.0
P7616,4.2,45.0,1000.0,55.0,218800.0
P7617,4.2,45.0,1100.0,50.0,225700.0
P7618,4.2,45.0,1100.0,51.25,227400.0
P7619,4.2,45.0,1100.0,52.5,229000.0
P7620,4.2,45.0,1100.0,53.75,231800.0
P7621,4.2,45.0,1100.0,55.0,233400.0
P7622,4.2,45.0,1200.0,50.0,225700.0
P7623,4.2,45.0,1200.0,51.25,227400.0
P7624,4.2,45.0,1200.0,52.5,229000.0
P7625,4.2,45.0,1200.0,53.75,231800.0
P7626,4.2,45.0,1200.0,55.0,233400.0
P7627,4.2,45.0,1300.0,50.0,235300.0
P7628,4.2,45.0,1300.0,51.25,237000.0
P7629,4.2,45.0,1300.0,52.5,238600.0
P7630,4.2,45.0,1300.0,53.75,241400.0
P7631,4.2,45.0,1300.0,55.0,243000.0
P7632,4.36,40.0,800.0,50.0,176500.0
P7633,4.36,40.0,800.0,51.25,178200.0
P7634,4.36,40.0,800.0,52.5,180000.0
P7635,4.36,40.0,800.0,53.75,182300.0
P7636,4.36,40.0,800.0,55.0,184000.0
P7637,4.36,40.0,900.0,50.0,193300.0
P7638,4.36,40.0,900.0,51.25,195000.0
P7639,4.36,40.0,900.0,52.5,196800.0
P7640,4.36,40.0,900.0,53.75,199700.0
P7641,4.36,40.0,900.0,55.0,195700.0
P7642,4.36,40.0,1000.0,50.0,207500.0
P7643,4.36,40.0,1000.0,51.25,209200.0
P7644,4.36,40.0,1000.0,52.5,211000.0
P7645,4.36,40.0,1000.0,53.75,213900.0
P7646,4.36,40.0,1000.0,55.0,215600.0
P7647,4.36,40.0,1100.0,50.0,220300.0
P7648,4.36,40.0,1100.0,51.25,222000.0
P7649,4.36,40.0,1100.0,52.5,223800.0
P7650,4.36,40.0,1100.0,53.75,226700.0
P7651,4.36,40.0,1100.0,55.0,228400.0
P7652,4.36,40.0,1200.0,50.0,211800.0
P7653,4.36,40.0,1200.0,51.25,213500.0
P7654,4.36,40.0,1200.0,52.5,223800.0
P7655,4.36,40.0,1200.0,53.75,226700.0
P7656,4.36,40.0,1200.0,55.0,228400.0
P7657,4.36,40.0,1300.0,50.0,229300.0
P7658,4.36,40.0,1300.0,51.25,231000.0
P7659,4.36,40.0,1300.0,52.5,232800.0
P7660,4.36,40.0,1300.0,53.75,235700.0
P7661,4.36,40.0,1300.0,55.0,237400.0
P7662,4.36,41.0,800.0,50.0,178600.0
P7663,4.36,41.0,800.0,51.25,180300.0
P7664,4.36,41.0,800.0,52.5,182100.0
P7665,4.36,41.0,800.0,53.75,184400.0
P7666,4.36,41.0,800.0,55.0,186100.0
P7667,4.36,41.0,900.0,50.0,189900.0
P7668,4.36,41.0,900.0,51.25,191600.0
P7669,4.36,41.0,900.0,52.5,193400.0
P7670,4.36,41.0,900.0,53.75,196300.0
P7671,4.36,41.0,900.0,55.0,198000.0
P7672,4.36,41.0,1000.0,50.0,210300.0
P7673,4.36,41.0,1000.0,51.25,212000.0
P7674,4.36,41.0,1000.0,52.5,213800.0
P7675,4.36,41.0,1000.0,53.75,216700.0
P7676,4.36,41.0,1000.0,55.0,218400.0
P7677,4.36,41.0,1100.0,50.0,223400.0
P7678,4.36,41.0,1100.0,51.25,225100.0
P7679,4.36,41.0,1100.0,52.5,226900.0
P7680,4.36,41.0,1100.0,53.75,229800.0
P7681,4.36,41.0,1100.0,55.0,231500.0
P7682,4.36,41.0,1200.0,50.0,223400.0
P7683,4.36,41.0,1200.0,51.25,225100.0
P7684,4.36,41.0,1200.0,52.5,218100.0
P7685,4.36,41.0,1200.0,53.75,221000.0
P7686,4.36,41.0,1200.0,55.0,222700.0
P7687,4.36,41.0,1300.0,50.0,232600.0
P7688,4.36,41.0,1300.0,51.25,234300.0
P7689,4.36,41.0,1300.0,52.5,236100.0
P7690,4.36,41.0,1300.0,53.75,239000.0
P7691,4.36,41.0,1300.0,55.0,240700.0
P7692,4.36,42.0,800.0,50.0,180900.0
P7693,4.36,42.0,800.0,51.25,182600.0
P7694,4.36,42.0,800.0,52.5,184400.0
P7695,4.36,42.0,800.0,53.75,186700.0
P7696,4.36,42.0,800.0,55.0,188400.0
P7697,4.36,42.0,900.0,50.0,192600.0
P7698,4.36,42.0,900.0,51.25,194300.0
P7699,4.36,42.0,900.0,52.5,196100.0
P7700,4.36,42.0,900.0,53.75,199000.0
P7701,4.36,42.0,900.0,55.0,200700.0
P7702,4.36,42.0,1000.0,50.0,213000.0
P7703,4.36,42.0,1000.0,51.25,214700.0
P7704,4.36,42.0,1000.0,52.5,216500.0
P7705,4.36,42.0,1000.0,53.75,219400.0
P7706,4.36,42.0,1000.0,55.0,221100.0
P7707,4.36,42.0,1100.0,50.0,226300.0
P7708,4.36,42.0,1100.0,51.25,228000.0
P7709,4.36,42.0,1100.0,52.5,229800.0
P7710,4.36,42.0,1100.0,53.75,232700.0
P7711,4.36,42.0,1100.0,55.0,234400.0
P7712,4.36,42.0,1200.0,50.0,226300.0
P7713,4.36,42.0,1200.0,51.25,228000.0
P7714,4.36,42.0,1200.0,52.5,229800.0
P7715,4.36,42.0,1200.0,53.75,232700.0
P7716,4.36,42.0,1200.0,55.0,234400.0
P7717,4.36,42.0,1300.0,50.0,235800.0
P7718,4.36,42.0,1300.0,51.25,237500.0
P7719,4.36,42.0,1300.0,52.5,239300.0
P7720,4.36,42.0,1300.0,53.75,235200.0
P7721,4.36,42.0,1300.0,55.0,236900.0
P7722,4.36,43.0,800.0,50.0,182900.0
P7723,4.36,43.0,800.0,51.25,184600.0
P7724,4.36,43.0,800.0,52.5,186400.0
P7725,4.36,43.0,800.0,53.75,188700.0
P7726,4.36,43.0,800.0,55.0,190400.0
P7727,4.36,43.0,900.0,50.0,194800.0
P7728,4.36,43.0,900.0,51.25,196500.0
P7729,4.36,43.0,900.0,52.5,198300.0
P7730,4.36,43.0,900.0,53.75,201200.0
P7731,4.36,43.0,900.0,55.0,209300.0
P7732,4.36,43.0,1000.0,50.0,215600.0
P7733,4.36,43.0,1000.0,51.25,217300.0
P7734,4.36,43.0,1000.0,52.5,219100.0
P7735,4.36,43.0,1000.0,53.75,222000.0
P7736,4.36,43.0,1000.0,55.0,223700.0
P7737,4.36,43.0,1100.0,50.0,230700.0
P7738,4.36,43.0,1100.0,51.25,232400.0
P7739,4.36,43.0,1100.0,52.5,234200.0
P7740,4.36,43.0,1100.0,53.75,237100.0
P7741,4.36,43.0,1100.0,55.0,238800.0
P7742,4.36,43.0,1200.0,50.0,230700.0
P7743,4.36,43.0,1200.0,51.25,232400.0
P7744,4.36,43.0,1200.0,52.5,224800.0
P7745,4.36,43.0,1200.0,53.75,227700.0
P7746,4.36,43.0,1200.0,55.0,229400.0
P7747,4.36,43.0,1300.0,50.0,240400.0
P7748,4.36,43.0,1300.0,51.25,242100.0
P7749,4.36,43.0,1300.0,52.5,243900.0
P7750,4.36,43.0,1300.0,53.75,246800.0
P7751,4.36,43.0,1300.0,55.0,248500.0
P7752,4.36,44.0,800.0,50.0,186100.0
P7753,4.36,44.0,800.0,51.25,187800.0
P7754,4.36,44.0,800.0,52.5,189600.0
P7755,4.36,44.0,800.0,53.75,191900.0
P7756,4.36,44.0,800.0,55.0,193600.0
P7757,4.36,44.0,900.0,50.0,204900.0
P7758,4.36,44.0,900.0,51.25,200500.0
P7759,4.36,44.0,900.0,52.5,202300.0
P7760,4.36,44.0,900.0,53.75,205200.0
P7761,4.36,44.0,900.0,55.0,206900.0
P7762,4.36,44.0,1000.0,50.0,219700.0
P7763,4.36,44.0,1000.0,51.25,221400.0
P7764,4.36,44.0,1000.0,52.5,223200.0
P7765,4.36,44.0,1000.0,53.75,226100.0
P7766,4.36,44.0,1000.0,55.0,227800.0
P7767,4.36,44.0,1100.0,50.0,233700.0
P7768,4.36,44.0,1100.0,51.25,235400.0
P7769,4.36,44.0,1100.0,52.5,237200.0
P7770,4.36,44.0,1100.0,53.75,240100.0
P7771,4.36,44.0,1100.0,55.0,241800.0
P7772,4.36,44.0,1200.0,50.0,233700.0
P7773,4.36,44.0,1200.0,51.25,235400.0
P7774,4.36,44.0,1200.0,52.5,237200.0
P7775,4.36,44.0,1200.0,53.75,240100.0
P7776,4.36,44.0,1200.0,55.0,232700.0
P7777,4.36,44.0,1300.0,50.0,236200.0
P7778,4.36,44.0,1300.0,51.25,237900.0
P7779,4.36,44.0,1300.0,52.5,239700.0
P7780,4.36,44.0,1300.0,53.75,250000.0
P7781,4.36,44.0,1300.0,55.0,251700.0
P7782,4.36,45.0,800.0,50.0,188200.0
P7783,4.36,45.0,800.0,51.25,189900.0
P7784,4.36,45.0,800.0,52.5,191700.0
P7785,4.36,45.0,800.0,53.75,194000.0
P7786,4.36,45.0,800.0,55.0,195700.0
P7787,4.36,45.0,900.0,50.0,201100.0
P7788,4.36,45.0,900.0,51.25,202800.0
P7789,4.36,45.0,900.0,52.5,204600.0
P7790,4.36,45.0,900.0,53.75,207500.0
P7791,4.36,45.0,900.0,55.0,215500.0
P7792,4.36,45.0,1000.0,50.0,222500.0
P7793,4.36,45.0,1000.0,51.25,224200.0
P7794,4.36,45.0,1000.0,52.5,226000.0
P7795,4.36,45.0,1000.0,53.75,228900.0
P7796,4.36,45.0,1000.0,55.0,230600.0
P7797,4.36,45.0,1100.0,50.0,236800.0
P7798,4.36,45.0,1100.0,51.25,238500.0
P7799,4.36,45.0,1100.0,52.5,240300.0
P7800,4.36,45.0,1100.0,53.75,243200.0
P7801,4.36,45.0,1100.0,55.0,244900.0
P7802,4.36,45.0,1200.0,50.0,228000.0
P7803,4.36,45.0,1200.0,51.25,229700.0
P7804,4.36,45.0,1200.0,52.5,231500.0
P7805,4.36,45.0,1200.0,53.75,234400.0
P7806,4.36,45.0,1200.0,55.0,236100.0
P7807,4.36,45.0,1300.0,50.0,246900.0
P7808,4.36,45.0,1300.0,51.25,248600.0
P7809,4.36,45.0,1300.0,52.5,250400.0
P7810,4.36,45.0,1300.0,53.75,253300.0
P7811,4.36,45.0,1300.0,55.0,255000.0
P7812,4.52,40.0,800.0,50.0,201000.0
P7813,4.52,40.0,800.0,51.25,202900.0
P7814,4.52,40.0,800.0,52.5,204800.0
P7815,4.52,40.0,800.0,53.75,207200.0
P7816,4.52,40.0,800.0,55.0,209100.0
P7817,4.52,40.0,900.0,50.0,217600.0
P7818,4.52,40.0,900.0,51.25,219500.0
P7819,4.52,40.0,900.0,52.5,221400.0
P7820,4.52,40.0,900.0,53.75,224400.0
P7821,4.52,40.0,900.0,55.0,226300.0
P7822,4.52,40.0,1000.0,50.0,218000.0
P7823,4.52,40.0,1000.0,51.25,219900.0
P7824,4.52,40.0,1000.0,52.5,221800.0
P7825,4.52,40.0,1000.0,53.75,224800.0
P7826,4.52,40.0,1000.0,55.0,226700.0
P7827,4.52,40.0,1100.0,50.0,231200.0
P7828,4.52,40.0,1100.0,51.25,233100.0
P7829,4.52,40.0,1100.0,52.5,235000.0
P7830,4.52,40.0,1100.0,53.75,238000.0
P7831,4.52,40.0,1100.0,55.0,239900.0
P7832,4.52,40.0,1200.0,50.0,240500.0
P7833,4.52,40.0,1200.0,51.25,242400.0
P7834,4.52,40.0,1200.0,52.5,244300.0
P7835,4.52,40.0,1200.0,53.75,247300.0
P7836,4.52,40.0,1200.0,55.0,249200.0
P7837,4.52,40.0,1300.0,50.0,235100.0
P7838,4.52,40.0,1300.0,51.25,237000.0
P7839,4.52,40.0,1300.0,52.5,238900.0
P7840,4.52,40.0,1300.0,53.75,241900.0
P7841,4.52,40.0,1300.0,55.0,243800.0
P7842,4.52,41.0,800.0,50.0,203400.0
P7843,4.52,41.0,800.0,51.25,205300.0
P7844,4.52,41.0,800.0,52.5,207200.0
P7845,4.52,41.0,800.0,53.75,209600.0
P7846,4.52,41.0,800.0,55.0,211500.0
P7847,4.52,41.0,900.0,50.0,220300.0
P7848,4.52,41.0,900.0,51.25,222200.0
P7849,4.52,41.0,900.0,52.5,224100.0
P7850,4.52,41.0,900.0,53.75,227100.0
P7851,4.52,41.0,900.0,55.0,229000.0
P7852,4.52,41.0,1000.0,50.0,220700.0
P7853,4.52,41.0,1000.0,51.25,222600.0
P7854,4.52,41.0,1000.0,52.5,224500.0
P7855,4.52,41.0,1000.0,53.75,218700.0
P7856,4.52,41.0,1000.0,55.0,220600.0
P7857,4.52,41.0,1100.0,50.0,234300.0
P7858,4.52,41.0,1100.0,51.25,236200.0
P7859,4.52,41.0,1100.0,52.5,238100.0
P7860,4.52,41.0,1100.0,53.75,241100.0
P7861,4.52,41.0,1100.0,55.0,243000.0
P7862,4.52,41.0,1200.0,50.0,243800.0
P7863,4.52,41.0,1200.0,51.25,245700.0
P7864,4.52,41.0,1200.0,52.5,247600.0
P7865,4.52,41.0,1200.0,53.75,250600.0
P7866,4.52,41.0,1200.0,55.0,252500.0
P7867,4.52,41.0,1300.0,50.0,239700.0
P7868,4.52,41.0,1300.0,51.25,241600.0
P7869,4.52,41.0,1300.0,52.5,243500.0
P7870,4.52,41.0,1300.0,53.75,246500.0
P7871,4.52,41.0,1300.0,55.0,248400.0
P7872,4.52,42.0,800.0,50.0,206000.0
P7873,4.52,42.0,800.0,51.25,207900.0
P7874,4.52,42.0,800.0,52.5,209800.0
P7875,4.52,42.0,800.0,53.75,212200.0
P7876,4.52,42.0,800.0,55.0,214100.0
P7877,4.52,42.0,900.0,50.0,223100.0
P7878,4.52,42.0,900.0,51.25,225000.0
P7879,4.52,42.0,900.0,52.5,226900.0
P7880,4.52,42.0,900.0,53.75,229900.0
P7881,4.52,42.0,900.0,55.0,231800.0
P7882,4.52,42.0,1000.0,50.0,216500.0
P7883,4.52,42.0,1000.0,51.25,218400.0
P7884,4.52,42.0,1000.0,52.5,220300.0
P7885,4.52,42.0,1000.0,53.75,223300.0
P7886,4.52,42.0,1000.0,55.0,225200.0
P7887,4.52,42.0,1100.0,50.0,238900.0
P7888,4.52,42.0,1100.0,51.25,240800.0
P7889,4.52,42.0,1100.0,52.5,242700.0
P7890,4.52,42.0,1100.0,53.75,245700.0
P7891,4.52,42.0,1100.0,55.0,247600.0
P7892,4.52,42.0,1200.0,50.0,248600.0
P7893,4.52,42.0,1200.0,51.25,250500.0
P7894,4.52,42.0,1200.0,52.5,252400.0
P7895,4.52,42.0,1200.0,53.75,255400.0
P7896,4.52,42.0,1200.0,55.0,257300.0
P7897,4.52,42.0,1300.0,50.0,243300.0
P7898,4.52,42.0,1300.0,51.25,245200.0
P7899,4.52,42.0,1300.0,52.5,247100.0
P7900,4.52,42.0,1300.0,53.75,250100.0
P7901,4.52,42.0,1300.0,55.0,252000.0
P7902,4.52,43.0,800.0,50.0,210000.0
P7903,4.52,43.0,800.0,51.25,211900.0
P7904,4.52,43.0,800.0,52.5,213800.0
P7905,4.52,43.0,800.0,53.75,216200.0
P7906,4.52,43.0,800.0,55.0,218100.0
P7907,4.52,43.0,900.0,50.0,227500.0
P7908,4.52,43.0,900.0,51.25,229400.0
P7909,4.52,43.0,900.0,52.5,231300.0
P7910,4.52,43.0,900.0,53.75,234300.0
P7911,4.52,43.0,900.0,55.0,236200.0
P7912,4.52,43.0,1000.0,50.0,218400.0
P7913,4.52,43.0,1000.0,51.25,220300.0
P7914,4.52,43.0,1000.0,52.5,222200.0
P7915,4.52,43.0,1000.0,53.75,225200.0
P7916,4.52,43.0,1000.0,55.0,227100.0
P7917,4.52,43.0,1100.0,50.0,242100.0
P7918,4.52,43.0,1100.0,51.25,244000.0
P7919,4.52,43.0,1100.0,52.5,245900.0
P7920,4.52,43.0,1100.0,53.75,248900.0
P7921,4.52,43.0,1100.0,55.0,250800.0
P7922,4.52,43.0,1200.0,50.0,252100.0
P7923,4.52,43.0,1200.0,51.25,254000.0
P7924,4.52,43.0,1200.0,52.5,255900.0
P7925,4.52,43.0,1200.0,53.75,258900.0
P7926,4.52,43.0,1200.0,55.0,260800.0
P7927,4.52,43.0,1300.0,50.0,246600.0
P7928,4.52,43.0,1300.0,51.25,248500.0
P7929,4.52,43.0,1300.0,52.5,250400.0
P7930,4.52,43.0,1300.0,53.75,253400.0
P7931,4.52,43.0,1300.0,55.0,255300.0
P7932,4.52,44.0,800.0,50.0,212500.0
P7933,4.52,44.0,800.0,51.25,214400.0
P7934,4.52,44.0,800.0,52.5,216300.0
P7935,4.52,44.0,800.0,53.75,218700.0
P7936,4.52,44.0,800.0,55.0,220600.0
P7937,4.52,44.0,900.0,50.0,230200.0
P7938,4.52,44.0,900.0,51.25,232100.0
P7939,4.52,44.0,900.0,52.5,234000.0
P7940,4.52,44.0,900.0,53.75,237000.0
P7941,4.52,44.0,900.0,55.0,238900.0
P7942,4.52,44.0,1000.0,50.0,230600.0
P7943,4.52,44.0,1000.0,51.25,232500.0
P7944,4.52,44.0,1000.0,52.5,234400.0
P7945,4.52,44.0,1000.0,53.75,228200.0
P7946,4.52,44.0,1000.0,55.0,230100.0
P7947,4.52,44.0,1100.0,50.0,245200.0
P7948,4.52,44.0,1100.0,51.25,247100.0
P7949,4.52,44.0,1100.0,52.5,249000.0
P7950,4.52,44.0,1100.0,53.75,252000.0
P7951,4.52,44.0,1100.0,55.0,253900.0
P7952,4.52,44.0,1200.0,50.0,255400.0
P7953,4.52,44.0,1200.0,51.25,257300.0
P7954,4.52,44.0,1200.0,52.5,259200.0
P7955,4.52,44.0,1200.0,53.75,262200.0
P7956,4.52,44.0,1200.0,55.0,264100.0
P7957,4.52,44.0,1300.0,50.0,249600.0
P7958,4.52,44.0,1300.0,51.25,251500.0
P7959,4.52,44.0,1300.0,52.5,253400.0
P7960,4.52,44.0,1300.0,53.75,256400.0
P7961,4.52,44.0,1300.0,55.0,258300.0
P7962,4.52,45.0,800.0,50.0,216500.0
P7963,4.52,45.0,800.0,51.25,218400.0
P7964,4.52,45.0,800.0,52.5,220300.0
P7965,4.52,45.0,800.0,53.75,222200.0
P7966,4.52,45.0,800.0,55.0,224100.0
P7967,4.52,45.0,900.0,50.0,236200.0
P7968,4.52,45.0,900.0,51.25,238100.0
P7969,4.52,45.0,900.0,52.5,240000.0
P7970,4.52,45.0,900.0,53.75,241900.0
P7971,4.52,45.0,900.0,55.0,243800.0
P7972,4.52,45.0,1000.0,50.0,227200.0
P7973,4.52,45.0,1000.0,51.25,229100.0
P7974,4.52,45.0,1000.0,52.5,231000.0
P7975,4.52,45.0,1000.0,53.75,232900.0
P7976,4.52,45.0,1000.0,55.0,234800.0
P7977,4.52,45.0,1100.0,50.0,251500.0
P7978,4.52,45.0,1100.0,51.25,253400.0
P7979,4.52,45.0,1100.0,52.5,255300.0
P7980,4.52,45.0,1100.0,53.75,257200.0
P7981,4.52,45.0,1100.0,55.0,259100.0
P7982,4.52,45.0,1200.0,50.0,261900.0
P7983,4.52,45.0,1200.0,51.25,263800.0
P7984,4.52,45.0,1200.0,52.5,265700.0
P7985,4.52,45.0,1200.0,53.75,267600.0
P7986,4.52,45.0,1200.0,55.0,269500.0
P7987,4.52,45.0,1300.0,50.0,255900.0
P7988,4.52,45.0,1300.0,51.25,257800.0
P7989,4.52,45.0,1300.0,52.5,259700.0
P7990,4.52,45.0,1300.0,53.75,261600.0
P7991,4.52,45.0,1300.0,55.0,263500.0
P7992,4.68,40.0,800.0,50.0,211000.0
P7993,4.68,40.0,800.0,51.25,213000.0
P7994,4.68,40.0,800.0,52.5,215000.0
P7995,4.68,40.0,800.0,53.75,217500.0
P7996,4.68,40.0,800.0,55.0,219500.0
P7997,4.68,40.0,900.0,50.0,228000.0
P7998,4.68,40.0,900.0,51.25,230000.0
P7999,4.68,40.0,900.0,52.5,232000.0
P8000,4.68,40.0,900.0,53.75,235100.0
P8001,4.68,40.0,900.0,55.0,237100.0
P8002,4.68,40.0,1000.0,50.0,242500.0
P8003,4.68,40.0,1000.0,51.25,244500.0
P8004,4.68,40.0,1000.0,52.5,246500.0
P8005,4.68,40.0,1000.0,53.75,249600.0
P8006,4.68,40.0,1000.0,55.0,251600.0
P8007,4.68,40.0,1100.0,50.0,242500.0
P8008,4.68,40.0,1100.0,51.25,244500.0
P8009,4.68,40.0,1100.0,52.5,246500.0
P8010,4.68,40.0,1100.0,53.75,249600.0
P8011,4.68,40.0,1100.0,55.0,251600.0
P8012,4.68,40.0,1200.0,50.0,252200.0
P8013,4.68,40.0,1200.0,51.25,254200.0
P8014,4.68,40.0,1200.0,52.5,256200.0
P8015,4.68,40.0,1200.0,53.75,259300.0
P8016,4.68,40.0,1200.0,55.0,261300.0
P8017,4.68,40.0,1300.0,50.0,262100.0
P8018,4.68,40.0,1300.0,51.25,264100.0
P8019,4.68,40.0,1300.0,52.5,266100.0
P8020,4.68,40.0,1300.0,53.75,269200.0
P8021,4.68,40.0,1300.0,55.0,271200.0
P8022,4.68,41.0,800.0,50.0,213600.0
P8023,4.68,41.0,800.0,51.25,215600.0
P8024,4.68,41.0,800.0,52.5,217600.0
P8025,4.68,41.0,800.0,53.75,220100.0
P8026,4.68,41.0,800.0,55.0,222100.0
P8027,4.68,41.0,900.0,50.0,231000.0
P8028,4.68,41.0,900.0,51.25,233000.0
P8029,4.68,41.0,900.0,52.5,235000.0
P8030,4.68,41.0,900.0,53.75,238100.0
P8031,4.68,41.0,900.0,55.0,240100.0
P8032,4.68,41.0,1000.0,50.0,247400.0
P8033,4.68,41.0,1000.0,51.25,249400.0
P8034,4.68,41.0,1000.0,52.5,251400.0
P8035,4.68,41.0,1000.0,53.75,254500.0
P8036,4.68,41.0,1000.0,55.0,256500.0
P8037,4.68,41.0,1100.0,50.0,247400.0
P8038,4.68,41.0,1100.0,51.25,249400.0
P8039,4.68,41.0,1100.0,52.5,251400.0
P8040,4.68,41.0,1100.0,53.75,244300.0
P8041,4.68,41.0,1100.0,55.0,246300.0
P8042,4.68,41.0,1200.0,50.0,257400.0
P8043,4.68,41.0,1200.0,51.25,259400.0
P8044,4.68,41.0,1200.0,52.5,261400.0
P8045,4.68,41.0,1200.0,53.75,264500.0
P8046,4.68,41.0,1200.0,55.0,266500.0
P8047,4.68,41.0,1300.0,50.0,267500.0
P8048,4.68,41.0,1300.0,51.25,269500.0
P8049,4.68,41.0,1300.0,52.5,264100.0
P8050,4.68,41.0,1300.0,53.75,267200.0
P8051,4.68,41.0,1300.0,55.0,276600.0
P8052,4.68,42.0,800.0,50.0,217700.0
P8053,4.68,42.0,800.0,51.25,219700.0
P8054,4.68,42.0,800.0,52.5,221700.0
P8055,4.68,42.0,800.0,53.75,224200.0
P8056,4.68,42.0,800.0,55.0,226200.0
P8057,4.68,42.0,900.0,50.0,235400.0
P8058,4.68,42.0,900.0,51.25,237400.0
P8059,4.68,42.0,900.0,52.5,239400.0
P8060,4.68,42.0,900.0,53.75,242500.0
P8061,4.68,42.0,900.0,55.0,244500.0
P8062,4.68,42.0,1000.0,50.0,250600.0
P8063,4.68,42.0,1000.0,51.25,252600.0
P8064,4.68,42.0,1000.0,52.5,254600.0
P8065,4.68,42.0,1000.0,53.75,257700.0
P8066,4.68,42.0,1000.0,55.0,259700.0
P8067,4.68,42.0,1100.0,50.0,240800.0
P8068,4.68,42.0,1100.0,51.25,252600.0
P8069,4.68,42.0,1100.0,52.5,254600.0
P8070,4.68,42.0,1100.0,53.75,247900.0
P8071,4.68,42.0,1100.0,55.0,249900.0
P8072,4.68,42.0,1200.0,50.0,253400.0
P8073,4.68,42.0,1200.0,51.25,262800.0
P8074,4.68,42.0,1200.0,52.5,264800.0
P8075,4.68,42.0,1200.0,53.75,267900.0
P8076,4.68,42.0,1200.0,55.0,269900.0
P8077,4.68,42.0,1300.0,50.0,271200.0
P8078,4.68,42.0,1300.0,51.25,273200.0
P8079,4.68,42.0,1300.0,52.5,275200.0
P8080,4.68,42.0,1300.0,53.75,278300.0
P8081,4.68,42.0,1300.0,55.0,280300.0
P8082,4.68,43.0,800.0,50.0,221100.0
P8083,4.68,43.0,800.0,51.25,223100.0
P8084,4.68,43.0,800.0,52.5,225100.0
P8085,4.68,43.0,800.0,53.75,227600.0
P8086,4.68,43.0,800.0,55.0,229600.0
P8087,4.68,43.0,900.0,50.0,238300.0
P8088,4.68,43.0,900.0,51.25,240300.0
P8089,4.68,43.0,900.0,52.5,242300.0
P8090,4.68,43.0,900.0,53.75,245400.0
P8091,4.68,43.0,900.0,55.0,247400.0
P8092,4.68,43.0,1000.0,50.0,253800.0
P8093,4.68,43.0,1000.0,51.25,255800.0
P8094,4.68,43.0,1000.0,52.5,257800.0
P8095,4.68,43.0,1000.0,53.75,260900.0
P8096,4.68,43.0,1000.0,55.0,262900.0
P8097,4.68,43.0,1100.0,50.0,253800.0
P8098,4.68,43.0,1100.0,51.25,255800.0
P8099,4.68,43.0,1100.0,52.5,257800.0
P8100,4.68,43.0,1100.0,53.75,260900.0
P8101,4.68,43.0,1100.0,55.0,262900.0
P8102,4.68,43.0,1200.0,50.0,264300.0
P8103,4.68,43.0,1200.0,51.25,266300.0
P8104,4.68,43.0,1200.0,52.5,268300.0
P8105,4.68,43.0,1200.0,53.75,271400.0
P8106,4.68,43.0,1200.0,55.0,265200.0
P8107,4.68,43.0,1300.0,50.0,267000.0
P8108,4.68,43.0,1300.0,51.25,269000.0
P8109,4.68,43.0,1300.0,52.5,271000.0
P8110,4.68,43.0,1300.0,53.75,282000.0
P8111,4.68,43.0,1300.0,55.0,284000.0
P8112,4.68,44.0,800.0,50.0,223700.0
P8113,4.68,44.0,800.0,51.25,225700.0
P8114,4.68,44.0,800.0,52.5,227700.0
P8115,4.68,44.0,800.0,53.75,230200.0
P8116,4.68,44.0,800.0,55.0,232200.0
P8117,4.68,44.0,900.0,50.0,241300.0
P8118,4.68,44.0,900.0,51.25,243300.0
P8119,4.68,44.0,900.0,52.5,245300.0
P8120,4.68,44.0,900.0,53.75,248400.0
P8121,4.68,44.0,900.0,55.0,250400.0
P8122,4.68,44.0,1000.0,50.0,257200.0
P8123,4.68,44.0,1000.0,51.25,259200.0
P8124,4.68,44.0,1000.0,52.5,261200.0
P8125,4.68,44.0,1000.0,53.75,264300.0
P8126,4.68,44.0,1000.0,55.0,266300.0
P8127,4.68,44.0,1100.0,50.0,257800.0
P8128,4.68,44.0,1100.0,51.25,249200.0
P8129,4.68,44.0,1100.0,52.5,251200.0
P8130,4.68,44.0,1100.0,53.75,254300.0
P8131,4.68,44.0,1100.0,55.0,266900.0
P8132,4.68,44.0,1200.0,50.0,267800.0
P8133,4.68,44.0,1200.0,51.25,269800.0
P8134,4.68,44.0,1200.0,52.5,271800.0
P8135,4.68,44.0,1200.0,53.75,274900.0
P8136,4.68,44.0,1200.0,55.0,276900.0
P8137,4.68,44.0,1300.0,50.0,279100.0
P8138,4.68,44.0,1300.0,51.25,281100.0
P8139,4.68,44.0,1300.0,52.5,283100.0
P8140,4.68,44.0,1300.0,53.75,286200.0
P8141,4.68,44.0,1300.0,55.0,280600.0
P8142,4.68,45.0,800.0,50.0,227900.0
P8143,4.68,45.0,800.0,51.25,229900.0
P8144,4.68,45.0,800.0,52.5,231900.0
P8145,4.68,45.0,800.0,53.75,233900.0
P8146,4.68,45.0,800.0,55.0,235900.0
P8147,4.68,45.0,900.0,50.0,247300.0
P8148,4.68,45.0,900.0,51.25,249300.0
P8149,4.68,45.0,900.0,52.5,251300.0
P8150,4.68,45.0,900.0,53.75,253300.0
P8151,4.68,45.0,900.0,55.0,255300.0
P8152,4.68,45.0,1000.0,50.0,263600.0
P8153,4.68,45.0,1000.0,51.25,265600.0
P8154,4.68,45.0,1000.0,52.5,267600.0
P8155,4.68,45.0,1000.0,53.75,269600.0
P8156,4.68,45.0,1000.0,55.0,271600.0
P8157,4.68,45.0,1100.0,50.0,264200.0
P8158,4.68,45.0,1100.0,51.25,266200.0
P8159,4.68,45.0,1100.0,52.5,268200.0
P8160,4.68,45.0,1100.0,53.75,270200.0
P8161,4.68,45.0,1100.0,55.0,272200.0
P8162,4.68,45.0,1200.0,50.0,274400.0
P8163,4.68,45.0,1200.0,51.25,276400.0
P8164,4.68,45.0,1200.0,52.5,278400.0
P8165,4.68,45.0,1200.0,53.75,272300.0
P8166,4.68,45.0,1200.0,55.0,274300.0
P8167,4.68,45.0,1300.0,50.0,278200.0
P8168,4.68,45.0,1300.0,51.25,280200.0
P8169,4.68,45.0,1300.0,52.5,282200.0
P8170,4.68,45.0,1300.0,53.75,292000.0
P8171,4.68,45.0,1300.0,55.0,294000.0
P8172,4.84,40.0,800.0,50.0,215600.0
P8173,4.84,40.0,800.0,51.25,217700.0
P8174,4.84,40.0,800.0,52.5,219800.0
P8175,4.84,40.0,800.0,53.75,222400.0
P8176,4.84,40.0,800.0,55.0,224600.0
P8177,4.84,40.0,900.0,50.0,239500.0
P8178,4.84,40.0,900.0,51.25,241600.0
P8179,4.84,40.0,900.0,52.5,243700.0
P8180,4.84,40.0,900.0,53.75,246900.0
P8181,4.84,40.0,900.0,55.0,249100.0
P8182,4.84,40.0,1000.0,50.0,255500.0
P8183,4.84,40.0,1000.0,51.25,257600.0
P8184,4.84,40.0,1000.0,52.5,259700.0
P8185,4.84,40.0,1000.0,53.75,262900.0
P8186,4.84,40.0,1000.0,55.0,265100.0
P8187,4.84,40.0,1100.0,50.0,265600.0
P8188,4.84,40.0,1100.0,51.25,258200.0
P8189,4.84,40.0,1100.0,52.5,260300.0
P8190,4.84,40.0,1100.0,53.75,263500.0
P8191,4.84,40.0,1100.0,55.0,275200.0
P8192,4.84,40.0,1200.0,50.0,259800.0
P8193,4.84,40.0,1200.0,51.25,261900.0
P8194,4.84,40.0,1200.0,52.5,264000.0
P8195,4.84,40.0,1200.0,53.75,267200.0
P8196,4.84,40.0,1200.0,55.0,269400.0
P8197,4.84,40.0,1300.0,50.0,270100.0
P8198,4.84,40.0,1300.0,51.25,272200.0
P8199,4.84,40.0,1300.0,52.5,274300.0
P8200,4.84,40.0,1300.0,53.75,277500.0
P8201,4.84,40.0,1300.0,55.0,279700.0
P8202,4.84,41.0,800.0,50.0,219300.0
P8203,4.84,41.0,800.0,51.25,221400.0
P8204,4.84,41.0,800.0,52.5,223500.0
P8205,4.84,41.0,800.0,53.75,226100.0
P8206,4.84,41.0,800.0,55.0,235500.0
P8207,4.84,41.0,900.0,50.0,244300.0
P8208,4.84,41.0,900.0,51.25,246400.0
P8209,4.84,41.0,900.0,52.5,248500.0
P8210,4.84,41.0,900.0,53.75,251700.0
P8211,4.84,41.0,900.0,55.0,253900.0
P8212,4.84,41.0,1000.0,50.0,258900.0
P8213,4.84,41.0,1000.0,51.25,261000.0
P8214,4.84,41.0,1000.0,52.5,263100.0
P8215,4.84,41.0,1000.0,53.75,266300.0
P8216,4.84,41.0,1000.0,55.0,268500.0
P8217,4.84,41.0,1100.0,50.0,269100.0
P8218,4.84,41.0,1100.0,51.25,271200.0
P8219,4.84,41.0,1100.0,52.5,273300.0
P8220,4.84,41.0,1100.0,53.75,276500.0
P8221,4.84,41.0,1100.0,55.0,278700.0
P8222,4.84,41.0,1200.0,50.0,263200.0
P8223,4.84,41.0,1200.0,51.25,265300.0
P8224,4.84,41.0,1200.0,52.5,267400.0
P8225,4.84,41.0,1200.0,53.75,270600.0
P8226,4.84,41.0,1200.0,55.0,272800.0
P8227,4.84,41.0,1300.0,50.0,273800.0
P8228,4.84,41.0,1300.0,51.25,275900.0
P8229,4.84,41.0,1300.0,52.5,278000.0
P8230,4.84,41.0,1300.0,53.75,281200.0
P8231,4.84,41.0,1300.0,55.0,283400.0
P8232,4.84,42.0,800.0,50.0,229100.0
P8233,4.84,42.0,800.0,51.25,231200.0
P8234,4.84,42.0,800.0,52.5,233300.0
P8235,4.84,42.0,800.0,53.75,235900.0
P8236,4.84,42.0,800.0,55.0,238100.0
P8237,4.84,42.0,900.0,50.0,247300.0
P8238,4.84,42.0,900.0,51.25,249400.0
P8239,4.84,42.0,900.0,52.5,251500.0
P8240,4.84,42.0,900.0,53.75,254700.0
P8241,4.84,42.0,900.0,55.0,256900.0
P8242,4.84,42.0,1000.0,50.0,262200.0
P8243,4.84,42.0,1000.0,51.25,264300.0
P8244,4.84,42.0,1000.0,52.5,266400.0
P8245,4.84,42.0,1000.0,53.75,269600.0
P8246,4.84,42.0,1000.0,55.0,271800.0
P8247,4.84,42.0,1100.0,50.0,272700.0
P8248,4.84,42.0,1100.0,51.25,274800.0
P8249,4.84,42.0,1100.0,52.5,276900.0
P8250,4.84,42.0,1100.0,53.75,280100.0
P8251,4.84,42.0,1100.0,55.0,282300.0
P8252,4.84,42.0,1200.0,50.0,266400.0
P8253,4.84,42.0,1200.0,51.25,268500.0
P8254,4.84,42.0,1200.0,52.5,270600.0
P8255,4.84,42.0,1200.0,53.75,273800.0
P8256,4.84,42.0,1200.0,55.0,276000.0
P8257,4.84,42.0,1300.0,50.0,277200.0
P8258,4.84,42.0,1300.0,51.25,279300.0
P8259,4.84,42.0,1300.0,52.5,281400.0
P8260,4.84,42.0,1300.0,53.75,284600.0
P8261,4.84,42.0,1300.0,55.0,286800.0
P8262,4.84,43.0,800.0,50.0,231800.0
P8263,4.84,43.0,800.0,51.25,233900.0
P8264,4.84,43.0,800.0,52.5,228900.0
P8265,4.84,43.0,800.0,53.75,231500.0
P8266,4.84,43.0,800.0,55.0,233700.0
P8267,4.84,43.0,900.0,50.0,250400.0
P8268,4.84,43.0,900.0,51.25,252500.0
P8269,4.84,43.0,900.0,52.5,254600.0
P8270,4.84,43.0,900.0,53.75,257800.0
P8271,4.84,43.0,900.0,55.0,260000.0
P8272,4.84,43.0,1000.0,50.0,265600.0
P8273,4.84,43.0,1000.0,51.25,267700.0
P8274,4.84,43.0,1000.0,52.5,269800.0
P8275,4.84,43.0,1000.0,53.75,273000.0
P8276,4.84,43.0,1000.0,55.0,275200.0
P8277,4.84,43.0,1100.0,50.0,276400.0
P8278,4.84,43.0,1100.0,51.25,278500.0
P8279,4.84,43.0,1100.0,52.5,280600.0
P8280,4.84,43.0,1100.0,53.75,283800.0
P8281,4.84,43.0,1100.0,55.0,286000.0
P8282,4.84,43.0,1200.0,50.0,269900.0
P8283,4.84,43.0,1200.0,51.25,279400.0
P8284,4.84,43.0,1200.0,52.5,274100.0
P8285,4.84,43.0,1200.0,53.75,277300.0
P8286,4.84,43.0,1200.0,55.0,279500.0
P8287,4.84,43.0,1300.0,50.0,281000.0
P8288,4.84,43.0,1300.0,51.25,283100.0
P8289,4.84,43.0,1300.0,52.5,285200.0
P8290,4.84,43.0,1300.0,53.75,288400.0
P8291,4.84,43.0,1300.0,55.0,290600.0
P8292,4.84,44.0,800.0,50.0,227600.0
P8293,4.84,44.0,800.0,51.25,229700.0
P8294,4.84,44.0,800.0,52.5,231800.0
P8295,4.84,44.0,800.0,53.75,234400.0
P8296,4.84,44.0,800.0,55.0,236600.0
P8297,4.84,44.0,900.0,50.0,253300.0
P8298,4.84,44.0,900.0,51.25,255400.0
P8299,4.84,44.0,900.0,52.5,257500.0
P8300,4.84,44.0,900.0,53.75,260700.0
P8301,4.84,44.0,900.0,55.0,262900.0
P8302,4.84,44.0,1000.0,50.0,268900.0
P8303,4.84,44.0,1000.0,51.25,271000.0
P8304,4.84,44.0,1000.0,52.5,273100.0
P8305,4.84,44.0,1000.0,53.75,276300.0
P8306,4.84,44.0,1000.0,55.0,278500.0
P8307,4.84,44.0,1100.0,50.0,279900.0
P8308,4.84,44.0,1100.0,51.25,282000.0
P8309,4.84,44.0,1100.0,52.5,284100.0
P8310,4.84,44.0,1100.0,53.75,287300.0
P8311,4.84,44.0,1100.0,55.0,289500.0
P8312,4.84,44.0,1200.0,50.0,273700.0
P8313,4.84,44.0,1200.0,51.25,275800.0
P8314,4.84,44.0,1200.0,52.5,277900.0
P8315,4.84,44.0,1200.0,53.75,281100.0
P8316,4.84,44.0,1200.0,55.0,283300.0
P8317,4.84,44.0,1300.0,50.0,285000.0
P8318,4.84,44.0,1300.0,51.25,287100.0
P8319,4.84,44.0,1300.0,52.5,289200.0
P8320,4.84,44.0,1300.0,53.75,292400.0
P8321,4.84,44.0,1300.0,55.0,294600.0
P8322,4.84,45.0,800.0,50.0,231200.0
P8323,4.84,45.0,800.0,51.25,233300.0
P8324,4.84,45.0,800.0,52.5,235400.0
P8325,4.84,45.0,800.0,53.75,237500.0
P8326,4.84,45.0,800.0,55.0,239700.0
P8327,4.84,45.0,900.0,50.0,259500.0
P8328,4.84,45.0,900.0,51.25,261600.0
P8329,4.84,45.0,900.0,52.5,251900.0
P8330,4.84,45.0,900.0,53.75,265800.0
P8331,4.84,45.0,900.0,55.0,268000.0
P8332,4.84,45.0,1000.0,50.0,275500.0
P8333,4.84,45.0,1000.0,51.25,277600.0
P8334,4.84,45.0,1000.0,52.5,279700.0
P8335,4.84,45.0,1000.0,53.75,281800.0
P8336,4.84,45.0,1000.0,55.0,284000.0
P8337,4.84,45.0,1100.0,50.0,286700.0
P8338,4.84,45.0,1100.0,51.25,288800.0
P8339,4.84,45.0,1100.0,52.5,290900.0
P8340,4.84,45.0,1100.0,53.75,293000.0
P8341,4.84,45.0,1100.0,55.0,284600.0
P8342,4.84,45.0,1200.0,50.0,279800.0
P8343,4.84,45.0,1200.0,51.25,281900.0
P8344,4.84,45.0,1200.0,52.5,284000.0
P8345,4.84,45.0,1200.0,53.75,286100.0
P8346,4.84,45.0,1200.0,55.0,288300.0
P8347,4.84,45.0,1300.0,50.0,294000.0
P8348,4.84,45.0,1300.0,51.25,296100.0
P8349,4.84,45.0,1300.0,52.5,298200.0
P8350,4.84,45.0,1300.0,53.75,300300.0
P8351,4.84,45.0,1300.0,55.0,302500.0
P8352,5.0,40.0,800.0,50.0,228200.0
P8353,5.0,40.0,800.0,51.25,230500.0
P8354,5.0,40.0,800.0,52.5,232700.0
P8355,5.0,40.0,800.0,53.75,235500.0
P8356,5.0,40.0,800.0,55.0,237700.0
P8357,5.0,40.0,900.0,50.0,252400.0
P8358,5.0,40.0,900.0,51.25,254700.0
P8359,5.0,40.0,900.0,52.5,256900.0
P8360,5.0,40.0,900.0,53.75,250700.0
P8361,5.0,40.0,900.0,55.0,252900.0
P8362,5.0,40.0,1000.0,50.0,267000.0
P8363,5.0,40.0,1000.0,51.25,269300.0
P8364,5.0,40.0,1000.0,52.5,271500.0
P8365,5.0,40.0,1000.0,53.75,274800.0
P8366,5.0,40.0,1000.0,55.0,277000.0
P8367,5.0,40.0,1100.0,50.0,277300.0
P8368,5.0,40.0,1100.0,51.25,279600.0
P8369,5.0,40.0,1100.0,52.5,281800.0
P8370,5.0,40.0,1100.0,53.75,285100.0
P8371,5.0,40.0,1100.0,55.0,287300.0
P8372,5.0,40.0,1200.0,50.0,288000.0
P8373,5.0,40.0,1200.0,51.25,290300.0
P8374,5.0,40.0,1200.0,52.5,292500.0
P8375,5.0,40.0,1200.0,53.75,295800.0
P8376,5.0,40.0,1200.0,55.0,298000.0
P8377,5.0,40.0,1300.0,50.0,303200.0
P8378,5.0,40.0,1300.0,51.25,305500.0
P8379,5.0,40.0,1300.0,52.5,307700.0
P8380,5.0,40.0,1300.0,53.75,311000.0
P8381,5.0,40.0,1300.0,55.0,313200.0
P8382,5.0,41.0,800.0,50.0,230800.0
P8383,5.0,41.0,800.0,51.25,233100.0
P8384,5.0,41.0,800.0,52.5,235300.0
P8385,5.0,41.0,800.0,53.75,238100.0
P8386,5.0,41.0,800.0,55.0,240300.0
P8387,5.0,41.0,900.0,50.0,245800.0
P8388,5.0,41.0,900.0,51.25,248100.0
P8389,5.0,41.0,900.0,52.5,250300.0
P8390,5.0,41.0,900.0,53.75,253600.0
P8391,5.0,41.0,900.0,55.0,255800.0
P8392,5.0,41.0,1000.0,50.0,270600.0
P8393,5.0,41.0,1000.0,51.25,272900.0
P8394,5.0,41.0,1000.0,52.5,275100.0
P8395,5.0,41.0,1000.0,53.75,278400.0
P8396,5.0,41.0,1000.0,55.0,280600.0
P8397,5.0,41.0,1100.0,50.0,281200.0
P8398,5.0,41.0,1100.0,51.25,283500.0
P8399,5.0,41.0,1100.0,52.5,285700.0
P8400,5.0,41.0,1100.0,53.75,289000.0
P8401,5.0,41.0,1100.0,55.0,291200.0
P8402,5.0,41.0,1200.0,50.0,292100.0
P8403,5.0,41.0,1200.0,51.25,294400.0
P8404,5.0,41.0,1200.0,52.5,296600.0
P8405,5.0,41.0,1200.0,53.75,299900.0
P8406,5.0,41.0,1200.0,55.0,302100.0
P8407,5.0,41.0,1300.0,50.0,307700.0
P8408,5.0,41.0,1300.0,51.25,310000.0
P8409,5.0,41.0,1300.0,52.5,312200.0
P8410,5.0,41.0,1300.0,53.75,315500.0
P8411,5.0,41.0,1300.0,55.0,317700.0
P8412,5.0,42.0,800.0,50.0,233200.0
P8413,5.0,42.0,800.0,51.25,235500.0
P8414,5.0,42.0,800.0,52.5,237700.0
P8415,5.0,42.0,800.0,53.75,240500.0
P8416,5.0,42.0,800.0,55.0,242700.0
P8417,5.0,42.0,900.0,50.0,248400.0
P8418,5.0,42.0,900.0,51.25,250700.0
P8419,5.0,42.0,900.0,52.5,252900.0
P8420,5.0,42.0,900.0,53.75,256200.0
P8421,5.0,42.0,900.0,55.0,258400.0
P8422,5.0,42.0,1000.0,50.0,274000.0
P8423,5.0,42.0,1000.0,51.25,276300.0
P8424,5.0,42.0,1000.0,52.5,278500.0
P8425,5.0,42.0,1000.0,53.75,281800.0
P8426,5.0,42.0,1000.0,55.0,284000.0
P8427,5.0,42.0,1100.0,50.0,284900.0
P8428,5.0,42.0,1100.0,51.25,287200.0
P8429,5.0,42.0,1100.0,52.5,289400.0
P8430,5.0,42.0,1100.0,53.75,292700.0
P8431,5.0,42.0,1100.0,55.0,294900.0
P8432,5.0,42.0,1200.0,50.0,296000.0
P8433,5.0,42.0,1200.0,51.25,298300.0
P8434,5.0,42.0,1200.0,52.5,300500.0
P8435,5.0,42.0,1200.0,53.75,303800.0
P8436,5.0,42.0,1200.0,55.0,306000.0
P8437,5.0,42.0,1300.0,50.0,311900.0
P8438,5.0,42.0,1300.0,51.25,314200.0
P8439,5.0,42.0,1300.0,52.5,316400.0
P8440,5.0,42.0,1300.0,53.75,319700.0
P8441,5.0,42.0,1300.0,55.0,321900.0
P8442,5.0,43.0,800.0,50.0,235700.0
P8443,5.0,43.0,800.0,51.25,238000.0
P8444,5.0,43.0,800.0,52.5,240200.0
P8445,5.0,43.0,800.0,53.75,243000.0
P8446,5.0,43.0,800.0,55.0,245200.0
P8447,5.0,43.0,900.0,50.0,251200.0
P8448,5.0,43.0,900.0,51.25,253500.0
P8449,5.0,43.0,900.0,52.5,255700.0
P8450,5.0,43.0,900.0,53.75,259000.0
P8451,5.0,43.0,900.0,55.0,271700.0
P8452,5.0,43.0,1000.0,50.0,277500.0
P8453,5.0,43.0,1000.0,51.25,279800.0
P8454,5.0,43.0,1000.0,52.5,282000.0
P8455,5.0,43.0,1000.0,53.75,285300.0
P8456,5.0,43.0,1000.0,55.0,287500.0
P8457,5.0,43.0,1100.0,50.0,288500.0
P8458,5.0,43.0,1100.0,51.25,290800.0
P8459,5.0,43.0,1100.0,52.5,293000.0
P8460,5.0,43.0,1100.0,53.75,296300.0
P8461,5.0,43.0,1100.0,55.0,298500.0
P8462,5.0,43.0,1200.0,50.0,300500.0
P8463,5.0,43.0,1200.0,51.25,302800.0
P8464,5.0,43.0,1200.0,52.5,305000.0
P8465,5.0,43.0,1200.0,53.75,308300.0
P8466,5.0,43.0,1200.0,55.0,310500.0
P8467,5.0,43.0,1300.0,50.0,316200.0
P8468,5.0,43.0,1300.0,51.25,318500.0
P8469,5.0,43.0,1300.0,52.5,320700.0
P8470,5.0,43.0,1300.0,53.75,324000.0
P8471,5.0,43.0,1300.0,55.0,326200.0
P8472,5.0,44.0,800.0,50.0,239600.0
P8473,5.0,44.0,800.0,51.25,241900.0
P8474,5.0,44.0,800.0,52.5,244100.0
P8475,5.0,44.0,800.0,53.75,246900.0
P8476,5.0,44.0,800.0,55.0,249100.0
P8477,5.0,44.0,900.0,50.0,264900.0
P8478,5.0,44.0,900.0,51.25,257000.0
P8479,5.0,44.0,900.0,52.5,259200.0
P8480,5.0,44.0,900.0,53.75,272700.0
P8481,5.0,44.0,900.0,55.0,274900.0
P8482,5.0,44.0,1000.0,50.0,281600.0
P8483,5.0,44.0,1000.0,51.25,283900.0
P8484,5.0,44.0,1000.0,52.5,286100.0
P8485,5.0,44.0,1000.0,53.75,289400.0
P8486,5.0,44.0,1000.0,55.0,291600.0
P8487,5.0,44.0,1100.0,50.0,292300.0
P8488,5.0,44.0,1100.0,51.25,294600.0
P8489,5.0,44.0,1100.0,52.5,296800.0
P8490,5.0,44.0,1100.0,53.75,300100.0
P8491,5.0,44.0,1100.0,55.0,302300.0
P8492,5.0,44.0,1200.0,50.0,304600.0
P8493,5.0,44.0,1200.0,51.25,301000.0
P8494,5.0,44.0,1200.0,52.5,309100.0
P8495,5.0,44.0,1200.0,53.75,312400.0
P8496,5.0,44.0,1200.0,55.0,314600.0
P8497,5.0,44.0,1300.0,50.0,323500.0
P8498,5.0,44.0,1300.0,51.25,325800.0
P8499,5.0,44.0,1300.0,52.5,328000.0
P8500,5.0,44.0,1300.0,53.75,331300.0
P8501,5.0,44.0,1300.0,55.0,333500.0
P8502,5.0,45.0,800.0,50.0,242400.0
P8503,5.0,45.0,800.0,51.25,244700.0
P8504,5.0,45.0,800.0,52.5,246900.0
P8505,5.0,45.0,800.0,53.75,249200.0
P8506,5.0,45.0,800.0,55.0,251400.0
P8507,5.0,45.0,900.0,50.0,271100.0
P8508,5.0,45.0,900.0,51.25,265900.0
P8509,5.0,45.0,900.0,52.5,268100.0
P8510,5.0,45.0,900.0,53.75,270400.0
P8511,5.0,45.0,900.0,55.0,272600.0
P8512,5.0,45.0,1000.0,50.0,291100.0
P8513,5.0,45.0,1000.0,51.25,293400.0
P8514,5.0,45.0,1000.0,52.5,295600.0
P8515,5.0,45.0,1000.0,53.75,297900.0
P8516,5.0,45.0,1000.0,55.0,300100.0
P8517,5.0,45.0,1100.0,50.0,302100.0
P8518,5.0,45.0,1100.0,51.25,304400.0
P8519,5.0,45.0,1100.0,52.5,306600.0
P8520,5.0,45.0,1100.0,53.75,308900.0
P8521,5.0,45.0,1100.0,55.0,311100.0
P8522,5.0,45.0,1200.0,50.0,314500.0
P8523,5.0,45.0,1200.0,51.25,316800.0
P8524,5.0,45.0,1200.0,52.5,319000.0
P8525,5.0,45.0,1200.0,53.75,321300.0
P8526,5.0,45.0,1200.0,55.0,323500.0
P8527,5.0,45.0,1300.0,50.0,330900.0
P8528,5.0,45.0,1300.0,51.25,333200.0
P8529,5.0,45.0,1300.0,52.5,335400.0
P8530,5.0,45.0,1300.0,53.75,337700.0
P8531,5.0,45.0,1300.0,55.0,339900.0
P8532,2.5,48.0,2400.0,60.0,142800.0
P8533,2.5,48.0,2400.0,61.0,143300.0
P8534,2.5,48.0,2400.0,62.0,143900.0
P8535,2.5,48.0,2400.0,63.0,144400.0
P8536,2.5,48.0,2400.0,64.0,144900.0
P8537,2.5,48.0,2400.0,65.0,145500.0
P8538,2.5,48.0,2480.0,60.0,142800.0
P8539,2.5,48.0,2480.0,61.0,143300.0
P8540,2.5,48.0,2480.0,62.0,143900.0
P8541,2.5,48.0,2480.0,63.0,144400.0
P8542,2.5,48.0,2480.0,64.0,144900.0
P8543,2.5,48.0,2480.0,65.0,145500.0
P8544,2.5,48.0,2560.0,60.0,138900.0
P8545,2.5,48.0,2560.0,61.0,139400.0
P8546,2.5,48.0,2560.0,62.0,140000.0
P8547,2.5,48.0,2560.0,63.0,140500.0
P8548,2.5,48.0,2560.0,64.0,141000.0
P8549,2.5,48.0,2560.0,65.0,141600.0
P8550,2.5,48.0,2640.0,60.0,151400.0
P8551,2.5,48.0,2640.0,61.0,151900.0
P8552,2.5,48.0,2640.0,62.0,152500.0
P8553,2.5,48.0,2640.0,63.0,153000.0
P8554,2.5,48.0,2640.0,64.0,153500.0
P8555,2.5,48.0,2640.0,65.0,154100.0
P8556,2.5,48.0,2720.0,60.0,151400.0
P8557,2.5,48.0,2720.0,61.0,151900.0
P8558,2.5,48.0,2720.0,62.0,152500.0
P8559,2.5,48.0,2720.0,63.0,153000.0
P8560,2.5,48.0,2720.0,64.0,153500.0
P8561,2.5,48.0,2720.0,65.0,154100.0
P8562,2.5,48.0,2800.0,60.0,151600.0
P8563,2.5,48.0,2800.0,61.0,152100.0
P8564,2.5,48.0,2800.0,62.0,152700.0
P8565,2.5,48.0,2800.0,63.0,153200.0
P8566,2.5,48.0,2800.0,64.0,153700.0
P8567,2.5,48.0,2800.0,65.0,154300.0
P8568,2.5,48.8,2400.0,60.0,144300.0
P8569,2.5,48.8,2400.0,61.0,144800.0
P8570,2.5,48.8,2400.0,62.0,145400.0
P8571,2.5,48.8,2400.0,63.0,145900.0
P8572,2.5,48.8,2400.0,64.0,146400.0
P8573,2.5,48.8,2400.0,65.0,147000.0
P8574,2.5,48.8,2480.0,60.0,144300.0
P8575,2.5,48.8,2480.0,61.0,144800.0
P8576,2.5,48.8,2480.0,62.0,145400.0
P8577,2.5,48.8,2480.0,63.0,145900.0
P8578,2.5,48.8,2480.0,64.0,146400.0
P8579,2.5,48.8,2480.0,65.0,147000.0
P8580,2.5,48.8,2560.0,60.0,140300.0
P8581,2.5,48.8,2560.0,61.0,140800.0
P8582,2.5,48.8,2560.0,62.0,141400.0
P8583,2.5,48.8,2560.0,63.0,141900.0
P8584,2.5,48.8,2560.0,64.0,142400.0
P8585,2.5,48.8,2560.0,65.0,143000.0
P8586,2.5,48.8,2640.0,60.0,153100.0
P8587,2.5,48.8,2640.0,61.0,153600.0
P8588,2.5,48.8,2640.0,62.0,154200.0
P8589,2.5,48.8,2640.0,63.0,154700.0
P8590,2.5,48.8,2640.0,64.0,155200.0
P8591,2.5,48.8,2640.0,65.0,155800.0
P8592,2.5,48.8,2720.0,60.0,153100.0
P8593,2.5,48.8,2720.0,61.0,153600.0
P8594,2.5,48.8,2720.0,62.0,154200.0
P8595,2.5,48.8,2720.0,63.0,154700.0
P8596,2.5,48.8,2720.0,64.0,155200.0
P8597,2.5,48.8,2720.0,65.0,155800.0
P8598,2.5,48.8,2800.0,60.0,162100.0
P8599,2.5,48.8,2800.0,61.0,153800.0
P8600,2.5,48.8,2800.0,62.0,154400.0
P8601,2.5,48.8,2800.0,63.0,154900.0
P8602,2.5,48.8,2800.0,64.0,155400.0
P8603,2.5,48.8,2800.0,65.0,156000.0
P8604,2.5,49.6,2400.0,60.0,145900.0
P8605,2.5,49.6,2400.0,61.0,146400.0
P8606,2.5,49.6,2400.0,62.0,147000.0
P8607,2.5,49.6,2400.0,63.0,147500.0
P8608,2.5,49.6,2400.0,64.0,148000.0
P8609,2.5,49.6,2400.0,65.0,148600.0
P8610,2.5,49.6,2480.0,60.0,145900.0
P8611,2.5,49.6,2480.0,61.0,146400.0
P8612,2.5,49.6,2480.0,62.0,147000.0
P8613,2.5,49.6,2480.0,63.0,147500.0
P8614,2.5,49.6,2480.0,64.0,148000.0
P8615,2.5,49.6,2480.0,65.0,148600.0
P8616,2.5,49.6,2560.0,60.0,141800.0
P8617,2.5,49.6,2560.0,61.0,142300.0
P8618,2.5,49.6,2560.0,62.0,142900.0
P8619,2.5,49.6,2560.0,63.0,143400.0
P8620,2.5,49.6,2560.0,64.0,143900.0
P8621,2.5,49.6,2560.0,65.0,144500.0
P8622,2.5,49.6,2640.0,60.0,154800.0
P8623,2.5,49.6,2640.0,61.0,155300.0
P8624,2.5,49.6,2640.0,62.0,155900.0
P8625,2.5,49.6,2640.0,63.0,156400.0
P8626,2.5,49.6,2640.0,64.0,156900.0
P8627,2.5,49.6,2640.0,65.0,157500.0
P8628,2.5,49.6,2720.0,60.0,154800.0
P8629,2.5,49.6,2720.0,61.0,155300.0
P8630,2.5,49.6,2720.0,62.0,155900.0
P8631,2.5,49.6,2720.0,63.0,156400.0
P8632,2.5,49.6,2720.0,64.0,156900.0
P8633,2.5,49.6,2720.0,65.0,157500.0
P8634,2.5,49.6,2800.0,60.0,155000.0
P8635,2.5,49.6,2800.0,61.0,155500.0
P8636,2.5,49.6,2800.0,62.0,156100.0
P8637,2.5,49.6,2800.0,63.0,156600.0
P8638,2.5,49.6,2800.0,64.0,157100.0
P8639,2.5,49.6,2800.0,65.0,157700.0
P8640,2.5,50.4,2400.0,60.0,147400.0
P8641,2.5,50.4,2400.0,61.0,147900.0
P8642,2.5,50.4,2400.0,62.0,148500.0
P8643,2.5,50.4,2400.0,63.0,143000.0
P8644,2.5,50.4,2400.0,64.0,143500.0
P8645,2.5,50.4,2400.0,65.0,150100.0
P8646,2.5,50.4,2480.0,60.0,147400.0
P8647,2.5,50.4,2480.0,61.0,147900.0
P8648,2.5,50.4,2480.0,62.0,148500.0
P8649,2.5,50.4,2480.0,63.0,149000.0
P8650,2.5,50.4,2480.0,64.0,149500.0
P8651,2.5,50.4,2480.0,65.0,150100.0
P8652,2.5,50.4,2560.0,60.0,143300.0
P8653,2.5,50.4,2560.0,61.0,143800.0
P8654,2.5,50.4,2560.0,62.0,144400.0
P8655,2.5,50.4,2560.0,63.0,144900.0
P8656,2.5,50.4,2560.0,64.0,149500.0
P8657,2.5,50.4,2560.0,65.0,150100.0
P8658,2.5,50.4,2640.0,60.0,156500.0
P8659,2.5,50.4,2640.0,61.0,157000.0
P8660,2.5,50.4,2640.0,62.0,157600.0
P8661,2.5,50.4,2640.0,63.0,158100.0
P8662,2.5,50.4,2640.0,64.0,158600.0
P8663,2.5,50.4,2640.0,65.0,159200.0
P8664,2.5,50.4,2720.0,60.0,156500.0
P8665,2.5,50.4,2720.0,61.0,157000.0
P8666,2.5,50.4,2720.0,62.0,157600.0
P8667,2.5,50.4,2720.0,63.0,158100.0
P8668,2.5,50.4,2720.0,64.0,158600.0
P8669,2.5,50.4,2720.0,65.0,159200.0
P8670,2.5,50.4,2800.0,60.0,156700.0
P8671,2.5,50.4,2800.0,61.0,157200.0
P8672,2.5,50.4,2800.0,62.0,157800.0
P8673,2.5,50.4,2800.0,63.0,158300.0
P8674,2.5,50.4,2800.0,64.0,167900.0
P8675,2.5,50.4,2800.0,65.0,168500.0
P8676,2.5,51.2,2400.0,60.0,149000.0
P8677,2.5,51.2,2400.0,61.0,149500.0
P8678,2.5,51.2,2400.0,62.0,150100.0
P8679,2.5,51.2,2400.0,63.0,150600.0
P8680,2.5,51.2,2400.0,64.0,151100.0
P8681,2.5,51.2,2400.0,65.0,151700.0
P8682,2.5,51.2,2480.0,60.0,149000.0
P8683,2.5,51.2,2480.0,61.0,149500.0
P8684,2.5,51.2,2480.0,62.0,150100.0
P8685,2.5,51.2,2480.0,63.0,150600.0
P8686,2.5,51.2,2480.0,64.0,151100.0
P8687,2.5,51.2,2480.0,65.0,151700.0
P8688,2.5,51.2,2560.0,60.0,144800.0
P8689,2.5,51.2,2560.0,61.0,145300.0
P8690,2.5,51.2,2560.0,62.0,145900.0
P8691,2.5,51.2,2560.0,63.0,146400.0
P8692,2.5,51.2,2560.0,64.0,146900.0
P8693,2.5,51.2,2560.0,65.0,147500.0
P8694,2.5,51.2,2640.0,60.0,158200.0
P8695,2.5,51.2,2640.0,61.0,158700.0
P8696,2.5,51.2,2640.0,62.0,159300.0
P8697,2.5,51.2,2640.0,63.0,159800.0
P8698,2.5,51.2,2640.0,64.0,160300.0
P8699,2.5,51.2,2640.0,65.0,160900.0
P8700,2.5,51.2,2720.0,60.0,158200.0
P8701,2.5,51.2,2720.0,61.0,158700.0
P8702,2.5,51.2,2720.0,62.0,159300.0
P8703,2.5,51.2,2720.0,63.0,159800.0
P8704,2.5,51.2,2720.0,64.0,160300.0
P8705,2.5,51.2,2720.0,65.0,160900.0
P8706,2.5,51.2,2800.0,60.0,167600.0
P8707,2.5,51.2,2800.0,61.0,158900.0
P8708,2.5,51.2,2800.0,62.0,159500.0
P8709,2.5,51.2,2800.0,63.0,160000.0
P8710,2.5,51.2,2800.0,64.0,160500.0
P8711,2.5,51.2,2800.0,65.0,161100.0
P8712,2.5,52.0,2400.0,60.0,150600.0
P8713,2.5,52.0,2400.0,61.0,151100.0
P8714,2.5,52.0,2400.0,62.0,151700.0
P8715,2.5,52.0,2400.0,63.0,152200.0
P8716,2.5,52.0,2400.0,64.0,152700.0
P8717,2.5,52.0,2400.0,65.0,153300.0
P8718,2.5,52.0,2480.0,60.0,150600.0
P8719,2.5,52.0,2480.0,61.0,151100.0
P8720,2.5,52.0,2480.0,62.0,151700.0
P8721,2.5,52.0,2480.0,63.0,152200.0
P8722,2.5,52.0,2480.0,64.0,152700.0
P8723,2.5,52.0,2480.0,65.0,153300.0
P8724,2.5,52.0,2560.0,60.0,146200.0
P8725,2.5,52.0,2560.0,61.0,146700.0
P8726,2.5,52.0,2560.0,62.0,147300.0
P8727,2.5,52.0,2560.0,63.0,147800.0
P8728,2.5,52.0,2560.0,64.0,148300.0
P8729,2.5,52.0,2560.0,65.0,148900.0
P8730,2.5,52.0,2640.0,60.0,159900.0
P8731,2.5,52.0,2640.0,61.0,160400.0
P8732,2.5,52.0,2640.0,62.0,161000.0
P8733,2.5,52.0,2640.0,63.0,161500.0
P8734,2.5,52.0,2640.0,64.0,162000.0
P8735,2.5,52.0,2640.0,65.0,162600.0
P8736,2.5,52.0,2720.0,60.0,159900.0
P8737,2.5,52.0,2720.0,61.0,160400.0
P8738,2.5,52.0,2720.0,62.0,161000.0
P8739,2.5,52.0,2720.0,63.0,161500.0
P8740,2.5,52.0,2720.0,64.0,162000.0
P8741,2.5,52.0,2720.0,65.0,162600.0
P8742,2.5,52.0,2800.0,60.0,160100.0
P8743,2.5,52.0,2800.0,61.0,160600.0
P8744,2.5,52.0,2800.0,62.0,161200.0
P8745,2.5,52.0,2800.0,63.0,161700.0
P8746,2.5,52.0,2800.0,64.0,162200.0
P8747,2.5,52.0,2800.0,65.0,162800.0
P8748,2.666666666666667,48.0,2400.0,60.0,149900.0
P8749,2.666666666666667,48.0,2400.0,61.0,150500.0
P8750,2.666666666666667,48.0,2400.0,62.0,151100.0
P8751,2.666666666666667,48.0,2400.0,63.0,151700.0
P8752,2.666666666666667,48.0,2400.0,64.0,152300.0
P8753,2.666666666666667,48.0,2400.0,65.0,152900.0
P8754,2.666666666666667,48.0,2480.0,60.0,163300.0
P8755,2.666666666666667,48.0,2480.0,61.0,163900.0
P8756,2.666666666666667,48.0,2480.0,62.0,164500.0
P8757,2.666666666666667,48.0,2480.0,63.0,165100.0
P8758,2.666666666666667,48.0,2480.0,64.0,165700.0
P8759,2.666666666666667,48.0,2480.0,65.0,166300.0
P8760,2.666666666666667,48.0,2560.0,60.0,163300.0
P8761,2.666666666666667,48.0,2560.0,61.0,163900.0
P8762,2.666666666666667,48.0,2560.0,62.0,164500.0
P8763,2.666666666666667,48.0,2560.0,63.0,165100.0
P8764,2.666666666666667,48.0,2560.0,64.0,165700.0
P8765,2.666666666666667,48.0,2560.0,65.0,166300.0
P8766,2.666666666666667,48.0,2640.0,60.0,163400.0
P8767,2.666666666666667,48.0,2640.0,61.0,164000.0
P8768,2.666666666666667,48.0,2640.0,62.0,164600.0
P8769,2.666666666666667,48.0,2640.0,63.0,165200.0
P8770,2.666666666666667,48.0,2640.0,64.0,165800.0
P8771,2.666666666666667,48.0,2640.0,65.0,166400.0
P8772,2.666666666666667,48.0,2720.0,60.0,172800.0
P8773,2.666666666666667,48.0,2720.0,61.0,173400.0
P8774,2.666666666666667,48.0,2720.0,62.0,174000.0
P8775,2.666666666666667,48.0,2720.0,63.0,174600.0
P8776,2.666666666666667,48.0,2720.0,64.0,175200.0
P8777,2.666666666666667,48.0,2720.0,65.0,175800.0
P8778,2.666666666666667,48.0,2800.0,60.0,172800.0
P8779,2.666666666666667,48.0,2800.0,61.0,173400.0
P8780,2.666666666666667,48.0,2800.0,62.0,174000.0
P8781,2.666666666666667,48.0,2800.0,63.0,174600.0
P8782,2.666666666666667,48.0,2800.0,64.0,175200.0
P8783,2.666666666666667,48.0,2800.0,65.0,175800.0
P8784,2.666666666666667,48.8,2400.0,60.0,151700.0
P8785,2.666666666666667,48.8,2400.0,61.0,152300.0
P8786,2.666666666666667,48.8,2400.0,62.0,152900.0
P8787,2.666666666666667,48.8,2400.0,63.0,153500.0
P8788,2.666666666666667,48.8,2400.0,64.0,154100.0
P8789,2.666666666666667,48.8,2400.0,65.0,154700.0
P8790,2.666666666666667,48.8,2480.0,60.0,165100.0
P8791,2.666666666666667,48.8,2480.0,61.0,165700.0
P8792,2.666666666666667,48.8,2480.0,62.0,166300.0
P8793,2.666666666666667,48.8,2480.0,63.0,166900.0
P8794,2.666666666666667,48.8,2480.0,64.0,167500.0
P8795,2.666666666666667,48.8,2480.0,65.0,168100.0
P8796,2.666666666666667,48.8,2560.0,60.0,165100.0
P8797,2.666666666666667,48.8,2560.0,61.0,165700.0
P8798,2.666666666666667,48.8,2560.0,62.0,166300.0
P8799,2.666666666666667,48.8,2560.0,63.0,166900.0
P8800,2.666666666666667,48.8,2560.0,64.0,167500.0
P8801,2.666666666666667,48.8,2560.0,65.0,168100.0
P8802,2.666666666666667,48.8,2640.0,60.0,174600.0
P8803,2.666666666666667,48.8,2640.0,61.0,175200.0
P8804,2.666666666666667,48.8,2640.0,62.0,175800.0
P8805,2.666666666666667,48.8,2640.0,63.0,176400.0
P8806,2.666666666666667,48.8,2640.0,64.0,177000.0
P8807,2.666666666666667,48.8,2640.0,65.0,177600.0
P8808,2.666666666666667,48.8,2720.0,60.0,174800.0
P8809,2.666666666666667,48.8,2720.0,61.0,175400.0
P8810,2.666666666666667,48.8,2720.0,62.0,166600.0
P8811,2.666666666666667,48.8,2720.0,63.0,167200.0
P8812,2.666666666666667,48.8,2720.0,64.0,167800.0
P8813,2.666666666666667,48.8,2720.0,65.0,168400.0
P8814,2.666666666666667,48.8,2800.0,60.0,174800.0
P8815,2.666666666666667,48.8,2800.0,61.0,175400.0
P8816,2.666666666666667,48.8,2800.0,62.0,176000.0
P8817,2.666666666666667,48.8,2800.0,63.0,176600.0
P8818,2.666666666666667,48.8,2800.0,64.0,177200.0
P8819,2.666666666666667,48.8,2800.0,65.0,177800.0
P8820,2.666666666666667,49.6,2400.0,60.0,153000.0
P8821,2.666666666666667,49.6,2400.0,61.0,153600.0
P8822,2.666666666666667,49.6,2400.0,62.0,154200.0
P8823,2.666666666666667,49.6,2400.0,63.0,154800.0
P8824,2.666666666666667,49.6,2400.0,64.0,155400.0
P8825,2.666666666666667,49.6,2400.0,65.0,156000.0
P8826,2.666666666666667,49.6,2480.0,60.0,167000.0
P8827,2.666666666666667,49.6,2480.0,61.0,167600.0
P8828,2.666666666666667,49.6,2480.0,62.0,168200.0
P8829,2.666666666666667,49.6,2480.0,63.0,168800.0
P8830,2.666666666666667,49.6,2480.0,64.0,169400.0
P8831,2.666666666666667,49.6,2480.0,65.0,170000.0
P8832,2.666666666666667,49.6,2560.0,60.0,167200.0
P8833,2.666666666666667,49.6,2560.0,61.0,167800.0
P8834,2.666666666666667,49.6,2560.0,62.0,168400.0
P8835,2.666666666666667,49.6,2560.0,63.0,169000.0
P8836,2.666666666666667,49.6,2560.0,64.0,169600.0
P8837,2.666666666666667,49.6,2560.0,65.0,170200.0
P8838,2.666666666666667,49.6,2640.0,60.0,167100.0
P8839,2.666666666666667,49.6,2640.0,61.0,167700.0
P8840,2.666666666666667,49.6,2640.0,62.0,168300.0
P8841,2.666666666666667,49.6,2640.0,63.0,168900.0
P8842,2.666666666666667,49.6,2640.0,64.0,169500.0
P8843,2.666666666666667,49.6,2640.0,65.0,170100.0
P8844,2.666666666666667,49.6,2720.0,60.0,167300.0
P8845,2.666666666666667,49.6,2720.0,61.0,177400.0
P8846,2.666666666666667,49.6,2720.0,62.0,178000.0
P8847,2.666666666666667,49.6,2720.0,63.0,178600.0
P8848,2.666666666666667,49.6,2720.0,64.0,179200.0
P8849,2.666666666666667,49.6,2720.0,65.0,179800.0
P8850,2.666666666666667,49.6,2800.0,60.0,176800.0
P8851,2.666666666666667,49.6,2800.0,61.0,177400.0
P8852,2.666666666666667,49.6,2800.0,62.0,178000.0
P8853,2.666666666666667,49.6,2800.0,63.0,178600.0
P8854,2.666666666666667,49.6,2800.0,64.0,179200.0
P8855,2.666666666666667,49.6,2800.0,65.0,179800.0
P8856,2.666666666666667,50.4,2400.0,60.0,154600.0
P8857,2.666666666666667,50.4,2400.0,61.0,155200.0
P8858,2.666666666666667,50.4,2400.0,62.0,155800.0
P8859,2.666666666666667,50.4,2400.0,63.0,156400.0
P8860,2.666666666666667,50.4,2400.0,64.0,157000.0
P8861,2.666666666666667,50.4,2400.0,65.0,157600.0
P8862,2.666666666666667,50.4,2480.0,60.0,168800.0
P8863,2.666666666666667,50.4,2480.0,61.0,169400.0
P8864,2.666666666666667,50.4,2480.0,62.0,170000.0
P8865,2.666666666666667,50.4,2480.0,63.0,170600.0
P8866,2.666666666666667,50.4,2480.0,64.0,171200.0
P8867,2.666666666666667,50.4,2480.0,65.0,171800.0
P8868,2.666666666666667,50.4,2560.0,60.0,169000.0
P8869,2.666666666666667,50.4,2560.0,61.0,169600.0
P8870,2.666666666666667,50.4,2560.0,62.0,170200.0
P8871,2.666666666666667,50.4,2560.0,63.0,170800.0
P8872,2.666666666666667,50.4,2560.0,64.0,171400.0
P8873,2.666666666666667,50.4,2560.0,65.0,172000.0
P8874,2.666666666666667,50.4,2640.0,60.0,168900.0
P8875,2.666666666666667,50.4,2640.0,61.0,169500.0
P8876,2.666666666666667,50.4,2640.0,62.0,170100.0
P8877,2.666666666666667,50.4,2640.0,63.0,170700.0
P8878,2.666666666666667,50.4,2640.0,64.0,181000.0
P8879,2.666666666666667,50.4,2640.0,65.0,181600.0
P8880,2.666666666666667,50.4,2720.0,60.0,178800.0
P8881,2.666666666666667,50.4,2720.0,61.0,179400.0
P8882,2.666666666666667,50.4,2720.0,62.0,180000.0
P8883,2.666666666666667,50.4,2720.0,63.0,180600.0
P8884,2.666666666666667,50.4,2720.0,64.0,181200.0
P8885,2.666666666666667,50.4,2720.0,65.0,181800.0
P8886,2.666666666666667,50.4,2800.0,60.0,178800.0
P8887,2.666666666666667,50.4,2800.0,61.0,179400.0
P8888,2.666666666666667,50.4,2800.0,62.0,180000.0
P8889,2.666666666666667,50.4,2800.0,63.0,180600.0
P8890,2.666666666666667,50.4,2800.0,64.0,181200.0
P8891,2.666666666666667,50.4,2800.0,65.0,181800.0
P8892,2.666666666666667,51.2,2400.0,60.0,156200.0
P8893,2.666666666666667,51.2,2400.0,61.0,156800.0
P8894,2.666666666666667,51.2,2400.0,62.0,157400.0
P8895,2.666666666666667,51.2,2400.0,63.0,158000.0
P8896,2.666666666666667,51.2,2400.0,64.0,158600.0
P8897,2.666666666666667,51.2,2400.0,65.0,159200.0
P8898,2.666666666666667,51.2,2480.0,60.0,170600.0
P8899,2.666666666666667,51.2,2480.0,61.0,171200.0
P8900,2.666666666666667,51.2,2480.0,62.0,171800.0
P8901,2.666666666666667,51.2,2480.0,63.0,172400.0
P8902,2.666666666666667,51.2,2480.0,64.0,173000.0
P8903,2.666666666666667,51.2,2480.0,65.0,173600.0
P8904,2.666666666666667,51.2,2560.0,60.0,170800.0
P8905,2.666666666666667,51.2,2560.0,61.0,171400.0
P8906,2.666666666666667,51.2,2560.0,62.0,172000.0
P8907,2.666666666666667,51.2,2560.0,63.0,172600.0
P8908,2.666666666666667,51.2,2560.0,64.0,173200.0
P8909,2.666666666666667,51.2,2560.0,65.0,173800.0
P8910,2.666666666666667,51.2,2640.0,60.0,181000.0
P8911,2.666666666666667,51.2,2640.0,61.0,181600.0
P8912,2.666666666666667,51.2,2640.0,62.0,182200.0
P8913,2.666666666666667,51.2,2640.0,63.0,182800.0
P8914,2.666666666666667,51.2,2640.0,64.0,183400.0
P8915,2.666666666666667,51.2,2640.0,65.0,184000.0
P8916,2.666666666666667,51.2,2720.0,60.0,181200.0
P8917,2.666666666666667,51.2,2720.0,61.0,171500.0
P8918,2.666666666666667,51.2,2720.0,62.0,172100.0
P8919,2.666666666666667,51.2,2720.0,63.0,172700.0
P8920,2.666666666666667,51.2,2720.0,64.0,183600.0
P8921,2.666666666666667,51.2,2720.0,65.0,184200.0
P8922,2.666666666666667,51.2,2800.0,60.0,181200.0
P8923,2.666666666666667,51.2,2800.0,61.0,181800.0
P8924,2.666666666666667,51.2,2800.0,62.0,182400.0
P8925,2.666666666666667,51.2,2800.0,63.0,183000.0
P8926,2.666666666666667,51.2,2800.0,64.0,183600.0
P8927,2.666666666666667,51.2,2800.0,65.0,184200.0
P8928,2.666666666666667,52.0,2400.0,60.0,158600.0
P8929,2.666666666666667,52.0,2400.0,61.0,159200.0
P8930,2.666666666666667,52.0,2400.0,62.0,159800.0
P8931,2.666666666666667,52.0,2400.0,63.0,160400.0
P8932,2.666666666666667,52.0,2400.0,64.0,161000.0
P8933,2.666666666666667,52.0,2400.0,65.0,161600.0
P8934,2.666666666666667,52.0,2480.0,60.0,173000.0
P8935,2.666666666666667,52.0,2480.0,61.0,173600.0
P8936,2.666666666666667,52.0,2480.0,62.0,174200.0
P8937,2.666666666666667,52.0,2480.0,63.0,174800.0
P8938,2.666666666666667,52.0,2480.0,64.0,175400.0
P8939,2.666666666666667,52.0,2480.0,65.0,176000.0
P8940,2.666666666666667,52.0,2560.0,60.0,173200.0
P8941,2.666666666666667,52.0,2560.0,61.0,173800.0
P8942,2.666666666666667,52.0,2560.0,62.0,174400.0
P8943,2.666666666666667,52.0,2560.0,63.0,175000.0
P8944,2.666666666666667,52.0,2560.0,64.0,175600.0
P8945,2.666666666666667,52.0,2560.0,65.0,176200.0
P8946,2.666666666666667,52.0,2640.0,60.0,173100.0
P8947,2.666666666666667,52.0,2640.0,61.0,173700.0
P8948,2.666666666666667,52.0,2640.0,62.0,174300.0
P8949,2.666666666666667,52.0,2640.0,63.0,174900.0
P8950,2.666666666666667,52.0,2640.0,64.0,175500.0
P8951,2.666666666666667,52.0,2640.0,65.0,176100.0
P8952,2.666666666666667,52.0,2720.0,60.0,183300.0
P8953,2.666666666666667,52.0,2720.0,61.0,183900.0
P8954,2.666666666666667,52.0,2720.0,62.0,184500.0
P8955,2.666666666666667,52.0,2720.0,63.0,185100.0
P8956,2.666666666666667,52.0,2720.0,64.0,185700.0
P8957,2.666666666666667,52.0,2720.0,65.0,186300.0
P8958,2.666666666666667,52.0,2800.0,60.0,183300.0
P8959,2.666666666666667,52.0,2800.0,61.0,183900.0
P8960,2.666666666666667,52.0,2800.0,62.0,184500.0
P8961,2.666666666666667,52.0,2800.0,63.0,185100.0
P8962,2.666666666666667,52.0,2800.0,64.0,185700.0
P8963,2.666666666666667,52.0,2800.0,65.0,186300.0
P8964,2.833333333333333,48.0,2400.0,60.0,175600.0
P8965,2.833333333333333,48.0,2400.0,61.0,176300.0
P8966,2.833333333333333,48.0,2400.0,62.0,176900.0
P8967,2.833333333333333,48.0,2400.0,63.0,177600.0
P8968,2.833333333333333,48.0,2400.0,64.0,178300.0
P8969,2.833333333333333,48.0,2400.0,65.0,178900.0
P8970,2.833333333333333,48.0,2480.0,60.0,175500.0
P8971,2.833333333333333,48.0,2480.0,61.0,176200.0
P8972,2.833333333333333,48.0,2480.0,62.0,176800.0
P8973,2.833333333333333,48.0,2480.0,63.0,177500.0
P8974,2.833333333333333,48.0,2480.0,64.0,178200.0
P8975,2.833333333333333,48.0,2480.0,65.0,178800.0
P8976,2.833333333333333,48.0,2560.0,60.0,185500.0
P8977,2.833333333333333,48.0,2560.0,61.0,186200.0
P8978,2.833333333333333,48.0,2560.0,62.0,186800.0
P8979,2.833333333333333,48.0,2560.0,63.0,187500.0
P8980,2.833333333333333,48.0,2560.0,64.0,188200.0
P8981,2.833333333333333,48.0,2560.0,65.0,188800.0
P8982,2.833333333333333,48.0,2640.0,60.0,185500.0
P8983,2.833333333333333,48.0,2640.0,61.0,186200.0
P8984,2.833333333333333,48.0,2640.0,62.0,186800.0
P8985,2.833333333333333,48.0,2640.0,63.0,187500.0
P8986,2.833333333333333,48.0,2640.0,64.0,188200.0
P8987,2.833333333333333,48.0,2640.0,65.0,188800.0
P8988,2.833333333333333,48.0,2720.0,60.0,185500.0
P8989,2.833333333333333,48.0,2720.0,61.0,186200.0
P8990,2.833333333333333,48.0,2720.0,62.0,186800.0
P8991,2.833333333333333,48.0,2720.0,63.0,187500.0
P8992,2.833333333333333,48.0,2720.0,64.0,194800.0
P8993,2.833333333333333,48.0,2720.0,65.0,188800.0
P8994,2.833333333333333,48.0,2800.0,60.0,192400.0
P8995,2.833333333333333,48.0,2800.0,61.0,193100.0
P8996,2.833333333333333,48.0,2800.0,62.0,193700.0
P8997,2.833333333333333,48.0,2800.0,63.0,194400.0
P8998,2.833333333333333,48.0,2800.0,64.0,195100.0
P8999,2.833333333333333,48.0,2800.0,65.0,195700.0
P9000,2.833333333333333,48.8,2400.0,60.0,177600.0
P9001,2.833333333333333,48.8,2400.0,61.0,178300.0
P9002,2.833333333333333,48.8,2400.0,62.0,178900.0
P9003,2.833333333333333,48.8,2400.0,63.0,179600.0
P9004,2.833333333333333,48.8,2400.0,64.0,180300.0
P9005,2.833333333333333,48.8,2400.0,65.0,180900.0
P9006,2.833333333333333,48.8,2480.0,60.0,187400.0
P9007,2.833333333333333,48.8,2480.0,61.0,188100.0
P9008,2.833333333333333,48.8,2480.0,62.0,188700.0
P9009,2.833333333333333,48.8,2480.0,63.0,189400.0
P9010,2.833333333333333,48.8,2480.0,64.0,190100.0
P9011,2.833333333333333,48.8,2480.0,65.0,190700.0
P9012,2.833333333333333,48.8,2560.0,60.0,187600.0
P9013,2.833333333333333,48.8,2560.0,61.0,188300.0
P9014,2.833333333333333,48.8,2560.0,62.0,188900.0
P9015,2.833333333333333,48.8,2560.0,63.0,179700.0
P9016,2.833333333333333,48.8,2560.0,64.0,180400.0
P9017,2.833333333333333,48.8,2560.0,65.0,181000.0
P9018,2.833333333333333,48.8,2640.0,60.0,187600.0
P9019,2.833333333333333,48.8,2640.0,61.0,188300.0
P9020,2.833333333333333,48.8,2640.0,62.0,188900.0
P9021,2.833333333333333,48.8,2640.0,63.0,189600.0
P9022,2.833333333333333,48.8,2640.0,64.0,190300.0
P9023,2.833333333333333,48.8,2640.0,65.0,190900.0
P9024,2.833333333333333,48.8,2720.0,60.0,187600.0
P9025,2.833333333333333,48.8,2720.0,61.0,188300.0
P9026,2.833333333333333,48.8,2720.0,62.0,188900.0
P9027,2.833333333333333,48.8,2720.0,63.0,189600.0
P9028,2.833333333333333,48.8,2720.0,64.0,190300.0
P9029,2.833333333333333,48.8,2720.0,65.0,190900.0
P9030,2.833333333333333,48.8,2800.0,60.0,194600.0
P9031,2.833333333333333,48.8,2800.0,61.0,195300.0
P9032,2.833333333333333,48.8,2800.0,62.0,195900.0
P9033,2.833333333333333,48.8,2800.0,63.0,196600.0
P9034,2.833333333333333,48.8,2800.0,64.0,197300.0
P9035,2.833333333333333,48.8,2800.0,65.0,197900.0
P9036,2.833333333333333,49.6,2400.0,60.0,179500.0
P9037,2.833333333333333,49.6,2400.0,61.0,180200.0
P9038,2.833333333333333,49.6,2400.0,62.0,180800.0
P9039,2.833333333333333,49.6,2400.0,63.0,181500.0
P9040,2.833333333333333,49.6,2400.0,64.0,182200.0
P9041,2.833333333333333,49.6,2400.0,65.0,182800.0
P9042,2.833333333333333,49.6,2480.0,60.0,189500.0
P9043,2.833333333333333,49.6,2480.0,61.0,180100.0
P9044,2.833333333333333,49.6,2480.0,62.0,180700.0
P9045,2.833333333333333,49.6,2480.0,63.0,181400.0
P9046,2.833333333333333,49.6,2480.0,64.0,182100.0
P9047,2.833333333333333,49.6,2480.0,65.0,182700.0
P9048,2.833333333333333,49.6,2560.0,60.0,189700.0
P9049,2.833333333333333,49.6,2560.0,61.0,190400.0
P9050,2.833333333333333,49.6,2560.0,62.0,191000.0
P9051,2.833333333333333,49.6,2560.0,63.0,191700.0
P9052,2.833333333333333,49.6,2560.0,64.0,192400.0
P9053,2.833333333333333,49.6,2560.0,65.0,193000.0
P9054,2.833333333333333,49.6,2640.0,60.0,189700.0
P9055,2.833333333333333,49.6,2640.0,61.0,190400.0
P9056,2.833333333333333,49.6,2640.0,62.0,191000.0
P9057,2.833333333333333,49.6,2640.0,63.0,191700.0
P9058,2.833333333333333,49.6,2640.0,64.0,192400.0
P9059,2.833333333333333,49.6,2640.0,65.0,193000.0
P9060,2.833333333333333,49.6,2720.0,60.0,190000.0
P9061,2.833333333333333,49.6,2720.0,61.0,190700.0
P9062,2.833333333333333,49.6,2720.0,62.0,191300.0
P9063,2.833333333333333,49.6,2720.0,63.0,192000.0
P9064,2.833333333333333,49.6,2720.0,64.0,192700.0
P9065,2.833333333333333,49.6,2720.0,65.0,193300.0
P9066,2.833333333333333,49.6,2800.0,60.0,196800.0
P9067,2.833333333333333,49.6,2800.0,61.0,197500.0
P9068,2.833333333333333,49.6,2800.0,62.0,198100.0
P9069,2.833333333333333,49.6,2800.0,63.0,198800.0
P9070,2.833333333333333,49.6,2800.0,64.0,199500.0
P9071,2.833333333333333,49.6,2800.0,65.0,200100.0
P9072,2.833333333333333,50.4,2400.0,60.0,181400.0
P9073,2.833333333333333,50.4,2400.0,61.0,182100.0
P9074,2.833333333333333,50.4,2400.0,62.0,182700.0
P9075,2.833333333333333,50.4,2400.0,63.0,183400.0
P9076,2.833333333333333,50.4,2400.0,64.0,184100.0
P9077,2.833333333333333,50.4,2400.0,65.0,184700.0
P9078,2.833333333333333,50.4,2480.0,60.0,181300.0
P9079,2.833333333333333,50.4,2480.0,61.0,182000.0
P9080,2.833333333333333,50.4,2480.0,62.0,182600.0
P9081,2.833333333333333,50.4,2480.0,63.0,183300.0
P9082,2.833333333333333,50.4,2480.0,64.0,194900.0
P9083,2.833333333333333,50.4,2480.0,65.0,195500.0
P9084,2.833333333333333,50.4,2560.0,60.0,192400.0
P9085,2.833333333333333,50.4,2560.0,61.0,193100.0
P9086,2.833333333333333,50.4,2560.0,62.0,193700.0
P9087,2.833333333333333,50.4,2560.0,63.0,194400.0
P9088,2.833333333333333,50.4,2560.0,64.0,195100.0
P9089,2.833333333333333,50.4,2560.0,65.0,195700.0
P9090,2.833333333333333,50.4,2640.0,60.0,192400.0
P9091,2.833333333333333,50.4,2640.0,61.0,193100.0
P9092,2.833333333333333,50.4,2640.0,62.0,193700.0
P9093,2.833333333333333,50.4,2640.0,63.0,194400.0
P9094,2.833333333333333,50.4,2640.0,64.0,195100.0
P9095,2.833333333333333,50.4,2640.0,65.0,195700.0
P9096,2.833333333333333,50.4,2720.0,60.0,199600.0
P9097,2.833333333333333,50.4,2720.0,61.0,200300.0
P9098,2.833333333333333,50.4,2720.0,62.0,200900.0
P9099,2.833333333333333,50.4,2720.0,63.0,201600.0
P9100,2.833333333333333,50.4,2720.0,64.0,202300.0
P9101,2.833333333333333,50.4,2720.0,65.0,202900.0
P9102,2.833333333333333,50.4,2800.0,60.0,199600.0
P9103,2.833333333333333,50.4,2800.0,61.0,200300.0
P9104,2.833333333333333,50.4,2800.0,62.0,200900.0
P9105,2.833333333333333,50.4,2800.0,63.0,201600.0
P9106,2.833333333333333,50.4,2800.0,64.0,202300.0
P9107,2.833333333333333,50.4,2800.0,65.0,202900.0
P9108,2.833333333333333,51.2,2400.0,60.0,184100.0
P9109,2.833333333333333,51.2,2400.0,61.0,184800.0
P9110,2.833333333333333,51.2,2400.0,62.0,185400.0
P9111,2.833333333333333,51.2,2400.0,63.0,186100.0
P9112,2.833333333333333,51.2,2400.0,64.0,186800.0
P9113,2.833333333333333,51.2,2400.0,65.0,187400.0
P9114,2.833333333333333,51.2,2480.0,60.0,194400.0
P9115,2.833333333333333,51.2,2480.0,61.0,195100.0
P9116,2.833333333333333,51.2,2480.0,62.0,195700.0
P9117,2.833333333333333,51.2,2480.0,63.0,196400.0
P9118,2.833333333333333,51.2,2480.0,64.0,197100.0
P9119,2.833333333333333,51.2,2480.0,65.0,197700.0
P9120,2.833333333333333,51.2,2560.0,60.0,194600.0
P9121,2.833333333333333,51.2,2560.0,61.0,195300.0
P9122,2.833333333333333,51.2,2560.0,62.0,185500.0
P9123,2.833333333333333,51.2,2560.0,63.0,186200.0
P9124,2.833333333333333,51.2,2560.0,64.0,197300.0
P9125,2.833333333333333,51.2,2560.0,65.0,197900.0
P9126,2.833333333333333,51.2,2640.0,60.0,194600.0
P9127,2.833333333333333,51.2,2640.0,61.0,195300.0
P9128,2.833333333333333,51.2,2640.0,62.0,195900.0
P9129,2.833333333333333,51.2,2640.0,63.0,196600.0
P9130,2.833333333333333,51.2,2640.0,64.0,197300.0
P9131,2.833333333333333,51.2,2640.0,65.0,197900.0
P9132,2.833333333333333,51.2,2720.0,60.0,194900.0
P9133,2.833333333333333,51.2,2720.0,61.0,195600.0
P9134,2.833333333333333,51.2,2720.0,62.0,196200.0
P9135,2.833333333333333,51.2,2720.0,63.0,196900.0
P9136,2.833333333333333,51.2,2720.0,64.0,197600.0
P9137,2.833333333333333,51.2,2720.0,65.0,198200.0
P9138,2.833333333333333,51.2,2800.0,60.0,201900.0
P9139,2.833333333333333,51.2,2800.0,61.0,202600.0
P9140,2.833333333333333,51.2,2800.0,62.0,203200.0
P9141,2.833333333333333,51.2,2800.0,63.0,203900.0
P9142,2.833333333333333,51.2,2800.0,64.0,204600.0
P9143,2.833333333333333,51.2,2800.0,65.0,205200.0
P9144,2.833333333333333,52.0,2400.0,60.0,186000.0
P9145,2.833333333333333,52.0,2400.0,61.0,186700.0
P9146,2.833333333333333,52.0,2400.0,62.0,187300.0
P9147,2.833333333333333,52.0,2400.0,63.0,188000.0
P9148,2.833333333333333,52.0,2400.0,64.0,188700.0
P9149,2.833333333333333,52.0,2400.0,65.0,189300.0
P9150,2.833333333333333,52.0,2480.0,60.0,185900.0
P9151,2.833333333333333,52.0,2480.0,61.0,186600.0
P9152,2.833333333333333,52.0,2480.0,62.0,187200.0
P9153,2.833333333333333,52.0,2480.0,63.0,187900.0
P9154,2.833333333333333,52.0,2480.0,64.0,188600.0
P9155,2.833333333333333,52.0,2480.0,65.0,189200.0
P9156,2.833333333333333,52.0,2560.0,60.0,196700.0
P9157,2.833333333333333,52.0,2560.0,61.0,197400.0
P9158,2.833333333333333,52.0,2560.0,62.0,198000.0
P9159,2.833333333333333,52.0,2560.0,63.0,198700.0
P9160,2.833333333333333,52.0,2560.0,64.0,199400.0
P9161,2.833333333333333,52.0,2560.0,65.0,200000.0
P9162,2.833333333333333,52.0,2640.0,60.0,196700.0
P9163,2.833333333333333,52.0,2640.0,61.0,197400.0
P9164,2.833333333333333,52.0,2640.0,62.0,198000.0
P9165,2.833333333333333,52.0,2640.0,63.0,198700.0
P9166,2.833333333333333,52.0,2640.0,64.0,199400.0
P9167,2.833333333333333,52.0,2640.0,65.0,200000.0
P9168,2.833333333333333,52.0,2720.0,60.0,197000.0
P9169,2.833333333333333,52.0,2720.0,61.0,197700.0
P9170,2.833333333333333,52.0,2720.0,62.0,198300.0
P9171,2.833333333333333,52.0,2720.0,63.0,199000.0
P9172,2.833333333333333,52.0,2720.0,64.0,206800.0
P9173,2.833333333333333,52.0,2720.0,65.0,207400.0
P9174,2.833333333333333,52.0,2800.0,60.0,204100.0
P9175,2.833333333333333,52.0,2800.0,61.0,204800.0
P9176,2.833333333333333,52.0,2800.0,62.0,205400.0
P9177,2.833333333333333,52.0,2800.0,63.0,206100.0
P9178,2.833333333333333,52.0,2800.0,64.0,206800.0
P9179,2.833333333333333,52.0,2800.0,65.0,207400.0
P9180,3.0,48.0,2400.0,60.0,198800.0
P9181,3.0,48.0,2400.0,61.0,199500.0
P9182,3.0,48.0,2400.0,62.0,200300.0
P9183,3.0,48.0,2400.0,63.0,201000.0
P9184,3.0,48.0,2400.0,64.0,201700.0
P9185,3.0,48.0,2400.0,65.0,202500.0
P9186,3.0,48.0,2480.0,60.0,198800.0
P9187,3.0,48.0,2480.0,61.0,199500.0
P9188,3.0,48.0,2480.0,62.0,200300.0
P9189,3.0,48.0,2480.0,63.0,201000.0
P9190,3.0,48.0,2480.0,64.0,201700.0
P9191,3.0,48.0,2480.0,65.0,202500.0
P9192,3.0,48.0,2560.0,60.0,199100.0
P9193,3.0,48.0,2560.0,61.0,199800.0
P9194,3.0,48.0,2560.0,62.0,207500.0
P9195,3.0,48.0,2560.0,63.0,208200.0
P9196,3.0,48.0,2560.0,64.0,202000.0
P9197,3.0,48.0,2560.0,65.0,209700.0
P9198,3.0,48.0,2640.0,60.0,206000.0
P9199,3.0,48.0,2640.0,61.0,206700.0
P9200,3.0,48.0,2640.0,62.0,207500.0
P9201,3.0,48.0,2640.0,63.0,208200.0
P9202,3.0,48.0,2640.0,64.0,208900.0
P9203,3.0,48.0,2640.0,65.0,209700.0
P9204,3.0,48.0,2720.0,60.0,206200.0
P9205,3.0,48.0,2720.0,61.0,206900.0
P9206,3.0,48.0,2720.0,62.0,207700.0
P9207,3.0,48.0,2720.0,63.0,208400.0
P9208,3.0,48.0,2720.0,64.0,209100.0
P9209,3.0,48.0,2720.0,65.0,209900.0
P9210,3.0,48.0,2800.0,60.0,209600.0
P9211,3.0,48.0,2800.0,61.0,210300.0
P9212,3.0,48.0,2800.0,62.0,211100.0
P9213,3.0,48.0,2800.0,63.0,211800.0
P9214,3.0,48.0,2800.0,64.0,212500.0
P9215,3.0,48.0,2800.0,65.0,213300.0
P9216,3.0,48.8,2400.0,60.0,190500.0
P9217,3.0,48.8,2400.0,61.0,191200.0
P9218,3.0,48.8,2400.0,62.0,192000.0
P9219,3.0,48.8,2400.0,63.0,192700.0
P9220,3.0,48.8,2400.0,64.0,204000.0
P9221,3.0,48.8,2400.0,65.0,204800.0
P9222,3.0,48.8,2480.0,60.0,201100.0
P9223,3.0,48.8,2480.0,61.0,201800.0
P9224,3.0,48.8,2480.0,62.0,202600.0
P9225,3.0,48.8,2480.0,63.0,203300.0
P9226,3.0,48.8,2480.0,64.0,204000.0
P9227,3.0,48.8,2480.0,65.0,204800.0
P9228,3.0,48.8,2560.0,60.0,201400.0
P9229,3.0,48.8,2560.0,61.0,202100.0
P9230,3.0,48.8,2560.0,62.0,202900.0
P9231,3.0,48.8,2560.0,63.0,203600.0
P9232,3.0,48.8,2560.0,64.0,204300.0
P9233,3.0,48.8,2560.0,65.0,205100.0
P9234,3.0,48.8,2640.0,60.0,208400.0
P9235,3.0,48.8,2640.0,61.0,209100.0
P9236,3.0,48.8,2640.0,62.0,209900.0
P9237,3.0,48.8,2640.0,63.0,210600.0
P9238,3.0,48.8,2640.0,64.0,211300.0
P9239,3.0,48.8,2640.0,65.0,212100.0
P9240,3.0,48.8,2720.0,60.0,208600.0
P9241,3.0,48.8,2720.0,61.0,207200.0
P9242,3.0,48.8,2720.0,62.0,208000.0
P9243,3.0,48.8,2720.0,63.0,210800.0
P9244,3.0,48.8,2720.0,64.0,211500.0
P9245,3.0,48.8,2720.0,65.0,212300.0
P9246,3.0,48.8,2800.0,60.0,210200.0
P9247,3.0,48.8,2800.0,61.0,210900.0
P9248,3.0,48.8,2800.0,62.0,211700.0
P9249,3.0,48.8,2800.0,63.0,212400.0
P9250,3.0,48.8,2800.0,64.0,213100.0
P9251,3.0,48.8,2800.0,65.0,213900.0
P9252,3.0,49.6,2400.0,60.0,204000.0
P9253,3.0,49.6,2400.0,61.0,204700.0
P9254,3.0,49.6,2400.0,62.0,205500.0
P9255,3.0,49.6,2400.0,63.0,206200.0
P9256,3.0,49.6,2400.0,64.0,206900.0
P9257,3.0,49.6,2400.0,65.0,207700.0
P9258,3.0,49.6,2480.0,60.0,204000.0
P9259,3.0,49.6,2480.0,61.0,204700.0
P9260,3.0,49.6,2480.0,62.0,205500.0
P9261,3.0,49.6,2480.0,63.0,206200.0
P9262,3.0,49.6,2480.0,64.0,206900.0
P9263,3.0,49.6,2480.0,65.0,207700.0
P9264,3.0,49.6,2560.0,60.0,204300.0
P9265,3.0,49.6,2560.0,61.0,205000.0
P9266,3.0,49.6,2560.0,62.0,205800.0
P9267,3.0,49.6,2560.0,63.0,206500.0
P9268,3.0,49.6,2560.0,64.0,207200.0
P9269,3.0,49.6,2560.0,65.0,208000.0
P9270,3.0,49.6,2640.0,60.0,211500.0
P9271,3.0,49.6,2640.0,61.0,212200.0
P9272,3.0,49.6,2640.0,62.0,213000.0
P9273,3.0,49.6,2640.0,63.0,213700.0
P9274,3.0,49.6,2640.0,64.0,214400.0
P9275,3.0,49.6,2640.0,65.0,215200.0
P9276,3.0,49.6,2720.0,60.0,211700.0
P9277,3.0,49.6,2720.0,61.0,212400.0
P9278,3.0,49.6,2720.0,62.0,213200.0
P9279,3.0,49.6,2720.0,63.0,213900.0
P9280,3.0,49.6,2720.0,64.0,214600.0
P9281,3.0,49.6,2720.0,65.0,215400.0
P9282,3.0,49.6,2800.0,60.0,212500.0
P9283,3.0,49.6,2800.0,61.0,213200.0
P9284,3.0,49.6,2800.0,62.0,214000.0
P9285,3.0,49.6,2800.0,63.0,214700.0
P9286,3.0,49.6,2800.0,64.0,215400.0
P9287,3.0,49.6,2800.0,65.0,216200.0
P9288,3.0,50.4,2400.0,60.0,206300.0
P9289,3.0,50.4,2400.0,61.0,207000.0
P9290,3.0,50.4,2400.0,62.0,207800.0
P9291,3.0,50.4,2400.0,63.0,208500.0
P9292,3.0,50.4,2400.0,64.0,209200.0
P9293,3.0,50.4,2400.0,65.0,210000.0
P9294,3.0,50.4,2480.0,60.0,206300.0
P9295,3.0,50.4,2480.0,61.0,207000.0
P9296,3.0,50.4,2480.0,62.0,207800.0
P9297,3.0,50.4,2480.0,63.0,208500.0
P9298,3.0,50.4,2480.0,64.0,209200.0
P9299,3.0,50.4,2480.0,65.0,210000.0
P9300,3.0,50.4,2560.0,60.0,213900.0
P9301,3.0,50.4,2560.0,61.0,214600.0
P9302,3.0,50.4,2560.0,62.0,215400.0
P9303,3.0,50.4,2560.0,63.0,216100.0
P9304,3.0,50.4,2560.0,64.0,216800.0
P9305,3.0,50.4,2560.0,65.0,217600.0
P9306,3.0,50.4,2640.0,60.0,213900.0
P9307,3.0,50.4,2640.0,61.0,214600.0
P9308,3.0,50.4,2640.0,62.0,215400.0
P9309,3.0,50.4,2640.0,63.0,216100.0
P9310,3.0,50.4,2640.0,64.0,216800.0
P9311,3.0,50.4,2640.0,65.0,217600.0
P9312,3.0,50.4,2720.0,60.0,214100.0
P9313,3.0,50.4,2720.0,61.0,214800.0
P9314,3.0,50.4,2720.0,62.0,215600.0
P9315,3.0,50.4,2720.0,63.0,216300.0
P9316,3.0,50.4,2720.0,64.0,214000.0
P9317,3.0,50.4,2720.0,65.0,214800.0
P9318,3.0,50.4,2800.0,60.0,215000.0
P9319,3.0,50.4,2800.0,61.0,215700.0
P9320,3.0,50.4,2800.0,62.0,216500.0
P9321,3.0,50.4,2800.0,63.0,217200.0
P9322,3.0,50.4,2800.0,64.0,217900.0
P9323,3.0,50.4,2800.0,65.0,218700.0
P9324,3.0,51.2,2400.0,60.0,197400.0
P9325,3.0,51.2,2400.0,61.0,198100.0
P9326,3.0,51.2,2400.0,62.0,210000.0
P9327,3.0,51.2,2400.0,63.0,210700.0
P9328,3.0,51.2,2400.0,64.0,211400.0
P9329,3.0,51.2,2400.0,65.0,212200.0
P9330,3.0,51.2,2480.0,60.0,208500.0
P9331,3.0,51.2,2480.0,61.0,209200.0
P9332,3.0,51.2,2480.0,62.0,210000.0
P9333,3.0,51.2,2480.0,63.0,210700.0
P9334,3.0,51.2,2480.0,64.0,211400.0
P9335,3.0,51.2,2480.0,65.0,212200.0
P9336,3.0,51.2,2560.0,60.0,208800.0
P9337,3.0,51.2,2560.0,61.0,209500.0
P9338,3.0,51.2,2560.0,62.0,210300.0
P9339,3.0,51.2,2560.0,63.0,211000.0
P9340,3.0,51.2,2560.0,64.0,211700.0
P9341,3.0,51.2,2560.0,65.0,212500.0
P9342,3.0,51.2,2640.0,60.0,216200.0
P9343,3.0,51.2,2640.0,61.0,216900.0
P9344,3.0,51.2,2640.0,62.0,217700.0
P9345,3.0,51.2,2640.0,63.0,218400.0
P9346,3.0,51.2,2640.0,64.0,219100.0
P9347,3.0,51.2,2640.0,65.0,219900.0
P9348,3.0,51.2,2720.0,60.0,213400.0
P9349,3.0,51.2,2720.0,61.0,214100.0
P9350,3.0,51.2,2720.0,62.0,214900.0
P9351,3.0,51.2,2720.0,63.0,218600.0
P9352,3.0,51.2,2720.0,64.0,219300.0
P9353,3.0,51.2,2720.0,65.0,220100.0
P9354,3.0,51.2,2800.0,60.0,217300.0
P9355,3.0,51.2,2800.0,61.0,218000.0
P9356,3.0,51.2,2800.0,62.0,218800.0
P9357,3.0,51.2,2800.0,63.0,219500.0
P9358,3.0,51.2,2800.0,64.0,220200.0
P9359,3.0,51.2,2800.0,65.0,221000.0
P9360,3.0,52.0,2400.0,60.0,210800.0
P9361,3.0,52.0,2400.0,61.0,211500.0
P9362,3.0,52.0,2400.0,62.0,212300.0
P9363,3.0,52.0,2400.0,63.0,213000.0
P9364,3.0,52.0,2400.0,64.0,213700.0
P9365,3.0,52.0,2400.0,65.0,214500.0
P9366,3.0,52.0,2480.0,60.0,210800.0
P9367,3.0,52.0,2480.0,61.0,211500.0
P9368,3.0,52.0,2480.0,62.0,212300.0
P9369,3.0,52.0,2480.0,63.0,213000.0
P9370,3.0,52.0,2480.0,64.0,213700.0
P9371,3.0,52.0,2480.0,65.0,214500.0
P9372,3.0,52.0,2560.0,60.0,211100.0
P9373,3.0,52.0,2560.0,61.0,211800.0
P9374,3.0,52.0,2560.0,62.0,212600.0
P9375,3.0,52.0,2560.0,63.0,220800.0
P9376,3.0,52.0,2560.0,64.0,221500.0
P9377,3.0,52.0,2560.0,65.0,222300.0
P9378,3.0,52.0,2640.0,60.0,218600.0
P9379,3.0,52.0,2640.0,61.0,219300.0
P9380,3.0,52.0,2640.0,62.0,220100.0
P9381,3.0,52.0,2640.0,63.0,220800.0
P9382,3.0,52.0,2640.0,64.0,221500.0
P9383,3.0,52.0,2640.0,65.0,222300.0
P9384,3.0,52.0,2720.0,60.0,218800.0
P9385,3.0,52.0,2720.0,61.0,219500.0
P9386,3.0,52.0,2720.0,62.0,220300.0
P9387,3.0,52.0,2720.0,63.0,221000.0
P9388,3.0,52.0,2720.0,64.0,221700.0
P9389,3.0,52.0,2720.0,65.0,222500.0
P9390,3.0,52.0,2800.0,60.0,219600.0
P9391,3.0,52.0,2800.0,61.0,220300.0
P9392,3.0,52.0,2800.0,62.0,221100.0
P9393,3.0,52.0,2800.0,63.0,221800.0
P9394,3.0,52.0,2800.0,64.0,222500.0
P9395,3.0,52.0,2800.0,65.0,223300.0
P9396,3.166666666666667,48.0,2400.0,60.0,212500.0
P9397,3.166666666666667,48.0,2400.0,61.0,213300.0
P9398,3.166666666666667,48.0,2400.0,62.0,214200.0
P9399,3.166666666666667,48.0,2400.0,63.0,215000.0
P9400,3.166666666666667,48.0,2400.0,64.0,215800.0
P9401,3.166666666666667,48.0,2400.0,65.0,216600.0
P9402,3.166666666666667,48.0,2480.0,60.0,220600.0
P9403,3.166666666666667,48.0,2480.0,61.0,221400.0
P9404,3.166666666666667,48.0,2480.0,62.0,222300.0
P9405,3.166666666666667,48.0,2480.0,63.0,223100.0
P9406,3.166666666666667,48.0,2480.0,64.0,223900.0
P9407,3.166666666666667,48.0,2480.0,65.0,224700.0
P9408,3.166666666666667,48.0,2560.0,60.0,220800.0
P9409,3.166666666666667,48.0,2560.0,61.0,221600.0
P9410,3.166666666666667,48.0,2560.0,62.0,222500.0
P9411,3.166666666666667,48.0,2560.0,63.0,223300.0
P9412,3.166666666666667,48.0,2560.0,64.0,224100.0
P9413,3.166666666666667,48.0,2560.0,65.0,224900.0
P9414,3.166666666666667,48.0,2640.0,60.0,216200.0
P9415,3.166666666666667,48.0,2640.0,61.0,217000.0
P9416,3.166666666666667,48.0,2640.0,62.0,217900.0
P9417,3.166666666666667,48.0,2640.0,63.0,218700.0
P9418,3.166666666666667,48.0,2640.0,64.0,219500.0
P9419,3.166666666666667,48.0,2640.0,65.0,220300.0
P9420,3.166666666666667,48.0,2720.0,60.0,222600.0
P9421,3.166666666666667,48.0,2720.0,61.0,223400.0
P9422,3.166666666666667,48.0,2720.0,62.0,224300.0
P9423,3.166666666666667,48.0,2720.0,63.0,225100.0
P9424,3.166666666666667,48.0,2720.0,64.0,225900.0
P9425,3.166666666666667,48.0,2720.0,65.0,226700.0
P9426,3.166666666666667,48.0,2800.0,60.0,226300.0
P9427,3.166666666666667,48.0,2800.0,61.0,227100.0
P9428,3.166666666666667,48.0,2800.0,62.0,228000.0
P9429,3.166666666666667,48.0,2800.0,63.0,228800.0
P9430,3.166666666666667,48.0,2800.0,64.0,229600.0
P9431,3.166666666666667,48.0,2800.0,65.0,230400.0
P9432,3.166666666666667,48.8,2400.0,60.0,215700.0
P9433,3.166666666666667,48.8,2400.0,61.0,216500.0
P9434,3.166666666666667,48.8,2400.0,62.0,217400.0
P9435,3.166666666666667,48.8,2400.0,63.0,218200.0
P9436,3.166666666666667,48.8,2400.0,64.0,219000.0
P9437,3.166666666666667,48.8,2400.0,65.0,219800.0
P9438,3.166666666666667,48.8,2480.0,60.0,223100.0
P9439,3.166666666666667,48.8,2480.0,61.0,223900.0
P9440,3.166666666666667,48.8,2480.0,62.0,224800.0
P9441,3.166666666666667,48.8,2480.0,63.0,225600.0
P9442,3.166666666666667,48.8,2480.0,64.0,226400.0
P9443,3.166666666666667,48.8,2480.0,65.0,227200.0
P9444,3.166666666666667,48.8,2560.0,60.0,223300.0
P9445,3.166666666666667,48.8,2560.0,61.0,224100.0
P9446,3.166666666666667,48.8,2560.0,62.0,225000.0
P9447,3.166666666666667,48.8,2560.0,63.0,225800.0
P9448,3.166666666666667,48.8,2560.0,64.0,226600.0
P9449,3.166666666666667,48.8,2560.0,65.0,227400.0
P9450,3.166666666666667,48.8,2640.0,60.0,218900.0
P9451,3.166666666666667,48.8,2640.0,61.0,219700.0
P9452,3.166666666666667,48.8,2640.0,62.0,220600.0
P9453,3.166666666666667,48.8,2640.0,63.0,221400.0
P9454,3.166666666666667,48.8,2640.0,64.0,222200.0
P9455,3.166666666666667,48.8,2640.0,65.0,223000.0
P9456,3.166666666666667,48.8,2720.0,60.0,226000.0
P9457,3.166666666666667,48.8,2720.0,61.0,226800.0
P9458,3.166666666666667,48.8,2720.0,62.0,227700.0
P9459,3.166666666666667,48.8,2720.0,63.0,228500.0
P9460,3.166666666666667,48.8,2720.0,64.0,229300.0
P9461,3.166666666666667,48.8,2720.0,65.0,230100.0
P9462,3.166666666666667,48.8,2800.0,60.0,228700.0
P9463,3.166666666666667,48.8,2800.0,61.0,229500.0
P9464,3.166666666666667,48.8,2800.0,62.0,230400.0
P9465,3.166666666666667,48.8,2800.0,63.0,231200.0
P9466,3.166666666666667,48.8,2800.0,64.0,232000.0
P9467,3.166666666666667,48.8,2800.0,65.0,232800.0
P9468,3.166666666666667,49.6,2400.0,60.0,218100.0
P9469,3.166666666666667,49.6,2400.0,61.0,218900.0
P9470,3.166666666666667,49.6,2400.0,62.0,219800.0
P9471,3.166666666666667,49.6,2400.0,63.0,220600.0
P9472,3.166666666666667,49.6,2400.0,64.0,221400.0
P9473,3.166666666666667,49.6,2400.0,65.0,222200.0
P9474,3.166666666666667,49.6,2480.0,60.0,225600.0
P9475,3.166666666666667,49.6,2480.0,61.0,226400.0
P9476,3.166666666666667,49.6,2480.0,62.0,227300.0
P9477,3.166666666666667,49.6,2480.0,63.0,228100.0
P9478,3.166666666666667,49.6,2480.0,64.0,228900.0
P9479,3.166666666666667,49.6,2480.0,65.0,229700.0
P9480,3.166666666666667,49.6,2560.0,60.0,225800.0
P9481,3.166666666666667,49.6,2560.0,61.0,226600.0
P9482,3.166666666666667,49.6,2560.0,62.0,227500.0
P9483,3.166666666666667,49.6,2560.0,63.0,228300.0
P9484,3.166666666666667,49.6,2560.0,64.0,229100.0
P9485,3.166666666666667,49.6,2560.0,65.0,229900.0
P9486,3.166666666666667,49.6,2640.0,60.0,221300.0
P9487,3.166666666666667,49.6,2640.0,61.0,222100.0
P9488,3.166666666666667,49.6,2640.0,62.0,223000.0
P9489,3.166666666666667,49.6,2640.0,63.0,223800.0
P9490,3.166666666666667,49.6,2640.0,64.0,224600.0
P9491,3.166666666666667,49.6,2640.0,65.0,225400.0
P9492,3.166666666666667,49.6,2720.0,60.0,228500.0
P9493,3.166666666666667,49.6,2720.0,61.0,229300.0
P9494,3.166666666666667,49.6,2720.0,62.0,230200.0
P9495,3.166666666666667,49.6,2720.0,63.0,231000.0
P9496,3.166666666666667,49.6,2720.0,64.0,231800.0
P9497,3.166666666666667,49.6,2720.0,65.0,232600.0
P9498,3.166666666666667,49.6,2800.0,60.0,231200.0
P9499,3.166666666666667,49.6,2800.0,61.0,232000.0
P9500,3.166666666666667,49.6,2800.0,62.0,232900.0
P9501,3.166666666666667,49.6,2800.0,63.0,233700.0
P9502,3.166666666666667,49.6,2800.0,64.0,234500.0
P9503,3.166666666666667,49.6,2800.0,65.0,235300.0
P9504,3.166666666666667,50.4,2400.0,60.0,220400.0
P9505,3.166666666666667,50.4,2400.0,61.0,221200.0
P9506,3.166666666666667,50.4,2400.0,62.0,222100.0
P9507,3.166666666666667,50.4,2400.0,63.0,222900.0
P9508,3.166666666666667,50.4,2400.0,64.0,223700.0
P9509,3.166666666666667,50.4,2400.0,65.0,224500.0
P9510,3.166666666666667,50.4,2480.0,60.0,228100.0
P9511,3.166666666666667,50.4,2480.0,61.0,228900.0
P9512,3.166666666666667,50.4,2480.0,62.0,229800.0
P9513,3.166666666666667,50.4,2480.0,63.0,230600.0
P9514,3.166666666666667,50.4,2480.0,64.0,231400.0
P9515,3.166666666666667,50.4,2480.0,65.0,232200.0
P9516,3.166666666666667,50.4,2560.0,60.0,228300.0
P9517,3.166666666666667,50.4,2560.0,61.0,229100.0
P9518,3.166666666666667,50.4,2560.0,62.0,230000.0
P9519,3.166666666666667,50.4,2560.0,63.0,230800.0
P9520,3.166666666666667,50.4,2560.0,64.0,228200.0
P9521,3.166666666666667,50.4,2560.0,65.0,229000.0
P9522,3.166666666666667,50.4,2640.0,60.0,223700.0
P9523,3.166666666666667,50.4,2640.0,61.0,224500.0
P9524,3.166666666666667,50.4,2640.0,62.0,225400.0
P9525,3.166666666666667,50.4,2640.0,63.0,226200.0
P9526,3.166666666666667,50.4,2640.0,64.0,227000.0
P9527,3.166666666666667,50.4,2640.0,65.0,227800.0
P9528,3.166666666666667,50.4,2720.0,60.0,231000.0
P9529,3.166666666666667,50.4,2720.0,61.0,231800.0
P9530,3.166666666666667,50.4,2720.0,62.0,232700.0
P9531,3.166666666666667,50.4,2720.0,63.0,233500.0
P9532,3.166666666666667,50.4,2720.0,64.0,234300.0
P9533,3.166666666666667,50.4,2720.0,65.0,235100.0
P9534,3.166666666666667,50.4,2800.0,60.0,233800.0
P9535,3.166666666666667,50.4,2800.0,61.0,234600.0
P9536,3.166666666666667,50.4,2800.0,62.0,235500.0
P9537,3.166666666666667,50.4,2800.0,63.0,236300.0
P9538,3.166666666666667,50.4,2800.0,64.0,237100.0
P9539,3.166666666666667,50.4,2800.0,65.0,237900.0
P9540,3.166666666666667,51.2,2400.0,60.0,222700.0
P9541,3.166666666666667,51.2,2400.0,61.0,223500.0
P9542,3.166666666666667,51.2,2400.0,62.0,224400.0
P9543,3.166666666666667,51.2,2400.0,63.0,225200.0
P9544,3.166666666666667,51.2,2400.0,64.0,217500.0
P9545,3.166666666666667,51.2,2400.0,65.0,218300.0
P9546,3.166666666666667,51.2,2480.0,60.0,230600.0
P9547,3.166666666666667,51.2,2480.0,61.0,231400.0
P9548,3.166666666666667,51.2,2480.0,62.0,232300.0
P9549,3.166666666666667,51.2,2480.0,63.0,233100.0
P9550,3.166666666666667,51.2,2480.0,64.0,233900.0
P9551,3.166666666666667,51.2,2480.0,65.0,234700.0
P9552,3.166666666666667,51.2,2560.0,60.0,230800.0
P9553,3.166666666666667,51.2,2560.0,61.0,231600.0
P9554,3.166666666666667,51.2,2560.0,62.0,232500.0
P9555,3.166666666666667,51.2,2560.0,63.0,233300.0
P9556,3.166666666666667,51.2,2560.0,64.0,234100.0
P9557,3.166666666666667,51.2,2560.0,65.0,234900.0
P9558,3.166666666666667,51.2,2640.0,60.0,225700.0
P9559,3.166666666666667,51.2,2640.0,61.0,226500.0
P9560,3.166666666666667,51.2,2640.0,62.0,227400.0
P9561,3.166666666666667,51.2,2640.0,63.0,228200.0
P9562,3.166666666666667,51.2,2640.0,64.0,229000.0
P9563,3.166666666666667,51.2,2640.0,65.0,229800.0
P9564,3.166666666666667,51.2,2720.0,60.0,232600.0
P9565,3.166666666666667,51.2,2720.0,61.0,233400.0
P9566,3.166666666666667,51.2,2720.0,62.0,234300.0
P9567,3.166666666666667,51.2,2720.0,63.0,235100.0
P9568,3.166666666666667,51.2,2720.0,64.0,235900.0
P9569,3.166666666666667,51.2,2720.0,65.0,236700.0
P9570,3.166666666666667,51.2,2800.0,60.0,236300.0
P9571,3.166666666666667,51.2,2800.0,61.0,237100.0
P9572,3.166666666666667,51.2,2800.0,62.0,238000.0
P9573,3.166666666666667,51.2,2800.0,63.0,238800.0
P9574,3.166666666666667,51.2,2800.0,64.0,239600.0
P9575,3.166666666666667,51.2,2800.0,65.0,240400.0
P9576,3.166666666666667,52.0,2400.0,60.0,225100.0
P9577,3.166666666666667,52.0,2400.0,61.0,225900.0
P9578,3.166666666666667,52.0,2400.0,62.0,226800.0
P9579,3.166666666666667,52.0,2400.0,63.0,227600.0
P9580,3.166666666666667,52.0,2400.0,64.0,228400.0
P9581,3.166666666666667,52.0,2400.0,65.0,229200.0
P9582,3.166666666666667,52.0,2480.0,60.0,233000.0
P9583,3.166666666666667,52.0,2480.0,61.0,233800.0
P9584,3.166666666666667,52.0,2480.0,62.0,234700.0
P9585,3.166666666666667,52.0,2480.0,63.0,235500.0
P9586,3.166666666666667,52.0,2480.0,64.0,236300.0
P9587,3.166666666666667,52.0,2480.0,65.0,237100.0
P9588,3.166666666666667,52.0,2560.0,60.0,233200.0
P9589,3.166666666666667,52.0,2560.0,61.0,234000.0
P9590,3.166666666666667,52.0,2560.0,62.0,234900.0
P9591,3.166666666666667,52.0,2560.0,63.0,235700.0
P9592,3.166666666666667,52.0,2560.0,64.0,236500.0
P9593,3.166666666666667,52.0,2560.0,65.0,237300.0
P9594,3.166666666666667,52.0,2640.0,60.0,228400.0
P9595,3.166666666666667,52.0,2640.0,61.0,229200.0
P9596,3.166666666666667,52.0,2640.0,62.0,230100.0
P9597,3.166666666666667,52.0,2640.0,63.0,230900.0
P9598,3.166666666666667,52.0,2640.0,64.0,231700.0
P9599,3.166666666666667,52.0,2640.0,65.0,232500.0
P9600,3.166666666666667,52.0,2720.0,60.0,235900.0
P9601,3.166666666666667,52.0,2720.0,61.0,236700.0
P9602,3.166666666666667,52.0,2720.0,62.0,237600.0
P9603,3.166666666666667,52.0,2720.0,63.0,238400.0
P9604,3.166666666666667,52.0,2720.0,64.0,239200.0
P9605,3.166666666666667,52.0,2720.0,65.0,240000.0
P9606,3.166666666666667,52.0,2800.0,60.0,238600.0
P9607,3.166666666666667,52.0,2800.0,61.0,239400.0
P9608,3.166666666666667,52.0,2800.0,62.0,240300.0
P9609,3.166666666666667,52.0,2800.0,63.0,241100.0
P9610,3.166666666666667,52.0,2800.0,64.0,241900.0
P9611,3.166666666666667,52.0,2800.0,65.0,242700.0
P9612,3.333333333333333,48.0,2400.0,60.0,234700.0
P9613,3.333333333333333,48.0,2400.0,61.0,235600.0
P9614,3.333333333333333,48.0,2400.0,62.0,236400.0
P9615,3.333333333333333,48.0,2400.0,63.0,237300.0
P9616,3.333333333333333,48.0,2400.0,64.0,238200.0
P9617,3.333333333333333,48.0,2400.0,65.0,239100.0
P9618,3.333333333333333,48.0,2480.0,60.0,234900.0
P9619,3.333333333333333,48.0,2480.0,61.0,235800.0
P9620,3.333333333333333,48.0,2480.0,62.0,236600.0
P9621,3.333333333333333,48.0,2480.0,63.0,237500.0
P9622,3.333333333333333,48.0,2480.0,64.0,236200.0
P9623,3.333333333333333,48.0,2480.0,65.0,237100.0
P9624,3.333333333333333,48.0,2560.0,60.0,236800.0
P9625,3.333333333333333,48.0,2560.0,61.0,237700.0
P9626,3.333333333333333,48.0,2560.0,62.0,238500.0
P9627,3.333333333333333,48.0,2560.0,63.0,239400.0
P9628,3.333333333333333,48.0,2560.0,64.0,240300.0
P9629,3.333333333333333,48.0,2560.0,65.0,241200.0
P9630,3.333333333333333,48.0,2640.0,60.0,239700.0
P9631,3.333333333333333,48.0,2640.0,61.0,240600.0
P9632,3.333333333333333,48.0,2640.0,62.0,241400.0
P9633,3.333333333333333,48.0,2640.0,63.0,242300.0
P9634,3.333333333333333,48.0,2640.0,64.0,243200.0
P9635,3.333333333333333,48.0,2640.0,65.0,244100.0
P9636,3.333333333333333,48.0,2720.0,60.0,255000.0
P9637,3.333333333333333,48.0,2720.0,61.0,255900.0
P9638,3.333333333333333,48.0,2720.0,62.0,256700.0
P9639,3.333333333333333,48.0,2720.0,63.0,257600.0
P9640,3.333333333333333,48.0,2720.0,64.0,258500.0
P9641,3.333333333333333,48.0,2720.0,65.0,259400.0
P9642,3.333333333333333,48.0,2800.0,60.0,255000.0
P9643,3.333333333333333,48.0,2800.0,61.0,255900.0
P9644,3.333333333333333,48.0,2800.0,62.0,256700.0
P9645,3.333333333333333,48.0,2800.0,63.0,257600.0
P9646,3.333333333333333,48.0,2800.0,64.0,258500.0
P9647,3.333333333333333,48.0,2800.0,65.0,259400.0
P9648,3.333333333333333,48.8,2400.0,60.0,237300.0
P9649,3.333333333333333,48.8,2400.0,61.0,238200.0
P9650,3.333333333333333,48.8,2400.0,62.0,239000.0
P9651,3.333333333333333,48.8,2400.0,63.0,239900.0
P9652,3.333333333333333,48.8,2400.0,64.0,240800.0
P9653,3.333333333333333,48.8,2400.0,65.0,241700.0
P9654,3.333333333333333,48.8,2480.0,60.0,232400.0
P9655,3.333333333333333,48.8,2480.0,61.0,233300.0
P9656,3.333333333333333,48.8,2480.0,62.0,234100.0
P9657,3.333333333333333,48.8,2480.0,63.0,235000.0
P9658,3.333333333333333,48.8,2480.0,64.0,235900.0
P9659,3.333333333333333,48.8,2480.0,65.0,236800.0
P9660,3.333333333333333,48.8,2560.0,60.0,239300.0
P9661,3.333333333333333,48.8,2560.0,61.0,240200.0
P9662,3.333333333333333,48.8,2560.0,62.0,241000.0
P9663,3.333333333333333,48.8,2560.0,63.0,241900.0
P9664,3.333333333333333,48.8,2560.0,64.0,242800.0
P9665,3.333333333333333,48.8,2560.0,65.0,243700.0
P9666,3.333333333333333,48.8,2640.0,60.0,243100.0
P9667,3.333333333333333,48.8,2640.0,61.0,244000.0
P9668,3.333333333333333,48.8,2640.0,62.0,244800.0
P9669,3.333333333333333,48.8,2640.0,63.0,245700.0
P9670,3.333333333333333,48.8,2640.0,64.0,246600.0
P9671,3.333333333333333,48.8,2640.0,65.0,247500.0
P9672,3.333333333333333,48.8,2720.0,60.0,257900.0
P9673,3.333333333333333,48.8,2720.0,61.0,258800.0
P9674,3.333333333333333,48.8,2720.0,62.0,259600.0
P9675,3.333333333333333,48.8,2720.0,63.0,260500.0
P9676,3.333333333333333,48.8,2720.0,64.0,261400.0
P9677,3.333333333333333,48.8,2720.0,65.0,262300.0
P9678,3.333333333333333,48.8,2800.0,60.0,262300.0
P9679,3.333333333333333,48.8,2800.0,61.0,263200.0
P9680,3.333333333333333,48.8,2800.0,62.0,259600.0
P9681,3.333333333333333,48.8,2800.0,63.0,260500.0
P9682,3.333333333333333,48.8,2800.0,64.0,261400.0
P9683,3.333333333333333,48.8,2800.0,65.0,262300.0
P9684,3.333333333333333,49.6,2400.0,60.0,239900.0
P9685,3.333333333333333,49.6,2400.0,61.0,240800.0
P9686,3.333333333333333,49.6,2400.0,62.0,241600.0
P9687,3.333333333333333,49.6,2400.0,63.0,242500.0
P9688,3.333333333333333,49.6,2400.0,64.0,243400.0
P9689,3.333333333333333,49.6,2400.0,65.0,244300.0
P9690,3.333333333333333,49.6,2480.0,60.0,235000.0
P9691,3.333333333333333,49.6,2480.0,61.0,235900.0
P9692,3.333333333333333,49.6,2480.0,62.0,236700.0
P9693,3.333333333333333,49.6,2480.0,63.0,237600.0
P9694,3.333333333333333,49.6,2480.0,64.0,243600.0
P9695,3.333333333333333,49.6,2480.0,65.0,244500.0
P9696,3.333333333333333,49.6,2560.0,60.0,242000.0
P9697,3.333333333333333,49.6,2560.0,61.0,242900.0
P9698,3.333333333333333,49.6,2560.0,62.0,243700.0
P9699,3.333333333333333,49.6,2560.0,63.0,244600.0
P9700,3.333333333333333,49.6,2560.0,64.0,245500.0
P9701,3.333333333333333,49.6,2560.0,65.0,246400.0
P9702,3.333333333333333,49.6,2640.0,60.0,244800.0
P9703,3.333333333333333,49.6,2640.0,61.0,245700.0
P9704,3.333333333333333,49.6,2640.0,62.0,246500.0
P9705,3.333333333333333,49.6,2640.0,63.0,247400.0
P9706,3.333333333333333,49.6,2640.0,64.0,248300.0
P9707,3.333333333333333,49.6,2640.0,65.0,249200.0
P9708,3.333333333333333,49.6,2720.0,60.0,260900.0
P9709,3.333333333333333,49.6,2720.0,61.0,261800.0
P9710,3.333333333333333,49.6,2720.0,62.0,262600.0
P9711,3.333333333333333,49.6,2720.0,63.0,263500.0
P9712,3.333333333333333,49.6,2720.0,64.0,264400.0
P9713,3.333333333333333,49.6,2720.0,65.0,265300.0
P9714,3.333333333333333,49.6,2800.0,60.0,265200.0
P9715,3.333333333333333,49.6,2800.0,61.0,266100.0
P9716,3.333333333333333,49.6,2800.0,62.0,266900.0
P9717,3.333333333333333,49.6,2800.0,63.0,267800.0
P9718,3.333333333333333,49.6,2800.0,64.0,264400.0
P9719,3.333333333333333,49.6,2800.0,65.0,265300.0
P9720,3.333333333333333,50.4,2400.0,60.0,242500.0
P9721,3.333333333333333,50.4,2400.0,61.0,243400.0
P9722,3.333333333333333,50.4,2400.0,62.0,244200.0
P9723,3.333333333333333,50.4,2400.0,63.0,245100.0
P9724,3.333333333333333,50.4,2400.0,64.0,246000.0
P9725,3.333333333333333,50.4,2400.0,65.0,246900.0
P9726,3.333333333333333,50.4,2480.0,60.0,237500.0
P9727,3.333333333333333,50.4,2480.0,61.0,238400.0
P9728,3.333333333333333,50.4,2480.0,62.0,239200.0
P9729,3.333333333333333,50.4,2480.0,63.0,240100.0
P9730,3.333333333333333,50.4,2480.0,64.0,241000.0
P9731,3.333333333333333,50.4,2480.0,65.0,241900.0
P9732,3.333333333333333,50.4,2560.0,60.0,244600.0
P9733,3.333333333333333,50.4,2560.0,61.0,245500.0
P9734,3.333333333333333,50.4,2560.0,62.0,246300.0
P9735,3.333333333333333,50.4,2560.0,63.0,247200.0
P9736,3.333333333333333,50.4,2560.0,64.0,248100.0
P9737,3.333333333333333,50.4,2560.0,65.0,249000.0
P9738,3.333333333333333,50.4,2640.0,60.0,247500.0
P9739,3.333333333333333,50.4,2640.0,61.0,248400.0
P9740,3.333333333333333,50.4,2640.0,62.0,249200.0
P9741,3.333333333333333,50.4,2640.0,63.0,250100.0
P9742,3.333333333333333,50.4,2640.0,64.0,251000.0
P9743,3.333333333333333,50.4,2640.0,65.0,251900.0
P9744,3.333333333333333,50.4,2720.0,60.0,263800.0
P9745,3.333333333333333,50.4,2720.0,61.0,264700.0
P9746,3.333333333333333,50.4,2720.0,62.0,265500.0
P9747,3.333333333333333,50.4,2720.0,63.0,266400.0
P9748,3.333333333333333,50.4,2720.0,64.0,267300.0
P9749,3.333333333333333,50.4,2720.0,65.0,268200.0
P9750,3.333333333333333,50.4,2800.0,60.0,263800.0
P9751,3.333333333333333,50.4,2800.0,61.0,264700.0
P9752,3.333333333333333,50.4,2800.0,62.0,265500.0
P9753,3.333333333333333,50.4,2800.0,63.0,266400.0
P9754,3.333333333333333,50.4,2800.0,64.0,271600.0
P9755,3.333333333333333,50.4,2800.0,65.0,272500.0
P9756,3.333333333333333,51.2,2400.0,60.0,245100.0
P9757,3.333333333333333,51.2,2400.0,61.0,246000.0
P9758,3.333333333333333,51.2,2400.0,62.0,246800.0
P9759,3.333333333333333,51.2,2400.0,63.0,247700.0
P9760,3.333333333333333,51.2,2400.0,64.0,248600.0
P9761,3.333333333333333,51.2,2400.0,65.0,249500.0
P9762,3.333333333333333,51.2,2480.0,60.0,239600.0
P9763,3.333333333333333,51.2,2480.0,61.0,240500.0
P9764,3.333333333333333,51.2,2480.0,62.0,241300.0
P9765,3.333333333333333,51.2,2480.0,63.0,242200.0
P9766,3.333333333333333,51.2,2480.0,64.0,243100.0
P9767,3.333333333333333,51.2,2480.0,65.0,244000.0
P9768,3.333333333333333,51.2,2560.0,60.0,247200.0
P9769,3.333333333333333,51.2,2560.0,61.0,248100.0
P9770,3.333333333333333,51.2,2560.0,62.0,248900.0
P9771,3.333333333333333,51.2,2560.0,63.0,249800.0
P9772,3.333333333333333,51.2,2560.0,64.0,250700.0
P9773,3.333333333333333,51.2,2560.0,65.0,251600.0
P9774,3.333333333333333,51.2,2640.0,60.0,250200.0
P9775,3.333333333333333,51.2,2640.0,61.0,251100.0
P9776,3.333333333333333,51.2,2640.0,62.0,251900.0
P9777,3.333333333333333,51.2,2640.0,63.0,252800.0
P9778,3.333333333333333,51.2,2640.0,64.0,253700.0
P9779,3.333333333333333,51.2,2640.0,65.0,254600.0
P9780,3.333333333333333,51.2,2720.0,60.0,266700.0
P9781,3.333333333333333,51.2,2720.0,61.0,267600.0
P9782,3.333333333333333,51.2,2720.0,62.0,268400.0
P9783,3.333333333333333,51.2,2720.0,63.0,269300.0
P9784,3.333333333333333,51.2,2720.0,64.0,270200.0
P9785,3.333333333333333,51.2,2720.0,65.0,271100.0
P9786,3.333333333333333,51.2,2800.0,60.0,267700.0
P9787,3.333333333333333,51.2,2800.0,61.0,267600.0
P9788,3.333333333333333,51.2,2800.0,62.0,268400.0
P9789,3.333333333333333,51.2,2800.0,63.0,269300.0
P9790,3.333333333333333,51.2,2800.0,64.0,271200.0
P9791,3.333333333333333,51.2,2800.0,65.0,272100.0
P9792,3.333333333333333,52.0,2400.0,60.0,247700.0
P9793,3.333333333333333,52.0,2400.0,61.0,248600.0
P9794,3.333333333333333,52.0,2400.0,62.0,249400.0
P9795,3.333333333333333,52.0,2400.0,63.0,250300.0
P9796,3.333333333333333,52.0,2400.0,64.0,251200.0
P9797,3.333333333333333,52.0,2400.0,65.0,252100.0
P9798,3.333333333333333,52.0,2480.0,60.0,242400.0
P9799,3.333333333333333,52.0,2480.0,61.0,243300.0
P9800,3.333333333333333,52.0,2480.0,62.0,249600.0
P9801,3.333333333333333,52.0,2480.0,63.0,250500.0
P9802,3.333333333333333,52.0,2480.0,64.0,251400.0
P9803,3.333333333333333,52.0,2480.0,65.0,252300.0
P9804,3.333333333333333,52.0,2560.0,60.0,249800.0
P9805,3.333333333333333,52.0,2560.0,61.0,250700.0
P9806,3.333333333333333,52.0,2560.0,62.0,251500.0
P9807,3.333333333333333,52.0,2560.0,63.0,252400.0
P9808,3.333333333333333,52.0,2560.0,64.0,253300.0
P9809,3.333333333333333,52.0,2560.0,65.0,254200.0
P9810,3.333333333333333,52.0,2640.0,60.0,254100.0
P9811,3.333333333333333,52.0,2640.0,61.0,255000.0
P9812,3.333333333333333,52.0,2640.0,62.0,255800.0
P9813,3.333333333333333,52.0,2640.0,63.0,256700.0
P9814,3.333333333333333,52.0,2640.0,64.0,257600.0
P9815,3.333333333333333,52.0,2640.0,65.0,258500.0
P9816,3.333333333333333,52.0,2720.0,60.0,269600.0
P9817,3.333333333333333,52.0,2720.0,61.0,270500.0
P9818,3.333333333333333,52.0,2720.0,62.0,271300.0
P9819,3.333333333333333,52.0,2720.0,63.0,272200.0
P9820,3.333333333333333,52.0,2720.0,64.0,273100.0
P9821,3.333333333333333,52.0,2720.0,65.0,274000.0
P9822,3.333333333333333,52.0,2800.0,60.0,271900.0
P9823,3.333333333333333,52.0,2800.0,61.0,272800.0
P9824,3.333333333333333,52.0,2800.0,62.0,271300.0
P9825,3.333333333333333,52.0,2800.0,63.0,272200.0
P9826,3.333333333333333,52.0,2800.0,64.0,273100.0
P9827,3.333333333333333,52.0,2800.0,65.0,274000.0
P9828,3.5,48.0,2400.0,60.0,250400.0
P9829,3.5,48.0,2400.0,61.0,251300.0
P9830,3.5,48.0,2400.0,62.0,252300.0
P9831,3.5,48.0,2400.0,63.0,253300.0
P9832,3.5,48.0,2400.0,64.0,254200.0
P9833,3.5,48.0,2400.0,65.0,255200.0
P9834,3.5,48.0,2480.0,60.0,253400.0
P9835,3.5,48.0,2480.0,61.0,254300.0
P9836,3.5,48.0,2480.0,62.0,255300.0
P9837,3.5,48.0,2480.0,63.0,256300.0
P9838,3.5,48.0,2480.0,64.0,257200.0
P9839,3.5,48.0,2480.0,65.0,258200.0
P9840,3.5,48.0,2560.0,60.0,270100.0
P9841,3.5,48.0,2560.0,61.0,271000.0
P9842,3.5,48.0,2560.0,62.0,272000.0
P9843,3.5,48.0,2560.0,63.0,273000.0
P9844,3.5,48.0,2560.0,64.0,273900.0
P9845,3.5,48.0,2560.0,65.0,274900.0
P9846,3.5,48.0,2640.0,60.0,270500.0
P9847,3.5,48.0,2640.0,61.0,271400.0
P9848,3.5,48.0,2640.0,62.0,272400.0
P9849,3.5,48.0,2640.0,63.0,273400.0
P9850,3.5,48.0,2640.0,64.0,274300.0
P9851,3.5,48.0,2640.0,65.0,275300.0
P9852,3.5,48.0,2720.0,60.0,271500.0
P9853,3.5,48.0,2720.0,61.0,272400.0
P9854,3.5,48.0,2720.0,62.0,273400.0
P9855,3.5,48.0,2720.0,63.0,274400.0
P9856,3.5,48.0,2720.0,64.0,275300.0
P9857,3.5,48.0,2720.0,65.0,276300.0
P9858,3.5,48.0,2800.0,60.0,273500.0
P9859,3.5,48.0,2800.0,61.0,274400.0
P9860,3.5,48.0,2800.0,62.0,275400.0
P9861,3.5,48.0,2800.0,63.0,276400.0
P9862,3.5,48.0,2800.0,64.0,277300.0
P9863,3.5,48.0,2800.0,65.0,278300.0
P9864,3.5,48.8,2400.0,60.0,253100.0
P9865,3.5,48.8,2400.0,61.0,254000.0
P9866,3.5,48.8,2400.0,62.0,255000.0
P9867,3.5,48.8,2400.0,63.0,256000.0
P9868,3.5,48.8,2400.0,64.0,256900.0
P9869,3.5,48.8,2400.0,65.0,257900.0
P9870,3.5,48.8,2480.0,60.0,256000.0
P9871,3.5,48.8,2480.0,61.0,256900.0
P9872,3.5,48.8,2480.0,62.0,257900.0
P9873,3.5,48.8,2480.0,63.0,258900.0
P9874,3.5,48.8,2480.0,64.0,259800.0
P9875,3.5,48.8,2480.0,65.0,260800.0
P9876,3.5,48.8,2560.0,60.0,273200.0
P9877,3.5,48.8,2560.0,61.0,274100.0
P9878,3.5,48.8,2560.0,62.0,275100.0
P9879,3.5,48.8,2560.0,63.0,276100.0
P9880,3.5,48.8,2560.0,64.0,277000.0
P9881,3.5,48.8,2560.0,65.0,278000.0
P9882,3.5,48.8,2640.0,60.0,273600.0
P9883,3.5,48.8,2640.0,61.0,274500.0
P9884,3.5,48.8,2640.0,62.0,275500.0
P9885,3.5,48.8,2640.0,63.0,276500.0
P9886,3.5,48.8,2640.0,64.0,277400.0
P9887,3.5,48.8,2640.0,65.0,278400.0
P9888,3.5,48.8,2720.0,60.0,274500.0
P9889,3.5,48.8,2720.0,61.0,275400.0
P9890,3.5,48.8,2720.0,62.0,276400.0
P9891,3.5,48.8,2720.0,63.0,277400.0
P9892,3.5,48.8,2720.0,64.0,278300.0
P9893,3.5,48.8,2720.0,65.0,279300.0
P9894,3.5,48.8,2800.0,60.0,276500.0
P9895,3.5,48.8,2800.0,61.0,277400.0
P9896,3.5,48.8,2800.0,62.0,278400.0
P9897,3.5,48.8,2800.0,63.0,279400.0
P9898,3.5,48.8,2800.0,64.0,280300.0
P9899,3.5,48.8,2800.0,65.0,281300.0
P9900,3.5,49.6,2400.0,60.0,255800.0
P9901,3.5,49.6,2400.0,61.0,256700.0
P9902,3.5,49.6,2400.0,62.0,257700.0
P9903,3.5,49.6,2400.0,63.0,258700.0
P9904,3.5,49.6,2400.0,64.0,259600.0
P9905,3.5,49.6,2400.0,65.0,260600.0
P9906,3.5,49.6,2480.0,60.0,258800.0
P9907,3.5,49.6,2480.0,61.0,259700.0
P9908,3.5,49.6,2480.0,62.0,260700.0
P9909,3.5,49.6,2480.0,63.0,261700.0
P9910,3.5,49.6,2480.0,64.0,262600.0
P9911,3.5,49.6,2480.0,65.0,263600.0
P9912,3.5,49.6,2560.0,60.0,276200.0
P9913,3.5,49.6,2560.0,61.0,277100.0
P9914,3.5,49.6,2560.0,62.0,278100.0
P9915,3.5,49.6,2560.0,63.0,279100.0
P9916,3.5,49.6,2560.0,64.0,280000.0
P9917,3.5,49.6,2560.0,65.0,281000.0
P9918,3.5,49.6,2640.0,60.0,276600.0
P9919,3.5,49.6,2640.0,61.0,277500.0
P9920,3.5,49.6,2640.0,62.0,278500.0
P9921,3.5,49.6,2640.0,63.0,279500.0
P9922,3.5,49.6,2640.0,64.0,280400.0
P9923,3.5,49.6,2640.0,65.0,281400.0
P9924,3.5,49.6,2720.0,60.0,277600.0
P9925,3.5,49.6,2720.0,61.0,278500.0
P9926,3.5,49.6,2720.0,62.0,279500.0
P9927,3.5,49.6,2720.0,63.0,280500.0
P9928,3.5,49.6,2720.0,64.0,281400.0
P9929,3.5,49.6,2720.0,65.0,282400.0
P9930,3.5,49.6,2800.0,60.0,279600.0
P9931,3.5,49.6,2800.0,61.0,280500.0
P9932,3.5,49.6,2800.0,62.0,281500.0
P9933,3.5,49.6,2800.0,63.0,282500.0
P9934,3.5,49.6,2800.0,64.0,283400.0
P9935,3.5,49.6,2800.0,65.0,284400.0
P9936,3.5,50.4,2400.0,60.0,258600.0
P9937,3.5,50.4,2400.0,61.0,259500.0
P9938,3.5,50.4,2400.0,62.0,260500.0
P9939,3.5,50.4,2400.0,63.0,261500.0
P9940,3.5,50.4,2400.0,64.0,262400.0
P9941,3.5,50.4,2400.0,65.0,263400.0
P9942,3.5,50.4,2480.0,60.0,261600.0
P9943,3.5,50.4,2480.0,61.0,262500.0
P9944,3.5,50.4,2480.0,62.0,263500.0
P9945,3.5,50.4,2480.0,63.0,264500.0
P9946,3.5,50.4,2480.0,64.0,265400.0
P9947,3.5,50.4,2480.0,65.0,266400.0
P9948,3.5,50.4,2560.0,60.0,279300.0
P9949,3.5,50.4,2560.0,61.0,280200.0
P9950,3.5,50.4,2560.0,62.0,281200.0
P9951,3.5,50.4,2560.0,63.0,282200.0
P9952,3.5,50.4,2560.0,64.0,283100.0
P9953,3.5,50.4,2560.0,65.0,284100.0
P9954,3.5,50.4,2640.0,60.0,279700.0
P9955,3.5,50.4,2640.0,61.0,280600.0
P9956,3.5,50.4,2640.0,62.0,286400.0
P9957,3.5,50.4,2640.0,63.0,287400.0
P9958,3.5,50.4,2640.0,64.0,283500.0
P9959,3.5,50.4,2640.0,65.0,284500.0
P9960,3.5,50.4,2720.0,60.0,280700.0
P9961,3.5,50.4,2720.0,61.0,281600.0
P9962,3.5,50.4,2720.0,62.0,282600.0
P9963,3.5,50.4,2720.0,63.0,283600.0
P9964,3.5,50.4,2720.0,64.0,284500.0
P9965,3.5,50.4,2720.0,65.0,285500.0
P9966,3.5,50.4,2800.0,60.0,282700.0
P9967,3.5,50.4,2800.0,61.0,283600.0
P9968,3.5,50.4,2800.0,62.0,284600.0
P9969,3.5,50.4,2800.0,63.0,285600.0
P9970,3.5,50.4,2800.0,64.0,286500.0
P9971,3.5,50.4,2800.0,65.0,287500.0
P9972,3.5,51.2,2400.0,60.0,261400.0
P9973,3.5,51.2,2400.0,61.0,262300.0
P9974,3.5,51.2,2400.0,62.0,263300.0
P9975,3.5,51.2,2400.0,63.0,264300.0
P9976,3.5,51.2,2400.0,64.0,265200.0
P9977,3.5,51.2,2400.0,65.0,266200.0
P9978,3.5,51.2,2480.0,60.0,264500.0
P9979,3.5,51.2,2480.0,61.0,265400.0
P9980,3.5,51.2,2480.0,62.0,266400.0
P9981,3.5,51.2,2480.0,63.0,267400.0
P9982,3.5,51.2,2480.0,64.0,268300.0
P9983,3.5,51.2,2480.0,65.0,269300.0
P9984,3.5,51.2,2560.0,60.0,282500.0
P9985,3.5,51.2,2560.0,61.0,283400.0
P9986,3.5,51.2,2560.0,62.0,284400.0
P9987,3.5,51.2,2560.0,63.0,285400.0
P9988,3.5,51.2,2560.0,64.0,286300.0
P9989,3.5,51.2,2560.0,65.0,287300.0
P9990,3.5,51.2,2640.0,60.0,282900.0
P9991,3.5,51.2,2640.0,61.0,283800.0
P9992,3.5,51.2,2640.0,62.0,284800.0
P9993,3.5,51.2,2640.0,63.0,285800.0
P9994,3.5,51.2,2640.0,64.0,286700.0
P9995,3.5,51.2,2640.0,65.0,287700.0
P9996,3.5,51.2,2720.0,60.0,285400.0
P9997,3.5,51.2,2720.0,61.0,286300.0
P9998,3.5,51.2,2720.0,62.0,287300.0
P9999,3.5,51.2,2720.0,63.0,288300.0
P10000,3.5,51.2,2720.0,64.0,289200.0
P10001,3.5,51.2,2720.0,65.0,290200.0
P10002,3.5,51.2,2800.0,60.0,287500.0
P10003,3.5,51.2,2800.0,61.0,288400.0
P10004,3.5,51.2,2800.0,62.0,289400.0
P10005,3.5,51.2,2800.0,63.0,290400.0
P10006,3.5,51.2,2800.0,64.0,291300.0
P10007,3.5,51.2,2800.0,65.0,292300.0
P10008,3.5,52.0,2400.0,60.0,265600.0
P10009,3.5,52.0,2400.0,61.0,266500.0
P10010,3.5,52.0,2400.0,62.0,267500.0
P10011,3.5,52.0,2400.0,63.0,268500.0
P10012,3.5,52.0,2400.0,64.0,269400.0
P10013,3.5,52.0,2400.0,65.0,270400.0
P10014,3.5,52.0,2480.0,60.0,268600.0
P10015,3.5,52.0,2480.0,61.0,269500.0
P10016,3.5,52.0,2480.0,62.0,270500.0
P10017,3.5,52.0,2480.0,63.0,271500.0
P10018,3.5,52.0,2480.0,64.0,272400.0
P10019,3.5,52.0,2480.0,65.0,273400.0
P10020,3.5,52.0,2560.0,60.0,287100.0
P10021,3.5,52.0,2560.0,61.0,288000.0
P10022,3.5,52.0,2560.0,62.0,289000.0
P10023,3.5,52.0,2560.0,63.0,290000.0
P10024,3.5,52.0,2560.0,64.0,290900.0
P10025,3.5,52.0,2560.0,65.0,291900.0
P10026,3.5,52.0,2640.0,60.0,287500.0
P10027,3.5,52.0,2640.0,61.0,288400.0
P10028,3.5,52.0,2640.0,62.0,289400.0
P10029,3.5,52.0,2640.0,63.0,290400.0
P10030,3.5,52.0,2640.0,64.0,291300.0
P10031,3.5,52.0,2640.0,65.0,292300.0
P10032,3.5,52.0,2720.0,60.0,288400.0
P10033,3.5,52.0,2720.0,61.0,289300.0
P10034,3.5,52.0,2720.0,62.0,290300.0
P10035,3.5,52.0,2720.0,63.0,291300.0
P10036,3.5,52.0,2720.0,64.0,292200.0
P10037,3.5,52.0,2720.0,65.0,293200.0
P10038,3.5,52.0,2800.0,60.0,290400.0
P10039,3.5,52.0,2800.0,61.0,291300.0
P10040,3.5,52.0,2800.0,62.0,292300.0
P10041,3.5,52.0,2800.0,63.0,293300.0
P10042,3.5,52.0,2800.0,64.0,294200.0
P10043,3.5,52.0,2800.0,65.0,295200.0
