tag,heat_area,tube_des_pres,tube_out_diameter,tube_len,shell_diameter,weight_kg
P11,19.23,50.0,16.0,2.5,325.0,1080.0
P12,29.99,50.0,16.0,3.9,325.0,1340.0
P13,40.76,50.0,16.0,5.3,325.0,1660.0
P14,51.53,50.0,16.0,6.699999999999999,325.0,1980.0
P15,62.29,50.0,16.0,8.1,325.0,2200.0
P16,73.06,50.0,16.0,9.5,325.0,2600.0
P17,17.2,50.0,17.8,2.5,325.0,1060.0
P18,26.82,50.0,17.8,3.9,325.0,1300.0
P19,36.45,50.0,17.8,5.3,325.0,1620.0
P20,46.08,50.0,17.8,6.699999999999999,325.0,1920.0
P21,55.71,50.0,17.8,8.1,325.0,2200.0
P22,65.34,50.0,17.8,9.5,325.0,2400.0
P23,15.55,50.0,19.6,2.5,325.0,1040.0
P24,24.25,50.0,19.6,3.9,325.0,1280.0
P25,32.96,50.0,19.6,5.3,325.0,1580.0
P26,41.67,50.0,19.6,6.699999999999999,325.0,1860.0
P27,50.37,50.0,19.6,8.1,325.0,2200.0
P28,59.08,50.0,19.6,9.5,325.0,2400.0
P29,14.29,50.0,21.4,2.5,325.0,1040.0
P30,22.29,50.0,21.4,3.9,325.0,1260.0
P31,30.29,50.0,21.4,5.3,325.0,1580.0
P32,38.29,50.0,21.4,6.699999999999999,325.0,1860.0
P33,46.29,50.0,21.4,8.1,325.0,2200.0
P34,54.29,50.0,21.4,9.5,325.0,2400.0
P35,13.12,50.0,23.2,2.5,325.0,1020.0
P36,20.47,50.0,23.2,3.9,325.0,1240.0
P37,27.81,50.0,23.2,5.3,325.0,1540.0
P38,35.16,50.0,23.2,6.699999999999999,325.0,1820.0
P39,42.51,50.0,23.2,8.1,325.0,2000.0
P40,49.85,50.0,23.2,9.5,325.0,2400.0
P41,12.17,50.0,25.0,2.5,325.0,1020.0
P42,18.99,50.0,25.0,3.9,325.0,1220.0
P43,25.81,50.0,25.0,5.3,325.0,1520.0
P44,32.63,50.0,25.0,6.699999999999999,325.0,1780.0
P45,39.44,50.0,25.0,8.1,325.0,2000.0
P46,46.26,50.0,25.0,9.5,325.0,2200.0
P47,30.16,50.0,16.0,2.5,400.8333333333333,1440.0
P48,47.05,50.0,16.0,3.9,400.8333333333333,1800.0
P49,63.94,50.0,16.0,5.3,400.8333333333333,2200.0
P50,80.83,50.0,16.0,6.699999999999999,400.8333333333333,2600.0
P51,97.72,50.0,16.0,8.1,400.8333333333333,3000.0
P52,114.61,50.0,16.0,9.5,400.8333333333333,3400.0
P53,27.12,50.0,17.8,2.5,400.8333333333333,1400.0
P54,42.31,50.0,17.8,3.9,400.8333333333333,1740.0
P55,57.5,50.0,17.8,5.3,400.8333333333333,2200.0
P56,72.69,50.0,17.8,6.699999999999999,400.8333333333333,2600.0
P57,87.87,50.0,17.8,8.1,400.8333333333333,3000.0
P58,103.06,50.0,17.8,9.5,400.8333333333333,3400.0
P59,24.63,50.0,19.6,2.5,400.8333333333333,1380.0
P60,38.42,50.0,19.6,3.9,400.8333333333333,1700.0
P61,52.22,50.0,19.6,5.3,400.8333333333333,2200.0
P62,66.01,50.0,19.6,6.699999999999999,400.8333333333333,2600.0
P63,79.8,50.0,19.6,8.1,400.8333333333333,2800.0
P64,93.59,50.0,19.6,9.5,400.8333333333333,3200.0
P65,22.52,50.0,21.4,2.5,400.8333333333333,1400.0
P66,35.13,50.0,21.4,3.9,400.8333333333333,1720.0
P67,47.75,50.0,21.4,5.3,400.8333333333333,2000.0
P68,60.36,50.0,21.4,6.699999999999999,400.8333333333333,2600.0
P69,72.97,50.0,21.4,8.1,400.8333333333333,2800.0
P70,85.58,50.0,21.4,9.5,400.8333333333333,3200.0
P71,20.77,50.0,23.2,2.5,400.8333333333333,1380.0
P72,32.4,50.0,23.2,3.9,400.8333333333333,1680.0
P73,44.04,50.0,23.2,5.3,400.8333333333333,2000.0
P74,55.67,50.0,23.2,6.699999999999999,400.8333333333333,2400.0
P75,67.3,50.0,23.2,8.1,400.8333333333333,2800.0
P76,78.93,50.0,23.2,9.5,400.8333333333333,3200.0
P77,19.24,50.0,25.0,2.5,400.8333333333333,1360.0
P78,30.02,50.0,25.0,3.9,400.8333333333333,1660.0
P79,40.79,50.0,25.0,5.3,400.8333333333333,2000.0
P80,51.57,50.0,25.0,6.699999999999999,400.8333333333333,2400.0
P81,62.34,50.0,25.0,8.1,400.8333333333333,2600.0
P82,73.12,50.0,25.0,9.5,400.8333333333333,3000.0
P83,43.48,50.0,16.0,2.5,476.6666666666666,2000.0
P84,67.83,50.0,16.0,3.9,476.6666666666666,2400.0
P85,92.18,50.0,16.0,5.3,476.6666666666666,3000.0
P86,116.53,50.0,16.0,6.699999999999999,476.6666666666666,3600.0
P87,140.87,50.0,16.0,8.1,476.6666666666666,4200.0
P88,165.22,50.0,16.0,9.5,476.6666666666666,4800.0
P89,39.14,50.0,17.8,2.5,476.6666666666666,1960.0
P90,61.07,50.0,17.8,3.9,476.6666666666666,2400.0
P91,82.99,50.0,17.8,5.3,476.6666666666666,3000.0
P92,104.91,50.0,17.8,6.699999999999999,476.6666666666666,3600.0
P93,126.83,50.0,17.8,8.1,476.6666666666666,4000.0
P94,148.75,50.0,17.8,9.5,476.6666666666666,4600.0
P95,35.56,50.0,19.6,2.5,476.6666666666666,1920.0
P96,55.47,50.0,19.6,3.9,476.6666666666666,2400.0
P97,75.39,50.0,19.6,5.3,476.6666666666666,3000.0
P98,95.3,50.0,19.6,6.699999999999999,476.6666666666666,3400.0
P99,115.21,50.0,19.6,8.1,476.6666666666666,3800.0
P100,135.13,50.0,19.6,9.5,476.6666666666666,4400.0
P101,32.44,50.0,21.4,2.5,476.6666666666666,1880.0
P102,50.6,50.0,21.4,3.9,476.6666666666666,2400.0
P103,68.77,50.0,21.4,5.3,476.6666666666666,2800.0
P104,86.94,50.0,21.4,6.699999999999999,476.6666666666666,3400.0
P105,105.1,50.0,21.4,8.1,476.6666666666666,3800.0
P106,123.27,50.0,21.4,9.5,476.6666666666666,4400.0
P107,29.88,50.0,23.2,2.5,476.6666666666666,1840.0
P108,46.62,50.0,23.2,3.9,476.6666666666666,2200.0
P109,63.35,50.0,23.2,5.3,476.6666666666666,2800.0
P110,80.09,50.0,23.2,6.699999999999999,476.6666666666666,3200.0
P111,96.82,50.0,23.2,8.1,476.6666666666666,3600.0
P112,113.55,50.0,23.2,9.5,476.6666666666666,4200.0
P113,27.88,50.0,25.0,2.5,476.6666666666666,1820.0
P114,43.5,50.0,25.0,3.9,476.6666666666666,2200.0
P115,59.11,50.0,25.0,5.3,476.6666666666666,2800.0
P116,74.72,50.0,25.0,6.699999999999999,476.6666666666666,3200.0
P117,90.34,50.0,25.0,8.1,476.6666666666666,3600.0
P118,105.95,50.0,25.0,9.5,476.6666666666666,4200.0
P119,59.44,50.0,16.0,2.5,552.5,2600.0
P120,92.72,50.0,16.0,3.9,552.5,3200.0
P121,126.01,50.0,16.0,5.3,552.5,4000.0
P122,159.3,50.0,16.0,6.699999999999999,552.5,4600.0
P123,192.58,50.0,16.0,8.1,552.5,5200.0
P124,225.87,50.0,16.0,9.5,552.5,6000.0
P125,53.4,50.0,17.8,2.5,552.5,2400.0
P126,83.31,50.0,17.8,3.9,552.5,3000.0
P127,113.22,50.0,17.8,5.3,552.5,3800.0
P128,143.12,50.0,17.8,6.699999999999999,552.5,4400.0
P129,173.03,50.0,17.8,8.1,552.5,5000.0
P130,202.93,50.0,17.8,9.5,552.5,5800.0
P131,48.49,50.0,19.6,2.5,552.5,2400.0
P132,75.65,50.0,19.6,3.9,552.5,3000.0
P133,102.8,50.0,19.6,5.3,552.5,3600.0
P134,129.95,50.0,19.6,6.699999999999999,552.5,4400.0
P135,157.11,50.0,19.6,8.1,552.5,5000.0
P136,184.26,50.0,19.6,9.5,552.5,5600.0
P137,44.37,50.0,21.4,2.5,552.5,2400.0
P138,69.22,50.0,21.4,3.9,552.5,2800.0
P139,94.07,50.0,21.4,5.3,552.5,3600.0
P140,118.92,50.0,21.4,6.699999999999999,552.5,4200.0
P141,143.76,50.0,21.4,8.1,552.5,4800.0
P142,168.61,50.0,21.4,9.5,552.5,5400.0
P143,41.0,50.0,23.2,2.5,552.5,2400.0
P144,63.96,50.0,23.2,3.9,552.5,2800.0
P145,86.92,50.0,23.2,5.3,552.5,3600.0
P146,109.87,50.0,23.2,6.699999999999999,552.5,4200.0
P147,132.83,50.0,23.2,8.1,552.5,4600.0
P148,155.79,50.0,23.2,9.5,552.5,5400.0
P149,37.9,50.0,25.0,2.5,552.5,2200.0
P150,59.12,50.0,25.0,3.9,552.5,2800.0
P151,80.34,50.0,25.0,5.3,552.5,3400.0
P152,101.56,50.0,25.0,6.699999999999999,552.5,4000.0
P153,122.78,50.0,25.0,8.1,552.5,4600.0
P154,144.0,50.0,25.0,9.5,552.5,5200.0
P155,77.66,50.0,16.0,2.5,628.3333333333333,3200.0
P156,121.15,50.0,16.0,3.9,628.3333333333333,4000.0
P157,164.64,50.0,16.0,5.3,628.3333333333333,4800.0
P158,208.13,50.0,16.0,6.699999999999999,628.3333333333333,5800.0
P159,251.62,50.0,16.0,8.1,628.3333333333333,6800.0
P160,295.11,50.0,16.0,9.5,628.3333333333333,7600.0
P161,69.9,50.0,17.8,2.5,628.3333333333333,3000.0
P162,109.04,50.0,17.8,3.9,628.3333333333333,3800.0
P163,148.19,50.0,17.8,5.3,628.3333333333333,4800.0
P164,187.33,50.0,17.8,6.699999999999999,628.3333333333333,5600.0
P165,226.48,50.0,17.8,8.1,628.3333333333333,6400.0
P166,265.62,50.0,17.8,9.5,628.3333333333333,7400.0
P167,63.42,50.0,19.6,2.5,628.3333333333333,3000.0
P168,98.94,50.0,19.6,3.9,628.3333333333333,3800.0
P169,134.46,50.0,19.6,5.3,628.3333333333333,4600.0
P170,169.97,50.0,19.6,6.699999999999999,628.3333333333333,5400.0
P171,205.49,50.0,19.6,8.1,628.3333333333333,6200.0
P172,241.01,50.0,19.6,9.5,628.3333333333333,7000.0
P173,57.99,50.0,21.4,2.5,628.3333333333333,3000.0
P174,90.46,50.0,21.4,3.9,628.3333333333333,3600.0
P175,122.93,50.0,21.4,5.3,628.3333333333333,4400.0
P176,155.4,50.0,21.4,6.699999999999999,628.3333333333333,5200.0
P177,187.87,50.0,21.4,8.1,628.3333333333333,6000.0
P178,220.35,50.0,21.4,9.5,628.3333333333333,6800.0
P179,53.57,50.0,23.2,2.5,628.3333333333333,2800.0
P180,83.57,50.0,23.2,3.9,628.3333333333333,3600.0
P181,113.57,50.0,23.2,5.3,628.3333333333333,4400.0
P182,143.57,50.0,23.2,6.699999999999999,628.3333333333333,5200.0
P183,173.57,50.0,23.2,8.1,628.3333333333333,5800.0
P184,203.57,50.0,23.2,9.5,628.3333333333333,6600.0
P185,49.68,50.0,25.0,2.5,628.3333333333333,2800.0
P186,77.5,50.0,25.0,3.9,628.3333333333333,3400.0
P187,105.31,50.0,25.0,5.3,628.3333333333333,4200.0
P188,133.13,50.0,25.0,6.699999999999999,628.3333333333333,5000.0
P189,160.95,50.0,25.0,8.1,628.3333333333333,5600.0
P190,188.77,50.0,25.0,9.5,628.3333333333333,6600.0
P191,98.52,50.0,16.0,2.5,704.1666666666666,3800.0
P192,153.69,50.0,16.0,3.9,704.1666666666666,4800.0
P193,208.86,50.0,16.0,5.3,704.1666666666666,5800.0
P194,264.03,50.0,16.0,6.699999999999999,704.1666666666666,7000.0
P195,319.21,50.0,16.0,8.1,704.1666666666666,8000.0
P196,374.38,50.0,16.0,9.5,704.1666666666666,9200.0
P197,88.49,50.0,17.8,2.5,704.1666666666666,3600.0
P198,138.05,50.0,17.8,3.9,704.1666666666666,4600.0
P199,187.61,50.0,17.8,5.3,704.1666666666666,5600.0
P200,237.16,50.0,17.8,6.699999999999999,704.1666666666666,6800.0
P201,286.72,50.0,17.8,8.1,704.1666666666666,7600.0
P202,336.28,50.0,17.8,9.5,704.1666666666666,8800.0
P203,80.36,50.0,19.6,2.5,704.1666666666666,3600.0
P204,125.35,50.0,19.6,3.9,704.1666666666666,4400.0
P205,170.35,50.0,19.6,5.3,704.1666666666666,5400.0
P206,215.35,50.0,19.6,6.699999999999999,704.1666666666666,6600.0
P207,260.35,50.0,19.6,8.1,704.1666666666666,7400.0
P208,305.35,50.0,19.6,9.5,704.1666666666666,8400.0
P209,73.62,50.0,21.4,2.5,704.1666666666666,3400.0
P210,114.84,50.0,21.4,3.9,704.1666666666666,4200.0
P211,156.07,50.0,21.4,5.3,704.1666666666666,5200.0
P212,197.29,50.0,21.4,6.699999999999999,704.1666666666666,6400.0
P213,238.52,50.0,21.4,8.1,704.1666666666666,7000.0
P214,279.74,50.0,21.4,9.5,704.1666666666666,8200.0
P215,67.97,50.0,23.2,2.5,704.1666666666666,3400.0
P216,106.03,50.0,23.2,3.9,704.1666666666666,4200.0
P217,144.09,50.0,23.2,5.3,704.1666666666666,5200.0
P218,182.15,50.0,23.2,6.699999999999999,704.1666666666666,6200.0
P219,220.21,50.0,23.2,8.1,704.1666666666666,6800.0
P220,258.27,50.0,23.2,9.5,704.1666666666666,8000.0
P221,63.03,50.0,25.0,2.5,704.1666666666666,3400.0
P222,98.32,50.0,25.0,3.9,704.1666666666666,4200.0
P223,133.62,50.0,25.0,5.3,704.1666666666666,5000.0
P224,168.92,50.0,25.0,6.699999999999999,704.1666666666666,6000.0
P225,204.21,50.0,25.0,8.1,704.1666666666666,6600.0
P226,239.51,50.0,25.0,9.5,704.1666666666666,7800.0
P227,121.77,50.0,16.0,2.5,780.0,4400.0
P228,189.96,50.0,16.0,3.9,780.0,5600.0
P229,258.15,50.0,16.0,5.3,780.0,7000.0
P230,326.34,50.0,16.0,6.699999999999999,780.0,8400.0
P231,394.53,50.0,16.0,8.1,780.0,9600.0
P232,462.72,50.0,16.0,9.5,780.0,10800.0
P233,109.46,50.0,17.8,2.5,780.0,4400.0
P234,170.76,50.0,17.8,3.9,780.0,5400.0
P235,232.06,50.0,17.8,5.3,780.0,6800.0
P236,293.36,50.0,17.8,6.699999999999999,780.0,8000.0
P237,354.66,50.0,17.8,8.1,780.0,9200.0
P238,415.96,50.0,17.8,9.5,780.0,10400.0
P239,99.29,50.0,19.6,2.5,780.0,4200.0
P240,154.89,50.0,19.6,3.9,780.0,5200.0
P241,210.49,50.0,19.6,5.3,780.0,6600.0
P242,266.1,50.0,19.6,6.699999999999999,780.0,7800.0
P243,321.7,50.0,19.6,8.1,780.0,8800.0
P244,377.3,50.0,19.6,9.5,780.0,9800.0
P245,90.93,50.0,21.4,2.5,780.0,4200.0
P246,141.85,50.0,21.4,3.9,780.0,5200.0
P247,192.77,50.0,21.4,5.3,780.0,6400.0
P248,243.69,50.0,21.4,6.699999999999999,780.0,7600.0
P249,294.61,50.0,21.4,8.1,780.0,8600.0
P250,345.53,50.0,21.4,9.5,780.0,9800.0
P251,84.0,50.0,23.2,2.5,780.0,4000.0
P252,131.04,50.0,23.2,3.9,780.0,5000.0
P253,178.08,50.0,23.2,5.3,780.0,6200.0
P254,225.12,50.0,23.2,6.699999999999999,780.0,7400.0
P255,272.16,50.0,23.2,8.1,780.0,8200.0
P256,319.2,50.0,23.2,9.5,780.0,9400.0
P257,77.95,50.0,25.0,2.5,780.0,4000.0
P258,121.6,50.0,25.0,3.9,780.0,5000.0
P259,165.26,50.0,25.0,5.3,780.0,6000.0
P260,208.91,50.0,25.0,6.699999999999999,780.0,7200.0
P261,252.56,50.0,25.0,8.1,780.0,8000.0
P262,296.21,50.0,25.0,9.5,780.0,9200.0
P263,19.23,125.0,16.0,2.5,325.0,1080.0
P264,29.99,125.0,16.0,3.9,325.0,1340.0
P265,40.76,125.0,16.0,5.3,325.0,1660.0
P266,51.53,125.0,16.0,6.699999999999999,325.0,1980.0
P267,62.29,125.0,16.0,8.1,325.0,2200.0
P268,73.06,125.0,16.0,9.5,325.0,2600.0
P269,17.2,125.0,17.8,2.5,325.0,1060.0
P270,26.82,125.0,17.8,3.9,325.0,1300.0
P271,36.45,125.0,17.8,5.3,325.0,1620.0
P272,46.08,125.0,17.8,6.699999999999999,325.0,1920.0
P273,55.71,125.0,17.8,8.1,325.0,2200.0
P274,65.34,125.0,17.8,9.5,325.0,2400.0
P275,15.55,125.0,19.6,2.5,325.0,1040.0
P276,24.25,125.0,19.6,3.9,325.0,1280.0
P277,32.96,125.0,19.6,5.3,325.0,1580.0
P278,41.67,125.0,19.6,6.699999999999999,325.0,1860.0
P279,50.37,125.0,19.6,8.1,325.0,2200.0
P280,59.08,125.0,19.6,9.5,325.0,2400.0
P281,14.29,125.0,21.4,2.5,325.0,1040.0
P282,22.29,125.0,21.4,3.9,325.0,1260.0
P283,30.29,125.0,21.4,5.3,325.0,1580.0
P284,38.29,125.0,21.4,6.699999999999999,325.0,1860.0
P285,46.29,125.0,21.4,8.1,325.0,2200.0
P286,54.29,125.0,21.4,9.5,325.0,2400.0
P287,13.12,125.0,23.2,2.5,325.0,1020.0
P288,20.47,125.0,23.2,3.9,325.0,1240.0
P289,27.81,125.0,23.2,5.3,325.0,1540.0
P290,35.16,125.0,23.2,6.699999999999999,325.0,1820.0
P291,42.51,125.0,23.2,8.1,325.0,2000.0
P292,49.85,125.0,23.2,9.5,325.0,2400.0
P293,12.17,125.0,25.0,2.5,325.0,1020.0
P294,18.99,125.0,25.0,3.9,325.0,1220.0
P295,25.81,125.0,25.0,5.3,325.0,1520.0
P296,32.63,125.0,25.0,6.699999999999999,325.0,1780.0
P297,39.44,125.0,25.0,8.1,325.0,2000.0
P298,46.26,125.0,25.0,9.5,325.0,2200.0
P299,30.16,125.0,16.0,2.5,400.8333333333333,1440.0
P300,47.05,125.0,16.0,3.9,400.8333333333333,1800.0
P301,63.94,125.0,16.0,5.3,400.8333333333333,2200.0
P302,80.83,125.0,16.0,6.699999999999999,400.8333333333333,2600.0
P303,97.72,125.0,16.0,8.1,400.8333333333333,3000.0
P304,114.61,125.0,16.0,9.5,400.8333333333333,3400.0
P305,27.12,125.0,17.8,2.5,400.8333333333333,1400.0
P306,42.31,125.0,17.8,3.9,400.8333333333333,1740.0
P307,57.5,125.0,17.8,5.3,400.8333333333333,2200.0
P308,72.69,125.0,17.8,6.699999999999999,400.8333333333333,2600.0
P309,87.87,125.0,17.8,8.1,400.8333333333333,3000.0
P310,103.06,125.0,17.8,9.5,400.8333333333333,3400.0
P311,24.63,125.0,19.6,2.5,400.8333333333333,1380.0
P312,38.42,125.0,19.6,3.9,400.8333333333333,1700.0
P313,52.22,125.0,19.6,5.3,400.8333333333333,2200.0
P314,66.01,125.0,19.6,6.699999999999999,400.8333333333333,2600.0
P315,79.8,125.0,19.6,8.1,400.8333333333333,2800.0
P316,93.59,125.0,19.6,9.5,400.8333333333333,3200.0
P317,22.52,125.0,21.4,2.5,400.8333333333333,1400.0
P318,35.13,125.0,21.4,3.9,400.8333333333333,1720.0
P319,47.75,125.0,21.4,5.3,400.8333333333333,2000.0
P320,60.36,125.0,21.4,6.699999999999999,400.8333333333333,2600.0
P321,72.97,125.0,21.4,8.1,400.8333333333333,2800.0
P322,85.58,125.0,21.4,9.5,400.8333333333333,3200.0
P323,20.77,125.0,23.2,2.5,400.8333333333333,1380.0
P324,32.4,125.0,23.2,3.9,400.8333333333333,1680.0
P325,44.04,125.0,23.2,5.3,400.8333333333333,2000.0
P326,55.67,125.0,23.2,6.699999999999999,400.8333333333333,2400.0
P327,67.3,125.0,23.2,8.1,400.8333333333333,2800.0
P328,78.93,125.0,23.2,9.5,400.8333333333333,3200.0
P329,19.24,125.0,25.0,2.5,400.8333333333333,1360.0
P330,30.02,125.0,25.0,3.9,400.8333333333333,1660.0
P331,40.79,125.0,25.0,5.3,400.8333333333333,2000.0
P332,51.57,125.0,25.0,6.699999999999999,400.8333333333333,2400.0
P333,62.34,125.0,25.0,8.1,400.8333333333333,2600.0
P334,73.12,125.0,25.0,9.5,400.8333333333333,3000.0
P335,43.48,125.0,16.0,2.5,476.6666666666666,2000.0
P336,67.83,125.0,16.0,3.9,476.6666666666666,2400.0
P337,92.18,125.0,16.0,5.3,476.6666666666666,3000.0
P338,116.53,125.0,16.0,6.699999999999999,476.6666666666666,3600.0
P339,140.87,125.0,16.0,8.1,476.6666666666666,4200.0
P340,165.22,125.0,16.0,9.5,476.6666666666666,4800.0
P341,39.14,125.0,17.8,2.5,476.6666666666666,1960.0
P342,61.07,125.0,17.8,3.9,476.6666666666666,2400.0
P343,82.99,125.0,17.8,5.3,476.6666666666666,3000.0
P344,104.91,125.0,17.8,6.699999999999999,476.6666666666666,3600.0
P345,126.83,125.0,17.8,8.1,476.6666666666666,4000.0
P346,148.75,125.0,17.8,9.5,476.6666666666666,4600.0
P347,35.56,125.0,19.6,2.5,476.6666666666666,1920.0
P348,55.47,125.0,19.6,3.9,476.6666666666666,2400.0
P349,75.39,125.0,19.6,5.3,476.6666666666666,3000.0
P350,95.3,125.0,19.6,6.699999999999999,476.6666666666666,3400.0
P351,115.21,125.0,19.6,8.1,476.6666666666666,3800.0
P352,135.13,125.0,19.6,9.5,476.6666666666666,4400.0
P353,32.44,125.0,21.4,2.5,476.6666666666666,1880.0
P354,50.6,125.0,21.4,3.9,476.6666666666666,2400.0
P355,68.77,125.0,21.4,5.3,476.6666666666666,2800.0
P356,86.94,125.0,21.4,6.699999999999999,476.6666666666666,3400.0
P357,105.1,125.0,21.4,8.1,476.6666666666666,3800.0
P358,123.27,125.0,21.4,9.5,476.6666666666666,4400.0
P359,29.88,125.0,23.2,2.5,476.6666666666666,1840.0
P360,46.62,125.0,23.2,3.9,476.6666666666666,2200.0
P361,63.35,125.0,23.2,5.3,476.6666666666666,2800.0
P362,80.09,125.0,23.2,6.699999999999999,476.6666666666666,3200.0
P363,96.82,125.0,23.2,8.1,476.6666666666666,3600.0
P364,113.55,125.0,23.2,9.5,476.6666666666666,4200.0
P365,27.88,125.0,25.0,2.5,476.6666666666666,1820.0
P366,43.5,125.0,25.0,3.9,476.6666666666666,2200.0
P367,59.11,125.0,25.0,5.3,476.6666666666666,2800.0
P368,74.72,125.0,25.0,6.699999999999999,476.6666666666666,3200.0
P369,90.34,125.0,25.0,8.1,476.6666666666666,3600.0
P370,105.95,125.0,25.0,9.5,476.6666666666666,4200.0
P371,59.44,125.0,16.0,2.5,552.5,2600.0
P372,92.72,125.0,16.0,3.9,552.5,3200.0
P373,126.01,125.0,16.0,5.3,552.5,4000.0
P374,159.3,125.0,16.0,6.699999999999999,552.5,4600.0
P375,192.58,125.0,16.0,8.1,552.5,5200.0
P376,225.87,125.0,16.0,9.5,552.5,6000.0
P377,53.4,125.0,17.8,2.5,552.5,2400.0
P378,83.31,125.0,17.8,3.9,552.5,3000.0
P379,113.22,125.0,17.8,5.3,552.5,3800.0
P380,143.12,125.0,17.8,6.699999999999999,552.5,4400.0
P381,173.03,125.0,17.8,8.1,552.5,5000.0
P382,202.93,125.0,17.8,9.5,552.5,5800.0
P383,48.49,125.0,19.6,2.5,552.5,2400.0
P384,75.65,125.0,19.6,3.9,552.5,3000.0
P385,102.8,125.0,19.6,5.3,552.5,3600.0
P386,129.95,125.0,19.6,6.699999999999999,552.5,4400.0
P387,157.11,125.0,19.6,8.1,552.5,5000.0
P388,184.26,125.0,19.6,9.5,552.5,5600.0
P389,44.37,125.0,21.4,2.5,552.5,2400.0
P390,69.22,125.0,21.4,3.9,552.5,2800.0
P391,94.07,125.0,21.4,5.3,552.5,3600.0
P392,118.92,125.0,21.4,6.699999999999999,552.5,4200.0
P393,143.76,125.0,21.4,8.1,552.5,4800.0
P394,168.61,125.0,21.4,9.5,552.5,5400.0
P395,41.0,125.0,23.2,2.5,552.5,2400.0
P396,63.96,125.0,23.2,3.9,552.5,2800.0
P397,86.92,125.0,23.2,5.3,552.5,3600.0
P398,109.87,125.0,23.2,6.699999999999999,552.5,4200.0
P399,132.83,125.0,23.2,8.1,552.5,4600.0
P400,155.79,125.0,23.2,9.5,552.5,5400.0
P401,37.9,125.0,25.0,2.5,552.5,2200.0
P402,59.12,125.0,25.0,3.9,552.5,2800.0
P403,80.34,125.0,25.0,5.3,552.5,3400.0
P404,101.56,125.0,25.0,6.699999999999999,552.5,4000.0
P405,122.78,125.0,25.0,8.1,552.5,4600.0
P406,144.0,125.0,25.0,9.5,552.5,5200.0
P407,77.66,125.0,16.0,2.5,628.3333333333333,3200.0
P408,121.15,125.0,16.0,3.9,628.3333333333333,4000.0
P409,164.64,125.0,16.0,5.3,628.3333333333333,4800.0
P410,208.13,125.0,16.0,6.699999999999999,628.3333333333333,5800.0
P411,251.62,125.0,16.0,8.1,628.3333333333333,6800.0
P412,295.11,125.0,16.0,9.5,628.3333333333333,7600.0
P413,69.9,125.0,17.8,2.5,628.3333333333333,3000.0
P414,109.04,125.0,17.8,3.9,628.3333333333333,3800.0
P415,148.19,125.0,17.8,5.3,628.3333333333333,4800.0
P416,187.33,125.0,17.8,6.699999999999999,628.3333333333333,5600.0
P417,226.48,125.0,17.8,8.1,628.3333333333333,6400.0
P418,265.62,125.0,17.8,9.5,628.3333333333333,7400.0
P419,63.42,125.0,19.6,2.5,628.3333333333333,3000.0
P420,98.94,125.0,19.6,3.9,628.3333333333333,3800.0
P421,134.46,125.0,19.6,5.3,628.3333333333333,4600.0
P422,169.97,125.0,19.6,6.699999999999999,628.3333333333333,5400.0
P423,205.49,125.0,19.6,8.1,628.3333333333333,6200.0
P424,241.01,125.0,19.6,9.5,628.3333333333333,7000.0
P425,57.99,125.0,21.4,2.5,628.3333333333333,3000.0
P426,90.46,125.0,21.4,3.9,628.3333333333333,3600.0
P427,122.93,125.0,21.4,5.3,628.3333333333333,4400.0
P428,155.4,125.0,21.4,6.699999999999999,628.3333333333333,5200.0
P429,187.87,125.0,21.4,8.1,628.3333333333333,6000.0
P430,220.35,125.0,21.4,9.5,628.3333333333333,6800.0
P431,53.57,125.0,23.2,2.5,628.3333333333333,2800.0
P432,83.57,125.0,23.2,3.9,628.3333333333333,3600.0
P433,113.57,125.0,23.2,5.3,628.3333333333333,4400.0
P434,143.57,125.0,23.2,6.699999999999999,628.3333333333333,5200.0
P435,173.57,125.0,23.2,8.1,628.3333333333333,5800.0
P436,203.57,125.0,23.2,9.5,628.3333333333333,6600.0
P437,49.68,125.0,25.0,2.5,628.3333333333333,2800.0
P438,77.5,125.0,25.0,3.9,628.3333333333333,3400.0
P439,105.31,125.0,25.0,5.3,628.3333333333333,4200.0
P440,133.13,125.0,25.0,6.699999999999999,628.3333333333333,5000.0
P441,160.95,125.0,25.0,8.1,628.3333333333333,5600.0
P442,188.77,125.0,25.0,9.5,628.3333333333333,6600.0
P443,98.52,125.0,16.0,2.5,704.1666666666666,3800.0
P444,153.69,125.0,16.0,3.9,704.1666666666666,4800.0
P445,208.86,125.0,16.0,5.3,704.1666666666666,5800.0
P446,264.03,125.0,16.0,6.699999999999999,704.1666666666666,7000.0
P447,319.21,125.0,16.0,8.1,704.1666666666666,8000.0
P448,374.38,125.0,16.0,9.5,704.1666666666666,9200.0
P449,88.49,125.0,17.8,2.5,704.1666666666666,3600.0
P450,138.05,125.0,17.8,3.9,704.1666666666666,4600.0
P451,187.61,125.0,17.8,5.3,704.1666666666666,5600.0
P452,237.16,125.0,17.8,6.699999999999999,704.1666666666666,6800.0
P453,286.72,125.0,17.8,8.1,704.1666666666666,7600.0
P454,336.28,125.0,17.8,9.5,704.1666666666666,8800.0
P455,80.36,125.0,19.6,2.5,704.1666666666666,3600.0
P456,125.35,125.0,19.6,3.9,704.1666666666666,4400.0
P457,170.35,125.0,19.6,5.3,704.1666666666666,5400.0
P458,215.35,125.0,19.6,6.699999999999999,704.1666666666666,6600.0
P459,260.35,125.0,19.6,8.1,704.1666666666666,7400.0
P460,305.35,125.0,19.6,9.5,704.1666666666666,8400.0
P461,73.62,125.0,21.4,2.5,704.1666666666666,3400.0
P462,114.84,125.0,21.4,3.9,704.1666666666666,4200.0
P463,156.07,125.0,21.4,5.3,704.1666666666666,5200.0
P464,197.29,125.0,21.4,6.699999999999999,704.1666666666666,6400.0
P465,238.52,125.0,21.4,8.1,704.1666666666666,7000.0
P466,279.74,125.0,21.4,9.5,704.1666666666666,8200.0
P467,67.97,125.0,23.2,2.5,704.1666666666666,3400.0
P468,106.03,125.0,23.2,3.9,704.1666666666666,4200.0
P469,144.09,125.0,23.2,5.3,704.1666666666666,5200.0
P470,182.15,125.0,23.2,6.699999999999999,704.1666666666666,6200.0
P471,220.21,125.0,23.2,8.1,704.1666666666666,6800.0
P472,258.27,125.0,23.2,9.5,704.1666666666666,8000.0
P473,63.03,125.0,25.0,2.5,704.1666666666666,3400.0
P474,98.32,125.0,25.0,3.9,704.1666666666666,4200.0
P475,133.62,125.0,25.0,5.3,704.1666666666666,5000.0
P476,168.92,125.0,25.0,6.699999999999999,704.1666666666666,6000.0
P477,204.21,125.0,25.0,8.1,704.1666666666666,6600.0
P478,239.51,125.0,25.0,9.5,704.1666666666666,7800.0
P479,121.77,125.0,16.0,2.5,780.0,4400.0
P480,189.96,125.0,16.0,3.9,780.0,5600.0
P481,258.15,125.0,16.0,5.3,780.0,7000.0
P482,326.34,125.0,16.0,6.699999999999999,780.0,8400.0
P483,394.53,125.0,16.0,8.1,780.0,9600.0
P484,462.72,125.0,16.0,9.5,780.0,10800.0
P485,109.46,125.0,17.8,2.5,780.0,4400.0
P486,170.76,125.0,17.8,3.9,780.0,5400.0
P487,232.06,125.0,17.8,5.3,780.0,6800.0
P488,293.36,125.0,17.8,6.699999999999999,780.0,8000.0
P489,354.66,125.0,17.8,8.1,780.0,9200.0
P490,415.96,125.0,17.8,9.5,780.0,10400.0
P491,99.29,125.0,19.6,2.5,780.0,4200.0
P492,154.89,125.0,19.6,3.9,780.0,5200.0
P493,210.49,125.0,19.6,5.3,780.0,6600.0
P494,266.1,125.0,19.6,6.699999999999999,780.0,7800.0
P495,321.7,125.0,19.6,8.1,780.0,8800.0
P496,377.3,125.0,19.6,9.5,780.0,9800.0
P497,90.93,125.0,21.4,2.5,780.0,4200.0
P498,141.85,125.0,21.4,3.9,780.0,5200.0
P499,192.77,125.0,21.4,5.3,780.0,6400.0
P500,243.69,125.0,21.4,6.699999999999999,780.0,7600.0
P501,294.61,125.0,21.4,8.1,780.0,8600.0
P502,345.53,125.0,21.4,9.5,780.0,9800.0
P503,84.0,125.0,23.2,2.5,780.0,4000.0
P504,131.04,125.0,23.2,3.9,780.0,5000.0
P505,178.08,125.0,23.2,5.3,780.0,6200.0
P506,225.12,125.0,23.2,6.699999999999999,780.0,7400.0
P507,272.16,125.0,23.2,8.1,780.0,8200.0
P508,319.2,125.0,23.2,9.5,780.0,9400.0
P509,77.95,125.0,25.0,2.5,780.0,4000.0
P510,121.6,125.0,25.0,3.9,780.0,5000.0
P511,165.26,125.0,25.0,5.3,780.0,6000.0
P512,208.91,125.0,25.0,6.699999999999999,780.0,7200.0
P513,252.56,125.0,25.0,8.1,780.0,8000.0
P514,296.21,125.0,25.0,9.5,780.0,9200.0
P515,19.23,200.0,16.0,2.5,325.0,1080.0
P516,29.99,200.0,16.0,3.9,325.0,1340.0
P517,40.76,200.0,16.0,5.3,325.0,1660.0
P518,51.53,200.0,16.0,6.699999999999999,325.0,1980.0
P519,62.29,200.0,16.0,8.1,325.0,2200.0
P520,73.06,200.0,16.0,9.5,325.0,2600.0
P521,17.2,200.0,17.8,2.5,325.0,1060.0
P522,26.82,200.0,17.8,3.9,325.0,1300.0
P523,36.45,200.0,17.8,5.3,325.0,1620.0
P524,46.08,200.0,17.8,6.699999999999999,325.0,1920.0
P525,55.71,200.0,17.8,8.1,325.0,2200.0
P526,65.34,200.0,17.8,9.5,325.0,2400.0
P527,15.55,200.0,19.6,2.5,325.0,1040.0
P528,24.25,200.0,19.6,3.9,325.0,1280.0
P529,32.96,200.0,19.6,5.3,325.0,1580.0
P530,41.67,200.0,19.6,6.699999999999999,325.0,1860.0
P531,50.37,200.0,19.6,8.1,325.0,2200.0
P532,59.08,200.0,19.6,9.5,325.0,2400.0
P533,14.29,200.0,21.4,2.5,325.0,1040.0
P534,22.29,200.0,21.4,3.9,325.0,1260.0
P535,30.29,200.0,21.4,5.3,325.0,1580.0
P536,38.29,200.0,21.4,6.699999999999999,325.0,1860.0
P537,46.29,200.0,21.4,8.1,325.0,2200.0
P538,54.29,200.0,21.4,9.5,325.0,2400.0
P539,13.12,200.0,23.2,2.5,325.0,1020.0
P540,20.47,200.0,23.2,3.9,325.0,1240.0
P541,27.81,200.0,23.2,5.3,325.0,1540.0
P542,35.16,200.0,23.2,6.699999999999999,325.0,1820.0
P543,42.51,200.0,23.2,8.1,325.0,2000.0
P544,49.85,200.0,23.2,9.5,325.0,2400.0
P545,12.17,200.0,25.0,2.5,325.0,1020.0
P546,18.99,200.0,25.0,3.9,325.0,1220.0
P547,25.81,200.0,25.0,5.3,325.0,1520.0
P548,32.63,200.0,25.0,6.699999999999999,325.0,1780.0
P549,39.44,200.0,25.0,8.1,325.0,2000.0
P550,46.26,200.0,25.0,9.5,325.0,2200.0
P551,30.16,200.0,16.0,2.5,400.8333333333333,1440.0
P552,47.05,200.0,16.0,3.9,400.8333333333333,1800.0
P553,63.94,200.0,16.0,5.3,400.8333333333333,2200.0
P554,80.83,200.0,16.0,6.699999999999999,400.8333333333333,2600.0
P555,97.72,200.0,16.0,8.1,400.8333333333333,3000.0
P556,114.61,200.0,16.0,9.5,400.8333333333333,3400.0
P557,27.12,200.0,17.8,2.5,400.8333333333333,1400.0
P558,42.31,200.0,17.8,3.9,400.8333333333333,1740.0
P559,57.5,200.0,17.8,5.3,400.8333333333333,2200.0
P560,72.69,200.0,17.8,6.699999999999999,400.8333333333333,2600.0
P561,87.87,200.0,17.8,8.1,400.8333333333333,3000.0
P562,103.06,200.0,17.8,9.5,400.8333333333333,3400.0
P563,24.63,200.0,19.6,2.5,400.8333333333333,1380.0
P564,38.42,200.0,19.6,3.9,400.8333333333333,1700.0
P565,52.22,200.0,19.6,5.3,400.8333333333333,2200.0
P566,66.01,200.0,19.6,6.699999999999999,400.8333333333333,2600.0
P567,79.8,200.0,19.6,8.1,400.8333333333333,2800.0
P568,93.59,200.0,19.6,9.5,400.8333333333333,3200.0
P569,22.52,200.0,21.4,2.5,400.8333333333333,1400.0
P570,35.13,200.0,21.4,3.9,400.8333333333333,1720.0
P571,47.75,200.0,21.4,5.3,400.8333333333333,2200.0
P572,60.36,200.0,21.4,6.699999999999999,400.8333333333333,2600.0
P573,72.97,200.0,21.4,8.1,400.8333333333333,2800.0
P574,85.58,200.0,21.4,9.5,400.8333333333333,3200.0
P575,20.77,200.0,23.2,2.5,400.8333333333333,1380.0
P576,32.4,200.0,23.2,3.9,400.8333333333333,1680.0
P577,44.04,200.0,23.2,5.3,400.8333333333333,2000.0
P578,55.67,200.0,23.2,6.699999999999999,400.8333333333333,2400.0
P579,67.3,200.0,23.2,8.1,400.8333333333333,2800.0
P580,78.93,200.0,23.2,9.5,400.8333333333333,3200.0
P581,19.24,200.0,25.0,2.5,400.8333333333333,1360.0
P582,30.02,200.0,25.0,3.9,400.8333333333333,1660.0
P583,40.79,200.0,25.0,5.3,400.8333333333333,2000.0
P584,51.57,200.0,25.0,6.699999999999999,400.8333333333333,2400.0
P585,62.34,200.0,25.0,8.1,400.8333333333333,2600.0
P586,73.12,200.0,25.0,9.5,400.8333333333333,3000.0
P587,43.48,200.0,16.0,2.5,476.6666666666666,2000.0
P588,67.83,200.0,16.0,3.9,476.6666666666666,2400.0
P589,92.18,200.0,16.0,5.3,476.6666666666666,3000.0
P590,116.53,200.0,16.0,6.699999999999999,476.6666666666666,3600.0
P591,140.87,200.0,16.0,8.1,476.6666666666666,4200.0
P592,165.22,200.0,16.0,9.5,476.6666666666666,4800.0
P593,39.14,200.0,17.8,2.5,476.6666666666666,1960.0
P594,61.07,200.0,17.8,3.9,476.6666666666666,2400.0
P595,82.99,200.0,17.8,5.3,476.6666666666666,3000.0
P596,104.91,200.0,17.8,6.699999999999999,476.6666666666666,3600.0
P597,126.83,200.0,17.8,8.1,476.6666666666666,4000.0
P598,148.75,200.0,17.8,9.5,476.6666666666666,4600.0
P599,35.56,200.0,19.6,2.5,476.6666666666666,1920.0
P600,55.47,200.0,19.6,3.9,476.6666666666666,2400.0
P601,75.39,200.0,19.6,5.3,476.6666666666666,3000.0
P602,95.3,200.0,19.6,6.699999999999999,476.6666666666666,3400.0
P603,115.21,200.0,19.6,8.1,476.6666666666666,3800.0
P604,135.13,200.0,19.6,9.5,476.6666666666666,4400.0
P605,32.44,200.0,21.4,2.5,476.6666666666666,1880.0
P606,50.6,200.0,21.4,3.9,476.6666666666666,2400.0
P607,68.77,200.0,21.4,5.3,476.6666666666666,2800.0
P608,86.94,200.0,21.4,6.699999999999999,476.6666666666666,3400.0
P609,105.1,200.0,21.4,8.1,476.6666666666666,3800.0
P610,123.27,200.0,21.4,9.5,476.6666666666666,4400.0
P611,29.88,200.0,23.2,2.5,476.6666666666666,1840.0
P612,46.62,200.0,23.2,3.9,476.6666666666666,2200.0
P613,63.35,200.0,23.2,5.3,476.6666666666666,2800.0
P614,80.09,200.0,23.2,6.699999999999999,476.6666666666666,3200.0
P615,96.82,200.0,23.2,8.1,476.6666666666666,3600.0
P616,113.55,200.0,23.2,9.5,476.6666666666666,4200.0
P617,27.88,200.0,25.0,2.5,476.6666666666666,1820.0
P618,43.5,200.0,25.0,3.9,476.6666666666666,2200.0
P619,59.11,200.0,25.0,5.3,476.6666666666666,2800.0
P620,74.72,200.0,25.0,6.699999999999999,476.6666666666666,3200.0
P621,90.34,200.0,25.0,8.1,476.6666666666666,3600.0
P622,105.95,200.0,25.0,9.5,476.6666666666666,4200.0
P623,59.44,200.0,16.0,2.5,552.5,2600.0
P624,92.72,200.0,16.0,3.9,552.5,3200.0
P625,126.01,200.0,16.0,5.3,552.5,4000.0
P626,159.3,200.0,16.0,6.699999999999999,552.5,4600.0
P627,192.58,200.0,16.0,8.1,552.5,5200.0
P628,225.87,200.0,16.0,9.5,552.5,6000.0
P629,53.4,200.0,17.8,2.5,552.5,2400.0
P630,83.31,200.0,17.8,3.9,552.5,3000.0
P631,113.22,200.0,17.8,5.3,552.5,3800.0
P632,143.12,200.0,17.8,6.699999999999999,552.5,4400.0
P633,173.03,200.0,17.8,8.1,552.5,5000.0
P634,202.93,200.0,17.8,9.5,552.5,5800.0
P635,48.49,200.0,19.6,2.5,552.5,2400.0
P636,75.65,200.0,19.6,3.9,552.5,3000.0
P637,102.8,200.0,19.6,5.3,552.5,3600.0
P638,129.95,200.0,19.6,6.699999999999999,552.5,4400.0
P639,157.11,200.0,19.6,8.1,552.5,5000.0
P640,184.26,200.0,19.6,9.5,552.5,5600.0
P641,44.37,200.0,21.4,2.5,552.5,2400.0
P642,69.22,200.0,21.4,3.9,552.5,2800.0
P643,94.07,200.0,21.4,5.3,552.5,3600.0
P644,118.92,200.0,21.4,6.699999999999999,552.5,4200.0
P645,143.76,200.0,21.4,8.1,552.5,4800.0
P646,168.61,200.0,21.4,9.5,552.5,5400.0
P647,41.0,200.0,23.2,2.5,552.5,2400.0
P648,63.96,200.0,23.2,3.9,552.5,2800.0
P649,86.92,200.0,23.2,5.3,552.5,3600.0
P650,109.87,200.0,23.2,6.699999999999999,552.5,4200.0
P651,132.83,200.0,23.2,8.1,552.5,4600.0
P652,155.79,200.0,23.2,9.5,552.5,5400.0
P653,37.9,200.0,25.0,2.5,552.5,2200.0
P654,59.12,200.0,25.0,3.9,552.5,2800.0
P655,80.34,200.0,25.0,5.3,552.5,3400.0
P656,101.56,200.0,25.0,6.699999999999999,552.5,4000.0
P657,122.78,200.0,25.0,8.1,552.5,4600.0
P658,144.0,200.0,25.0,9.5,552.5,5200.0
P659,77.66,200.0,16.0,2.5,628.3333333333333,3200.0
P660,121.15,200.0,16.0,3.9,628.3333333333333,4000.0
P661,164.64,200.0,16.0,5.3,628.3333333333333,4800.0
P662,208.13,200.0,16.0,6.699999999999999,628.3333333333333,5800.0
P663,251.62,200.0,16.0,8.1,628.3333333333333,6800.0
P664,295.11,200.0,16.0,9.5,628.3333333333333,7600.0
P665,69.9,200.0,17.8,2.5,628.3333333333333,3000.0
P666,109.04,200.0,17.8,3.9,628.3333333333333,3800.0
P667,148.19,200.0,17.8,5.3,628.3333333333333,4800.0
P668,187.33,200.0,17.8,6.699999999999999,628.3333333333333,5600.0
P669,226.48,200.0,17.8,8.1,628.3333333333333,6400.0
P670,265.62,200.0,17.8,9.5,628.3333333333333,7400.0
P671,63.42,200.0,19.6,2.5,628.3333333333333,3000.0
P672,98.94,200.0,19.6,3.9,628.3333333333333,3800.0
P673,134.46,200.0,19.6,5.3,628.3333333333333,4600.0
P674,169.97,200.0,19.6,6.699999999999999,628.3333333333333,5400.0
P675,205.49,200.0,19.6,8.1,628.3333333333333,6200.0
P676,241.01,200.0,19.6,9.5,628.3333333333333,7000.0
P677,57.99,200.0,21.4,2.5,628.3333333333333,3000.0
P678,90.46,200.0,21.4,3.9,628.3333333333333,3600.0
P679,122.93,200.0,21.4,5.3,628.3333333333333,4400.0
P680,155.4,200.0,21.4,6.699999999999999,628.3333333333333,5200.0
P681,187.87,200.0,21.4,8.1,628.3333333333333,6000.0
P682,220.35,200.0,21.4,9.5,628.3333333333333,6800.0
P683,53.57,200.0,23.2,2.5,628.3333333333333,2800.0
P684,83.57,200.0,23.2,3.9,628.3333333333333,3600.0
P685,113.57,200.0,23.2,5.3,628.3333333333333,4400.0
P686,143.57,200.0,23.2,6.699999999999999,628.3333333333333,5200.0
P687,173.57,200.0,23.2,8.1,628.3333333333333,5800.0
P688,203.57,200.0,23.2,9.5,628.3333333333333,6600.0
P689,49.68,200.0,25.0,2.5,628.3333333333333,2800.0
P690,77.5,200.0,25.0,3.9,628.3333333333333,3400.0
P691,105.31,200.0,25.0,5.3,628.3333333333333,4200.0
P692,133.13,200.0,25.0,6.699999999999999,628.3333333333333,5000.0
P693,160.95,200.0,25.0,8.1,628.3333333333333,5600.0
P694,188.77,200.0,25.0,9.5,628.3333333333333,6600.0
P695,98.52,200.0,16.0,2.5,704.1666666666666,3800.0
P696,153.69,200.0,16.0,3.9,704.1666666666666,4800.0
P697,208.86,200.0,16.0,5.3,704.1666666666666,5800.0
P698,264.03,200.0,16.0,6.699999999999999,704.1666666666666,7000.0
P699,319.21,200.0,16.0,8.1,704.1666666666666,8000.0
P700,374.38,200.0,16.0,9.5,704.1666666666666,9200.0
P701,88.49,200.0,17.8,2.5,704.1666666666666,3600.0
P702,138.05,200.0,17.8,3.9,704.1666666666666,4600.0
P703,187.61,200.0,17.8,5.3,704.1666666666666,5600.0
P704,237.16,200.0,17.8,6.699999999999999,704.1666666666666,6800.0
P705,286.72,200.0,17.8,8.1,704.1666666666666,7600.0
P706,336.28,200.0,17.8,9.5,704.1666666666666,8800.0
P707,80.36,200.0,19.6,2.5,704.1666666666666,3600.0
P708,125.35,200.0,19.6,3.9,704.1666666666666,4400.0
P709,170.35,200.0,19.6,5.3,704.1666666666666,5400.0
P710,215.35,200.0,19.6,6.699999999999999,704.1666666666666,6600.0
P711,260.35,200.0,19.6,8.1,704.1666666666666,7400.0
P712,305.35,200.0,19.6,9.5,704.1666666666666,8400.0
P713,73.62,200.0,21.4,2.5,704.1666666666666,3400.0
P714,114.84,200.0,21.4,3.9,704.1666666666666,4200.0
P715,156.07,200.0,21.4,5.3,704.1666666666666,5200.0
P716,197.29,200.0,21.4,6.699999999999999,704.1666666666666,6400.0
P717,238.52,200.0,21.4,8.1,704.1666666666666,7000.0
P718,279.74,200.0,21.4,9.5,704.1666666666666,8200.0
P719,67.97,200.0,23.2,2.5,704.1666666666666,3400.0
P720,106.03,200.0,23.2,3.9,704.1666666666666,4200.0
P721,144.09,200.0,23.2,5.3,704.1666666666666,5200.0
P722,182.15,200.0,23.2,6.699999999999999,704.1666666666666,6200.0
P723,220.21,200.0,23.2,8.1,704.1666666666666,6800.0
P724,258.27,200.0,23.2,9.5,704.1666666666666,8000.0
P725,63.03,200.0,25.0,2.5,704.1666666666666,3400.0
P726,98.32,200.0,25.0,3.9,704.1666666666666,4200.0
P727,133.62,200.0,25.0,5.3,704.1666666666666,5000.0
P728,168.92,200.0,25.0,6.699999999999999,704.1666666666666,6000.0
P729,204.21,200.0,25.0,8.1,704.1666666666666,6600.0
P730,239.51,200.0,25.0,9.5,704.1666666666666,7800.0
P731,121.77,200.0,16.0,2.5,780.0,4400.0
P732,189.96,200.0,16.0,3.9,780.0,5600.0
P733,258.15,200.0,16.0,5.3,780.0,7000.0
P734,326.34,200.0,16.0,6.699999999999999,780.0,8400.0
P735,394.53,200.0,16.0,8.1,780.0,9600.0
P736,462.72,200.0,16.0,9.5,780.0,10800.0
P737,109.46,200.0,17.8,2.5,780.0,4400.0
P738,170.76,200.0,17.8,3.9,780.0,5400.0
P739,232.06,200.0,17.8,5.3,780.0,6800.0
P740,293.36,200.0,17.8,6.699999999999999,780.0,8000.0
P741,354.66,200.0,17.8,8.1,780.0,9200.0
P742,415.96,200.0,17.8,9.5,780.0,10400.0
P743,99.29,200.0,19.6,2.5,780.0,4200.0
P744,154.89,200.0,19.6,3.9,780.0,5200.0
P745,210.49,200.0,19.6,5.3,780.0,6600.0
P746,266.1,200.0,19.6,6.699999999999999,780.0,7800.0
P747,321.7,200.0,19.6,8.1,780.0,8800.0
P748,377.3,200.0,19.6,9.5,780.0,9800.0
P749,90.93,200.0,21.4,2.5,780.0,4200.0
P750,141.85,200.0,21.4,3.9,780.0,5200.0
P751,192.77,200.0,21.4,5.3,780.0,6400.0
P752,243.69,200.0,21.4,6.699999999999999,780.0,7600.0
P753,294.61,200.0,21.4,8.1,780.0,8600.0
P754,345.53,200.0,21.4,9.5,780.0,9800.0
P755,84.0,200.0,23.2,2.5,780.0,4000.0
P756,131.04,200.0,23.2,3.9,780.0,5000.0
P757,178.08,200.0,23.2,5.3,780.0,6200.0
P758,225.12,200.0,23.2,6.699999999999999,780.0,7400.0
P759,272.16,200.0,23.2,8.1,780.0,8200.0
P760,319.2,200.0,23.2,9.5,780.0,9400.0
P761,77.95,200.0,25.0,2.5,780.0,4000.0
P762,121.6,200.0,25.0,3.9,780.0,5000.0
P763,165.26,200.0,25.0,5.3,780.0,6000.0
P764,208.91,200.0,25.0,6.699999999999999,780.0,7200.0
P765,252.56,200.0,25.0,8.1,780.0,8000.0
P766,296.21,200.0,25.0,9.5,780.0,9200.0
P767,19.23,275.0,16.0,2.5,325.0,1080.0
P768,29.99,275.0,16.0,3.9,325.0,1340.0
P769,40.76,275.0,16.0,5.3,325.0,1660.0
P770,51.53,275.0,16.0,6.699999999999999,325.0,1980.0
P771,62.29,275.0,16.0,8.1,325.0,2200.0
P772,73.06,275.0,16.0,9.5,325.0,2600.0
P773,17.2,275.0,17.8,2.5,325.0,1060.0
P774,26.82,275.0,17.8,3.9,325.0,1300.0
P775,36.45,275.0,17.8,5.3,325.0,1620.0
P776,46.08,275.0,17.8,6.699999999999999,325.0,1920.0
P777,55.71,275.0,17.8,8.1,325.0,2200.0
P778,65.34,275.0,17.8,9.5,325.0,2400.0
P779,15.55,275.0,19.6,2.5,325.0,1040.0
P780,24.25,275.0,19.6,3.9,325.0,1280.0
P781,32.96,275.0,19.6,5.3,325.0,1580.0
P782,41.67,275.0,19.6,6.699999999999999,325.0,1860.0
P783,50.37,275.0,19.6,8.1,325.0,2200.0
P784,59.08,275.0,19.6,9.5,325.0,2400.0
P785,14.29,275.0,21.4,2.5,325.0,1040.0
P786,22.29,275.0,21.4,3.9,325.0,1260.0
P787,30.29,275.0,21.4,5.3,325.0,1580.0
P788,38.29,275.0,21.4,6.699999999999999,325.0,1860.0
P789,46.29,275.0,21.4,8.1,325.0,2200.0
P790,54.29,275.0,21.4,9.5,325.0,2400.0
P791,13.12,275.0,23.2,2.5,325.0,1020.0
P792,20.47,275.0,23.2,3.9,325.0,1240.0
P793,27.81,275.0,23.2,5.3,325.0,1540.0
P794,35.16,275.0,23.2,6.699999999999999,325.0,1840.0
P795,42.51,275.0,23.2,8.1,325.0,2000.0
P796,49.85,275.0,23.2,9.5,325.0,2400.0
P797,12.17,275.0,25.0,2.5,325.0,1020.0
P798,18.99,275.0,25.0,3.9,325.0,1220.0
P799,25.81,275.0,25.0,5.3,325.0,1520.0
P800,32.63,275.0,25.0,6.699999999999999,325.0,1800.0
P801,39.44,275.0,25.0,8.1,325.0,2000.0
P802,46.26,275.0,25.0,9.5,325.0,2200.0
P803,30.16,275.0,16.0,2.5,400.8333333333333,1440.0
P804,47.05,275.0,16.0,3.9,400.8333333333333,1800.0
P805,63.94,275.0,16.0,5.3,400.8333333333333,2200.0
P806,80.83,275.0,16.0,6.699999999999999,400.8333333333333,2600.0
P807,97.72,275.0,16.0,8.1,400.8333333333333,3000.0
P808,114.61,275.0,16.0,9.5,400.8333333333333,3400.0
P809,27.12,275.0,17.8,2.5,400.8333333333333,1400.0
P810,42.31,275.0,17.8,3.9,400.8333333333333,1740.0
P811,57.5,275.0,17.8,5.3,400.8333333333333,2200.0
P812,72.69,275.0,17.8,6.699999999999999,400.8333333333333,2600.0
P813,87.87,275.0,17.8,8.1,400.8333333333333,3000.0
P814,103.06,275.0,17.8,9.5,400.8333333333333,3400.0
P815,24.63,275.0,19.6,2.5,400.8333333333333,1380.0
P816,38.42,275.0,19.6,3.9,400.8333333333333,1700.0
P817,52.22,275.0,19.6,5.3,400.8333333333333,2200.0
P818,66.01,275.0,19.6,6.699999999999999,400.8333333333333,2600.0
P819,79.8,275.0,19.6,8.1,400.8333333333333,2800.0
P820,93.59,275.0,19.6,9.5,400.8333333333333,3200.0
P821,22.52,275.0,21.4,2.5,400.8333333333333,1400.0
P822,35.13,275.0,21.4,3.9,400.8333333333333,1720.0
P823,47.75,275.0,21.4,5.3,400.8333333333333,2200.0
P824,60.36,275.0,21.4,6.699999999999999,400.8333333333333,2600.0
P825,72.97,275.0,21.4,8.1,400.8333333333333,2800.0
P826,85.58,275.0,21.4,9.5,400.8333333333333,3200.0
P827,20.77,275.0,23.2,2.5,400.8333333333333,1380.0
P828,32.4,275.0,23.2,3.9,400.8333333333333,1680.0
P829,44.04,275.0,23.2,5.3,400.8333333333333,2000.0
P830,55.67,275.0,23.2,6.699999999999999,400.8333333333333,2400.0
P831,67.3,275.0,23.2,8.1,400.8333333333333,2800.0
P832,78.93,275.0,23.2,9.5,400.8333333333333,3200.0
P833,19.24,275.0,25.0,2.5,400.8333333333333,1360.0
P834,30.02,275.0,25.0,3.9,400.8333333333333,1660.0
P835,40.79,275.0,25.0,5.3,400.8333333333333,2000.0
P836,51.57,275.0,25.0,6.699999999999999,400.8333333333333,2400.0
P837,62.34,275.0,25.0,8.1,400.8333333333333,2600.0
P838,73.12,275.0,25.0,9.5,400.8333333333333,3000.0
P839,43.48,275.0,16.0,2.5,476.6666666666666,2000.0
P840,67.83,275.0,16.0,3.9,476.6666666666666,2400.0
P841,92.18,275.0,16.0,5.3,476.6666666666666,3000.0
P842,116.53,275.0,16.0,6.699999999999999,476.6666666666666,3600.0
P843,140.87,275.0,16.0,8.1,476.6666666666666,4200.0
P844,165.22,275.0,16.0,9.5,476.6666666666666,4800.0
P845,39.14,275.0,17.8,2.5,476.6666666666666,1960.0
P846,61.07,275.0,17.8,3.9,476.6666666666666,2400.0
P847,82.99,275.0,17.8,5.3,476.6666666666666,3000.0
P848,104.91,275.0,17.8,6.699999999999999,476.6666666666666,3600.0
P849,126.83,275.0,17.8,8.1,476.6666666666666,4000.0
P850,148.75,275.0,17.8,9.5,476.6666666666666,4600.0
P851,35.56,275.0,19.6,2.5,476.6666666666666,1920.0
P852,55.47,275.0,19.6,3.9,476.6666666666666,2400.0
P853,75.39,275.0,19.6,5.3,476.6666666666666,3000.0
P854,95.3,275.0,19.6,6.699999999999999,476.6666666666666,3400.0
P855,115.21,275.0,19.6,8.1,476.6666666666666,3800.0
P856,135.13,275.0,19.6,9.5,476.6666666666666,4400.0
P857,32.44,275.0,21.4,2.5,476.6666666666666,1880.0
P858,50.6,275.0,21.4,3.9,476.6666666666666,2400.0
P859,68.77,275.0,21.4,5.3,476.6666666666666,2800.0
P860,86.94,275.0,21.4,6.699999999999999,476.6666666666666,3400.0
P861,105.1,275.0,21.4,8.1,476.6666666666666,3800.0
P862,123.27,275.0,21.4,9.5,476.6666666666666,4400.0
P863,29.88,275.0,23.2,2.5,476.6666666666666,1840.0
P864,46.62,275.0,23.2,3.9,476.6666666666666,2200.0
P865,63.35,275.0,23.2,5.3,476.6666666666666,2800.0
P866,80.09,275.0,23.2,6.699999999999999,476.6666666666666,3200.0
P867,96.82,275.0,23.2,8.1,476.6666666666666,3600.0
P868,113.55,275.0,23.2,9.5,476.6666666666666,4200.0
P869,27.88,275.0,25.0,2.5,476.6666666666666,1820.0
P870,43.5,275.0,25.0,3.9,476.6666666666666,2200.0
P871,59.11,275.0,25.0,5.3,476.6666666666666,2800.0
P872,74.72,275.0,25.0,6.699999999999999,476.6666666666666,3200.0
P873,90.34,275.0,25.0,8.1,476.6666666666666,3600.0
P874,105.95,275.0,25.0,9.5,476.6666666666666,4200.0
P875,59.44,275.0,16.0,2.5,552.5,2600.0
P876,92.72,275.0,16.0,3.9,552.5,3200.0
P877,126.01,275.0,16.0,5.3,552.5,4000.0
P878,159.3,275.0,16.0,6.699999999999999,552.5,4600.0
P879,192.58,275.0,16.0,8.1,552.5,5200.0
P880,225.87,275.0,16.0,9.5,552.5,6000.0
P881,53.4,275.0,17.8,2.5,552.5,2400.0
P882,83.31,275.0,17.8,3.9,552.5,3000.0
P883,113.22,275.0,17.8,5.3,552.5,3800.0
P884,143.12,275.0,17.8,6.699999999999999,552.5,4400.0
P885,173.03,275.0,17.8,8.1,552.5,5000.0
P886,202.93,275.0,17.8,9.5,552.5,5800.0
P887,48.49,275.0,19.6,2.5,552.5,2400.0
P888,75.65,275.0,19.6,3.9,552.5,3000.0
P889,102.8,275.0,19.6,5.3,552.5,3600.0
P890,129.95,275.0,19.6,6.699999999999999,552.5,4400.0
P891,157.11,275.0,19.6,8.1,552.5,5000.0
P892,184.26,275.0,19.6,9.5,552.5,5600.0
P893,44.37,275.0,21.4,2.5,552.5,2400.0
P894,69.22,275.0,21.4,3.9,552.5,2800.0
P895,94.07,275.0,21.4,5.3,552.5,3600.0
P896,118.92,275.0,21.4,6.699999999999999,552.5,4200.0
P897,143.76,275.0,21.4,8.1,552.5,4800.0
P898,168.61,275.0,21.4,9.5,552.5,5400.0
P899,41.0,275.0,23.2,2.5,552.5,2400.0
P900,63.96,275.0,23.2,3.9,552.5,2800.0
P901,86.92,275.0,23.2,5.3,552.5,3600.0
P902,109.87,275.0,23.2,6.699999999999999,552.5,4200.0
P903,132.83,275.0,23.2,8.1,552.5,4600.0
P904,155.79,275.0,23.2,9.5,552.5,5400.0
P905,37.9,275.0,25.0,2.5,552.5,2200.0
P906,59.12,275.0,25.0,3.9,552.5,2800.0
P907,80.34,275.0,25.0,5.3,552.5,3400.0
P908,101.56,275.0,25.0,6.699999999999999,552.5,4000.0
P909,122.78,275.0,25.0,8.1,552.5,4600.0
P910,144.0,275.0,25.0,9.5,552.5,5200.0
P911,77.66,275.0,16.0,2.5,628.3333333333333,3200.0
P912,121.15,275.0,16.0,3.9,628.3333333333333,4000.0
P913,164.64,275.0,16.0,5.3,628.3333333333333,4800.0
P914,208.13,275.0,16.0,6.699999999999999,628.3333333333333,5800.0
P915,251.62,275.0,16.0,8.1,628.3333333333333,6800.0
P916,295.11,275.0,16.0,9.5,628.3333333333333,7600.0
P917,69.9,275.0,17.8,2.5,628.3333333333333,3000.0
P918,109.04,275.0,17.8,3.9,628.3333333333333,3800.0
P919,148.19,275.0,17.8,5.3,628.3333333333333,4800.0
P920,187.33,275.0,17.8,6.699999999999999,628.3333333333333,5600.0
P921,226.48,275.0,17.8,8.1,628.3333333333333,6400.0
P922,265.62,275.0,17.8,9.5,628.3333333333333,7400.0
P923,63.42,275.0,19.6,2.5,628.3333333333333,3000.0
P924,98.94,275.0,19.6,3.9,628.3333333333333,3800.0
P925,134.46,275.0,19.6,5.3,628.3333333333333,4600.0
P926,169.97,275.0,19.6,6.699999999999999,628.3333333333333,5400.0
P927,205.49,275.0,19.6,8.1,628.3333333333333,6200.0
P928,241.01,275.0,19.6,9.5,628.3333333333333,7000.0
P929,57.99,275.0,21.4,2.5,628.3333333333333,3000.0
P930,90.46,275.0,21.4,3.9,628.3333333333333,3600.0
P931,122.93,275.0,21.4,5.3,628.3333333333333,4400.0
P932,155.4,275.0,21.4,6.699999999999999,628.3333333333333,5200.0
P933,187.87,275.0,21.4,8.1,628.3333333333333,6000.0
P934,220.35,275.0,21.4,9.5,628.3333333333333,6800.0
P935,53.57,275.0,23.2,2.5,628.3333333333333,2800.0
P936,83.57,275.0,23.2,3.9,628.3333333333333,3600.0
P937,113.57,275.0,23.2,5.3,628.3333333333333,4400.0
P938,143.57,275.0,23.2,6.699999999999999,628.3333333333333,5200.0
P939,173.57,275.0,23.2,8.1,628.3333333333333,5800.0
P940,203.57,275.0,23.2,9.5,628.3333333333333,6600.0
P941,49.68,275.0,25.0,2.5,628.3333333333333,2800.0
P942,77.5,275.0,25.0,3.9,628.3333333333333,3400.0
P943,105.31,275.0,25.0,5.3,628.3333333333333,4200.0
P944,133.13,275.0,25.0,6.699999999999999,628.3333333333333,5000.0
P945,160.95,275.0,25.0,8.1,628.3333333333333,5600.0
P946,188.77,275.0,25.0,9.5,628.3333333333333,6600.0
P947,98.52,275.0,16.0,2.5,704.1666666666666,3800.0
P948,153.69,275.0,16.0,3.9,704.1666666666666,4800.0
P949,208.86,275.0,16.0,5.3,704.1666666666666,5800.0
P950,264.03,275.0,16.0,6.699999999999999,704.1666666666666,7000.0
P951,319.21,275.0,16.0,8.1,704.1666666666666,8000.0
P952,374.38,275.0,16.0,9.5,704.1666666666666,9200.0
P953,88.49,275.0,17.8,2.5,704.1666666666666,3600.0
P954,138.05,275.0,17.8,3.9,704.1666666666666,4600.0
P955,187.61,275.0,17.8,5.3,704.1666666666666,5600.0
P956,237.16,275.0,17.8,6.699999999999999,704.1666666666666,6800.0
P957,286.72,275.0,17.8,8.1,704.1666666666666,7600.0
P958,336.28,275.0,17.8,9.5,704.1666666666666,8800.0
P959,80.36,275.0,19.6,2.5,704.1666666666666,3600.0
P960,125.35,275.0,19.6,3.9,704.1666666666666,4400.0
P961,170.35,275.0,19.6,5.3,704.1666666666666,5400.0
P962,215.35,275.0,19.6,6.699999999999999,704.1666666666666,6600.0
P963,260.35,275.0,19.6,8.1,704.1666666666666,7400.0
P964,305.35,275.0,19.6,9.5,704.1666666666666,8400.0
P965,73.62,275.0,21.4,2.5,704.1666666666666,3400.0
P966,114.84,275.0,21.4,3.9,704.1666666666666,4200.0
P967,156.07,275.0,21.4,5.3,704.1666666666666,5200.0
P968,197.29,275.0,21.4,6.699999999999999,704.1666666666666,6400.0
P969,238.52,275.0,21.4,8.1,704.1666666666666,7000.0
P970,279.74,275.0,21.4,9.5,704.1666666666666,8200.0
P971,67.97,275.0,23.2,2.5,704.1666666666666,3400.0
P972,106.03,275.0,23.2,3.9,704.1666666666666,4200.0
P973,144.09,275.0,23.2,5.3,704.1666666666666,5200.0
P974,182.15,275.0,23.2,6.699999999999999,704.1666666666666,6200.0
P975,220.21,275.0,23.2,8.1,704.1666666666666,6800.0
P976,258.27,275.0,23.2,9.5,704.1666666666666,8000.0
P977,63.03,275.0,25.0,2.5,704.1666666666666,3400.0
P978,98.32,275.0,25.0,3.9,704.1666666666666,4200.0
P979,133.62,275.0,25.0,5.3,704.1666666666666,5000.0
P980,168.92,275.0,25.0,6.699999999999999,704.1666666666666,6000.0
P981,204.21,275.0,25.0,8.1,704.1666666666666,6600.0
P982,239.51,275.0,25.0,9.5,704.1666666666666,7800.0
P983,121.77,275.0,16.0,2.5,780.0,4400.0
P984,189.96,275.0,16.0,3.9,780.0,5600.0
P985,258.15,275.0,16.0,5.3,780.0,7000.0
P986,326.34,275.0,16.0,6.699999999999999,780.0,8400.0
P987,394.53,275.0,16.0,8.1,780.0,9600.0
P988,462.72,275.0,16.0,9.5,780.0,10800.0
P989,109.46,275.0,17.8,2.5,780.0,4400.0
P990,170.76,275.0,17.8,3.9,780.0,5400.0
P991,232.06,275.0,17.8,5.3,780.0,6800.0
P992,293.36,275.0,17.8,6.699999999999999,780.0,8000.0
P993,354.66,275.0,17.8,8.1,780.0,9200.0
P994,415.96,275.0,17.8,9.5,780.0,10400.0
P995,99.29,275.0,19.6,2.5,780.0,4200.0
P996,154.89,275.0,19.6,3.9,780.0,5200.0
P997,210.49,275.0,19.6,5.3,780.0,6600.0
P998,266.1,275.0,19.6,6.699999999999999,780.0,7800.0
P999,321.7,275.0,19.6,8.1,780.0,8800.0
P1000,377.3,275.0,19.6,9.5,780.0,9800.0
P1001,90.93,275.0,21.4,2.5,780.0,4200.0
P1002,141.85,275.0,21.4,3.9,780.0,5200.0
P1003,192.77,275.0,21.4,5.3,780.0,6400.0
P1004,243.69,275.0,21.4,6.699999999999999,780.0,7600.0
P1005,294.61,275.0,21.4,8.1,780.0,8600.0
P1006,345.53,275.0,21.4,9.5,780.0,9800.0
P1007,84.0,275.0,23.2,2.5,780.0,4000.0
P1008,131.04,275.0,23.2,3.9,780.0,5000.0
P1009,178.08,275.0,23.2,5.3,780.0,6200.0
P1010,225.12,275.0,23.2,6.699999999999999,780.0,7400.0
P1011,272.16,275.0,23.2,8.1,780.0,8200.0
P1012,319.2,275.0,23.2,9.5,780.0,9400.0
P1013,77.95,275.0,25.0,2.5,780.0,4000.0
P1014,121.6,275.0,25.0,3.9,780.0,5000.0
P1015,165.26,275.0,25.0,5.3,780.0,6000.0
P1016,208.91,275.0,25.0,6.699999999999999,780.0,7200.0
P1017,252.56,275.0,25.0,8.1,780.0,8000.0
P1018,296.21,275.0,25.0,9.5,780.0,9200.0
P1019,19.23,350.0,16.0,2.5,325.0,1080.0
P1020,29.99,350.0,16.0,3.9,325.0,1340.0
P1021,40.76,350.0,16.0,5.3,325.0,1660.0
P1022,51.53,350.0,16.0,6.699999999999999,325.0,1980.0
P1023,62.29,350.0,16.0,8.1,325.0,2200.0
P1024,73.06,350.0,16.0,9.5,325.0,2600.0
P1025,17.2,350.0,17.8,2.5,325.0,1060.0
P1026,26.82,350.0,17.8,3.9,325.0,1300.0
P1027,36.45,350.0,17.8,5.3,325.0,1620.0
P1028,46.08,350.0,17.8,6.699999999999999,325.0,1940.0
P1029,55.71,350.0,17.8,8.1,325.0,2200.0
P1030,65.34,350.0,17.8,9.5,325.0,2400.0
P1031,15.55,350.0,19.6,2.5,325.0,1040.0
P1032,24.25,350.0,19.6,3.9,325.0,1280.0
P1033,32.96,350.0,19.6,5.3,325.0,1580.0
P1034,41.67,350.0,19.6,6.699999999999999,325.0,1860.0
P1035,50.37,350.0,19.6,8.1,325.0,2200.0
P1036,59.08,350.0,19.6,9.5,325.0,2400.0
P1037,14.29,350.0,21.4,2.5,325.0,1040.0
P1038,22.29,350.0,21.4,3.9,325.0,1260.0
P1039,30.29,350.0,21.4,5.3,325.0,1580.0
P1040,38.29,350.0,21.4,6.699999999999999,325.0,1880.0
P1041,46.29,350.0,21.4,8.1,325.0,2200.0
P1042,54.29,350.0,21.4,9.5,325.0,2400.0
P1043,13.12,350.0,23.2,2.5,325.0,1020.0
P1044,20.47,350.0,23.2,3.9,325.0,1240.0
P1045,27.81,350.0,23.2,5.3,325.0,1540.0
P1046,35.16,350.0,23.2,6.699999999999999,325.0,1840.0
P1047,42.51,350.0,23.2,8.1,325.0,2000.0
P1048,49.85,350.0,23.2,9.5,325.0,2400.0
P1049,12.17,350.0,25.0,2.5,325.0,1020.0
P1050,18.99,350.0,25.0,3.9,325.0,1220.0
P1051,25.81,350.0,25.0,5.3,325.0,1520.0
P1052,32.63,350.0,25.0,6.699999999999999,325.0,1800.0
P1053,39.44,350.0,25.0,8.1,325.0,2000.0
P1054,46.26,350.0,25.0,9.5,325.0,2200.0
P1055,30.16,350.0,16.0,2.5,400.8333333333333,1440.0
P1056,47.05,350.0,16.0,3.9,400.8333333333333,1800.0
P1057,63.94,350.0,16.0,5.3,400.8333333333333,2200.0
P1058,80.83,350.0,16.0,6.699999999999999,400.8333333333333,2600.0
P1059,97.72,350.0,16.0,8.1,400.8333333333333,3000.0
P1060,114.61,350.0,16.0,9.5,400.8333333333333,3400.0
P1061,27.12,350.0,17.8,2.5,400.8333333333333,1400.0
P1062,42.31,350.0,17.8,3.9,400.8333333333333,1740.0
P1063,57.5,350.0,17.8,5.3,400.8333333333333,2200.0
P1064,72.69,350.0,17.8,6.699999999999999,400.8333333333333,2600.0
P1065,87.87,350.0,17.8,8.1,400.8333333333333,3000.0
P1066,103.06,350.0,17.8,9.5,400.8333333333333,3400.0
P1067,24.63,350.0,19.6,2.5,400.8333333333333,1380.0
P1068,38.42,350.0,19.6,3.9,400.8333333333333,1700.0
P1069,52.22,350.0,19.6,5.3,400.8333333333333,2200.0
P1070,66.01,350.0,19.6,6.699999999999999,400.8333333333333,2600.0
P1071,79.8,350.0,19.6,8.1,400.8333333333333,2800.0
P1072,93.59,350.0,19.6,9.5,400.8333333333333,3200.0
P1073,22.52,350.0,21.4,2.5,400.8333333333333,1400.0
P1074,35.13,350.0,21.4,3.9,400.8333333333333,1720.0
P1075,47.75,350.0,21.4,5.3,400.8333333333333,2200.0
P1076,60.36,350.0,21.4,6.699999999999999,400.8333333333333,2600.0
P1077,72.97,350.0,21.4,8.1,400.8333333333333,2800.0
P1078,85.58,350.0,21.4,9.5,400.8333333333333,3200.0
P1079,20.77,350.0,23.2,2.5,400.8333333333333,1380.0
P1080,32.4,350.0,23.2,3.9,400.8333333333333,1680.0
P1081,44.04,350.0,23.2,5.3,400.8333333333333,2000.0
P1082,55.67,350.0,23.2,6.699999999999999,400.8333333333333,2400.0
P1083,67.3,350.0,23.2,8.1,400.8333333333333,2800.0
P1084,78.93,350.0,23.2,9.5,400.8333333333333,3200.0
P1085,19.24,350.0,25.0,2.5,400.8333333333333,1360.0
P1086,30.02,350.0,25.0,3.9,400.8333333333333,1660.0
P1087,40.79,350.0,25.0,5.3,400.8333333333333,2000.0
P1088,51.57,350.0,25.0,6.699999999999999,400.8333333333333,2400.0
P1089,62.34,350.0,25.0,8.1,400.8333333333333,2600.0
P1090,73.12,350.0,25.0,9.5,400.8333333333333,3000.0
P1091,43.48,350.0,16.0,2.5,476.6666666666666,2000.0
P1092,67.83,350.0,16.0,3.9,476.6666666666666,2400.0
P1093,92.18,350.0,16.0,5.3,476.6666666666666,3000.0
P1094,116.53,350.0,16.0,6.699999999999999,476.6666666666666,3600.0
P1095,140.87,350.0,16.0,8.1,476.6666666666666,4200.0
P1096,165.22,350.0,16.0,9.5,476.6666666666666,4800.0
P1097,39.14,350.0,17.8,2.5,476.6666666666666,1960.0
P1098,61.07,350.0,17.8,3.9,476.6666666666666,2400.0
P1099,82.99,350.0,17.8,5.3,476.6666666666666,3000.0
P1100,104.91,350.0,17.8,6.699999999999999,476.6666666666666,3600.0
P1101,126.83,350.0,17.8,8.1,476.6666666666666,4000.0
P1102,148.75,350.0,17.8,9.5,476.6666666666666,4600.0
P1103,35.56,350.0,19.6,2.5,476.6666666666666,1920.0
P1104,55.47,350.0,19.6,3.9,476.6666666666666,2400.0
P1105,75.39,350.0,19.6,5.3,476.6666666666666,3000.0
P1106,95.3,350.0,19.6,6.699999999999999,476.6666666666666,3400.0
P1107,115.21,350.0,19.6,8.1,476.6666666666666,3800.0
P1108,135.13,350.0,19.6,9.5,476.6666666666666,4400.0
P1109,32.44,350.0,21.4,2.5,476.6666666666666,1880.0
P1110,50.6,350.0,21.4,3.9,476.6666666666666,2400.0
P1111,68.77,350.0,21.4,5.3,476.6666666666666,2800.0
P1112,86.94,350.0,21.4,6.699999999999999,476.6666666666666,3400.0
P1113,105.1,350.0,21.4,8.1,476.6666666666666,3800.0
P1114,123.27,350.0,21.4,9.5,476.6666666666666,4400.0
P1115,29.88,350.0,23.2,2.5,476.6666666666666,1840.0
P1116,46.62,350.0,23.2,3.9,476.6666666666666,2200.0
P1117,63.35,350.0,23.2,5.3,476.6666666666666,2800.0
P1118,80.09,350.0,23.2,6.699999999999999,476.6666666666666,3200.0
P1119,96.82,350.0,23.2,8.1,476.6666666666666,3600.0
P1120,113.55,350.0,23.2,9.5,476.6666666666666,4200.0
P1121,27.88,350.0,25.0,2.5,476.6666666666666,1820.0
P1122,43.5,350.0,25.0,3.9,476.6666666666666,2200.0
P1123,59.11,350.0,25.0,5.3,476.6666666666666,2800.0
P1124,74.72,350.0,25.0,6.699999999999999,476.6666666666666,3200.0
P1125,90.34,350.0,25.0,8.1,476.6666666666666,3600.0
P1126,105.95,350.0,25.0,9.5,476.6666666666666,4200.0
P1127,59.44,350.0,16.0,2.5,552.5,2600.0
P1128,92.72,350.0,16.0,3.9,552.5,3200.0
P1129,126.01,350.0,16.0,5.3,552.5,4000.0
P1130,159.3,350.0,16.0,6.699999999999999,552.5,4600.0
P1131,192.58,350.0,16.0,8.1,552.5,5200.0
P1132,225.87,350.0,16.0,9.5,552.5,6000.0
P1133,53.4,350.0,17.8,2.5,552.5,2400.0
P1134,83.31,350.0,17.8,3.9,552.5,3000.0
P1135,113.22,350.0,17.8,5.3,552.5,3800.0
P1136,143.12,350.0,17.8,6.699999999999999,552.5,4400.0
P1137,173.03,350.0,17.8,8.1,552.5,5000.0
P1138,202.93,350.0,17.8,9.5,552.5,5800.0
P1139,48.49,350.0,19.6,2.5,552.5,2400.0
P1140,75.65,350.0,19.6,3.9,552.5,3000.0
P1141,102.8,350.0,19.6,5.3,552.5,3600.0
P1142,129.95,350.0,19.6,6.699999999999999,552.5,4400.0
P1143,157.11,350.0,19.6,8.1,552.5,5000.0
P1144,184.26,350.0,19.6,9.5,552.5,5600.0
P1145,44.37,350.0,21.4,2.5,552.5,2400.0
P1146,69.22,350.0,21.4,3.9,552.5,2800.0
P1147,94.07,350.0,21.4,5.3,552.5,3600.0
P1148,118.92,350.0,21.4,6.699999999999999,552.5,4200.0
P1149,143.76,350.0,21.4,8.1,552.5,4800.0
P1150,168.61,350.0,21.4,9.5,552.5,5400.0
P1151,41.0,350.0,23.2,2.5,552.5,2400.0
P1152,63.96,350.0,23.2,3.9,552.5,2800.0
P1153,86.92,350.0,23.2,5.3,552.5,3600.0
P1154,109.87,350.0,23.2,6.699999999999999,552.5,4200.0
P1155,132.83,350.0,23.2,8.1,552.5,4600.0
P1156,155.79,350.0,23.2,9.5,552.5,5400.0
P1157,37.9,350.0,25.0,2.5,552.5,2200.0
P1158,59.12,350.0,25.0,3.9,552.5,2800.0
P1159,80.34,350.0,25.0,5.3,552.5,3400.0
P1160,101.56,350.0,25.0,6.699999999999999,552.5,4000.0
P1161,122.78,350.0,25.0,8.1,552.5,4600.0
P1162,144.0,350.0,25.0,9.5,552.5,5200.0
P1163,77.66,350.0,16.0,2.5,628.3333333333333,3200.0
P1164,121.15,350.0,16.0,3.9,628.3333333333333,4000.0
P1165,164.64,350.0,16.0,5.3,628.3333333333333,4800.0
P1166,208.13,350.0,16.0,6.699999999999999,628.3333333333333,5800.0
P1167,251.62,350.0,16.0,8.1,628.3333333333333,6800.0
P1168,295.11,350.0,16.0,9.5,628.3333333333333,7600.0
P1169,69.9,350.0,17.8,2.5,628.3333333333333,3000.0
P1170,109.04,350.0,17.8,3.9,628.3333333333333,3800.0
P1171,148.19,350.0,17.8,5.3,628.3333333333333,4800.0
P1172,187.33,350.0,17.8,6.699999999999999,628.3333333333333,5600.0
P1173,226.48,350.0,17.8,8.1,628.3333333333333,6400.0
P1174,265.62,350.0,17.8,9.5,628.3333333333333,7400.0
P1175,63.42,350.0,19.6,2.5,628.3333333333333,3000.0
P1176,98.94,350.0,19.6,3.9,628.3333333333333,3800.0
P1177,134.46,350.0,19.6,5.3,628.3333333333333,4600.0
P1178,169.97,350.0,19.6,6.699999999999999,628.3333333333333,5400.0
P1179,205.49,350.0,19.6,8.1,628.3333333333333,6200.0
P1180,241.01,350.0,19.6,9.5,628.3333333333333,7000.0
P1181,57.99,350.0,21.4,2.5,628.3333333333333,3000.0
P1182,90.46,350.0,21.4,3.9,628.3333333333333,3600.0
P1183,122.93,350.0,21.4,5.3,628.3333333333333,4400.0
P1184,155.4,350.0,21.4,6.699999999999999,628.3333333333333,5200.0
P1185,187.87,350.0,21.4,8.1,628.3333333333333,6000.0
P1186,220.35,350.0,21.4,9.5,628.3333333333333,6800.0
P1187,53.57,350.0,23.2,2.5,628.3333333333333,2800.0
P1188,83.57,350.0,23.2,3.9,628.3333333333333,3600.0
P1189,113.57,350.0,23.2,5.3,628.3333333333333,4400.0
P1190,143.57,350.0,23.2,6.699999999999999,628.3333333333333,5200.0
P1191,173.57,350.0,23.2,8.1,628.3333333333333,5800.0
P1192,203.57,350.0,23.2,9.5,628.3333333333333,6600.0
P1193,49.68,350.0,25.0,2.5,628.3333333333333,2800.0
P1194,77.5,350.0,25.0,3.9,628.3333333333333,3400.0
P1195,105.31,350.0,25.0,5.3,628.3333333333333,4200.0
P1196,133.13,350.0,25.0,6.699999999999999,628.3333333333333,5000.0
P1197,160.95,350.0,25.0,8.1,628.3333333333333,5600.0
P1198,188.77,350.0,25.0,9.5,628.3333333333333,6600.0
P1199,98.52,350.0,16.0,2.5,704.1666666666666,3800.0
P1200,153.69,350.0,16.0,3.9,704.1666666666666,4800.0
P1201,208.86,350.0,16.0,5.3,704.1666666666666,5800.0
P1202,264.03,350.0,16.0,6.699999999999999,704.1666666666666,7000.0
P1203,319.21,350.0,16.0,8.1,704.1666666666666,8000.0
P1204,374.38,350.0,16.0,9.5,704.1666666666666,9200.0
P1205,88.49,350.0,17.8,2.5,704.1666666666666,3600.0
P1206,138.05,350.0,17.8,3.9,704.1666666666666,4600.0
P1207,187.61,350.0,17.8,5.3,704.1666666666666,5600.0
P1208,237.16,350.0,17.8,6.699999999999999,704.1666666666666,6800.0
P1209,286.72,350.0,17.8,8.1,704.1666666666666,7600.0
P1210,336.28,350.0,17.8,9.5,704.1666666666666,8800.0
P1211,80.36,350.0,19.6,2.5,704.1666666666666,3600.0
P1212,125.35,350.0,19.6,3.9,704.1666666666666,4400.0
P1213,170.35,350.0,19.6,5.3,704.1666666666666,5400.0
P1214,215.35,350.0,19.6,6.699999999999999,704.1666666666666,6600.0
P1215,260.35,350.0,19.6,8.1,704.1666666666666,7400.0
P1216,305.35,350.0,19.6,9.5,704.1666666666666,8400.0
P1217,73.62,350.0,21.4,2.5,704.1666666666666,3400.0
P1218,114.84,350.0,21.4,3.9,704.1666666666666,4200.0
P1219,156.07,350.0,21.4,5.3,704.1666666666666,5200.0
P1220,197.29,350.0,21.4,6.699999999999999,704.1666666666666,6400.0
P1221,238.52,350.0,21.4,8.1,704.1666666666666,7000.0
P1222,279.74,350.0,21.4,9.5,704.1666666666666,8200.0
P1223,67.97,350.0,23.2,2.5,704.1666666666666,3400.0
P1224,106.03,350.0,23.2,3.9,704.1666666666666,4200.0
P1225,144.09,350.0,23.2,5.3,704.1666666666666,5200.0
P1226,182.15,350.0,23.2,6.699999999999999,704.1666666666666,6200.0
P1227,220.21,350.0,23.2,8.1,704.1666666666666,6800.0
P1228,258.27,350.0,23.2,9.5,704.1666666666666,8000.0
P1229,63.03,350.0,25.0,2.5,704.1666666666666,3400.0
P1230,98.32,350.0,25.0,3.9,704.1666666666666,4200.0
P1231,133.62,350.0,25.0,5.3,704.1666666666666,5000.0
P1232,168.92,350.0,25.0,6.699999999999999,704.1666666666666,6000.0
P1233,204.21,350.0,25.0,8.1,704.1666666666666,6600.0
P1234,239.51,350.0,25.0,9.5,704.1666666666666,7800.0
P1235,121.77,350.0,16.0,2.5,780.0,4400.0
P1236,189.96,350.0,16.0,3.9,780.0,5600.0
P1237,258.15,350.0,16.0,5.3,780.0,7000.0
P1238,326.34,350.0,16.0,6.699999999999999,780.0,8400.0
P1239,394.53,350.0,16.0,8.1,780.0,9600.0
P1240,462.72,350.0,16.0,9.5,780.0,10800.0
P1241,109.46,350.0,17.8,2.5,780.0,4400.0
P1242,170.76,350.0,17.8,3.9,780.0,5400.0
P1243,232.06,350.0,17.8,5.3,780.0,6800.0
P1244,293.36,350.0,17.8,6.699999999999999,780.0,8000.0
P1245,354.66,350.0,17.8,8.1,780.0,9200.0
P1246,415.96,350.0,17.8,9.5,780.0,10400.0
P1247,99.29,350.0,19.6,2.5,780.0,4200.0
P1248,154.89,350.0,19.6,3.9,780.0,5200.0
P1249,210.49,350.0,19.6,5.3,780.0,6600.0
P1250,266.1,350.0,19.6,6.699999999999999,780.0,7800.0
P1251,321.7,350.0,19.6,8.1,780.0,8800.0
P1252,377.3,350.0,19.6,9.5,780.0,9800.0
P1253,90.93,350.0,21.4,2.5,780.0,4200.0
P1254,141.85,350.0,21.4,3.9,780.0,5200.0
P1255,192.77,350.0,21.4,5.3,780.0,6400.0
P1256,243.69,350.0,21.4,6.699999999999999,780.0,7600.0
P1257,294.61,350.0,21.4,8.1,780.0,8600.0
P1258,345.53,350.0,21.4,9.5,780.0,9800.0
P1259,84.0,350.0,23.2,2.5,780.0,4000.0
P1260,131.04,350.0,23.2,3.9,780.0,5000.0
P1261,178.08,350.0,23.2,5.3,780.0,6200.0
P1262,225.12,350.0,23.2,6.699999999999999,780.0,7400.0
P1263,272.16,350.0,23.2,8.1,780.0,8200.0
P1264,319.2,350.0,23.2,9.5,780.0,9400.0
P1265,77.95,350.0,25.0,2.5,780.0,4000.0
P1266,121.6,350.0,25.0,3.9,780.0,5000.0
P1267,165.26,350.0,25.0,5.3,780.0,6000.0
P1268,208.91,350.0,25.0,6.699999999999999,780.0,7200.0
P1269,252.56,350.0,25.0,8.1,780.0,8000.0
P1270,296.21,350.0,25.0,9.5,780.0,9200.0
P1271,19.23,425.0,16.0,2.5,325.0,1080.0
P1272,29.99,425.0,16.0,3.9,325.0,1340.0
P1273,40.76,425.0,16.0,5.3,325.0,1660.0
P1274,51.53,425.0,16.0,6.699999999999999,325.0,2000.0
P1275,62.29,425.0,16.0,8.1,325.0,2200.0
P1276,73.06,425.0,16.0,9.5,325.0,2600.0
P1277,17.2,425.0,17.8,2.5,325.0,1060.0
P1278,26.82,425.0,17.8,3.9,325.0,1300.0
P1279,36.45,425.0,17.8,5.3,325.0,1620.0
P1280,46.08,425.0,17.8,6.699999999999999,325.0,1940.0
P1281,55.71,425.0,17.8,8.1,325.0,2200.0
P1282,65.34,425.0,17.8,9.5,325.0,2400.0
P1283,15.55,425.0,19.6,2.5,325.0,1040.0
P1284,24.25,425.0,19.6,3.9,325.0,1280.0
P1285,32.96,425.0,19.6,5.3,325.0,1580.0
P1286,41.67,425.0,19.6,6.699999999999999,325.0,1880.0
P1287,50.37,425.0,19.6,8.1,325.0,2200.0
P1288,59.08,425.0,19.6,9.5,325.0,2400.0
P1289,14.29,425.0,21.4,2.5,325.0,1040.0
P1290,22.29,425.0,21.4,3.9,325.0,1260.0
P1291,30.29,425.0,21.4,5.3,325.0,1580.0
P1292,38.29,425.0,21.4,6.699999999999999,325.0,1880.0
P1293,46.29,425.0,21.4,8.1,325.0,2200.0
P1294,54.29,425.0,21.4,9.5,325.0,2400.0
P1295,13.12,425.0,23.2,2.5,325.0,1020.0
P1296,20.47,425.0,23.2,3.9,325.0,1240.0
P1297,27.81,425.0,23.2,5.3,325.0,1540.0
P1298,35.16,425.0,23.2,6.699999999999999,325.0,1840.0
P1299,42.51,425.0,23.2,8.1,325.0,2000.0
P1300,49.85,425.0,23.2,9.5,325.0,2400.0
P1301,12.17,425.0,25.0,2.5,325.0,1020.0
P1302,18.99,425.0,25.0,3.9,325.0,1220.0
P1303,25.81,425.0,25.0,5.3,325.0,1520.0
P1304,32.63,425.0,25.0,6.699999999999999,325.0,1800.0
P1305,39.44,425.0,25.0,8.1,325.0,2000.0
P1306,46.26,425.0,25.0,9.5,325.0,2200.0
P1307,30.16,425.0,16.0,2.5,400.8333333333333,1440.0
P1308,47.05,425.0,16.0,3.9,400.8333333333333,1800.0
P1309,63.94,425.0,16.0,5.3,400.8333333333333,2200.0
P1310,80.83,425.0,16.0,6.699999999999999,400.8333333333333,2600.0
P1311,97.72,425.0,16.0,8.1,400.8333333333333,3000.0
P1312,114.61,425.0,16.0,9.5,400.8333333333333,3400.0
P1313,27.12,425.0,17.8,2.5,400.8333333333333,1400.0
P1314,42.31,425.0,17.8,3.9,400.8333333333333,1740.0
P1315,57.5,425.0,17.8,5.3,400.8333333333333,2200.0
P1316,72.69,425.0,17.8,6.699999999999999,400.8333333333333,2600.0
P1317,87.87,425.0,17.8,8.1,400.8333333333333,3000.0
P1318,103.06,425.0,17.8,9.5,400.8333333333333,3400.0
P1319,24.63,425.0,19.6,2.5,400.8333333333333,1380.0
P1320,38.42,425.0,19.6,3.9,400.8333333333333,1700.0
P1321,52.22,425.0,19.6,5.3,400.8333333333333,2200.0
P1322,66.01,425.0,19.6,6.699999999999999,400.8333333333333,2600.0
P1323,79.8,425.0,19.6,8.1,400.8333333333333,2800.0
P1324,93.59,425.0,19.6,9.5,400.8333333333333,3200.0
P1325,22.52,425.0,21.4,2.5,400.8333333333333,1400.0
P1326,35.13,425.0,21.4,3.9,400.8333333333333,1720.0
P1327,47.75,425.0,21.4,5.3,400.8333333333333,2200.0
P1328,60.36,425.0,21.4,6.699999999999999,400.8333333333333,2600.0
P1329,72.97,425.0,21.4,8.1,400.8333333333333,2800.0
P1330,85.58,425.0,21.4,9.5,400.8333333333333,3200.0
P1331,20.77,425.0,23.2,2.5,400.8333333333333,1380.0
P1332,32.4,425.0,23.2,3.9,400.8333333333333,1680.0
P1333,44.04,425.0,23.2,5.3,400.8333333333333,2000.0
P1334,55.67,425.0,23.2,6.699999999999999,400.8333333333333,2400.0
P1335,67.3,425.0,23.2,8.1,400.8333333333333,2800.0
P1336,78.93,425.0,23.2,9.5,400.8333333333333,3200.0
P1337,19.24,425.0,25.0,2.5,400.8333333333333,1360.0
P1338,30.02,425.0,25.0,3.9,400.8333333333333,1660.0
P1339,40.79,425.0,25.0,5.3,400.8333333333333,2000.0
P1340,51.57,425.0,25.0,6.699999999999999,400.8333333333333,2400.0
P1341,62.34,425.0,25.0,8.1,400.8333333333333,2600.0
P1342,73.12,425.0,25.0,9.5,400.8333333333333,3000.0
P1343,43.48,425.0,16.0,2.5,476.6666666666666,2000.0
P1344,67.83,425.0,16.0,3.9,476.6666666666666,2400.0
P1345,92.18,425.0,16.0,5.3,476.6666666666666,3000.0
P1346,116.53,425.0,16.0,6.699999999999999,476.6666666666666,3600.0
P1347,140.87,425.0,16.0,8.1,476.6666666666666,4200.0
P1348,165.22,425.0,16.0,9.5,476.6666666666666,4800.0
P1349,39.14,425.0,17.8,2.5,476.6666666666666,1960.0
P1350,61.07,425.0,17.8,3.9,476.6666666666666,2400.0
P1351,82.99,425.0,17.8,5.3,476.6666666666666,3000.0
P1352,104.91,425.0,17.8,6.699999999999999,476.6666666666666,3600.0
P1353,126.83,425.0,17.8,8.1,476.6666666666666,4000.0
P1354,148.75,425.0,17.8,9.5,476.6666666666666,4600.0
P1355,35.56,425.0,19.6,2.5,476.6666666666666,1920.0
P1356,55.47,425.0,19.6,3.9,476.6666666666666,2400.0
P1357,75.39,425.0,19.6,5.3,476.6666666666666,3000.0
P1358,95.3,425.0,19.6,6.699999999999999,476.6666666666666,3400.0
P1359,115.21,425.0,19.6,8.1,476.6666666666666,3800.0
P1360,135.13,425.0,19.6,9.5,476.6666666666666,4400.0
P1361,32.44,425.0,21.4,2.5,476.6666666666666,1880.0
P1362,50.6,425.0,21.4,3.9,476.6666666666666,2400.0
P1363,68.77,425.0,21.4,5.3,476.6666666666666,2800.0
P1364,86.94,425.0,21.4,6.699999999999999,476.6666666666666,3400.0
P1365,105.1,425.0,21.4,8.1,476.6666666666666,3800.0
P1366,123.27,425.0,21.4,9.5,476.6666666666666,4400.0
P1367,29.88,425.0,23.2,2.5,476.6666666666666,1840.0
P1368,46.62,425.0,23.2,3.9,476.6666666666666,2200.0
P1369,63.35,425.0,23.2,5.3,476.6666666666666,2800.0
P1370,80.09,425.0,23.2,6.699999999999999,476.6666666666666,3200.0
P1371,96.82,425.0,23.2,8.1,476.6666666666666,3600.0
P1372,113.55,425.0,23.2,9.5,476.6666666666666,4200.0
P1373,27.88,425.0,25.0,2.5,476.6666666666666,1820.0
P1374,43.5,425.0,25.0,3.9,476.6666666666666,2200.0
P1375,59.11,425.0,25.0,5.3,476.6666666666666,2800.0
P1376,74.72,425.0,25.0,6.699999999999999,476.6666666666666,3200.0
P1377,90.34,425.0,25.0,8.1,476.6666666666666,3600.0
P1378,105.95,425.0,25.0,9.5,476.6666666666666,4200.0
P1379,59.44,425.0,16.0,2.5,552.5,2600.0
P1380,92.72,425.0,16.0,3.9,552.5,3200.0
P1381,126.01,425.0,16.0,5.3,552.5,4000.0
P1382,159.3,425.0,16.0,6.699999999999999,552.5,4600.0
P1383,192.58,425.0,16.0,8.1,552.5,5200.0
P1384,225.87,425.0,16.0,9.5,552.5,6000.0
P1385,53.4,425.0,17.8,2.5,552.5,2400.0
P1386,83.31,425.0,17.8,3.9,552.5,3000.0
P1387,113.22,425.0,17.8,5.3,552.5,3800.0
P1388,143.12,425.0,17.8,6.699999999999999,552.5,4400.0
P1389,173.03,425.0,17.8,8.1,552.5,5000.0
P1390,202.93,425.0,17.8,9.5,552.5,5800.0
P1391,48.49,425.0,19.6,2.5,552.5,2400.0
P1392,75.65,425.0,19.6,3.9,552.5,3000.0
P1393,102.8,425.0,19.6,5.3,552.5,3600.0
P1394,129.95,425.0,19.6,6.699999999999999,552.5,4400.0
P1395,157.11,425.0,19.6,8.1,552.5,5000.0
P1396,184.26,425.0,19.6,9.5,552.5,5600.0
P1397,44.37,425.0,21.4,2.5,552.5,2400.0
P1398,69.22,425.0,21.4,3.9,552.5,2800.0
P1399,94.07,425.0,21.4,5.3,552.5,3600.0
P1400,118.92,425.0,21.4,6.699999999999999,552.5,4200.0
P1401,143.76,425.0,21.4,8.1,552.5,4800.0
P1402,168.61,425.0,21.4,9.5,552.5,5400.0
P1403,41.0,425.0,23.2,2.5,552.5,2400.0
P1404,63.96,425.0,23.2,3.9,552.5,2800.0
P1405,86.92,425.0,23.2,5.3,552.5,3600.0
P1406,109.87,425.0,23.2,6.699999999999999,552.5,4200.0
P1407,132.83,425.0,23.2,8.1,552.5,4600.0
P1408,155.79,425.0,23.2,9.5,552.5,5400.0
P1409,37.9,425.0,25.0,2.5,552.5,2200.0
P1410,59.12,425.0,25.0,3.9,552.5,2800.0
P1411,80.34,425.0,25.0,5.3,552.5,3400.0
P1412,101.56,425.0,25.0,6.699999999999999,552.5,4000.0
P1413,122.78,425.0,25.0,8.1,552.5,4600.0
P1414,144.0,425.0,25.0,9.5,552.5,5200.0
P1415,77.66,425.0,16.0,2.5,628.3333333333333,3200.0
P1416,121.15,425.0,16.0,3.9,628.3333333333333,4000.0
P1417,164.64,425.0,16.0,5.3,628.3333333333333,4800.0
P1418,208.13,425.0,16.0,6.699999999999999,628.3333333333333,5800.0
P1419,251.62,425.0,16.0,8.1,628.3333333333333,6800.0
P1420,295.11,425.0,16.0,9.5,628.3333333333333,7600.0
P1421,69.9,425.0,17.8,2.5,628.3333333333333,3000.0
P1422,109.04,425.0,17.8,3.9,628.3333333333333,3800.0
P1423,148.19,425.0,17.8,5.3,628.3333333333333,4800.0
P1424,187.33,425.0,17.8,6.699999999999999,628.3333333333333,5600.0
P1425,226.48,425.0,17.8,8.1,628.3333333333333,6400.0
P1426,265.62,425.0,17.8,9.5,628.3333333333333,7400.0
P1427,63.42,425.0,19.6,2.5,628.3333333333333,3000.0
P1428,98.94,425.0,19.6,3.9,628.3333333333333,3800.0
P1429,134.46,425.0,19.6,5.3,628.3333333333333,4600.0
P1430,169.97,425.0,19.6,6.699999999999999,628.3333333333333,5400.0
P1431,205.49,425.0,19.6,8.1,628.3333333333333,6200.0
P1432,241.01,425.0,19.6,9.5,628.3333333333333,7000.0
P1433,57.99,425.0,21.4,2.5,628.3333333333333,3000.0
P1434,90.46,425.0,21.4,3.9,628.3333333333333,3600.0
P1435,122.93,425.0,21.4,5.3,628.3333333333333,4400.0
P1436,155.4,425.0,21.4,6.699999999999999,628.3333333333333,5200.0
P1437,187.87,425.0,21.4,8.1,628.3333333333333,6000.0
P1438,220.35,425.0,21.4,9.5,628.3333333333333,6800.0
P1439,53.57,425.0,23.2,2.5,628.3333333333333,2800.0
P1440,83.57,425.0,23.2,3.9,628.3333333333333,3600.0
P1441,113.57,425.0,23.2,5.3,628.3333333333333,4400.0
P1442,143.57,425.0,23.2,6.699999999999999,628.3333333333333,5200.0
P1443,173.57,425.0,23.2,8.1,628.3333333333333,5800.0
P1444,203.57,425.0,23.2,9.5,628.3333333333333,6600.0
P1445,49.68,425.0,25.0,2.5,628.3333333333333,2800.0
P1446,77.5,425.0,25.0,3.9,628.3333333333333,3400.0
P1447,105.31,425.0,25.0,5.3,628.3333333333333,4200.0
P1448,133.13,425.0,25.0,6.699999999999999,628.3333333333333,5000.0
P1449,160.95,425.0,25.0,8.1,628.3333333333333,5600.0
P1450,188.77,425.0,25.0,9.5,628.3333333333333,6600.0
P1451,98.52,425.0,16.0,2.5,704.1666666666666,3800.0
P1452,153.69,425.0,16.0,3.9,704.1666666666666,4800.0
P1453,208.86,425.0,16.0,5.3,704.1666666666666,5800.0
P1454,264.03,425.0,16.0,6.699999999999999,704.1666666666666,7000.0
P1455,319.21,425.0,16.0,8.1,704.1666666666666,8000.0
P1456,374.38,425.0,16.0,9.5,704.1666666666666,9200.0
P1457,88.49,425.0,17.8,2.5,704.1666666666666,3600.0
P1458,138.05,425.0,17.8,3.9,704.1666666666666,4600.0
P1459,187.61,425.0,17.8,5.3,704.1666666666666,5600.0
P1460,237.16,425.0,17.8,6.699999999999999,704.1666666666666,6800.0
P1461,286.72,425.0,17.8,8.1,704.1666666666666,7600.0
P1462,336.28,425.0,17.8,9.5,704.1666666666666,8800.0
P1463,80.36,425.0,19.6,2.5,704.1666666666666,3600.0
P1464,125.35,425.0,19.6,3.9,704.1666666666666,4400.0
P1465,170.35,425.0,19.6,5.3,704.1666666666666,5400.0
P1466,215.35,425.0,19.6,6.699999999999999,704.1666666666666,6600.0
P1467,260.35,425.0,19.6,8.1,704.1666666666666,7400.0
P1468,305.35,425.0,19.6,9.5,704.1666666666666,8400.0
P1469,73.62,425.0,21.4,2.5,704.1666666666666,3400.0
P1470,114.84,425.0,21.4,3.9,704.1666666666666,4200.0
P1471,156.07,425.0,21.4,5.3,704.1666666666666,5200.0
P1472,197.29,425.0,21.4,6.699999999999999,704.1666666666666,6400.0
P1473,238.52,425.0,21.4,8.1,704.1666666666666,7000.0
P1474,279.74,425.0,21.4,9.5,704.1666666666666,8200.0
P1475,67.97,425.0,23.2,2.5,704.1666666666666,3400.0
P1476,106.03,425.0,23.2,3.9,704.1666666666666,4200.0
P1477,144.09,425.0,23.2,5.3,704.1666666666666,5200.0
P1478,182.15,425.0,23.2,6.699999999999999,704.1666666666666,6200.0
P1479,220.21,425.0,23.2,8.1,704.1666666666666,6800.0
P1480,258.27,425.0,23.2,9.5,704.1666666666666,8000.0
P1481,63.03,425.0,25.0,2.5,704.1666666666666,3400.0
P1482,98.32,425.0,25.0,3.9,704.1666666666666,4200.0
P1483,133.62,425.0,25.0,5.3,704.1666666666666,5000.0
P1484,168.92,425.0,25.0,6.699999999999999,704.1666666666666,6000.0
P1485,204.21,425.0,25.0,8.1,704.1666666666666,6600.0
P1486,239.51,425.0,25.0,9.5,704.1666666666666,7800.0
P1487,121.77,425.0,16.0,2.5,780.0,4400.0
P1488,189.96,425.0,16.0,3.9,780.0,5600.0
P1489,258.15,425.0,16.0,5.3,780.0,7000.0
P1490,326.34,425.0,16.0,6.699999999999999,780.0,8400.0
P1491,394.53,425.0,16.0,8.1,780.0,9600.0
P1492,462.72,425.0,16.0,9.5,780.0,10800.0
P1493,109.46,425.0,17.8,2.5,780.0,4400.0
P1494,170.76,425.0,17.8,3.9,780.0,5400.0
P1495,232.06,425.0,17.8,5.3,780.0,6800.0
P1496,293.36,425.0,17.8,6.699999999999999,780.0,8000.0
P1497,354.66,425.0,17.8,8.1,780.0,9200.0
P1498,415.96,425.0,17.8,9.5,780.0,10400.0
P1499,99.29,425.0,19.6,2.5,780.0,4200.0
P1500,154.89,425.0,19.6,3.9,780.0,5200.0
P1501,210.49,425.0,19.6,5.3,780.0,6600.0
P1502,266.1,425.0,19.6,6.699999999999999,780.0,7800.0
P1503,321.7,425.0,19.6,8.1,780.0,8800.0
P1504,377.3,425.0,19.6,9.5,780.0,9800.0
P1505,90.93,425.0,21.4,2.5,780.0,4200.0
P1506,141.85,425.0,21.4,3.9,780.0,5200.0
P1507,192.77,425.0,21.4,5.3,780.0,6400.0
P1508,243.69,425.0,21.4,6.699999999999999,780.0,7600.0
P1509,294.61,425.0,21.4,8.1,780.0,8600.0
P1510,345.53,425.0,21.4,9.5,780.0,9800.0
P1511,84.0,425.0,23.2,2.5,780.0,4000.0
P1512,131.04,425.0,23.2,3.9,780.0,5000.0
P1513,178.08,425.0,23.2,5.3,780.0,6200.0
P1514,225.12,425.0,23.2,6.699999999999999,780.0,7400.0
P1515,272.16,425.0,23.2,8.1,780.0,8200.0
P1516,319.2,425.0,23.2,9.5,780.0,9400.0
P1517,77.95,425.0,25.0,2.5,780.0,4000.0
P1518,121.6,425.0,25.0,3.9,780.0,5000.0
P1519,165.26,425.0,25.0,5.3,780.0,6000.0
P1520,208.91,425.0,25.0,6.699999999999999,780.0,7200.0
P1521,252.56,425.0,25.0,8.1,780.0,8000.0
P1522,296.21,425.0,25.0,9.5,780.0,9200.0
P1523,19.23,500.0,16.0,2.5,325.0,1080.0
P1524,29.99,500.0,16.0,3.9,325.0,1340.0
P1525,40.76,500.0,16.0,5.3,325.0,1660.0
P1526,51.53,500.0,16.0,6.699999999999999,325.0,2000.0
P1527,62.29,500.0,16.0,8.1,325.0,2200.0
P1528,73.06,500.0,16.0,9.5,325.0,2600.0
P1529,17.2,500.0,17.8,2.5,325.0,1060.0
P1530,26.82,500.0,17.8,3.9,325.0,1300.0
P1531,36.45,500.0,17.8,5.3,325.0,1620.0
P1532,46.08,500.0,17.8,6.699999999999999,325.0,1940.0
P1533,55.71,500.0,17.8,8.1,325.0,2200.0
P1534,65.34,500.0,17.8,9.5,325.0,2400.0
P1535,15.55,500.0,19.6,2.5,325.0,1040.0
P1536,24.25,500.0,19.6,3.9,325.0,1280.0
P1537,32.96,500.0,19.6,5.3,325.0,1580.0
P1538,41.67,500.0,19.6,6.699999999999999,325.0,1880.0
P1539,50.37,500.0,19.6,8.1,325.0,2200.0
P1540,59.08,500.0,19.6,9.5,325.0,2400.0
P1541,14.29,500.0,21.4,2.5,325.0,1040.0
P1542,22.29,500.0,21.4,3.9,325.0,1260.0
P1543,30.29,500.0,21.4,5.3,325.0,1580.0
P1544,38.29,500.0,21.4,6.699999999999999,325.0,1880.0
P1545,46.29,500.0,21.4,8.1,325.0,2200.0
P1546,54.29,500.0,21.4,9.5,325.0,2400.0
P1547,13.12,500.0,23.2,2.5,325.0,1020.0
P1548,20.47,500.0,23.2,3.9,325.0,1240.0
P1549,27.81,500.0,23.2,5.3,325.0,1540.0
P1550,35.16,500.0,23.2,6.699999999999999,325.0,1840.0
P1551,42.51,500.0,23.2,8.1,325.0,2000.0
P1552,49.85,500.0,23.2,9.5,325.0,2400.0
P1553,12.17,500.0,25.0,2.5,325.0,1020.0
P1554,18.99,500.0,25.0,3.9,325.0,1220.0
P1555,25.81,500.0,25.0,5.3,325.0,1520.0
P1556,32.63,500.0,25.0,6.699999999999999,325.0,1800.0
P1557,39.44,500.0,25.0,8.1,325.0,2000.0
P1558,46.26,500.0,25.0,9.5,325.0,2200.0
P1559,30.16,500.0,16.0,2.5,400.8333333333333,1440.0
P1560,47.05,500.0,16.0,3.9,400.8333333333333,1800.0
P1561,63.94,500.0,16.0,5.3,400.8333333333333,2200.0
P1562,80.83,500.0,16.0,6.699999999999999,400.8333333333333,2600.0
P1563,97.72,500.0,16.0,8.1,400.8333333333333,3000.0
P1564,114.61,500.0,16.0,9.5,400.8333333333333,3400.0
P1565,27.12,500.0,17.8,2.5,400.8333333333333,1400.0
P1566,42.31,500.0,17.8,3.9,400.8333333333333,1740.0
P1567,57.5,500.0,17.8,5.3,400.8333333333333,2200.0
P1568,72.69,500.0,17.8,6.699999999999999,400.8333333333333,2600.0
P1569,87.87,500.0,17.8,8.1,400.8333333333333,3000.0
P1570,103.06,500.0,17.8,9.5,400.8333333333333,3400.0
P1571,24.63,500.0,19.6,2.5,400.8333333333333,1380.0
P1572,38.42,500.0,19.6,3.9,400.8333333333333,1700.0
P1573,52.22,500.0,19.6,5.3,400.8333333333333,2200.0
P1574,66.01,500.0,19.6,6.699999999999999,400.8333333333333,2600.0
P1575,79.8,500.0,19.6,8.1,400.8333333333333,2800.0
P1576,93.59,500.0,19.6,9.5,400.8333333333333,3200.0
P1577,22.52,500.0,21.4,2.5,400.8333333333333,1400.0
P1578,35.13,500.0,21.4,3.9,400.8333333333333,1720.0
P1579,47.75,500.0,21.4,5.3,400.8333333333333,2200.0
P1580,60.36,500.0,21.4,6.699999999999999,400.8333333333333,2600.0
P1581,72.97,500.0,21.4,8.1,400.8333333333333,2800.0
P1582,85.58,500.0,21.4,9.5,400.8333333333333,3200.0
P1583,20.77,500.0,23.2,2.5,400.8333333333333,1380.0
P1584,32.4,500.0,23.2,3.9,400.8333333333333,1680.0
P1585,44.04,500.0,23.2,5.3,400.8333333333333,2000.0
P1586,55.67,500.0,23.2,6.699999999999999,400.8333333333333,2400.0
P1587,67.3,500.0,23.2,8.1,400.8333333333333,2800.0
P1588,78.93,500.0,23.2,9.5,400.8333333333333,3200.0
P1589,19.24,500.0,25.0,2.5,400.8333333333333,1360.0
P1590,30.02,500.0,25.0,3.9,400.8333333333333,1660.0
P1591,40.79,500.0,25.0,5.3,400.8333333333333,2000.0
P1592,51.57,500.0,25.0,6.699999999999999,400.8333333333333,2400.0
P1593,62.34,500.0,25.0,8.1,400.8333333333333,2600.0
P1594,73.12,500.0,25.0,9.5,400.8333333333333,3000.0
P1595,43.48,500.0,16.0,2.5,476.6666666666666,2000.0
P1596,67.83,500.0,16.0,3.9,476.6666666666666,2400.0
P1597,92.18,500.0,16.0,5.3,476.6666666666666,3000.0
P1598,116.53,500.0,16.0,6.699999999999999,476.6666666666666,3600.0
P1599,140.87,500.0,16.0,8.1,476.6666666666666,4200.0
P1600,165.22,500.0,16.0,9.5,476.6666666666666,4800.0
P1601,39.14,500.0,17.8,2.5,476.6666666666666,1960.0
P1602,61.07,500.0,17.8,3.9,476.6666666666666,2400.0
P1603,82.99,500.0,17.8,5.3,476.6666666666666,3000.0
P1604,104.91,500.0,17.8,6.699999999999999,476.6666666666666,3600.0
P1605,126.83,500.0,17.8,8.1,476.6666666666666,4000.0
P1606,148.75,500.0,17.8,9.5,476.6666666666666,4600.0
P1607,35.56,500.0,19.6,2.5,476.6666666666666,1920.0
P1608,55.47,500.0,19.6,3.9,476.6666666666666,2400.0
P1609,75.39,500.0,19.6,5.3,476.6666666666666,3000.0
P1610,95.3,500.0,19.6,6.699999999999999,476.6666666666666,3400.0
P1611,115.21,500.0,19.6,8.1,476.6666666666666,3800.0
P1612,135.13,500.0,19.6,9.5,476.6666666666666,4400.0
P1613,32.44,500.0,21.4,2.5,476.6666666666666,1880.0
P1614,50.6,500.0,21.4,3.9,476.6666666666666,2400.0
P1615,68.77,500.0,21.4,5.3,476.6666666666666,2800.0
P1616,86.94,500.0,21.4,6.699999999999999,476.6666666666666,3400.0
P1617,105.1,500.0,21.4,8.1,476.6666666666666,3800.0
P1618,123.27,500.0,21.4,9.5,476.6666666666666,4400.0
P1619,29.88,500.0,23.2,2.5,476.6666666666666,1840.0
P1620,46.62,500.0,23.2,3.9,476.6666666666666,2200.0
P1621,63.35,500.0,23.2,5.3,476.6666666666666,2800.0
P1622,80.09,500.0,23.2,6.699999999999999,476.6666666666666,3200.0
P1623,96.82,500.0,23.2,8.1,476.6666666666666,3600.0
P1624,113.55,500.0,23.2,9.5,476.6666666666666,4200.0
P1625,27.88,500.0,25.0,2.5,476.6666666666666,1820.0
P1626,43.5,500.0,25.0,3.9,476.6666666666666,2200.0
P1627,59.11,500.0,25.0,5.3,476.6666666666666,2800.0
P1628,74.72,500.0,25.0,6.699999999999999,476.6666666666666,3200.0
P1629,90.34,500.0,25.0,8.1,476.6666666666666,3600.0
P1630,105.95,500.0,25.0,9.5,476.6666666666666,4200.0
P1631,59.44,500.0,16.0,2.5,552.5,2600.0
P1632,92.72,500.0,16.0,3.9,552.5,3200.0
P1633,126.01,500.0,16.0,5.3,552.5,4000.0
P1634,159.3,500.0,16.0,6.699999999999999,552.5,4600.0
P1635,192.58,500.0,16.0,8.1,552.5,5200.0
P1636,225.87,500.0,16.0,9.5,552.5,6000.0
P1637,53.4,500.0,17.8,2.5,552.5,2400.0
P1638,83.31,500.0,17.8,3.9,552.5,3000.0
P1639,113.22,500.0,17.8,5.3,552.5,3800.0
P1640,143.12,500.0,17.8,6.699999999999999,552.5,4400.0
P1641,173.03,500.0,17.8,8.1,552.5,5000.0
P1642,202.93,500.0,17.8,9.5,552.5,5800.0
P1643,48.49,500.0,19.6,2.5,552.5,2400.0
P1644,75.65,500.0,19.6,3.9,552.5,3000.0
P1645,102.8,500.0,19.6,5.3,552.5,3600.0
P1646,129.95,500.0,19.6,6.699999999999999,552.5,4400.0
P1647,157.11,500.0,19.6,8.1,552.5,5000.0
P1648,184.26,500.0,19.6,9.5,552.5,5600.0
P1649,44.37,500.0,21.4,2.5,552.5,2400.0
P1650,69.22,500.0,21.4,3.9,552.5,2800.0
P1651,94.07,500.0,21.4,5.3,552.5,3600.0
P1652,118.92,500.0,21.4,6.699999999999999,552.5,4200.0
P1653,143.76,500.0,21.4,8.1,552.5,4800.0
P1654,168.61,500.0,21.4,9.5,552.5,5400.0
P1655,41.0,500.0,23.2,2.5,552.5,2400.0
P1656,63.96,500.0,23.2,3.9,552.5,2800.0
P1657,86.92,500.0,23.2,5.3,552.5,3600.0
P1658,109.87,500.0,23.2,6.699999999999999,552.5,4200.0
P1659,132.83,500.0,23.2,8.1,552.5,4600.0
P1660,155.79,500.0,23.2,9.5,552.5,5400.0
P1661,37.9,500.0,25.0,2.5,552.5,2200.0
P1662,59.12,500.0,25.0,3.9,552.5,2800.0
P1663,80.34,500.0,25.0,5.3,552.5,3400.0
P1664,101.56,500.0,25.0,6.699999999999999,552.5,4000.0
P1665,122.78,500.0,25.0,8.1,552.5,4600.0
P1666,144.0,500.0,25.0,9.5,552.5,5200.0
P1667,77.66,500.0,16.0,2.5,628.3333333333333,3200.0
P1668,121.15,500.0,16.0,3.9,628.3333333333333,4000.0
P1669,164.64,500.0,16.0,5.3,628.3333333333333,4800.0
P1670,208.13,500.0,16.0,6.699999999999999,628.3333333333333,5800.0
P1671,251.62,500.0,16.0,8.1,628.3333333333333,6800.0
P1672,295.11,500.0,16.0,9.5,628.3333333333333,7600.0
P1673,69.9,500.0,17.8,2.5,628.3333333333333,3000.0
P1674,109.04,500.0,17.8,3.9,628.3333333333333,3800.0
P1675,148.19,500.0,17.8,5.3,628.3333333333333,4800.0
P1676,187.33,500.0,17.8,6.699999999999999,628.3333333333333,5600.0
P1677,226.48,500.0,17.8,8.1,628.3333333333333,6400.0
P1678,265.62,500.0,17.8,9.5,628.3333333333333,7400.0
P1679,63.42,500.0,19.6,2.5,628.3333333333333,3000.0
P1680,98.94,500.0,19.6,3.9,628.3333333333333,3800.0
P1681,134.46,500.0,19.6,5.3,628.3333333333333,4600.0
P1682,169.97,500.0,19.6,6.699999999999999,628.3333333333333,5400.0
P1683,205.49,500.0,19.6,8.1,628.3333333333333,6200.0
P1684,241.01,500.0,19.6,9.5,628.3333333333333,7000.0
P1685,57.99,500.0,21.4,2.5,628.3333333333333,3000.0
P1686,90.46,500.0,21.4,3.9,628.3333333333333,3600.0
P1687,122.93,500.0,21.4,5.3,628.3333333333333,4400.0
P1688,155.4,500.0,21.4,6.699999999999999,628.3333333333333,5200.0
P1689,187.87,500.0,21.4,8.1,628.3333333333333,6000.0
P1690,220.35,500.0,21.4,9.5,628.3333333333333,6800.0
P1691,53.57,500.0,23.2,2.5,628.3333333333333,2800.0
P1692,83.57,500.0,23.2,3.9,628.3333333333333,3600.0
P1693,113.57,500.0,23.2,5.3,628.3333333333333,4400.0
P1694,143.57,500.0,23.2,6.699999999999999,628.3333333333333,5200.0
P1695,173.57,500.0,23.2,8.1,628.3333333333333,5800.0
P1696,203.57,500.0,23.2,9.5,628.3333333333333,6600.0
P1697,49.68,500.0,25.0,2.5,628.3333333333333,2800.0
P1698,77.5,500.0,25.0,3.9,628.3333333333333,3400.0
P1699,105.31,500.0,25.0,5.3,628.3333333333333,4200.0
P1700,133.13,500.0,25.0,6.699999999999999,628.3333333333333,5000.0
P1701,160.95,500.0,25.0,8.1,628.3333333333333,5600.0
P1702,188.77,500.0,25.0,9.5,628.3333333333333,6600.0
P1703,98.52,500.0,16.0,2.5,704.1666666666666,3800.0
P1704,153.69,500.0,16.0,3.9,704.1666666666666,4800.0
P1705,208.86,500.0,16.0,5.3,704.1666666666666,5800.0
P1706,264.03,500.0,16.0,6.699999999999999,704.1666666666666,7000.0
P1707,319.21,500.0,16.0,8.1,704.1666666666666,8000.0
P1708,374.38,500.0,16.0,9.5,704.1666666666666,9200.0
P1709,88.49,500.0,17.8,2.5,704.1666666666666,3600.0
P1710,138.05,500.0,17.8,3.9,704.1666666666666,4600.0
P1711,187.61,500.0,17.8,5.3,704.1666666666666,5600.0
P1712,237.16,500.0,17.8,6.699999999999999,704.1666666666666,6800.0
P1713,286.72,500.0,17.8,8.1,704.1666666666666,7600.0
P1714,336.28,500.0,17.8,9.5,704.1666666666666,8800.0
P1715,80.36,500.0,19.6,2.5,704.1666666666666,3600.0
P1716,125.35,500.0,19.6,3.9,704.1666666666666,4400.0
P1717,170.35,500.0,19.6,5.3,704.1666666666666,5400.0
P1718,215.35,500.0,19.6,6.699999999999999,704.1666666666666,6600.0
P1719,260.35,500.0,19.6,8.1,704.1666666666666,7400.0
P1720,305.35,500.0,19.6,9.5,704.1666666666666,8400.0
P1721,73.62,500.0,21.4,2.5,704.1666666666666,3400.0
P1722,114.84,500.0,21.4,3.9,704.1666666666666,4200.0
P1723,156.07,500.0,21.4,5.3,704.1666666666666,5200.0
P1724,197.29,500.0,21.4,6.699999999999999,704.1666666666666,6400.0
P1725,238.52,500.0,21.4,8.1,704.1666666666666,7000.0
P1726,279.74,500.0,21.4,9.5,704.1666666666666,8200.0
P1727,67.97,500.0,23.2,2.5,704.1666666666666,3400.0
P1728,106.03,500.0,23.2,3.9,704.1666666666666,4200.0
P1729,144.09,500.0,23.2,5.3,704.1666666666666,5200.0
P1730,182.15,500.0,23.2,6.699999999999999,704.1666666666666,6200.0
P1731,220.21,500.0,23.2,8.1,704.1666666666666,6800.0
P1732,258.27,500.0,23.2,9.5,704.1666666666666,8000.0
P1733,63.03,500.0,25.0,2.5,704.1666666666666,3400.0
P1734,98.32,500.0,25.0,3.9,704.1666666666666,4200.0
P1735,133.62,500.0,25.0,5.3,704.1666666666666,5000.0
P1736,168.92,500.0,25.0,6.699999999999999,704.1666666666666,6000.0
P1737,204.21,500.0,25.0,8.1,704.1666666666666,6600.0
P1738,239.51,500.0,25.0,9.5,704.1666666666666,7800.0
P1739,121.77,500.0,16.0,2.5,780.0,4400.0
P1740,189.96,500.0,16.0,3.9,780.0,5600.0
P1741,258.15,500.0,16.0,5.3,780.0,7000.0
P1742,326.34,500.0,16.0,6.699999999999999,780.0,8400.0
P1743,394.53,500.0,16.0,8.1,780.0,9600.0
P1744,462.72,500.0,16.0,9.5,780.0,10800.0
P1745,109.46,500.0,17.8,2.5,780.0,4400.0
P1746,170.76,500.0,17.8,3.9,780.0,5400.0
P1747,232.06,500.0,17.8,5.3,780.0,6800.0
P1748,293.36,500.0,17.8,6.699999999999999,780.0,8000.0
P1749,354.66,500.0,17.8,8.1,780.0,9200.0
P1750,415.96,500.0,17.8,9.5,780.0,10400.0
P1751,99.29,500.0,19.6,2.5,780.0,4200.0
P1752,154.89,500.0,19.6,3.9,780.0,5200.0
P1753,210.49,500.0,19.6,5.3,780.0,6600.0
P1754,266.1,500.0,19.6,6.699999999999999,780.0,7800.0
P1755,321.7,500.0,19.6,8.1,780.0,8800.0
P1756,377.3,500.0,19.6,9.5,780.0,9800.0
P1757,90.93,500.0,21.4,2.5,780.0,4200.0
P1758,141.85,500.0,21.4,3.9,780.0,5200.0
P1759,192.77,500.0,21.4,5.3,780.0,6400.0
P1760,243.69,500.0,21.4,6.699999999999999,780.0,7600.0
P1761,294.61,500.0,21.4,8.1,780.0,8600.0
P1762,345.53,500.0,21.4,9.5,780.0,9800.0
P1763,84.0,500.0,23.2,2.5,780.0,4000.0
P1764,131.04,500.0,23.2,3.9,780.0,5000.0
P1765,178.08,500.0,23.2,5.3,780.0,6200.0
P1766,225.12,500.0,23.2,6.699999999999999,780.0,7400.0
P1767,272.16,500.0,23.2,8.1,780.0,8200.0
P1768,319.2,500.0,23.2,9.5,780.0,9400.0
P1769,77.95,500.0,25.0,2.5,780.0,4000.0
P1770,121.6,500.0,25.0,3.9,780.0,5000.0
P1771,165.26,500.0,25.0,5.3,780.0,6000.0
P1772,208.91,500.0,25.0,6.699999999999999,780.0,7200.0
P1773,252.56,500.0,25.0,8.1,780.0,8000.0
P1774,296.21,500.0,25.0,9.5,780.0,9200.0
P1775,19.23,600.0,16.0,2.5,325.0,1080.0
P1776,29.99,600.0,16.0,3.9,325.0,1340.0
P1777,40.76,600.0,16.0,5.3,325.0,1660.0
P1778,51.53,600.0,16.0,6.699999999999999,325.0,2000.0
P1779,62.29,600.0,16.0,8.1,325.0,2200.0
P1780,73.06,600.0,16.0,9.5,325.0,2600.0
P1781,17.2,600.0,17.8,2.5,325.0,1060.0
P1782,26.82,600.0,17.8,3.9,325.0,1300.0
P1783,36.45,600.0,17.8,5.3,325.0,1620.0
P1784,46.08,600.0,17.8,6.699999999999999,325.0,1940.0
P1785,55.71,600.0,17.8,8.1,325.0,2200.0
P1786,65.34,600.0,17.8,9.5,325.0,2400.0
P1787,15.55,600.0,19.6,2.5,325.0,1040.0
P1788,24.25,600.0,19.6,3.9,325.0,1280.0
P1789,32.96,600.0,19.6,5.3,325.0,1580.0
P1790,41.67,600.0,19.6,6.699999999999999,325.0,1880.0
P1791,50.37,600.0,19.6,8.1,325.0,2200.0
P1792,59.08,600.0,19.6,9.5,325.0,2400.0
P1793,14.29,600.0,21.4,2.5,325.0,1040.0
P1794,22.29,600.0,21.4,3.9,325.0,1260.0
P1795,30.29,600.0,21.4,5.3,325.0,1580.0
P1796,38.29,600.0,21.4,6.699999999999999,325.0,1880.0
P1797,46.29,600.0,21.4,8.1,325.0,2200.0
P1798,54.29,600.0,21.4,9.5,325.0,2400.0
P1799,13.12,600.0,23.2,2.5,325.0,1020.0
P1800,20.47,600.0,23.2,3.9,325.0,1240.0
P1801,27.81,600.0,23.2,5.3,325.0,1540.0
P1802,35.16,600.0,23.2,6.699999999999999,325.0,1840.0
P1803,42.51,600.0,23.2,8.1,325.0,2000.0
P1804,49.85,600.0,23.2,9.5,325.0,2400.0
P1805,12.17,600.0,25.0,2.5,325.0,1020.0
P1806,18.99,600.0,25.0,3.9,325.0,1220.0
P1807,25.81,600.0,25.0,5.3,325.0,1520.0
P1808,32.63,600.0,25.0,6.699999999999999,325.0,1800.0
P1809,39.44,600.0,25.0,8.1,325.0,2000.0
P1810,46.26,600.0,25.0,9.5,325.0,2200.0
P1811,30.16,600.0,16.0,2.5,400.8333333333333,1460.0
P1812,47.05,600.0,16.0,3.9,400.8333333333333,1800.0
P1813,63.94,600.0,16.0,5.3,400.8333333333333,2200.0
P1814,80.83,600.0,16.0,6.699999999999999,400.8333333333333,2800.0
P1815,97.72,600.0,16.0,8.1,400.8333333333333,3000.0
P1816,114.61,600.0,16.0,9.5,400.8333333333333,3400.0
P1817,27.12,600.0,17.8,2.5,400.8333333333333,1420.0
P1818,42.31,600.0,17.8,3.9,400.8333333333333,1740.0
P1819,57.5,600.0,17.8,5.3,400.8333333333333,2200.0
P1820,72.69,600.0,17.8,6.699999999999999,400.8333333333333,2600.0
P1821,87.87,600.0,17.8,8.1,400.8333333333333,3000.0
P1822,103.06,600.0,17.8,9.5,400.8333333333333,3400.0
P1823,24.63,600.0,19.6,2.5,400.8333333333333,1400.0
P1824,38.42,600.0,19.6,3.9,400.8333333333333,1700.0
P1825,52.22,600.0,19.6,5.3,400.8333333333333,2200.0
P1826,66.01,600.0,19.6,6.699999999999999,400.8333333333333,2600.0
P1827,79.8,600.0,19.6,8.1,400.8333333333333,2800.0
P1828,93.59,600.0,19.6,9.5,400.8333333333333,3200.0
P1829,22.52,600.0,21.4,2.5,400.8333333333333,1400.0
P1830,35.13,600.0,21.4,3.9,400.8333333333333,1720.0
P1831,47.75,600.0,21.4,5.3,400.8333333333333,2200.0
P1832,60.36,600.0,21.4,6.699999999999999,400.8333333333333,2600.0
P1833,72.97,600.0,21.4,8.1,400.8333333333333,2800.0
P1834,85.58,600.0,21.4,9.5,400.8333333333333,3200.0
P1835,20.77,600.0,23.2,2.5,400.8333333333333,1380.0
P1836,32.4,600.0,23.2,3.9,400.8333333333333,1680.0
P1837,44.04,600.0,23.2,5.3,400.8333333333333,2000.0
P1838,55.67,600.0,23.2,6.699999999999999,400.8333333333333,2400.0
P1839,67.3,600.0,23.2,8.1,400.8333333333333,2800.0
P1840,78.93,600.0,23.2,9.5,400.8333333333333,3200.0
P1841,19.24,600.0,25.0,2.5,400.8333333333333,1360.0
P1842,30.02,600.0,25.0,3.9,400.8333333333333,1660.0
P1843,40.79,600.0,25.0,5.3,400.8333333333333,2000.0
P1844,51.57,600.0,25.0,6.699999999999999,400.8333333333333,2400.0
P1845,62.34,600.0,25.0,8.1,400.8333333333333,2600.0
P1846,73.12,600.0,25.0,9.5,400.8333333333333,3000.0
P1847,43.48,600.0,16.0,2.5,476.6666666666666,2000.0
P1848,67.83,600.0,16.0,3.9,476.6666666666666,2400.0
P1849,92.18,600.0,16.0,5.3,476.6666666666666,3000.0
P1850,116.53,600.0,16.0,6.699999999999999,476.6666666666666,3600.0
P1851,140.87,600.0,16.0,8.1,476.6666666666666,4200.0
P1852,165.22,600.0,16.0,9.5,476.6666666666666,4800.0
P1853,39.14,600.0,17.8,2.5,476.6666666666666,1960.0
P1854,61.07,600.0,17.8,3.9,476.6666666666666,2400.0
P1855,82.99,600.0,17.8,5.3,476.6666666666666,3000.0
P1856,104.91,600.0,17.8,6.699999999999999,476.6666666666666,3600.0
P1857,126.83,600.0,17.8,8.1,476.6666666666666,4000.0
P1858,148.75,600.0,17.8,9.5,476.6666666666666,4600.0
P1859,35.56,600.0,19.6,2.5,476.6666666666666,1920.0
P1860,55.47,600.0,19.6,3.9,476.6666666666666,2400.0
P1861,75.39,600.0,19.6,5.3,476.6666666666666,3000.0
P1862,95.3,600.0,19.6,6.699999999999999,476.6666666666666,3400.0
P1863,115.21,600.0,19.6,8.1,476.6666666666666,3800.0
P1864,135.13,600.0,19.6,9.5,476.6666666666666,4400.0
P1865,32.44,600.0,21.4,2.5,476.6666666666666,1880.0
P1866,50.6,600.0,21.4,3.9,476.6666666666666,2400.0
P1867,68.77,600.0,21.4,5.3,476.6666666666666,2800.0
P1868,86.94,600.0,21.4,6.699999999999999,476.6666666666666,3400.0
P1869,105.1,600.0,21.4,8.1,476.6666666666666,3800.0
P1870,123.27,600.0,21.4,9.5,476.6666666666666,4400.0
P1871,29.88,600.0,23.2,2.5,476.6666666666666,1840.0
P1872,46.62,600.0,23.2,3.9,476.6666666666666,2200.0
P1873,63.35,600.0,23.2,5.3,476.6666666666666,2800.0
P1874,80.09,600.0,23.2,6.699999999999999,476.6666666666666,3200.0
P1875,96.82,600.0,23.2,8.1,476.6666666666666,3600.0
P1876,113.55,600.0,23.2,9.5,476.6666666666666,4200.0
P1877,27.88,600.0,25.0,2.5,476.6666666666666,1820.0
P1878,43.5,600.0,25.0,3.9,476.6666666666666,2200.0
P1879,59.11,600.0,25.0,5.3,476.6666666666666,2800.0
P1880,74.72,600.0,25.0,6.699999999999999,476.6666666666666,3200.0
P1881,90.34,600.0,25.0,8.1,476.6666666666666,3600.0
P1882,105.95,600.0,25.0,9.5,476.6666666666666,4200.0
P1883,59.44,600.0,16.0,2.5,552.5,2600.0
P1884,92.72,600.0,16.0,3.9,552.5,3200.0
P1885,126.01,600.0,16.0,5.3,552.5,4000.0
P1886,159.3,600.0,16.0,6.699999999999999,552.5,4600.0
P1887,192.58,600.0,16.0,8.1,552.5,5200.0
P1888,225.87,600.0,16.0,9.5,552.5,6000.0
P1889,53.4,600.0,17.8,2.5,552.5,2400.0
P1890,83.31,600.0,17.8,3.9,552.5,3000.0
P1891,113.22,600.0,17.8,5.3,552.5,3800.0
P1892,143.12,600.0,17.8,6.699999999999999,552.5,4400.0
P1893,173.03,600.0,17.8,8.1,552.5,5000.0
P1894,202.93,600.0,17.8,9.5,552.5,5800.0
P1895,48.49,600.0,19.6,2.5,552.5,2400.0
P1896,75.65,600.0,19.6,3.9,552.5,3000.0
P1897,102.8,600.0,19.6,5.3,552.5,3600.0
P1898,129.95,600.0,19.6,6.699999999999999,552.5,4400.0
P1899,157.11,600.0,19.6,8.1,552.5,5000.0
P1900,184.26,600.0,19.6,9.5,552.5,5600.0
P1901,44.37,600.0,21.4,2.5,552.5,2400.0
P1902,69.22,600.0,21.4,3.9,552.5,2800.0
P1903,94.07,600.0,21.4,5.3,552.5,3600.0
P1904,118.92,600.0,21.4,6.699999999999999,552.5,4200.0
P1905,143.76,600.0,21.4,8.1,552.5,4800.0
P1906,168.61,600.0,21.4,9.5,552.5,5400.0
P1907,41.0,600.0,23.2,2.5,552.5,2400.0
P1908,63.96,600.0,23.2,3.9,552.5,2800.0
P1909,86.92,600.0,23.2,5.3,552.5,3600.0
P1910,109.87,600.0,23.2,6.699999999999999,552.5,4200.0
P1911,132.83,600.0,23.2,8.1,552.5,4600.0
P1912,155.79,600.0,23.2,9.5,552.5,5400.0
P1913,37.9,600.0,25.0,2.5,552.5,2200.0
P1914,59.12,600.0,25.0,3.9,552.5,2800.0
P1915,80.34,600.0,25.0,5.3,552.5,3400.0
P1916,101.56,600.0,25.0,6.699999999999999,552.5,4000.0
P1917,122.78,600.0,25.0,8.1,552.5,4600.0
P1918,144.0,600.0,25.0,9.5,552.5,5200.0
P1919,77.66,600.0,16.0,2.5,628.3333333333333,3200.0
P1920,121.15,600.0,16.0,3.9,628.3333333333333,4000.0
P1921,164.64,600.0,16.0,5.3,628.3333333333333,4800.0
P1922,208.13,600.0,16.0,6.699999999999999,628.3333333333333,5800.0
P1923,251.62,600.0,16.0,8.1,628.3333333333333,6800.0
P1924,295.11,600.0,16.0,9.5,628.3333333333333,7600.0
P1925,69.9,600.0,17.8,2.5,628.3333333333333,3000.0
P1926,109.04,600.0,17.8,3.9,628.3333333333333,3800.0
P1927,148.19,600.0,17.8,5.3,628.3333333333333,4800.0
P1928,187.33,600.0,17.8,6.699999999999999,628.3333333333333,5600.0
P1929,226.48,600.0,17.8,8.1,628.3333333333333,6400.0
P1930,265.62,600.0,17.8,9.5,628.3333333333333,7400.0
P1931,63.42,600.0,19.6,2.5,628.3333333333333,3000.0
P1932,98.94,600.0,19.6,3.9,628.3333333333333,3800.0
P1933,134.46,600.0,19.6,5.3,628.3333333333333,4600.0
P1934,169.97,600.0,19.6,6.699999999999999,628.3333333333333,5400.0
P1935,205.49,600.0,19.6,8.1,628.3333333333333,6200.0
P1936,241.01,600.0,19.6,9.5,628.3333333333333,7000.0
P1937,57.99,600.0,21.4,2.5,628.3333333333333,3000.0
P1938,90.46,600.0,21.4,3.9,628.3333333333333,3600.0
P1939,122.93,600.0,21.4,5.3,628.3333333333333,4400.0
P1940,155.4,600.0,21.4,6.699999999999999,628.3333333333333,5200.0
P1941,187.87,600.0,21.4,8.1,628.3333333333333,6000.0
P1942,220.35,600.0,21.4,9.5,628.3333333333333,6800.0
P1943,53.57,600.0,23.2,2.5,628.3333333333333,2800.0
P1944,83.57,600.0,23.2,3.9,628.3333333333333,3600.0
P1945,113.57,600.0,23.2,5.3,628.3333333333333,4400.0
P1946,143.57,600.0,23.2,6.699999999999999,628.3333333333333,5200.0
P1947,173.57,600.0,23.2,8.1,628.3333333333333,5800.0
P1948,203.57,600.0,23.2,9.5,628.3333333333333,6600.0
P1949,49.68,600.0,25.0,2.5,628.3333333333333,2800.0
P1950,77.5,600.0,25.0,3.9,628.3333333333333,3400.0
P1951,105.31,600.0,25.0,5.3,628.3333333333333,4200.0
P1952,133.13,600.0,25.0,6.699999999999999,628.3333333333333,5000.0
P1953,160.95,600.0,25.0,8.1,628.3333333333333,5600.0
P1954,188.77,600.0,25.0,9.5,628.3333333333333,6600.0
P1955,98.52,600.0,16.0,2.5,704.1666666666666,3800.0
P1956,153.69,600.0,16.0,3.9,704.1666666666666,4800.0
P1957,208.86,600.0,16.0,5.3,704.1666666666666,5800.0
P1958,264.03,600.0,16.0,6.699999999999999,704.1666666666666,7000.0
P1959,319.21,600.0,16.0,8.1,704.1666666666666,8000.0
P1960,374.38,600.0,16.0,9.5,704.1666666666666,9200.0
P1961,88.49,600.0,17.8,2.5,704.1666666666666,3600.0
P1962,138.05,600.0,17.8,3.9,704.1666666666666,4600.0
P1963,187.61,600.0,17.8,5.3,704.1666666666666,5600.0
P1964,237.16,600.0,17.8,6.699999999999999,704.1666666666666,6800.0
P1965,286.72,600.0,17.8,8.1,704.1666666666666,7600.0
P1966,336.28,600.0,17.8,9.5,704.1666666666666,8800.0
P1967,80.36,600.0,19.6,2.5,704.1666666666666,3600.0
P1968,125.35,600.0,19.6,3.9,704.1666666666666,4400.0
P1969,170.35,600.0,19.6,5.3,704.1666666666666,5400.0
P1970,215.35,600.0,19.6,6.699999999999999,704.1666666666666,6600.0
P1971,260.35,600.0,19.6,8.1,704.1666666666666,7400.0
P1972,305.35,600.0,19.6,9.5,704.1666666666666,8400.0
P1973,73.62,600.0,21.4,2.5,704.1666666666666,3400.0
P1974,114.84,600.0,21.4,3.9,704.1666666666666,4200.0
P1975,156.07,600.0,21.4,5.3,704.1666666666666,5200.0
P1976,197.29,600.0,21.4,6.699999999999999,704.1666666666666,6400.0
P1977,238.52,600.0,21.4,8.1,704.1666666666666,7000.0
P1978,279.74,600.0,21.4,9.5,704.1666666666666,8200.0
P1979,67.97,600.0,23.2,2.5,704.1666666666666,3400.0
P1980,106.03,600.0,23.2,3.9,704.1666666666666,4200.0
P1981,144.09,600.0,23.2,5.3,704.1666666666666,5200.0
P1982,182.15,600.0,23.2,6.699999999999999,704.1666666666666,6200.0
P1983,220.21,600.0,23.2,8.1,704.1666666666666,6800.0
P1984,258.27,600.0,23.2,9.5,704.1666666666666,8000.0
P1985,63.03,600.0,25.0,2.5,704.1666666666666,3400.0
P1986,98.32,600.0,25.0,3.9,704.1666666666666,4200.0
P1987,133.62,600.0,25.0,5.3,704.1666666666666,5000.0
P1988,168.92,600.0,25.0,6.699999999999999,704.1666666666666,6000.0
P1989,204.21,600.0,25.0,8.1,704.1666666666666,6600.0
P1990,239.51,600.0,25.0,9.5,704.1666666666666,7800.0
P1991,121.77,600.0,16.0,2.5,780.0,4400.0
P1992,189.96,600.0,16.0,3.9,780.0,5600.0
P1993,258.15,600.0,16.0,5.3,780.0,7000.0
P1994,326.34,600.0,16.0,6.699999999999999,780.0,8400.0
P1995,394.53,600.0,16.0,8.1,780.0,9600.0
P1996,462.72,600.0,16.0,9.5,780.0,10800.0
P1997,109.46,600.0,17.8,2.5,780.0,4400.0
P1998,170.76,600.0,17.8,3.9,780.0,5400.0
P1999,232.06,600.0,17.8,5.3,780.0,6800.0
P2000,293.36,600.0,17.8,6.699999999999999,780.0,8000.0
P2001,354.66,600.0,17.8,8.1,780.0,9200.0
P2002,415.96,600.0,17.8,9.5,780.0,10400.0
P2003,99.29,600.0,19.6,2.5,780.0,4200.0
P2004,154.89,600.0,19.6,3.9,780.0,5200.0
P2005,210.49,600.0,19.6,5.3,780.0,6600.0
P2006,266.1,600.0,19.6,6.699999999999999,780.0,7800.0
P2007,321.7,600.0,19.6,8.1,780.0,8800.0
P2008,377.3,600.0,19.6,9.5,780.0,9800.0
P2009,90.93,600.0,21.4,2.5,780.0,4200.0
P2010,141.85,600.0,21.4,3.9,780.0,5200.0
P2011,192.77,600.0,21.4,5.3,780.0,6400.0
P2012,243.69,600.0,21.4,6.699999999999999,780.0,7600.0
P2013,294.61,600.0,21.4,8.1,780.0,8600.0
P2014,345.53,600.0,21.4,9.5,780.0,9800.0
P2015,84.0,600.0,23.2,2.5,780.0,4000.0
P2016,131.04,600.0,23.2,3.9,780.0,5000.0
P2017,178.08,600.0,23.2,5.3,780.0,6200.0
P2018,225.12,600.0,23.2,6.699999999999999,780.0,7400.0
P2019,272.16,600.0,23.2,8.1,780.0,8200.0
P2020,319.2,600.0,23.2,9.5,780.0,9400.0
P2021,77.95,600.0,25.0,2.5,780.0,4000.0
P2022,121.6,600.0,25.0,3.9,780.0,5000.0
P2023,165.26,600.0,25.0,5.3,780.0,6000.0
P2024,208.91,600.0,25.0,6.699999999999999,780.0,7200.0
P2025,252.56,600.0,25.0,8.1,780.0,8000.0
P2026,296.21,600.0,25.0,9.5,780.0,9200.0
P2027,19.23,833.3333333333334,16.0,2.5,325.0,1100.0
P2028,29.99,833.3333333333334,16.0,3.9,325.0,1340.0
P2029,40.76,833.3333333333334,16.0,5.3,325.0,1660.0
P2030,51.53,833.3333333333334,16.0,6.699999999999999,325.0,2000.0
P2031,62.29,833.3333333333334,16.0,8.1,325.0,2200.0
P2032,73.06,833.3333333333334,16.0,9.5,325.0,2600.0
P2033,17.2,833.3333333333334,17.8,2.5,325.0,1080.0
P2034,26.82,833.3333333333334,17.8,3.9,325.0,1300.0
P2035,36.45,833.3333333333334,17.8,5.3,325.0,1620.0
P2036,46.08,833.3333333333334,17.8,6.699999999999999,325.0,1940.0
P2037,55.71,833.3333333333334,17.8,8.1,325.0,2200.0
P2038,65.34,833.3333333333334,17.8,9.5,325.0,2400.0
P2039,15.55,833.3333333333334,19.6,2.5,325.0,1060.0
P2040,24.25,833.3333333333334,19.6,3.9,325.0,1280.0
P2041,32.96,833.3333333333334,19.6,5.3,325.0,1580.0
P2042,41.67,833.3333333333334,19.6,6.699999999999999,325.0,1880.0
P2043,50.37,833.3333333333334,19.6,8.1,325.0,2200.0
P2044,59.08,833.3333333333334,19.6,9.5,325.0,2400.0
P2045,14.29,833.3333333333334,21.4,2.5,325.0,1040.0
P2046,22.29,833.3333333333334,21.4,3.9,325.0,1260.0
P2047,30.29,833.3333333333334,21.4,5.3,325.0,1580.0
P2048,38.29,833.3333333333334,21.4,6.699999999999999,325.0,1880.0
P2049,46.29,833.3333333333334,21.4,8.1,325.0,2200.0
P2050,54.29,833.3333333333334,21.4,9.5,325.0,2400.0
P2051,13.12,833.3333333333334,23.2,2.5,325.0,1020.0
P2052,20.47,833.3333333333334,23.2,3.9,325.0,1240.0
P2053,27.81,833.3333333333334,23.2,5.3,325.0,1540.0
P2054,35.16,833.3333333333334,23.2,6.699999999999999,325.0,1840.0
P2055,42.51,833.3333333333334,23.2,8.1,325.0,2000.0
P2056,49.85,833.3333333333334,23.2,9.5,325.0,2400.0
P2057,12.17,833.3333333333334,25.0,2.5,325.0,1020.0
P2058,18.99,833.3333333333334,25.0,3.9,325.0,1220.0
P2059,25.81,833.3333333333334,25.0,5.3,325.0,1520.0
P2060,32.63,833.3333333333334,25.0,6.699999999999999,325.0,1800.0
P2061,39.44,833.3333333333334,25.0,8.1,325.0,2000.0
P2062,46.26,833.3333333333334,25.0,9.5,325.0,2200.0
P2063,30.16,833.3333333333334,16.0,2.5,400.8333333333333,1460.0
P2064,47.05,833.3333333333334,16.0,3.9,400.8333333333333,1800.0
P2065,63.94,833.3333333333334,16.0,5.3,400.8333333333333,2200.0
P2066,80.83,833.3333333333334,16.0,6.699999999999999,400.8333333333333,2800.0
P2067,97.72,833.3333333333334,16.0,8.1,400.8333333333333,3000.0
P2068,114.61,833.3333333333334,16.0,9.5,400.8333333333333,3400.0
P2069,27.12,833.3333333333334,17.8,2.5,400.8333333333333,1420.0
P2070,42.31,833.3333333333334,17.8,3.9,400.8333333333333,1740.0
P2071,57.5,833.3333333333334,17.8,5.3,400.8333333333333,2200.0
P2072,72.69,833.3333333333334,17.8,6.699999999999999,400.8333333333333,2600.0
P2073,87.87,833.3333333333334,17.8,8.1,400.8333333333333,3000.0
P2074,103.06,833.3333333333334,17.8,9.5,400.8333333333333,3400.0
P2075,24.63,833.3333333333334,19.6,2.5,400.8333333333333,1400.0
P2076,38.42,833.3333333333334,19.6,3.9,400.8333333333333,1700.0
P2077,52.22,833.3333333333334,19.6,5.3,400.8333333333333,2200.0
P2078,66.01,833.3333333333334,19.6,6.699999999999999,400.8333333333333,2600.0
P2079,79.8,833.3333333333334,19.6,8.1,400.8333333333333,2800.0
P2080,93.59,833.3333333333334,19.6,9.5,400.8333333333333,3200.0
P2081,22.52,833.3333333333334,21.4,2.5,400.8333333333333,1420.0
P2082,35.13,833.3333333333334,21.4,3.9,400.8333333333333,1720.0
P2083,47.75,833.3333333333334,21.4,5.3,400.8333333333333,2200.0
P2084,60.36,833.3333333333334,21.4,6.699999999999999,400.8333333333333,2600.0
P2085,72.97,833.3333333333334,21.4,8.1,400.8333333333333,2800.0
P2086,85.58,833.3333333333334,21.4,9.5,400.8333333333333,3200.0
P2087,20.77,833.3333333333334,23.2,2.5,400.8333333333333,1400.0
P2088,32.4,833.3333333333334,23.2,3.9,400.8333333333333,1680.0
P2089,44.04,833.3333333333334,23.2,5.3,400.8333333333333,2000.0
P2090,55.67,833.3333333333334,23.2,6.699999999999999,400.8333333333333,2400.0
P2091,67.3,833.3333333333334,23.2,8.1,400.8333333333333,2800.0
P2092,78.93,833.3333333333334,23.2,9.5,400.8333333333333,3200.0
P2093,19.24,833.3333333333334,25.0,2.5,400.8333333333333,1380.0
P2094,30.02,833.3333333333334,25.0,3.9,400.8333333333333,1660.0
P2095,40.79,833.3333333333334,25.0,5.3,400.8333333333333,2000.0
P2096,51.57,833.3333333333334,25.0,6.699999999999999,400.8333333333333,2400.0
P2097,62.34,833.3333333333334,25.0,8.1,400.8333333333333,2600.0
P2098,73.12,833.3333333333334,25.0,9.5,400.8333333333333,3000.0
P2099,43.48,833.3333333333334,16.0,2.5,476.6666666666666,2000.0
P2100,67.83,833.3333333333334,16.0,3.9,476.6666666666666,2400.0
P2101,92.18,833.3333333333334,16.0,5.3,476.6666666666666,3000.0
P2102,116.53,833.3333333333334,16.0,6.699999999999999,476.6666666666666,3600.0
P2103,140.87,833.3333333333334,16.0,8.1,476.6666666666666,4200.0
P2104,165.22,833.3333333333334,16.0,9.5,476.6666666666666,4800.0
P2105,39.14,833.3333333333334,17.8,2.5,476.6666666666666,1960.0
P2106,61.07,833.3333333333334,17.8,3.9,476.6666666666666,2400.0
P2107,82.99,833.3333333333334,17.8,5.3,476.6666666666666,3000.0
P2108,104.91,833.3333333333334,17.8,6.699999999999999,476.6666666666666,3600.0
P2109,126.83,833.3333333333334,17.8,8.1,476.6666666666666,4000.0
P2110,148.75,833.3333333333334,17.8,9.5,476.6666666666666,4600.0
P2111,35.56,833.3333333333334,19.6,2.5,476.6666666666666,1920.0
P2112,55.47,833.3333333333334,19.6,3.9,476.6666666666666,2400.0
P2113,75.39,833.3333333333334,19.6,5.3,476.6666666666666,3000.0
P2114,95.3,833.3333333333334,19.6,6.699999999999999,476.6666666666666,3400.0
P2115,115.21,833.3333333333334,19.6,8.1,476.6666666666666,3800.0
P2116,135.13,833.3333333333334,19.6,9.5,476.6666666666666,4400.0
P2117,32.44,833.3333333333334,21.4,2.5,476.6666666666666,1880.0
P2118,50.6,833.3333333333334,21.4,3.9,476.6666666666666,2400.0
P2119,68.77,833.3333333333334,21.4,5.3,476.6666666666666,2800.0
P2120,86.94,833.3333333333334,21.4,6.699999999999999,476.6666666666666,3400.0
P2121,105.1,833.3333333333334,21.4,8.1,476.6666666666666,3800.0
P2122,123.27,833.3333333333334,21.4,9.5,476.6666666666666,4400.0
P2123,29.88,833.3333333333334,23.2,2.5,476.6666666666666,1840.0
P2124,46.62,833.3333333333334,23.2,3.9,476.6666666666666,2200.0
P2125,63.35,833.3333333333334,23.2,5.3,476.6666666666666,2800.0
P2126,80.09,833.3333333333334,23.2,6.699999999999999,476.6666666666666,3200.0
P2127,96.82,833.3333333333334,23.2,8.1,476.6666666666666,3600.0
P2128,113.55,833.3333333333334,23.2,9.5,476.6666666666666,4200.0
P2129,27.88,833.3333333333334,25.0,2.5,476.6666666666666,1820.0
P2130,43.5,833.3333333333334,25.0,3.9,476.6666666666666,2200.0
P2131,59.11,833.3333333333334,25.0,5.3,476.6666666666666,2800.0
P2132,74.72,833.3333333333334,25.0,6.699999999999999,476.6666666666666,3200.0
P2133,90.34,833.3333333333334,25.0,8.1,476.6666666666666,3600.0
P2134,105.95,833.3333333333334,25.0,9.5,476.6666666666666,4200.0
P2135,59.44,833.3333333333334,16.0,2.5,552.5,2600.0
P2136,92.72,833.3333333333334,16.0,3.9,552.5,3200.0
P2137,126.01,833.3333333333334,16.0,5.3,552.5,4000.0
P2138,159.3,833.3333333333334,16.0,6.699999999999999,552.5,4600.0
P2139,192.58,833.3333333333334,16.0,8.1,552.5,5200.0
P2140,225.87,833.3333333333334,16.0,9.5,552.5,6000.0
P2141,53.4,833.3333333333334,17.8,2.5,552.5,2400.0
P2142,83.31,833.3333333333334,17.8,3.9,552.5,3000.0
P2143,113.22,833.3333333333334,17.8,5.3,552.5,3800.0
P2144,143.12,833.3333333333334,17.8,6.699999999999999,552.5,4400.0
P2145,173.03,833.3333333333334,17.8,8.1,552.5,5000.0
P2146,202.93,833.3333333333334,17.8,9.5,552.5,5800.0
P2147,48.49,833.3333333333334,19.6,2.5,552.5,2400.0
P2148,75.65,833.3333333333334,19.6,3.9,552.5,3000.0
P2149,102.8,833.3333333333334,19.6,5.3,552.5,3600.0
P2150,129.95,833.3333333333334,19.6,6.699999999999999,552.5,4400.0
P2151,157.11,833.3333333333334,19.6,8.1,552.5,5000.0
P2152,184.26,833.3333333333334,19.6,9.5,552.5,5600.0
P2153,44.37,833.3333333333334,21.4,2.5,552.5,2400.0
P2154,69.22,833.3333333333334,21.4,3.9,552.5,2800.0
P2155,94.07,833.3333333333334,21.4,5.3,552.5,3600.0
P2156,118.92,833.3333333333334,21.4,6.699999999999999,552.5,4200.0
P2157,143.76,833.3333333333334,21.4,8.1,552.5,4800.0
P2158,168.61,833.3333333333334,21.4,9.5,552.5,5400.0
P2159,41.0,833.3333333333334,23.2,2.5,552.5,2400.0
P2160,63.96,833.3333333333334,23.2,3.9,552.5,2800.0
P2161,86.92,833.3333333333334,23.2,5.3,552.5,3600.0
P2162,109.87,833.3333333333334,23.2,6.699999999999999,552.5,4200.0
P2163,132.83,833.3333333333334,23.2,8.1,552.5,4600.0
P2164,155.79,833.3333333333334,23.2,9.5,552.5,5400.0
P2165,37.9,833.3333333333334,25.0,2.5,552.5,2200.0
P2166,59.12,833.3333333333334,25.0,3.9,552.5,2800.0
P2167,80.34,833.3333333333334,25.0,5.3,552.5,3400.0
P2168,101.56,833.3333333333334,25.0,6.699999999999999,552.5,4000.0
P2169,122.78,833.3333333333334,25.0,8.1,552.5,4600.0
P2170,144.0,833.3333333333334,25.0,9.5,552.5,5200.0
P2171,77.66,833.3333333333334,16.0,2.5,628.3333333333333,3200.0
P2172,121.15,833.3333333333334,16.0,3.9,628.3333333333333,4000.0
P2173,164.64,833.3333333333334,16.0,5.3,628.3333333333333,4800.0
P2174,208.13,833.3333333333334,16.0,6.699999999999999,628.3333333333333,5800.0
P2175,251.62,833.3333333333334,16.0,8.1,628.3333333333333,6800.0
P2176,295.11,833.3333333333334,16.0,9.5,628.3333333333333,7600.0
P2177,69.9,833.3333333333334,17.8,2.5,628.3333333333333,3000.0
P2178,109.04,833.3333333333334,17.8,3.9,628.3333333333333,3800.0
P2179,148.19,833.3333333333334,17.8,5.3,628.3333333333333,4800.0
P2180,187.33,833.3333333333334,17.8,6.699999999999999,628.3333333333333,5600.0
P2181,226.48,833.3333333333334,17.8,8.1,628.3333333333333,6400.0
P2182,265.62,833.3333333333334,17.8,9.5,628.3333333333333,7400.0
P2183,63.42,833.3333333333334,19.6,2.5,628.3333333333333,3000.0
P2184,98.94,833.3333333333334,19.6,3.9,628.3333333333333,3800.0
P2185,134.46,833.3333333333334,19.6,5.3,628.3333333333333,4600.0
P2186,169.97,833.3333333333334,19.6,6.699999999999999,628.3333333333333,5400.0
P2187,205.49,833.3333333333334,19.6,8.1,628.3333333333333,6200.0
P2188,241.01,833.3333333333334,19.6,9.5,628.3333333333333,7000.0
P2189,57.99,833.3333333333334,21.4,2.5,628.3333333333333,3000.0
P2190,90.46,833.3333333333334,21.4,3.9,628.3333333333333,3600.0
P2191,122.93,833.3333333333334,21.4,5.3,628.3333333333333,4400.0
P2192,155.4,833.3333333333334,21.4,6.699999999999999,628.3333333333333,5200.0
P2193,187.87,833.3333333333334,21.4,8.1,628.3333333333333,6000.0
P2194,220.35,833.3333333333334,21.4,9.5,628.3333333333333,6800.0
P2195,53.57,833.3333333333334,23.2,2.5,628.3333333333333,2800.0
P2196,83.57,833.3333333333334,23.2,3.9,628.3333333333333,3600.0
P2197,113.57,833.3333333333334,23.2,5.3,628.3333333333333,4400.0
P2198,143.57,833.3333333333334,23.2,6.699999999999999,628.3333333333333,5200.0
P2199,173.57,833.3333333333334,23.2,8.1,628.3333333333333,5800.0
P2200,203.57,833.3333333333334,23.2,9.5,628.3333333333333,6600.0
P2201,49.68,833.3333333333334,25.0,2.5,628.3333333333333,2800.0
P2202,77.5,833.3333333333334,25.0,3.9,628.3333333333333,3400.0
P2203,105.31,833.3333333333334,25.0,5.3,628.3333333333333,4200.0
P2204,133.13,833.3333333333334,25.0,6.699999999999999,628.3333333333333,5000.0
P2205,160.95,833.3333333333334,25.0,8.1,628.3333333333333,5600.0
P2206,188.77,833.3333333333334,25.0,9.5,628.3333333333333,6600.0
P2207,98.52,833.3333333333334,16.0,2.5,704.1666666666666,3800.0
P2208,153.69,833.3333333333334,16.0,3.9,704.1666666666666,4800.0
P2209,208.86,833.3333333333334,16.0,5.3,704.1666666666666,5800.0
P2210,264.03,833.3333333333334,16.0,6.699999999999999,704.1666666666666,7000.0
P2211,319.21,833.3333333333334,16.0,8.1,704.1666666666666,8000.0
P2212,374.38,833.3333333333334,16.0,9.5,704.1666666666666,9200.0
P2213,88.49,833.3333333333334,17.8,2.5,704.1666666666666,3600.0
P2214,138.05,833.3333333333334,17.8,3.9,704.1666666666666,4600.0
P2215,187.61,833.3333333333334,17.8,5.3,704.1666666666666,5600.0
P2216,237.16,833.3333333333334,17.8,6.699999999999999,704.1666666666666,6800.0
P2217,286.72,833.3333333333334,17.8,8.1,704.1666666666666,7600.0
P2218,336.28,833.3333333333334,17.8,9.5,704.1666666666666,8800.0
P2219,80.36,833.3333333333334,19.6,2.5,704.1666666666666,3600.0
P2220,125.35,833.3333333333334,19.6,3.9,704.1666666666666,4400.0
P2221,170.35,833.3333333333334,19.6,5.3,704.1666666666666,5400.0
P2222,215.35,833.3333333333334,19.6,6.699999999999999,704.1666666666666,6600.0
P2223,260.35,833.3333333333334,19.6,8.1,704.1666666666666,7400.0
P2224,305.35,833.3333333333334,19.6,9.5,704.1666666666666,8400.0
P2225,73.62,833.3333333333334,21.4,2.5,704.1666666666666,3400.0
P2226,114.84,833.3333333333334,21.4,3.9,704.1666666666666,4200.0
P2227,156.07,833.3333333333334,21.4,5.3,704.1666666666666,5200.0
P2228,197.29,833.3333333333334,21.4,6.699999999999999,704.1666666666666,6400.0
P2229,238.52,833.3333333333334,21.4,8.1,704.1666666666666,7000.0
P2230,279.74,833.3333333333334,21.4,9.5,704.1666666666666,8200.0
P2231,67.97,833.3333333333334,23.2,2.5,704.1666666666666,3400.0
P2232,106.03,833.3333333333334,23.2,3.9,704.1666666666666,4200.0
P2233,144.09,833.3333333333334,23.2,5.3,704.1666666666666,5200.0
P2234,182.15,833.3333333333334,23.2,6.699999999999999,704.1666666666666,6200.0
P2235,220.21,833.3333333333334,23.2,8.1,704.1666666666666,6800.0
P2236,258.27,833.3333333333334,23.2,9.5,704.1666666666666,8000.0
P2237,63.03,833.3333333333334,25.0,2.5,704.1666666666666,3400.0
P2238,98.32,833.3333333333334,25.0,3.9,704.1666666666666,4200.0
P2239,133.62,833.3333333333334,25.0,5.3,704.1666666666666,5000.0
P2240,168.92,833.3333333333334,25.0,6.699999999999999,704.1666666666666,6000.0
P2241,204.21,833.3333333333334,25.0,8.1,704.1666666666666,6600.0
P2242,239.51,833.3333333333334,25.0,9.5,704.1666666666666,7800.0
P2243,121.77,833.3333333333334,16.0,2.5,780.0,4400.0
P2244,189.96,833.3333333333334,16.0,3.9,780.0,5600.0
P2245,258.15,833.3333333333334,16.0,5.3,780.0,7000.0
P2246,326.34,833.3333333333334,16.0,6.699999999999999,780.0,8400.0
P2247,394.53,833.3333333333334,16.0,8.1,780.0,9600.0
P2248,462.72,833.3333333333334,16.0,9.5,780.0,10800.0
P2249,109.46,833.3333333333334,17.8,2.5,780.0,4400.0
P2250,170.76,833.3333333333334,17.8,3.9,780.0,5400.0
P2251,232.06,833.3333333333334,17.8,5.3,780.0,6800.0
P2252,293.36,833.3333333333334,17.8,6.699999999999999,780.0,8000.0
P2253,354.66,833.3333333333334,17.8,8.1,780.0,9200.0
P2254,415.96,833.3333333333334,17.8,9.5,780.0,10400.0
P2255,99.29,833.3333333333334,19.6,2.5,780.0,4200.0
P2256,154.89,833.3333333333334,19.6,3.9,780.0,5200.0
P2257,210.49,833.3333333333334,19.6,5.3,780.0,6600.0
P2258,266.1,833.3333333333334,19.6,6.699999999999999,780.0,7800.0
P2259,321.7,833.3333333333334,19.6,8.1,780.0,8800.0
P2260,377.3,833.3333333333334,19.6,9.5,780.0,9800.0
P2261,90.93,833.3333333333334,21.4,2.5,780.0,4200.0
P2262,141.85,833.3333333333334,21.4,3.9,780.0,5200.0
P2263,192.77,833.3333333333334,21.4,5.3,780.0,6400.0
P2264,243.69,833.3333333333334,21.4,6.699999999999999,780.0,7600.0
P2265,294.61,833.3333333333334,21.4,8.1,780.0,8600.0
P2266,345.53,833.3333333333334,21.4,9.5,780.0,9800.0
P2267,84.0,833.3333333333334,23.2,2.5,780.0,4000.0
P2268,131.04,833.3333333333334,23.2,3.9,780.0,5000.0
P2269,178.08,833.3333333333334,23.2,5.3,780.0,6200.0
P2270,225.12,833.3333333333334,23.2,6.699999999999999,780.0,7400.0
P2271,272.16,833.3333333333334,23.2,8.1,780.0,8200.0
P2272,319.2,833.3333333333334,23.2,9.5,780.0,9400.0
P2273,77.95,833.3333333333334,25.0,2.5,780.0,4000.0
P2274,121.6,833.3333333333334,25.0,3.9,780.0,5000.0
P2275,165.26,833.3333333333334,25.0,5.3,780.0,6000.0
P2276,208.91,833.3333333333334,25.0,6.699999999999999,780.0,7200.0
P2277,252.56,833.3333333333334,25.0,8.1,780.0,8000.0
P2278,296.21,833.3333333333334,25.0,9.5,780.0,9200.0
P2279,19.23,1066.666666666667,16.0,2.5,325.0,1140.0
P2280,29.99,1066.666666666667,16.0,3.9,325.0,1400.0
P2281,40.76,1066.666666666667,16.0,5.3,325.0,1720.0
P2282,51.53,1066.666666666667,16.0,6.699999999999999,325.0,2000.0
P2283,62.29,1066.666666666667,16.0,8.1,325.0,2400.0
P2284,73.06,1066.666666666667,16.0,9.5,325.0,2600.0
P2285,17.2,1066.666666666667,17.8,2.5,325.0,1120.0
P2286,26.82,1066.666666666667,17.8,3.9,325.0,1360.0
P2287,36.45,1066.666666666667,17.8,5.3,325.0,1680.0
P2288,46.08,1066.666666666667,17.8,6.699999999999999,325.0,2000.0
P2289,55.71,1066.666666666667,17.8,8.1,325.0,2200.0
P2290,65.34,1066.666666666667,17.8,9.5,325.0,2600.0
P2291,15.55,1066.666666666667,19.6,2.5,325.0,1100.0
P2292,24.25,1066.666666666667,19.6,3.9,325.0,1340.0
P2293,32.96,1066.666666666667,19.6,5.3,325.0,1640.0
P2294,41.67,1066.666666666667,19.6,6.699999999999999,325.0,1940.0
P2295,50.37,1066.666666666667,19.6,8.1,325.0,2200.0
P2296,59.08,1066.666666666667,19.6,9.5,325.0,2400.0
P2297,14.29,1066.666666666667,21.4,2.5,325.0,1100.0
P2298,22.29,1066.666666666667,21.4,3.9,325.0,1320.0
P2299,30.29,1066.666666666667,21.4,5.3,325.0,1640.0
P2300,38.29,1066.666666666667,21.4,6.699999999999999,325.0,1920.0
P2301,46.29,1066.666666666667,21.4,8.1,325.0,2200.0
P2302,54.29,1066.666666666667,21.4,9.5,325.0,2400.0
P2303,13.12,1066.666666666667,23.2,2.5,325.0,1080.0
P2304,20.47,1066.666666666667,23.2,3.9,325.0,1300.0
P2305,27.81,1066.666666666667,23.2,5.3,325.0,1600.0
P2306,35.16,1066.666666666667,23.2,6.699999999999999,325.0,1880.0
P2307,42.51,1066.666666666667,23.2,8.1,325.0,2200.0
P2308,49.85,1066.666666666667,23.2,9.5,325.0,2400.0
P2309,12.17,1066.666666666667,25.0,2.5,325.0,1080.0
P2310,18.99,1066.666666666667,25.0,3.9,325.0,1280.0
P2311,25.81,1066.666666666667,25.0,5.3,325.0,1580.0
P2312,32.63,1066.666666666667,25.0,6.699999999999999,325.0,1840.0
P2313,39.44,1066.666666666667,25.0,8.1,325.0,2000.0
P2314,46.26,1066.666666666667,25.0,9.5,325.0,2400.0
P2315,30.16,1066.666666666667,16.0,2.5,400.8333333333333,1520.0
P2316,47.05,1066.666666666667,16.0,3.9,400.8333333333333,1880.0
P2317,63.94,1066.666666666667,16.0,5.3,400.8333333333333,2400.0
P2318,80.83,1066.666666666667,16.0,6.699999999999999,400.8333333333333,2800.0
P2319,97.72,1066.666666666667,16.0,8.1,400.8333333333333,3200.0
P2320,114.61,1066.666666666667,16.0,9.5,400.8333333333333,3600.0
P2321,27.12,1066.666666666667,17.8,2.5,400.8333333333333,1480.0
P2322,42.31,1066.666666666667,17.8,3.9,400.8333333333333,1820.0
P2323,57.5,1066.666666666667,17.8,5.3,400.8333333333333,2200.0
P2324,72.69,1066.666666666667,17.8,6.699999999999999,400.8333333333333,2600.0
P2325,87.87,1066.666666666667,17.8,8.1,400.8333333333333,3000.0
P2326,103.06,1066.666666666667,17.8,9.5,400.8333333333333,3400.0
P2327,24.63,1066.666666666667,19.6,2.5,400.8333333333333,1460.0
P2328,38.42,1066.666666666667,19.6,3.9,400.8333333333333,1780.0
P2329,52.22,1066.666666666667,19.6,5.3,400.8333333333333,2200.0
P2330,66.01,1066.666666666667,19.6,6.699999999999999,400.8333333333333,2600.0
P2331,79.8,1066.666666666667,19.6,8.1,400.8333333333333,3000.0
P2332,93.59,1066.666666666667,19.6,9.5,400.8333333333333,3400.0
P2333,22.52,1066.666666666667,21.4,2.5,400.8333333333333,1520.0
P2334,35.13,1066.666666666667,21.4,3.9,400.8333333333333,1840.0
P2335,47.75,1066.666666666667,21.4,5.3,400.8333333333333,2200.0
P2336,60.36,1066.666666666667,21.4,6.699999999999999,400.8333333333333,2600.0
P2337,72.97,1066.666666666667,21.4,8.1,400.8333333333333,3000.0
P2338,85.58,1066.666666666667,21.4,9.5,400.8333333333333,3400.0
P2339,20.77,1066.666666666667,23.2,2.5,400.8333333333333,1500.0
P2340,32.4,1066.666666666667,23.2,3.9,400.8333333333333,1800.0
P2341,44.04,1066.666666666667,23.2,5.3,400.8333333333333,2200.0
P2342,55.67,1066.666666666667,23.2,6.699999999999999,400.8333333333333,2600.0
P2343,67.3,1066.666666666667,23.2,8.1,400.8333333333333,2800.0
P2344,78.93,1066.666666666667,23.2,9.5,400.8333333333333,3200.0
P2345,19.24,1066.666666666667,25.0,2.5,400.8333333333333,1480.0
P2346,30.02,1066.666666666667,25.0,3.9,400.8333333333333,1780.0
P2347,40.79,1066.666666666667,25.0,5.3,400.8333333333333,2200.0
P2348,51.57,1066.666666666667,25.0,6.699999999999999,400.8333333333333,2600.0
P2349,62.34,1066.666666666667,25.0,8.1,400.8333333333333,2800.0
P2350,73.12,1066.666666666667,25.0,9.5,400.8333333333333,3200.0
P2351,43.48,1066.666666666667,16.0,2.5,476.6666666666666,2200.0
P2352,67.83,1066.666666666667,16.0,3.9,476.6666666666666,2600.0
P2353,92.18,1066.666666666667,16.0,5.3,476.6666666666666,3200.0
P2354,116.53,1066.666666666667,16.0,6.699999999999999,476.6666666666666,3800.0
P2355,140.87,1066.666666666667,16.0,8.1,476.6666666666666,4200.0
P2356,165.22,1066.666666666667,16.0,9.5,476.6666666666666,4800.0
P2357,39.14,1066.666666666667,17.8,2.5,476.6666666666666,2000.0
P2358,61.07,1066.666666666667,17.8,3.9,476.6666666666666,2600.0
P2359,82.99,1066.666666666667,17.8,5.3,476.6666666666666,3200.0
P2360,104.91,1066.666666666667,17.8,6.699999999999999,476.6666666666666,3600.0
P2361,126.83,1066.666666666667,17.8,8.1,476.6666666666666,4200.0
P2362,148.75,1066.666666666667,17.8,9.5,476.6666666666666,4800.0
P2363,35.56,1066.666666666667,19.6,2.5,476.6666666666666,2000.0
P2364,55.47,1066.666666666667,19.6,3.9,476.6666666666666,2400.0
P2365,75.39,1066.666666666667,19.6,5.3,476.6666666666666,3000.0
P2366,95.3,1066.666666666667,19.6,6.699999999999999,476.6666666666666,3600.0
P2367,115.21,1066.666666666667,19.6,8.1,476.6666666666666,4000.0
P2368,135.13,1066.666666666667,19.6,9.5,476.6666666666666,4600.0
P2369,32.44,1066.666666666667,21.4,2.5,476.6666666666666,2000.0
P2370,50.6,1066.666666666667,21.4,3.9,476.6666666666666,2400.0
P2371,68.77,1066.666666666667,21.4,5.3,476.6666666666666,3000.0
P2372,86.94,1066.666666666667,21.4,6.699999999999999,476.6666666666666,3400.0
P2373,105.1,1066.666666666667,21.4,8.1,476.6666666666666,4000.0
P2374,123.27,1066.666666666667,21.4,9.5,476.6666666666666,4400.0
P2375,29.88,1066.666666666667,23.2,2.5,476.6666666666666,1960.0
P2376,46.62,1066.666666666667,23.2,3.9,476.6666666666666,2400.0
P2377,63.35,1066.666666666667,23.2,5.3,476.6666666666666,3000.0
P2378,80.09,1066.666666666667,23.2,6.699999999999999,476.6666666666666,3400.0
P2379,96.82,1066.666666666667,23.2,8.1,476.6666666666666,3800.0
P2380,113.55,1066.666666666667,23.2,9.5,476.6666666666666,4400.0
P2381,27.88,1066.666666666667,25.0,2.5,476.6666666666666,1940.0
P2382,43.5,1066.666666666667,25.0,3.9,476.6666666666666,2400.0
P2383,59.11,1066.666666666667,25.0,5.3,476.6666666666666,2800.0
P2384,74.72,1066.666666666667,25.0,6.699999999999999,476.6666666666666,3400.0
P2385,90.34,1066.666666666667,25.0,8.1,476.6666666666666,3800.0
P2386,105.95,1066.666666666667,25.0,9.5,476.6666666666666,4200.0
P2387,59.44,1066.666666666667,16.0,2.5,552.5,2600.0
P2388,92.72,1066.666666666667,16.0,3.9,552.5,3400.0
P2389,126.01,1066.666666666667,16.0,5.3,552.5,4000.0
P2390,159.3,1066.666666666667,16.0,6.699999999999999,552.5,4800.0
P2391,192.58,1066.666666666667,16.0,8.1,552.5,5400.0
P2392,225.87,1066.666666666667,16.0,9.5,552.5,6200.0
P2393,53.4,1066.666666666667,17.8,2.5,552.5,2600.0
P2394,83.31,1066.666666666667,17.8,3.9,552.5,3200.0
P2395,113.22,1066.666666666667,17.8,5.3,552.5,4000.0
P2396,143.12,1066.666666666667,17.8,6.699999999999999,552.5,4600.0
P2397,173.03,1066.666666666667,17.8,8.1,552.5,5200.0
P2398,202.93,1066.666666666667,17.8,9.5,552.5,6000.0
P2399,48.49,1066.666666666667,19.6,2.5,552.5,2600.0
P2400,75.65,1066.666666666667,19.6,3.9,552.5,3200.0
P2401,102.8,1066.666666666667,19.6,5.3,552.5,3800.0
P2402,129.95,1066.666666666667,19.6,6.699999999999999,552.5,4600.0
P2403,157.11,1066.666666666667,19.6,8.1,552.5,5000.0
P2404,184.26,1066.666666666667,19.6,9.5,552.5,5800.0
P2405,44.37,1066.666666666667,21.4,2.5,552.5,2600.0
P2406,69.22,1066.666666666667,21.4,3.9,552.5,3000.0
P2407,94.07,1066.666666666667,21.4,5.3,552.5,3800.0
P2408,118.92,1066.666666666667,21.4,6.699999999999999,552.5,4400.0
P2409,143.76,1066.666666666667,21.4,8.1,552.5,5000.0
P2410,168.61,1066.666666666667,21.4,9.5,552.5,5600.0
P2411,41.0,1066.666666666667,23.2,2.5,552.5,2400.0
P2412,63.96,1066.666666666667,23.2,3.9,552.5,3000.0
P2413,86.92,1066.666666666667,23.2,5.3,552.5,3600.0
P2414,109.87,1066.666666666667,23.2,6.699999999999999,552.5,4200.0
P2415,132.83,1066.666666666667,23.2,8.1,552.5,4800.0
P2416,155.79,1066.666666666667,23.2,9.5,552.5,5400.0
P2417,37.9,1066.666666666667,25.0,2.5,552.5,2400.0
P2418,59.12,1066.666666666667,25.0,3.9,552.5,3000.0
P2419,80.34,1066.666666666667,25.0,5.3,552.5,3600.0
P2420,101.56,1066.666666666667,25.0,6.699999999999999,552.5,4200.0
P2421,122.78,1066.666666666667,25.0,8.1,552.5,4600.0
P2422,144.0,1066.666666666667,25.0,9.5,552.5,5400.0
P2423,77.66,1066.666666666667,16.0,2.5,628.3333333333333,3400.0
P2424,121.15,1066.666666666667,16.0,3.9,628.3333333333333,4200.0
P2425,164.64,1066.666666666667,16.0,5.3,628.3333333333333,5000.0
P2426,208.13,1066.666666666667,16.0,6.699999999999999,628.3333333333333,6000.0
P2427,251.62,1066.666666666667,16.0,8.1,628.3333333333333,7000.0
P2428,295.11,1066.666666666667,16.0,9.5,628.3333333333333,7800.0
P2429,69.9,1066.666666666667,17.8,2.5,628.3333333333333,3200.0
P2430,109.04,1066.666666666667,17.8,3.9,628.3333333333333,4000.0
P2431,148.19,1066.666666666667,17.8,5.3,628.3333333333333,5000.0
P2432,187.33,1066.666666666667,17.8,6.699999999999999,628.3333333333333,5800.0
P2433,226.48,1066.666666666667,17.8,8.1,628.3333333333333,6600.0
P2434,265.62,1066.666666666667,17.8,9.5,628.3333333333333,7600.0
P2435,63.42,1066.666666666667,19.6,2.5,628.3333333333333,3200.0
P2436,98.94,1066.666666666667,19.6,3.9,628.3333333333333,4000.0
P2437,134.46,1066.666666666667,19.6,5.3,628.3333333333333,4800.0
P2438,169.97,1066.666666666667,19.6,6.699999999999999,628.3333333333333,5600.0
P2439,205.49,1066.666666666667,19.6,8.1,628.3333333333333,6400.0
P2440,241.01,1066.666666666667,19.6,9.5,628.3333333333333,7200.0
P2441,57.99,1066.666666666667,21.4,2.5,628.3333333333333,3200.0
P2442,90.46,1066.666666666667,21.4,3.9,628.3333333333333,3800.0
P2443,122.93,1066.666666666667,21.4,5.3,628.3333333333333,4600.0
P2444,155.4,1066.666666666667,21.4,6.699999999999999,628.3333333333333,5400.0
P2445,187.87,1066.666666666667,21.4,8.1,628.3333333333333,6200.0
P2446,220.35,1066.666666666667,21.4,9.5,628.3333333333333,7000.0
P2447,53.57,1066.666666666667,23.2,2.5,628.3333333333333,3000.0
P2448,83.57,1066.666666666667,23.2,3.9,628.3333333333333,3800.0
P2449,113.57,1066.666666666667,23.2,5.3,628.3333333333333,4600.0
P2450,143.57,1066.666666666667,23.2,6.699999999999999,628.3333333333333,5400.0
P2451,173.57,1066.666666666667,23.2,8.1,628.3333333333333,6000.0
P2452,203.57,1066.666666666667,23.2,9.5,628.3333333333333,6800.0
P2453,49.68,1066.666666666667,25.0,2.5,628.3333333333333,3000.0
P2454,77.5,1066.666666666667,25.0,3.9,628.3333333333333,3600.0
P2455,105.31,1066.666666666667,25.0,5.3,628.3333333333333,4400.0
P2456,133.13,1066.666666666667,25.0,6.699999999999999,628.3333333333333,5200.0
P2457,160.95,1066.666666666667,25.0,8.1,628.3333333333333,5800.0
P2458,188.77,1066.666666666667,25.0,9.5,628.3333333333333,6800.0
P2459,98.52,1066.666666666667,16.0,2.5,704.1666666666666,4000.0
P2460,153.69,1066.666666666667,16.0,3.9,704.1666666666666,5000.0
P2461,208.86,1066.666666666667,16.0,5.3,704.1666666666666,6000.0
P2462,264.03,1066.666666666667,16.0,6.699999999999999,704.1666666666666,7200.0
P2463,319.21,1066.666666666667,16.0,8.1,704.1666666666666,8200.0
P2464,374.38,1066.666666666667,16.0,9.5,704.1666666666666,9400.0
P2465,88.49,1066.666666666667,17.8,2.5,704.1666666666666,3800.0
P2466,138.05,1066.666666666667,17.8,3.9,704.1666666666666,4800.0
P2467,187.61,1066.666666666667,17.8,5.3,704.1666666666666,5800.0
P2468,237.16,1066.666666666667,17.8,6.699999999999999,704.1666666666666,7000.0
P2469,286.72,1066.666666666667,17.8,8.1,704.1666666666666,7800.0
P2470,336.28,1066.666666666667,17.8,9.5,704.1666666666666,9000.0
P2471,80.36,1066.666666666667,19.6,2.5,704.1666666666666,3800.0
P2472,125.35,1066.666666666667,19.6,3.9,704.1666666666666,4600.0
P2473,170.35,1066.666666666667,19.6,5.3,704.1666666666666,5600.0
P2474,215.35,1066.666666666667,19.6,6.699999999999999,704.1666666666666,6800.0
P2475,260.35,1066.666666666667,19.6,8.1,704.1666666666666,7600.0
P2476,305.35,1066.666666666667,19.6,9.5,704.1666666666666,8600.0
P2477,73.62,1066.666666666667,21.4,2.5,704.1666666666666,3800.0
P2478,114.84,1066.666666666667,21.4,3.9,704.1666666666666,4600.0
P2479,156.07,1066.666666666667,21.4,5.3,704.1666666666666,5600.0
P2480,197.29,1066.666666666667,21.4,6.699999999999999,704.1666666666666,6600.0
P2481,238.52,1066.666666666667,21.4,8.1,704.1666666666666,7200.0
P2482,279.74,1066.666666666667,21.4,9.5,704.1666666666666,8400.0
P2483,67.97,1066.666666666667,23.2,2.5,704.1666666666666,3600.0
P2484,106.03,1066.666666666667,23.2,3.9,704.1666666666666,4400.0
P2485,144.09,1066.666666666667,23.2,5.3,704.1666666666666,5400.0
P2486,182.15,1066.666666666667,23.2,6.699999999999999,704.1666666666666,6400.0
P2487,220.21,1066.666666666667,23.2,8.1,704.1666666666666,7000.0
P2488,258.27,1066.666666666667,23.2,9.5,704.1666666666666,8200.0
P2489,63.03,1066.666666666667,25.0,2.5,704.1666666666666,3600.0
P2490,98.32,1066.666666666667,25.0,3.9,704.1666666666666,4400.0
P2491,133.62,1066.666666666667,25.0,5.3,704.1666666666666,5200.0
P2492,168.92,1066.666666666667,25.0,6.699999999999999,704.1666666666666,6200.0
P2493,204.21,1066.666666666667,25.0,8.1,704.1666666666666,6800.0
P2494,239.51,1066.666666666667,25.0,9.5,704.1666666666666,8000.0
P2495,121.77,1066.666666666667,16.0,2.5,780.0,4800.0
P2496,189.96,1066.666666666667,16.0,3.9,780.0,5800.0
P2497,258.15,1066.666666666667,16.0,5.3,780.0,7200.0
P2498,326.34,1066.666666666667,16.0,6.699999999999999,780.0,8600.0
P2499,394.53,1066.666666666667,16.0,8.1,780.0,9800.0
P2500,462.72,1066.666666666667,16.0,9.5,780.0,11200.0
P2501,109.46,1066.666666666667,17.8,2.5,780.0,4600.0
P2502,170.76,1066.666666666667,17.8,3.9,780.0,5600.0
P2503,232.06,1066.666666666667,17.8,5.3,780.0,7000.0
P2504,293.36,1066.666666666667,17.8,6.699999999999999,780.0,8200.0
P2505,354.66,1066.666666666667,17.8,8.1,780.0,9400.0
P2506,415.96,1066.666666666667,17.8,9.5,780.0,10800.0
P2507,99.29,1066.666666666667,19.6,2.5,780.0,4400.0
P2508,154.89,1066.666666666667,19.6,3.9,780.0,5600.0
P2509,210.49,1066.666666666667,19.6,5.3,780.0,6800.0
P2510,266.1,1066.666666666667,19.6,6.699999999999999,780.0,8000.0
P2511,321.7,1066.666666666667,19.6,8.1,780.0,9000.0
P2512,377.3,1066.666666666667,19.6,9.5,780.0,10200.0
P2513,90.93,1066.666666666667,21.4,2.5,780.0,4400.0
P2514,141.85,1066.666666666667,21.4,3.9,780.0,5400.0
P2515,192.77,1066.666666666667,21.4,5.3,780.0,6800.0
P2516,243.69,1066.666666666667,21.4,6.699999999999999,780.0,8000.0
P2517,294.61,1066.666666666667,21.4,8.1,780.0,9000.0
P2518,345.53,1066.666666666667,21.4,9.5,780.0,10000.0
P2519,84.0,1066.666666666667,23.2,2.5,780.0,4400.0
P2520,131.04,1066.666666666667,23.2,3.9,780.0,5400.0
P2521,178.08,1066.666666666667,23.2,5.3,780.0,6600.0
P2522,225.12,1066.666666666667,23.2,6.699999999999999,780.0,7800.0
P2523,272.16,1066.666666666667,23.2,8.1,780.0,8600.0
P2524,319.2,1066.666666666667,23.2,9.5,780.0,9600.0
P2525,77.95,1066.666666666667,25.0,2.5,780.0,4400.0
P2526,121.6,1066.666666666667,25.0,3.9,780.0,5200.0
P2527,165.26,1066.666666666667,25.0,5.3,780.0,6400.0
P2528,208.91,1066.666666666667,25.0,6.699999999999999,780.0,7600.0
P2529,252.56,1066.666666666667,25.0,8.1,780.0,8400.0
P2530,296.21,1066.666666666667,25.0,9.5,780.0,9400.0
P2531,19.23,1300.0,16.0,2.5,325.0,1140.0
P2532,29.99,1300.0,16.0,3.9,325.0,1400.0
P2533,40.76,1300.0,16.0,5.3,325.0,1720.0
P2534,51.53,1300.0,16.0,6.699999999999999,325.0,2000.0
P2535,62.29,1300.0,16.0,8.1,325.0,2400.0
P2536,73.06,1300.0,16.0,9.5,325.0,2600.0
P2537,17.2,1300.0,17.8,2.5,325.0,1120.0
P2538,26.82,1300.0,17.8,3.9,325.0,1360.0
P2539,36.45,1300.0,17.8,5.3,325.0,1680.0
P2540,46.08,1300.0,17.8,6.699999999999999,325.0,2000.0
P2541,55.71,1300.0,17.8,8.1,325.0,2200.0
P2542,65.34,1300.0,17.8,9.5,325.0,2600.0
P2543,15.55,1300.0,19.6,2.5,325.0,1100.0
P2544,24.25,1300.0,19.6,3.9,325.0,1340.0
P2545,32.96,1300.0,19.6,5.3,325.0,1640.0
P2546,41.67,1300.0,19.6,6.699999999999999,325.0,1940.0
P2547,50.37,1300.0,19.6,8.1,325.0,2200.0
P2548,59.08,1300.0,19.6,9.5,325.0,2400.0
P2549,14.29,1300.0,21.4,2.5,325.0,1100.0
P2550,22.29,1300.0,21.4,3.9,325.0,1320.0
P2551,30.29,1300.0,21.4,5.3,325.0,1640.0
P2552,38.29,1300.0,21.4,6.699999999999999,325.0,1940.0
P2553,46.29,1300.0,21.4,8.1,325.0,2200.0
P2554,54.29,1300.0,21.4,9.5,325.0,2400.0
P2555,13.12,1300.0,23.2,2.5,325.0,1080.0
P2556,20.47,1300.0,23.2,3.9,325.0,1300.0
P2557,27.81,1300.0,23.2,5.3,325.0,1600.0
P2558,35.16,1300.0,23.2,6.699999999999999,325.0,1900.0
P2559,42.51,1300.0,23.2,8.1,325.0,2200.0
P2560,49.85,1300.0,23.2,9.5,325.0,2400.0
P2561,12.17,1300.0,25.0,2.5,325.0,1080.0
P2562,18.99,1300.0,25.0,3.9,325.0,1280.0
P2563,25.81,1300.0,25.0,5.3,325.0,1580.0
P2564,32.63,1300.0,25.0,6.699999999999999,325.0,1860.0
P2565,39.44,1300.0,25.0,8.1,325.0,2000.0
P2566,46.26,1300.0,25.0,9.5,325.0,2400.0
P2567,30.16,1300.0,16.0,2.5,400.8333333333333,1540.0
P2568,47.05,1300.0,16.0,3.9,400.8333333333333,1880.0
P2569,63.94,1300.0,16.0,5.3,400.8333333333333,2400.0
P2570,80.83,1300.0,16.0,6.699999999999999,400.8333333333333,2800.0
P2571,97.72,1300.0,16.0,8.1,400.8333333333333,3200.0
P2572,114.61,1300.0,16.0,9.5,400.8333333333333,3600.0
P2573,27.12,1300.0,17.8,2.5,400.8333333333333,1500.0
P2574,42.31,1300.0,17.8,3.9,400.8333333333333,1820.0
P2575,57.5,1300.0,17.8,5.3,400.8333333333333,2200.0
P2576,72.69,1300.0,17.8,6.699999999999999,400.8333333333333,2600.0
P2577,87.87,1300.0,17.8,8.1,400.8333333333333,3000.0
P2578,103.06,1300.0,17.8,9.5,400.8333333333333,3400.0
P2579,24.63,1300.0,19.6,2.5,400.8333333333333,1480.0
P2580,38.42,1300.0,19.6,3.9,400.8333333333333,1780.0
P2581,52.22,1300.0,19.6,5.3,400.8333333333333,2200.0
P2582,66.01,1300.0,19.6,6.699999999999999,400.8333333333333,2600.0
P2583,79.8,1300.0,19.6,8.1,400.8333333333333,3000.0
P2584,93.59,1300.0,19.6,9.5,400.8333333333333,3400.0
P2585,22.52,1300.0,21.4,2.5,400.8333333333333,1520.0
P2586,35.13,1300.0,21.4,3.9,400.8333333333333,1840.0
P2587,47.75,1300.0,21.4,5.3,400.8333333333333,2200.0
P2588,60.36,1300.0,21.4,6.699999999999999,400.8333333333333,2600.0
P2589,72.97,1300.0,21.4,8.1,400.8333333333333,3000.0
P2590,85.58,1300.0,21.4,9.5,400.8333333333333,3400.0
P2591,20.77,1300.0,23.2,2.5,400.8333333333333,1500.0
P2592,32.4,1300.0,23.2,3.9,400.8333333333333,1800.0
P2593,44.04,1300.0,23.2,5.3,400.8333333333333,2200.0
P2594,55.67,1300.0,23.2,6.699999999999999,400.8333333333333,2600.0
P2595,67.3,1300.0,23.2,8.1,400.8333333333333,2800.0
P2596,78.93,1300.0,23.2,9.5,400.8333333333333,3200.0
P2597,19.24,1300.0,25.0,2.5,400.8333333333333,1480.0
P2598,30.02,1300.0,25.0,3.9,400.8333333333333,1780.0
P2599,40.79,1300.0,25.0,5.3,400.8333333333333,2200.0
P2600,51.57,1300.0,25.0,6.699999999999999,400.8333333333333,2600.0
P2601,62.34,1300.0,25.0,8.1,400.8333333333333,2800.0
P2602,73.12,1300.0,25.0,9.5,400.8333333333333,3200.0
P2603,43.48,1300.0,16.0,2.5,476.6666666666666,2200.0
P2604,67.83,1300.0,16.0,3.9,476.6666666666666,2600.0
P2605,92.18,1300.0,16.0,5.3,476.6666666666666,3200.0
P2606,116.53,1300.0,16.0,6.699999999999999,476.6666666666666,3800.0
P2607,140.87,1300.0,16.0,8.1,476.6666666666666,4200.0
P2608,165.22,1300.0,16.0,9.5,476.6666666666666,4800.0
P2609,39.14,1300.0,17.8,2.5,476.6666666666666,2000.0
P2610,61.07,1300.0,17.8,3.9,476.6666666666666,2600.0
P2611,82.99,1300.0,17.8,5.3,476.6666666666666,3200.0
P2612,104.91,1300.0,17.8,6.699999999999999,476.6666666666666,3600.0
P2613,126.83,1300.0,17.8,8.1,476.6666666666666,4200.0
P2614,148.75,1300.0,17.8,9.5,476.6666666666666,4800.0
P2615,35.56,1300.0,19.6,2.5,476.6666666666666,2000.0
P2616,55.47,1300.0,19.6,3.9,476.6666666666666,2400.0
P2617,75.39,1300.0,19.6,5.3,476.6666666666666,3000.0
P2618,95.3,1300.0,19.6,6.699999999999999,476.6666666666666,3600.0
P2619,115.21,1300.0,19.6,8.1,476.6666666666666,4000.0
P2620,135.13,1300.0,19.6,9.5,476.6666666666666,4600.0
P2621,32.44,1300.0,21.4,2.5,476.6666666666666,2000.0
P2622,50.6,1300.0,21.4,3.9,476.6666666666666,2400.0
P2623,68.77,1300.0,21.4,5.3,476.6666666666666,3000.0
P2624,86.94,1300.0,21.4,6.699999999999999,476.6666666666666,3600.0
P2625,105.1,1300.0,21.4,8.1,476.6666666666666,4000.0
P2626,123.27,1300.0,21.4,9.5,476.6666666666666,4400.0
P2627,29.88,1300.0,23.2,2.5,476.6666666666666,1960.0
P2628,46.62,1300.0,23.2,3.9,476.6666666666666,2400.0
P2629,63.35,1300.0,23.2,5.3,476.6666666666666,3000.0
P2630,80.09,1300.0,23.2,6.699999999999999,476.6666666666666,3400.0
P2631,96.82,1300.0,23.2,8.1,476.6666666666666,3800.0
P2632,113.55,1300.0,23.2,9.5,476.6666666666666,4400.0
P2633,27.88,1300.0,25.0,2.5,476.6666666666666,1940.0
P2634,43.5,1300.0,25.0,3.9,476.6666666666666,2400.0
P2635,59.11,1300.0,25.0,5.3,476.6666666666666,2800.0
P2636,74.72,1300.0,25.0,6.699999999999999,476.6666666666666,3400.0
P2637,90.34,1300.0,25.0,8.1,476.6666666666666,3800.0
P2638,105.95,1300.0,25.0,9.5,476.6666666666666,4200.0
P2639,59.44,1300.0,16.0,2.5,552.5,2600.0
P2640,92.72,1300.0,16.0,3.9,552.5,3400.0
P2641,126.01,1300.0,16.0,5.3,552.5,4200.0
P2642,159.3,1300.0,16.0,6.699999999999999,552.5,4800.0
P2643,192.58,1300.0,16.0,8.1,552.5,5400.0
P2644,225.87,1300.0,16.0,9.5,552.5,6200.0
P2645,53.4,1300.0,17.8,2.5,552.5,2600.0
P2646,83.31,1300.0,17.8,3.9,552.5,3200.0
P2647,113.22,1300.0,17.8,5.3,552.5,4000.0
P2648,143.12,1300.0,17.8,6.699999999999999,552.5,4600.0
P2649,173.03,1300.0,17.8,8.1,552.5,5200.0
P2650,202.93,1300.0,17.8,9.5,552.5,6000.0
P2651,48.49,1300.0,19.6,2.5,552.5,2600.0
P2652,75.65,1300.0,19.6,3.9,552.5,3200.0
P2653,102.8,1300.0,19.6,5.3,552.5,3800.0
P2654,129.95,1300.0,19.6,6.699999999999999,552.5,4600.0
P2655,157.11,1300.0,19.6,8.1,552.5,5000.0
P2656,184.26,1300.0,19.6,9.5,552.5,5800.0
P2657,44.37,1300.0,21.4,2.5,552.5,2600.0
P2658,69.22,1300.0,21.4,3.9,552.5,3000.0
P2659,94.07,1300.0,21.4,5.3,552.5,3800.0
P2660,118.92,1300.0,21.4,6.699999999999999,552.5,4400.0
P2661,143.76,1300.0,21.4,8.1,552.5,5000.0
P2662,168.61,1300.0,21.4,9.5,552.5,5600.0
P2663,41.0,1300.0,23.2,2.5,552.5,2400.0
P2664,63.96,1300.0,23.2,3.9,552.5,3000.0
P2665,86.92,1300.0,23.2,5.3,552.5,3600.0
P2666,109.87,1300.0,23.2,6.699999999999999,552.5,4400.0
P2667,132.83,1300.0,23.2,8.1,552.5,4800.0
P2668,155.79,1300.0,23.2,9.5,552.5,5400.0
P2669,37.9,1300.0,25.0,2.5,552.5,2400.0
P2670,59.12,1300.0,25.0,3.9,552.5,3000.0
P2671,80.34,1300.0,25.0,5.3,552.5,3600.0
P2672,101.56,1300.0,25.0,6.699999999999999,552.5,4200.0
P2673,122.78,1300.0,25.0,8.1,552.5,4800.0
P2674,144.0,1300.0,25.0,9.5,552.5,5400.0
P2675,77.66,1300.0,16.0,2.5,628.3333333333333,3400.0
P2676,121.15,1300.0,16.0,3.9,628.3333333333333,4200.0
P2677,164.64,1300.0,16.0,5.3,628.3333333333333,5200.0
P2678,208.13,1300.0,16.0,6.699999999999999,628.3333333333333,6000.0
P2679,251.62,1300.0,16.0,8.1,628.3333333333333,7000.0
P2680,295.11,1300.0,16.0,9.5,628.3333333333333,7800.0
P2681,69.9,1300.0,17.8,2.5,628.3333333333333,3200.0
P2682,109.04,1300.0,17.8,3.9,628.3333333333333,4000.0
P2683,148.19,1300.0,17.8,5.3,628.3333333333333,5000.0
P2684,187.33,1300.0,17.8,6.699999999999999,628.3333333333333,5800.0
P2685,226.48,1300.0,17.8,8.1,628.3333333333333,6600.0
P2686,265.62,1300.0,17.8,9.5,628.3333333333333,7600.0
P2687,63.42,1300.0,19.6,2.5,628.3333333333333,3200.0
P2688,98.94,1300.0,19.6,3.9,628.3333333333333,4000.0
P2689,134.46,1300.0,19.6,5.3,628.3333333333333,4800.0
P2690,169.97,1300.0,19.6,6.699999999999999,628.3333333333333,5600.0
P2691,205.49,1300.0,19.6,8.1,628.3333333333333,6400.0
P2692,241.01,1300.0,19.6,9.5,628.3333333333333,7200.0
P2693,57.99,1300.0,21.4,2.5,628.3333333333333,3200.0
P2694,90.46,1300.0,21.4,3.9,628.3333333333333,3800.0
P2695,122.93,1300.0,21.4,5.3,628.3333333333333,4600.0
P2696,155.4,1300.0,21.4,6.699999999999999,628.3333333333333,5600.0
P2697,187.87,1300.0,21.4,8.1,628.3333333333333,6200.0
P2698,220.35,1300.0,21.4,9.5,628.3333333333333,7000.0
P2699,53.57,1300.0,23.2,2.5,628.3333333333333,3200.0
P2700,83.57,1300.0,23.2,3.9,628.3333333333333,3800.0
P2701,113.57,1300.0,23.2,5.3,628.3333333333333,4600.0
P2702,143.57,1300.0,23.2,6.699999999999999,628.3333333333333,5400.0
P2703,173.57,1300.0,23.2,8.1,628.3333333333333,6000.0
P2704,203.57,1300.0,23.2,9.5,628.3333333333333,6800.0
P2705,49.68,1300.0,25.0,2.5,628.3333333333333,3000.0
P2706,77.5,1300.0,25.0,3.9,628.3333333333333,3800.0
P2707,105.31,1300.0,25.0,5.3,628.3333333333333,4400.0
P2708,133.13,1300.0,25.0,6.699999999999999,628.3333333333333,5200.0
P2709,160.95,1300.0,25.0,8.1,628.3333333333333,5800.0
P2710,188.77,1300.0,25.0,9.5,628.3333333333333,6800.0
P2711,98.52,1300.0,16.0,2.5,704.1666666666666,4000.0
P2712,153.69,1300.0,16.0,3.9,704.1666666666666,5000.0
P2713,208.86,1300.0,16.0,5.3,704.1666666666666,6000.0
P2714,264.03,1300.0,16.0,6.699999999999999,704.1666666666666,7200.0
P2715,319.21,1300.0,16.0,8.1,704.1666666666666,8200.0
P2716,374.38,1300.0,16.0,9.5,704.1666666666666,9400.0
P2717,88.49,1300.0,17.8,2.5,704.1666666666666,4000.0
P2718,138.05,1300.0,17.8,3.9,704.1666666666666,4800.0
P2719,187.61,1300.0,17.8,5.3,704.1666666666666,5800.0
P2720,237.16,1300.0,17.8,6.699999999999999,704.1666666666666,7000.0
P2721,286.72,1300.0,17.8,8.1,704.1666666666666,7800.0
P2722,336.28,1300.0,17.8,9.5,704.1666666666666,9000.0
P2723,80.36,1300.0,19.6,2.5,704.1666666666666,3800.0
P2724,125.35,1300.0,19.6,3.9,704.1666666666666,4600.0
P2725,170.35,1300.0,19.6,5.3,704.1666666666666,5600.0
P2726,215.35,1300.0,19.6,6.699999999999999,704.1666666666666,6800.0
P2727,260.35,1300.0,19.6,8.1,704.1666666666666,7600.0
P2728,305.35,1300.0,19.6,9.5,704.1666666666666,8600.0
P2729,73.62,1300.0,21.4,2.5,704.1666666666666,3800.0
P2730,114.84,1300.0,21.4,3.9,704.1666666666666,4600.0
P2731,156.07,1300.0,21.4,5.3,704.1666666666666,5600.0
P2732,197.29,1300.0,21.4,6.699999999999999,704.1666666666666,6600.0
P2733,238.52,1300.0,21.4,8.1,704.1666666666666,7200.0
P2734,279.74,1300.0,21.4,9.5,704.1666666666666,8400.0
P2735,67.97,1300.0,23.2,2.5,704.1666666666666,3600.0
P2736,106.03,1300.0,23.2,3.9,704.1666666666666,4400.0
P2737,144.09,1300.0,23.2,5.3,704.1666666666666,5400.0
P2738,182.15,1300.0,23.2,6.699999999999999,704.1666666666666,6400.0
P2739,220.21,1300.0,23.2,8.1,704.1666666666666,7000.0
P2740,258.27,1300.0,23.2,9.5,704.1666666666666,8200.0
P2741,63.03,1300.0,25.0,2.5,704.1666666666666,3600.0
P2742,98.32,1300.0,25.0,3.9,704.1666666666666,4400.0
P2743,133.62,1300.0,25.0,5.3,704.1666666666666,5400.0
P2744,168.92,1300.0,25.0,6.699999999999999,704.1666666666666,6200.0
P2745,204.21,1300.0,25.0,8.1,704.1666666666666,6800.0
P2746,239.51,1300.0,25.0,9.5,704.1666666666666,8000.0
P2747,121.77,1300.0,16.0,2.5,780.0,4800.0
P2748,189.96,1300.0,16.0,3.9,780.0,5800.0
P2749,258.15,1300.0,16.0,5.3,780.0,7200.0
P2750,326.34,1300.0,16.0,6.699999999999999,780.0,8600.0
P2751,394.53,1300.0,16.0,8.1,780.0,9800.0
P2752,462.72,1300.0,16.0,9.5,780.0,11200.0
P2753,109.46,1300.0,17.8,2.5,780.0,4600.0
P2754,170.76,1300.0,17.8,3.9,780.0,5600.0
P2755,232.06,1300.0,17.8,5.3,780.0,7000.0
P2756,293.36,1300.0,17.8,6.699999999999999,780.0,8200.0
P2757,354.66,1300.0,17.8,8.1,780.0,9400.0
P2758,415.96,1300.0,17.8,9.5,780.0,10800.0
P2759,99.29,1300.0,19.6,2.5,780.0,4600.0
P2760,154.89,1300.0,19.6,3.9,780.0,5600.0
P2761,210.49,1300.0,19.6,5.3,780.0,6800.0
P2762,266.1,1300.0,19.6,6.699999999999999,780.0,8000.0
P2763,321.7,1300.0,19.6,8.1,780.0,9000.0
P2764,377.3,1300.0,19.6,9.5,780.0,10200.0
P2765,90.93,1300.0,21.4,2.5,780.0,4600.0
P2766,141.85,1300.0,21.4,3.9,780.0,5400.0
P2767,192.77,1300.0,21.4,5.3,780.0,6800.0
P2768,243.69,1300.0,21.4,6.699999999999999,780.0,8000.0
P2769,294.61,1300.0,21.4,8.1,780.0,9000.0
P2770,345.53,1300.0,21.4,9.5,780.0,10000.0
P2771,84.0,1300.0,23.2,2.5,780.0,4400.0
P2772,131.04,1300.0,23.2,3.9,780.0,5400.0
P2773,178.08,1300.0,23.2,5.3,780.0,6600.0
P2774,225.12,1300.0,23.2,6.699999999999999,780.0,7800.0
P2775,272.16,1300.0,23.2,8.1,780.0,8600.0
P2776,319.2,1300.0,23.2,9.5,780.0,9600.0
P2777,77.95,1300.0,25.0,2.5,780.0,4400.0
P2778,121.6,1300.0,25.0,3.9,780.0,5200.0
P2779,165.26,1300.0,25.0,5.3,780.0,6400.0
P2780,208.91,1300.0,25.0,6.699999999999999,780.0,7600.0
P2781,252.56,1300.0,25.0,8.1,780.0,8400.0
P2782,296.21,1300.0,25.0,9.5,780.0,9400.0
P2783,19.23,1533.333333333333,16.0,2.5,325.0,1160.0
P2784,29.99,1533.333333333333,16.0,3.9,325.0,1400.0
P2785,40.76,1533.333333333333,16.0,5.3,325.0,1740.0
P2786,51.53,1533.333333333333,16.0,6.699999999999999,325.0,2000.0
P2787,62.29,1533.333333333333,16.0,8.1,325.0,2400.0
P2788,73.06,1533.333333333333,16.0,9.5,325.0,2600.0
P2789,17.2,1533.333333333333,17.8,2.5,325.0,1140.0
P2790,26.82,1533.333333333333,17.8,3.9,325.0,1360.0
P2791,36.45,1533.333333333333,17.8,5.3,325.0,1700.0
P2792,46.08,1533.333333333333,17.8,6.699999999999999,325.0,2000.0
P2793,55.71,1533.333333333333,17.8,8.1,325.0,2200.0
P2794,65.34,1533.333333333333,17.8,9.5,325.0,2600.0
P2795,15.55,1533.333333333333,19.6,2.5,325.0,1120.0
P2796,24.25,1533.333333333333,19.6,3.9,325.0,1340.0
P2797,32.96,1533.333333333333,19.6,5.3,325.0,1660.0
P2798,41.67,1533.333333333333,19.6,6.699999999999999,325.0,1940.0
P2799,50.37,1533.333333333333,19.6,8.1,325.0,2200.0
P2800,59.08,1533.333333333333,19.6,9.5,325.0,2400.0
P2801,14.29,1533.333333333333,21.4,2.5,325.0,1100.0
P2802,22.29,1533.333333333333,21.4,3.9,325.0,1320.0
P2803,30.29,1533.333333333333,21.4,5.3,325.0,1640.0
P2804,38.29,1533.333333333333,21.4,6.699999999999999,325.0,1940.0
P2805,46.29,1533.333333333333,21.4,8.1,325.0,2200.0
P2806,54.29,1533.333333333333,21.4,9.5,325.0,2400.0
P2807,13.12,1533.333333333333,23.2,2.5,325.0,1080.0
P2808,20.47,1533.333333333333,23.2,3.9,325.0,1320.0
P2809,27.81,1533.333333333333,23.2,5.3,325.0,1600.0
P2810,35.16,1533.333333333333,23.2,6.699999999999999,325.0,1900.0
P2811,42.51,1533.333333333333,23.2,8.1,325.0,2200.0
P2812,49.85,1533.333333333333,23.2,9.5,325.0,2400.0
P2813,12.17,1533.333333333333,25.0,2.5,325.0,1080.0
P2814,18.99,1533.333333333333,25.0,3.9,325.0,1300.0
P2815,25.81,1533.333333333333,25.0,5.3,325.0,1580.0
P2816,32.63,1533.333333333333,25.0,6.699999999999999,325.0,1860.0
P2817,39.44,1533.333333333333,25.0,8.1,325.0,2000.0
P2818,46.26,1533.333333333333,25.0,9.5,325.0,2400.0
P2819,30.16,1533.333333333333,16.0,2.5,400.8333333333333,1540.0
P2820,47.05,1533.333333333333,16.0,3.9,400.8333333333333,1900.0
P2821,63.94,1533.333333333333,16.0,5.3,400.8333333333333,2400.0
P2822,80.83,1533.333333333333,16.0,6.699999999999999,400.8333333333333,2800.0
P2823,97.72,1533.333333333333,16.0,8.1,400.8333333333333,3200.0
P2824,114.61,1533.333333333333,16.0,9.5,400.8333333333333,3600.0
P2825,27.12,1533.333333333333,17.8,2.5,400.8333333333333,1500.0
P2826,42.31,1533.333333333333,17.8,3.9,400.8333333333333,1840.0
P2827,57.5,1533.333333333333,17.8,5.3,400.8333333333333,2200.0
P2828,72.69,1533.333333333333,17.8,6.699999999999999,400.8333333333333,2600.0
P2829,87.87,1533.333333333333,17.8,8.1,400.8333333333333,3000.0
P2830,103.06,1533.333333333333,17.8,9.5,400.8333333333333,3400.0
P2831,24.63,1533.333333333333,19.6,2.5,400.8333333333333,1480.0
P2832,38.42,1533.333333333333,19.6,3.9,400.8333333333333,1800.0
P2833,52.22,1533.333333333333,19.6,5.3,400.8333333333333,2200.0
P2834,66.01,1533.333333333333,19.6,6.699999999999999,400.8333333333333,2600.0
P2835,79.8,1533.333333333333,19.6,8.1,400.8333333333333,3000.0
P2836,93.59,1533.333333333333,19.6,9.5,400.8333333333333,3400.0
P2837,22.52,1533.333333333333,21.4,2.5,400.8333333333333,1520.0
P2838,35.13,1533.333333333333,21.4,3.9,400.8333333333333,1840.0
P2839,47.75,1533.333333333333,21.4,5.3,400.8333333333333,2200.0
P2840,60.36,1533.333333333333,21.4,6.699999999999999,400.8333333333333,2600.0
P2841,72.97,1533.333333333333,21.4,8.1,400.8333333333333,3000.0
P2842,85.58,1533.333333333333,21.4,9.5,400.8333333333333,3400.0
P2843,20.77,1533.333333333333,23.2,2.5,400.8333333333333,1500.0
P2844,32.4,1533.333333333333,23.2,3.9,400.8333333333333,1800.0
P2845,44.04,1533.333333333333,23.2,5.3,400.8333333333333,2200.0
P2846,55.67,1533.333333333333,23.2,6.699999999999999,400.8333333333333,2600.0
P2847,67.3,1533.333333333333,23.2,8.1,400.8333333333333,2800.0
P2848,78.93,1533.333333333333,23.2,9.5,400.8333333333333,3200.0
P2849,19.24,1533.333333333333,25.0,2.5,400.8333333333333,1480.0
P2850,30.02,1533.333333333333,25.0,3.9,400.8333333333333,1780.0
P2851,40.79,1533.333333333333,25.0,5.3,400.8333333333333,2200.0
P2852,51.57,1533.333333333333,25.0,6.699999999999999,400.8333333333333,2600.0
P2853,62.34,1533.333333333333,25.0,8.1,400.8333333333333,2800.0
P2854,73.12,1533.333333333333,25.0,9.5,400.8333333333333,3200.0
P2855,43.48,1533.333333333333,16.0,2.5,476.6666666666666,2200.0
P2856,67.83,1533.333333333333,16.0,3.9,476.6666666666666,2600.0
P2857,92.18,1533.333333333333,16.0,5.3,476.6666666666666,3200.0
P2858,116.53,1533.333333333333,16.0,6.699999999999999,476.6666666666666,3800.0
P2859,140.87,1533.333333333333,16.0,8.1,476.6666666666666,4200.0
P2860,165.22,1533.333333333333,16.0,9.5,476.6666666666666,4800.0
P2861,39.14,1533.333333333333,17.8,2.5,476.6666666666666,2000.0
P2862,61.07,1533.333333333333,17.8,3.9,476.6666666666666,2600.0
P2863,82.99,1533.333333333333,17.8,5.3,476.6666666666666,3200.0
P2864,104.91,1533.333333333333,17.8,6.699999999999999,476.6666666666666,3600.0
P2865,126.83,1533.333333333333,17.8,8.1,476.6666666666666,4200.0
P2866,148.75,1533.333333333333,17.8,9.5,476.6666666666666,4800.0
P2867,35.56,1533.333333333333,19.6,2.5,476.6666666666666,2000.0
P2868,55.47,1533.333333333333,19.6,3.9,476.6666666666666,2400.0
P2869,75.39,1533.333333333333,19.6,5.3,476.6666666666666,3000.0
P2870,95.3,1533.333333333333,19.6,6.699999999999999,476.6666666666666,3600.0
P2871,115.21,1533.333333333333,19.6,8.1,476.6666666666666,4000.0
P2872,135.13,1533.333333333333,19.6,9.5,476.6666666666666,4600.0
P2873,32.44,1533.333333333333,21.4,2.5,476.6666666666666,2000.0
P2874,50.6,1533.333333333333,21.4,3.9,476.6666666666666,2400.0
P2875,68.77,1533.333333333333,21.4,5.3,476.6666666666666,3000.0
P2876,86.94,1533.333333333333,21.4,6.699999999999999,476.6666666666666,3600.0
P2877,105.1,1533.333333333333,21.4,8.1,476.6666666666666,4000.0
P2878,123.27,1533.333333333333,21.4,9.5,476.6666666666666,4400.0
P2879,29.88,1533.333333333333,23.2,2.5,476.6666666666666,1980.0
P2880,46.62,1533.333333333333,23.2,3.9,476.6666666666666,2400.0
P2881,63.35,1533.333333333333,23.2,5.3,476.6666666666666,3000.0
P2882,80.09,1533.333333333333,23.2,6.699999999999999,476.6666666666666,3400.0
P2883,96.82,1533.333333333333,23.2,8.1,476.6666666666666,3800.0
P2884,113.55,1533.333333333333,23.2,9.5,476.6666666666666,4400.0
P2885,27.88,1533.333333333333,25.0,2.5,476.6666666666666,1960.0
P2886,43.5,1533.333333333333,25.0,3.9,476.6666666666666,2400.0
P2887,59.11,1533.333333333333,25.0,5.3,476.6666666666666,2800.0
P2888,74.72,1533.333333333333,25.0,6.699999999999999,476.6666666666666,3400.0
P2889,90.34,1533.333333333333,25.0,8.1,476.6666666666666,3800.0
P2890,105.95,1533.333333333333,25.0,9.5,476.6666666666666,4200.0
P2891,59.44,1533.333333333333,16.0,2.5,552.5,2800.0
P2892,92.72,1533.333333333333,16.0,3.9,552.5,3400.0
P2893,126.01,1533.333333333333,16.0,5.3,552.5,4200.0
P2894,159.3,1533.333333333333,16.0,6.699999999999999,552.5,4800.0
P2895,192.58,1533.333333333333,16.0,8.1,552.5,5400.0
P2896,225.87,1533.333333333333,16.0,9.5,552.5,6200.0
P2897,53.4,1533.333333333333,17.8,2.5,552.5,2600.0
P2898,83.31,1533.333333333333,17.8,3.9,552.5,3200.0
P2899,113.22,1533.333333333333,17.8,5.3,552.5,4000.0
P2900,143.12,1533.333333333333,17.8,6.699999999999999,552.5,4600.0
P2901,173.03,1533.333333333333,17.8,8.1,552.5,5200.0
P2902,202.93,1533.333333333333,17.8,9.5,552.5,6000.0
P2903,48.49,1533.333333333333,19.6,2.5,552.5,2600.0
P2904,75.65,1533.333333333333,19.6,3.9,552.5,3200.0
P2905,102.8,1533.333333333333,19.6,5.3,552.5,3800.0
P2906,129.95,1533.333333333333,19.6,6.699999999999999,552.5,4600.0
P2907,157.11,1533.333333333333,19.6,8.1,552.5,5200.0
P2908,184.26,1533.333333333333,19.6,9.5,552.5,5800.0
P2909,44.37,1533.333333333333,21.4,2.5,552.5,2600.0
P2910,69.22,1533.333333333333,21.4,3.9,552.5,3000.0
P2911,94.07,1533.333333333333,21.4,5.3,552.5,3800.0
P2912,118.92,1533.333333333333,21.4,6.699999999999999,552.5,4400.0
P2913,143.76,1533.333333333333,21.4,8.1,552.5,5000.0
P2914,168.61,1533.333333333333,21.4,9.5,552.5,5600.0
P2915,41.0,1533.333333333333,23.2,2.5,552.5,2600.0
P2916,63.96,1533.333333333333,23.2,3.9,552.5,3000.0
P2917,86.92,1533.333333333333,23.2,5.3,552.5,3800.0
P2918,109.87,1533.333333333333,23.2,6.699999999999999,552.5,4400.0
P2919,132.83,1533.333333333333,23.2,8.1,552.5,4800.0
P2920,155.79,1533.333333333333,23.2,9.5,552.5,5600.0
P2921,37.9,1533.333333333333,25.0,2.5,552.5,2400.0
P2922,59.12,1533.333333333333,25.0,3.9,552.5,3000.0
P2923,80.34,1533.333333333333,25.0,5.3,552.5,3600.0
P2924,101.56,1533.333333333333,25.0,6.699999999999999,552.5,4200.0
P2925,122.78,1533.333333333333,25.0,8.1,552.5,4800.0
P2926,144.0,1533.333333333333,25.0,9.5,552.5,5400.0
P2927,77.66,1533.333333333333,16.0,2.5,628.3333333333333,3400.0
P2928,121.15,1533.333333333333,16.0,3.9,628.3333333333333,4200.0
P2929,164.64,1533.333333333333,16.0,5.3,628.3333333333333,5200.0
P2930,208.13,1533.333333333333,16.0,6.699999999999999,628.3333333333333,6000.0
P2931,251.62,1533.333333333333,16.0,8.1,628.3333333333333,7000.0
P2932,295.11,1533.333333333333,16.0,9.5,628.3333333333333,7800.0
P2933,69.9,1533.333333333333,17.8,2.5,628.3333333333333,3400.0
P2934,109.04,1533.333333333333,17.8,3.9,628.3333333333333,4000.0
P2935,148.19,1533.333333333333,17.8,5.3,628.3333333333333,5000.0
P2936,187.33,1533.333333333333,17.8,6.699999999999999,628.3333333333333,5800.0
P2937,226.48,1533.333333333333,17.8,8.1,628.3333333333333,6600.0
P2938,265.62,1533.333333333333,17.8,9.5,628.3333333333333,7600.0
P2939,63.42,1533.333333333333,19.6,2.5,628.3333333333333,3200.0
P2940,98.94,1533.333333333333,19.6,3.9,628.3333333333333,4000.0
P2941,134.46,1533.333333333333,19.6,5.3,628.3333333333333,4800.0
P2942,169.97,1533.333333333333,19.6,6.699999999999999,628.3333333333333,5600.0
P2943,205.49,1533.333333333333,19.6,8.1,628.3333333333333,6400.0
P2944,241.01,1533.333333333333,19.6,9.5,628.3333333333333,7200.0
P2945,57.99,1533.333333333333,21.4,2.5,628.3333333333333,3200.0
P2946,90.46,1533.333333333333,21.4,3.9,628.3333333333333,3800.0
P2947,122.93,1533.333333333333,21.4,5.3,628.3333333333333,4600.0
P2948,155.4,1533.333333333333,21.4,6.699999999999999,628.3333333333333,5600.0
P2949,187.87,1533.333333333333,21.4,8.1,628.3333333333333,6200.0
P2950,220.35,1533.333333333333,21.4,9.5,628.3333333333333,7000.0
P2951,53.57,1533.333333333333,23.2,2.5,628.3333333333333,3200.0
P2952,83.57,1533.333333333333,23.2,3.9,628.3333333333333,3800.0
P2953,113.57,1533.333333333333,23.2,5.3,628.3333333333333,4600.0
P2954,143.57,1533.333333333333,23.2,6.699999999999999,628.3333333333333,5400.0
P2955,173.57,1533.333333333333,23.2,8.1,628.3333333333333,6000.0
P2956,203.57,1533.333333333333,23.2,9.5,628.3333333333333,6800.0
P2957,49.68,1533.333333333333,25.0,2.5,628.3333333333333,3000.0
P2958,77.5,1533.333333333333,25.0,3.9,628.3333333333333,3800.0
P2959,105.31,1533.333333333333,25.0,5.3,628.3333333333333,4400.0
P2960,133.13,1533.333333333333,25.0,6.699999999999999,628.3333333333333,5200.0
P2961,160.95,1533.333333333333,25.0,8.1,628.3333333333333,6000.0
P2962,188.77,1533.333333333333,25.0,9.5,628.3333333333333,6800.0
P2963,98.52,1533.333333333333,16.0,2.5,704.1666666666666,4000.0
P2964,153.69,1533.333333333333,16.0,3.9,704.1666666666666,5000.0
P2965,208.86,1533.333333333333,16.0,5.3,704.1666666666666,6200.0
P2966,264.03,1533.333333333333,16.0,6.699999999999999,704.1666666666666,7200.0
P2967,319.21,1533.333333333333,16.0,8.1,704.1666666666666,8400.0
P2968,374.38,1533.333333333333,16.0,9.5,704.1666666666666,9400.0
P2969,88.49,1533.333333333333,17.8,2.5,704.1666666666666,4000.0
P2970,138.05,1533.333333333333,17.8,3.9,704.1666666666666,4800.0
P2971,187.61,1533.333333333333,17.8,5.3,704.1666666666666,6000.0
P2972,237.16,1533.333333333333,17.8,6.699999999999999,704.1666666666666,7000.0
P2973,286.72,1533.333333333333,17.8,8.1,704.1666666666666,8000.0
P2974,336.28,1533.333333333333,17.8,9.5,704.1666666666666,9000.0
P2975,80.36,1533.333333333333,19.6,2.5,704.1666666666666,3800.0
P2976,125.35,1533.333333333333,19.6,3.9,704.1666666666666,4800.0
P2977,170.35,1533.333333333333,19.6,5.3,704.1666666666666,5800.0
P2978,215.35,1533.333333333333,19.6,6.699999999999999,704.1666666666666,6800.0
P2979,260.35,1533.333333333333,19.6,8.1,704.1666666666666,7800.0
P2980,305.35,1533.333333333333,19.6,9.5,704.1666666666666,8600.0
P2981,73.62,1533.333333333333,21.4,2.5,704.1666666666666,3800.0
P2982,114.84,1533.333333333333,21.4,3.9,704.1666666666666,4600.0
P2983,156.07,1533.333333333333,21.4,5.3,704.1666666666666,5600.0
P2984,197.29,1533.333333333333,21.4,6.699999999999999,704.1666666666666,6600.0
P2985,238.52,1533.333333333333,21.4,8.1,704.1666666666666,7400.0
P2986,279.74,1533.333333333333,21.4,9.5,704.1666666666666,8400.0
P2987,67.97,1533.333333333333,23.2,2.5,704.1666666666666,3800.0
P2988,106.03,1533.333333333333,23.2,3.9,704.1666666666666,4400.0
P2989,144.09,1533.333333333333,23.2,5.3,704.1666666666666,5400.0
P2990,182.15,1533.333333333333,23.2,6.699999999999999,704.1666666666666,6400.0
P2991,220.21,1533.333333333333,23.2,8.1,704.1666666666666,7200.0
P2992,258.27,1533.333333333333,23.2,9.5,704.1666666666666,8200.0
P2993,63.03,1533.333333333333,25.0,2.5,704.1666666666666,3600.0
P2994,98.32,1533.333333333333,25.0,3.9,704.1666666666666,4400.0
P2995,133.62,1533.333333333333,25.0,5.3,704.1666666666666,5400.0
P2996,168.92,1533.333333333333,25.0,6.699999999999999,704.1666666666666,6200.0
P2997,204.21,1533.333333333333,25.0,8.1,704.1666666666666,7000.0
P2998,239.51,1533.333333333333,25.0,9.5,704.1666666666666,8000.0
P2999,121.77,1533.333333333333,16.0,2.5,780.0,4800.0
P3000,189.96,1533.333333333333,16.0,3.9,780.0,6000.0
P3001,258.15,1533.333333333333,16.0,5.3,780.0,7400.0
P3002,326.34,1533.333333333333,16.0,6.699999999999999,780.0,8600.0
P3003,394.53,1533.333333333333,16.0,8.1,780.0,9800.0
P3004,462.72,1533.333333333333,16.0,9.5,780.0,11200.0
P3005,109.46,1533.333333333333,17.8,2.5,780.0,4600.0
P3006,170.76,1533.333333333333,17.8,3.9,780.0,5800.0
P3007,232.06,1533.333333333333,17.8,5.3,780.0,7200.0
P3008,293.36,1533.333333333333,17.8,6.699999999999999,780.0,8200.0
P3009,354.66,1533.333333333333,17.8,8.1,780.0,9400.0
P3010,415.96,1533.333333333333,17.8,9.5,780.0,10800.0
P3011,99.29,1533.333333333333,19.6,2.5,780.0,4600.0
P3012,154.89,1533.333333333333,19.6,3.9,780.0,5600.0
P3013,210.49,1533.333333333333,19.6,5.3,780.0,7000.0
P3014,266.1,1533.333333333333,19.6,6.699999999999999,780.0,8000.0
P3015,321.7,1533.333333333333,19.6,8.1,780.0,9000.0
P3016,377.3,1533.333333333333,19.6,9.5,780.0,10200.0
P3017,90.93,1533.333333333333,21.4,2.5,780.0,4600.0
P3018,141.85,1533.333333333333,21.4,3.9,780.0,5600.0
P3019,192.77,1533.333333333333,21.4,5.3,780.0,6800.0
P3020,243.69,1533.333333333333,21.4,6.699999999999999,780.0,8000.0
P3021,294.61,1533.333333333333,21.4,8.1,780.0,9000.0
P3022,345.53,1533.333333333333,21.4,9.5,780.0,10200.0
P3023,84.0,1533.333333333333,23.2,2.5,780.0,4400.0
P3024,131.04,1533.333333333333,23.2,3.9,780.0,5400.0
P3025,178.08,1533.333333333333,23.2,5.3,780.0,6600.0
P3026,225.12,1533.333333333333,23.2,6.699999999999999,780.0,7800.0
P3027,272.16,1533.333333333333,23.2,8.1,780.0,8600.0
P3028,319.2,1533.333333333333,23.2,9.5,780.0,9800.0
P3029,77.95,1533.333333333333,25.0,2.5,780.0,4400.0
P3030,121.6,1533.333333333333,25.0,3.9,780.0,5400.0
P3031,165.26,1533.333333333333,25.0,5.3,780.0,6400.0
P3032,208.91,1533.333333333333,25.0,6.699999999999999,780.0,7600.0
P3033,252.56,1533.333333333333,25.0,8.1,780.0,8400.0
P3034,296.21,1533.333333333333,25.0,9.5,780.0,9600.0
P3035,19.23,1766.666666666667,16.0,2.5,325.0,1160.0
P3036,29.99,1766.666666666667,16.0,3.9,325.0,1400.0
P3037,40.76,1766.666666666667,16.0,5.3,325.0,1740.0
P3038,51.53,1766.666666666667,16.0,6.699999999999999,325.0,2000.0
P3039,62.29,1766.666666666667,16.0,8.1,325.0,2400.0
P3040,73.06,1766.666666666667,16.0,9.5,325.0,2600.0
P3041,17.2,1766.666666666667,17.8,2.5,325.0,1140.0
P3042,26.82,1766.666666666667,17.8,3.9,325.0,1360.0
P3043,36.45,1766.666666666667,17.8,5.3,325.0,1700.0
P3044,46.08,1766.666666666667,17.8,6.699999999999999,325.0,2000.0
P3045,55.71,1766.666666666667,17.8,8.1,325.0,2200.0
P3046,65.34,1766.666666666667,17.8,9.5,325.0,2600.0
P3047,15.55,1766.666666666667,19.6,2.5,325.0,1120.0
P3048,24.25,1766.666666666667,19.6,3.9,325.0,1340.0
P3049,32.96,1766.666666666667,19.6,5.3,325.0,1660.0
P3050,41.67,1766.666666666667,19.6,6.699999999999999,325.0,1940.0
P3051,50.37,1766.666666666667,19.6,8.1,325.0,2200.0
P3052,59.08,1766.666666666667,19.6,9.5,325.0,2400.0
P3053,14.29,1766.666666666667,21.4,2.5,325.0,1100.0
P3054,22.29,1766.666666666667,21.4,3.9,325.0,1340.0
P3055,30.29,1766.666666666667,21.4,5.3,325.0,1660.0
P3056,38.29,1766.666666666667,21.4,6.699999999999999,325.0,1940.0
P3057,46.29,1766.666666666667,21.4,8.1,325.0,2200.0
P3058,54.29,1766.666666666667,21.4,9.5,325.0,2400.0
P3059,13.12,1766.666666666667,23.2,2.5,325.0,1080.0
P3060,20.47,1766.666666666667,23.2,3.9,325.0,1320.0
P3061,27.81,1766.666666666667,23.2,5.3,325.0,1620.0
P3062,35.16,1766.666666666667,23.2,6.699999999999999,325.0,1900.0
P3063,42.51,1766.666666666667,23.2,8.1,325.0,2200.0
P3064,49.85,1766.666666666667,23.2,9.5,325.0,2400.0
P3065,12.17,1766.666666666667,25.0,2.5,325.0,1080.0
P3066,18.99,1766.666666666667,25.0,3.9,325.0,1300.0
P3067,25.81,1766.666666666667,25.0,5.3,325.0,1600.0
P3068,32.63,1766.666666666667,25.0,6.699999999999999,325.0,1860.0
P3069,39.44,1766.666666666667,25.0,8.1,325.0,2000.0
P3070,46.26,1766.666666666667,25.0,9.5,325.0,2400.0
P3071,30.16,1766.666666666667,16.0,2.5,400.8333333333333,1540.0
P3072,47.05,1766.666666666667,16.0,3.9,400.8333333333333,1900.0
P3073,63.94,1766.666666666667,16.0,5.3,400.8333333333333,2400.0
P3074,80.83,1766.666666666667,16.0,6.699999999999999,400.8333333333333,2800.0
P3075,97.72,1766.666666666667,16.0,8.1,400.8333333333333,3200.0
P3076,114.61,1766.666666666667,16.0,9.5,400.8333333333333,3600.0
P3077,27.12,1766.666666666667,17.8,2.5,400.8333333333333,1500.0
P3078,42.31,1766.666666666667,17.8,3.9,400.8333333333333,1840.0
P3079,57.5,1766.666666666667,17.8,5.3,400.8333333333333,2200.0
P3080,72.69,1766.666666666667,17.8,6.699999999999999,400.8333333333333,2800.0
P3081,87.87,1766.666666666667,17.8,8.1,400.8333333333333,3000.0
P3082,103.06,1766.666666666667,17.8,9.5,400.8333333333333,3400.0
P3083,24.63,1766.666666666667,19.6,2.5,400.8333333333333,1480.0
P3084,38.42,1766.666666666667,19.6,3.9,400.8333333333333,1800.0
P3085,52.22,1766.666666666667,19.6,5.3,400.8333333333333,2200.0
P3086,66.01,1766.666666666667,19.6,6.699999999999999,400.8333333333333,2600.0
P3087,79.8,1766.666666666667,19.6,8.1,400.8333333333333,3000.0
P3088,93.59,1766.666666666667,19.6,9.5,400.8333333333333,3400.0
P3089,22.52,1766.666666666667,21.4,2.5,400.8333333333333,1540.0
P3090,35.13,1766.666666666667,21.4,3.9,400.8333333333333,1860.0
P3091,47.75,1766.666666666667,21.4,5.3,400.8333333333333,2200.0
P3092,60.36,1766.666666666667,21.4,6.699999999999999,400.8333333333333,2600.0
P3093,72.97,1766.666666666667,21.4,8.1,400.8333333333333,3000.0
P3094,85.58,1766.666666666667,21.4,9.5,400.8333333333333,3400.0
P3095,20.77,1766.666666666667,23.2,2.5,400.8333333333333,1520.0
P3096,32.4,1766.666666666667,23.2,3.9,400.8333333333333,1820.0
P3097,44.04,1766.666666666667,23.2,5.3,400.8333333333333,2200.0
P3098,55.67,1766.666666666667,23.2,6.699999999999999,400.8333333333333,2600.0
P3099,67.3,1766.666666666667,23.2,8.1,400.8333333333333,2800.0
P3100,78.93,1766.666666666667,23.2,9.5,400.8333333333333,3200.0
P3101,19.24,1766.666666666667,25.0,2.5,400.8333333333333,1500.0
P3102,30.02,1766.666666666667,25.0,3.9,400.8333333333333,1800.0
P3103,40.79,1766.666666666667,25.0,5.3,400.8333333333333,2200.0
P3104,51.57,1766.666666666667,25.0,6.699999999999999,400.8333333333333,2600.0
P3105,62.34,1766.666666666667,25.0,8.1,400.8333333333333,2800.0
P3106,73.12,1766.666666666667,25.0,9.5,400.8333333333333,3200.0
P3107,43.48,1766.666666666667,16.0,2.5,476.6666666666666,2200.0
P3108,67.83,1766.666666666667,16.0,3.9,476.6666666666666,2600.0
P3109,92.18,1766.666666666667,16.0,5.3,476.6666666666666,3200.0
P3110,116.53,1766.666666666667,16.0,6.699999999999999,476.6666666666666,3800.0
P3111,140.87,1766.666666666667,16.0,8.1,476.6666666666666,4200.0
P3112,165.22,1766.666666666667,16.0,9.5,476.6666666666666,5000.0
P3113,39.14,1766.666666666667,17.8,2.5,476.6666666666666,2200.0
P3114,61.07,1766.666666666667,17.8,3.9,476.6666666666666,2600.0
P3115,82.99,1766.666666666667,17.8,5.3,476.6666666666666,3200.0
P3116,104.91,1766.666666666667,17.8,6.699999999999999,476.6666666666666,3800.0
P3117,126.83,1766.666666666667,17.8,8.1,476.6666666666666,4200.0
P3118,148.75,1766.666666666667,17.8,9.5,476.6666666666666,4800.0
P3119,35.56,1766.666666666667,19.6,2.5,476.6666666666666,2000.0
P3120,55.47,1766.666666666667,19.6,3.9,476.6666666666666,2400.0
P3121,75.39,1766.666666666667,19.6,5.3,476.6666666666666,3000.0
P3122,95.3,1766.666666666667,19.6,6.699999999999999,476.6666666666666,3600.0
P3123,115.21,1766.666666666667,19.6,8.1,476.6666666666666,4000.0
P3124,135.13,1766.666666666667,19.6,9.5,476.6666666666666,4600.0
P3125,32.44,1766.666666666667,21.4,2.5,476.6666666666666,2000.0
P3126,50.6,1766.666666666667,21.4,3.9,476.6666666666666,2400.0
P3127,68.77,1766.666666666667,21.4,5.3,476.6666666666666,3000.0
P3128,86.94,1766.666666666667,21.4,6.699999999999999,476.6666666666666,3600.0
P3129,105.1,1766.666666666667,21.4,8.1,476.6666666666666,4000.0
P3130,123.27,1766.666666666667,21.4,9.5,476.6666666666666,4400.0
P3131,29.88,1766.666666666667,23.2,2.5,476.6666666666666,2000.0
P3132,46.62,1766.666666666667,23.2,3.9,476.6666666666666,2400.0
P3133,63.35,1766.666666666667,23.2,5.3,476.6666666666666,3000.0
P3134,80.09,1766.666666666667,23.2,6.699999999999999,476.6666666666666,3400.0
P3135,96.82,1766.666666666667,23.2,8.1,476.6666666666666,3800.0
P3136,113.55,1766.666666666667,23.2,9.5,476.6666666666666,4400.0
P3137,27.88,1766.666666666667,25.0,2.5,476.6666666666666,1980.0
P3138,43.5,1766.666666666667,25.0,3.9,476.6666666666666,2400.0
P3139,59.11,1766.666666666667,25.0,5.3,476.6666666666666,2800.0
P3140,74.72,1766.666666666667,25.0,6.699999999999999,476.6666666666666,3400.0
P3141,90.34,1766.666666666667,25.0,8.1,476.6666666666666,3800.0
P3142,105.95,1766.666666666667,25.0,9.5,476.6666666666666,4200.0
P3143,59.44,1766.666666666667,16.0,2.5,552.5,2800.0
P3144,92.72,1766.666666666667,16.0,3.9,552.5,3400.0
P3145,126.01,1766.666666666667,16.0,5.3,552.5,4200.0
P3146,159.3,1766.666666666667,16.0,6.699999999999999,552.5,4800.0
P3147,192.58,1766.666666666667,16.0,8.1,552.5,5400.0
P3148,225.87,1766.666666666667,16.0,9.5,552.5,6200.0
P3149,53.4,1766.666666666667,17.8,2.5,552.5,2600.0
P3150,83.31,1766.666666666667,17.8,3.9,552.5,3200.0
P3151,113.22,1766.666666666667,17.8,5.3,552.5,4000.0
P3152,143.12,1766.666666666667,17.8,6.699999999999999,552.5,4600.0
P3153,173.03,1766.666666666667,17.8,8.1,552.5,5200.0
P3154,202.93,1766.666666666667,17.8,9.5,552.5,6000.0
P3155,48.49,1766.666666666667,19.6,2.5,552.5,2600.0
P3156,75.65,1766.666666666667,19.6,3.9,552.5,3200.0
P3157,102.8,1766.666666666667,19.6,5.3,552.5,3800.0
P3158,129.95,1766.666666666667,19.6,6.699999999999999,552.5,4600.0
P3159,157.11,1766.666666666667,19.6,8.1,552.5,5200.0
P3160,184.26,1766.666666666667,19.6,9.5,552.5,5800.0
P3161,44.37,1766.666666666667,21.4,2.5,552.5,2600.0
P3162,69.22,1766.666666666667,21.4,3.9,552.5,3000.0
P3163,94.07,1766.666666666667,21.4,5.3,552.5,3800.0
P3164,118.92,1766.666666666667,21.4,6.699999999999999,552.5,4400.0
P3165,143.76,1766.666666666667,21.4,8.1,552.5,5000.0
P3166,168.61,1766.666666666667,21.4,9.5,552.5,5600.0
P3167,41.0,1766.666666666667,23.2,2.5,552.5,2600.0
P3168,63.96,1766.666666666667,23.2,3.9,552.5,3000.0
P3169,86.92,1766.666666666667,23.2,5.3,552.5,3800.0
P3170,109.87,1766.666666666667,23.2,6.699999999999999,552.5,4400.0
P3171,132.83,1766.666666666667,23.2,8.1,552.5,4800.0
P3172,155.79,1766.666666666667,23.2,9.5,552.5,5600.0
P3173,37.9,1766.666666666667,25.0,2.5,552.5,2400.0
P3174,59.12,1766.666666666667,25.0,3.9,552.5,3000.0
P3175,80.34,1766.666666666667,25.0,5.3,552.5,3600.0
P3176,101.56,1766.666666666667,25.0,6.699999999999999,552.5,4200.0
P3177,122.78,1766.666666666667,25.0,8.1,552.5,4800.0
P3178,144.0,1766.666666666667,25.0,9.5,552.5,5400.0
P3179,77.66,1766.666666666667,16.0,2.5,628.3333333333333,3400.0
P3180,121.15,1766.666666666667,16.0,3.9,628.3333333333333,4200.0
P3181,164.64,1766.666666666667,16.0,5.3,628.3333333333333,5200.0
P3182,208.13,1766.666666666667,16.0,6.699999999999999,628.3333333333333,6000.0
P3183,251.62,1766.666666666667,16.0,8.1,628.3333333333333,7000.0
P3184,295.11,1766.666666666667,16.0,9.5,628.3333333333333,7800.0
P3185,69.9,1766.666666666667,17.8,2.5,628.3333333333333,3400.0
P3186,109.04,1766.666666666667,17.8,3.9,628.3333333333333,4000.0
P3187,148.19,1766.666666666667,17.8,5.3,628.3333333333333,5000.0
P3188,187.33,1766.666666666667,17.8,6.699999999999999,628.3333333333333,5800.0
P3189,226.48,1766.666666666667,17.8,8.1,628.3333333333333,6600.0
P3190,265.62,1766.666666666667,17.8,9.5,628.3333333333333,7600.0
P3191,63.42,1766.666666666667,19.6,2.5,628.3333333333333,3200.0
P3192,98.94,1766.666666666667,19.6,3.9,628.3333333333333,4000.0
P3193,134.46,1766.666666666667,19.6,5.3,628.3333333333333,4800.0
P3194,169.97,1766.666666666667,19.6,6.699999999999999,628.3333333333333,5600.0
P3195,205.49,1766.666666666667,19.6,8.1,628.3333333333333,6400.0
P3196,241.01,1766.666666666667,19.6,9.5,628.3333333333333,7200.0
P3197,57.99,1766.666666666667,21.4,2.5,628.3333333333333,3200.0
P3198,90.46,1766.666666666667,21.4,3.9,628.3333333333333,3800.0
P3199,122.93,1766.666666666667,21.4,5.3,628.3333333333333,4600.0
P3200,155.4,1766.666666666667,21.4,6.699999999999999,628.3333333333333,5600.0
P3201,187.87,1766.666666666667,21.4,8.1,628.3333333333333,6200.0
P3202,220.35,1766.666666666667,21.4,9.5,628.3333333333333,7000.0
P3203,53.57,1766.666666666667,23.2,2.5,628.3333333333333,3200.0
P3204,83.57,1766.666666666667,23.2,3.9,628.3333333333333,3800.0
P3205,113.57,1766.666666666667,23.2,5.3,628.3333333333333,4600.0
P3206,143.57,1766.666666666667,23.2,6.699999999999999,628.3333333333333,5400.0
P3207,173.57,1766.666666666667,23.2,8.1,628.3333333333333,6000.0
P3208,203.57,1766.666666666667,23.2,9.5,628.3333333333333,6800.0
P3209,49.68,1766.666666666667,25.0,2.5,628.3333333333333,3000.0
P3210,77.5,1766.666666666667,25.0,3.9,628.3333333333333,3800.0
P3211,105.31,1766.666666666667,25.0,5.3,628.3333333333333,4400.0
P3212,133.13,1766.666666666667,25.0,6.699999999999999,628.3333333333333,5200.0
P3213,160.95,1766.666666666667,25.0,8.1,628.3333333333333,6000.0
P3214,188.77,1766.666666666667,25.0,9.5,628.3333333333333,6800.0
P3215,98.52,1766.666666666667,16.0,2.5,704.1666666666666,4000.0
P3216,153.69,1766.666666666667,16.0,3.9,704.1666666666666,5000.0
P3217,208.86,1766.666666666667,16.0,5.3,704.1666666666666,6200.0
P3218,264.03,1766.666666666667,16.0,6.699999999999999,704.1666666666666,7200.0
P3219,319.21,1766.666666666667,16.0,8.1,704.1666666666666,8400.0
P3220,374.38,1766.666666666667,16.0,9.5,704.1666666666666,9400.0
P3221,88.49,1766.666666666667,17.8,2.5,704.1666666666666,4000.0
P3222,138.05,1766.666666666667,17.8,3.9,704.1666666666666,4800.0
P3223,187.61,1766.666666666667,17.8,5.3,704.1666666666666,6000.0
P3224,237.16,1766.666666666667,17.8,6.699999999999999,704.1666666666666,7000.0
P3225,286.72,1766.666666666667,17.8,8.1,704.1666666666666,8000.0
P3226,336.28,1766.666666666667,17.8,9.5,704.1666666666666,9000.0
P3227,80.36,1766.666666666667,19.6,2.5,704.1666666666666,3800.0
P3228,125.35,1766.666666666667,19.6,3.9,704.1666666666666,4800.0
P3229,170.35,1766.666666666667,19.6,5.3,704.1666666666666,5800.0
P3230,215.35,1766.666666666667,19.6,6.699999999999999,704.1666666666666,6800.0
P3231,260.35,1766.666666666667,19.6,8.1,704.1666666666666,7800.0
P3232,305.35,1766.666666666667,19.6,9.5,704.1666666666666,8600.0
P3233,73.62,1766.666666666667,21.4,2.5,704.1666666666666,3800.0
P3234,114.84,1766.666666666667,21.4,3.9,704.1666666666666,4600.0
P3235,156.07,1766.666666666667,21.4,5.3,704.1666666666666,5600.0
P3236,197.29,1766.666666666667,21.4,6.699999999999999,704.1666666666666,6600.0
P3237,238.52,1766.666666666667,21.4,8.1,704.1666666666666,7400.0
P3238,279.74,1766.666666666667,21.4,9.5,704.1666666666666,8400.0
P3239,67.97,1766.666666666667,23.2,2.5,704.1666666666666,3800.0
P3240,106.03,1766.666666666667,23.2,3.9,704.1666666666666,4600.0
P3241,144.09,1766.666666666667,23.2,5.3,704.1666666666666,5400.0
P3242,182.15,1766.666666666667,23.2,6.699999999999999,704.1666666666666,6400.0
P3243,220.21,1766.666666666667,23.2,8.1,704.1666666666666,7200.0
P3244,258.27,1766.666666666667,23.2,9.5,704.1666666666666,8200.0
P3245,63.03,1766.666666666667,25.0,2.5,704.1666666666666,3800.0
P3246,98.32,1766.666666666667,25.0,3.9,704.1666666666666,4400.0
P3247,133.62,1766.666666666667,25.0,5.3,704.1666666666666,5400.0
P3248,168.92,1766.666666666667,25.0,6.699999999999999,704.1666666666666,6200.0
P3249,204.21,1766.666666666667,25.0,8.1,704.1666666666666,7000.0
P3250,239.51,1766.666666666667,25.0,9.5,704.1666666666666,8000.0
P3251,121.77,1766.666666666667,16.0,2.5,780.0,4800.0
P3252,189.96,1766.666666666667,16.0,3.9,780.0,6000.0
P3253,258.15,1766.666666666667,16.0,5.3,780.0,7400.0
P3254,326.34,1766.666666666667,16.0,6.699999999999999,780.0,8800.0
P3255,394.53,1766.666666666667,16.0,8.1,780.0,10000.0
P3256,462.72,1766.666666666667,16.0,9.5,780.0,11200.0
P3257,109.46,1766.666666666667,17.8,2.5,780.0,4600.0
P3258,170.76,1766.666666666667,17.8,3.9,780.0,5800.0
P3259,232.06,1766.666666666667,17.8,5.3,780.0,7200.0
P3260,293.36,1766.666666666667,17.8,6.699999999999999,780.0,8400.0
P3261,354.66,1766.666666666667,17.8,8.1,780.0,9600.0
P3262,415.96,1766.666666666667,17.8,9.5,780.0,10800.0
P3263,99.29,1766.666666666667,19.6,2.5,780.0,4600.0
P3264,154.89,1766.666666666667,19.6,3.9,780.0,5600.0
P3265,210.49,1766.666666666667,19.6,5.3,780.0,7000.0
P3266,266.1,1766.666666666667,19.6,6.699999999999999,780.0,8200.0
P3267,321.7,1766.666666666667,19.6,8.1,780.0,9200.0
P3268,377.3,1766.666666666667,19.6,9.5,780.0,10200.0
P3269,90.93,1766.666666666667,21.4,2.5,780.0,4600.0
P3270,141.85,1766.666666666667,21.4,3.9,780.0,5600.0
P3271,192.77,1766.666666666667,21.4,5.3,780.0,6800.0
P3272,243.69,1766.666666666667,21.4,6.699999999999999,780.0,8000.0
P3273,294.61,1766.666666666667,21.4,8.1,780.0,9000.0
P3274,345.53,1766.666666666667,21.4,9.5,780.0,10200.0
P3275,84.0,1766.666666666667,23.2,2.5,780.0,4600.0
P3276,131.04,1766.666666666667,23.2,3.9,780.0,5400.0
P3277,178.08,1766.666666666667,23.2,5.3,780.0,6600.0
P3278,225.12,1766.666666666667,23.2,6.699999999999999,780.0,7800.0
P3279,272.16,1766.666666666667,23.2,8.1,780.0,8600.0
P3280,319.2,1766.666666666667,23.2,9.5,780.0,9800.0
P3281,77.95,1766.666666666667,25.0,2.5,780.0,4400.0
P3282,121.6,1766.666666666667,25.0,3.9,780.0,5400.0
P3283,165.26,1766.666666666667,25.0,5.3,780.0,6400.0
P3284,208.91,1766.666666666667,25.0,6.699999999999999,780.0,7600.0
P3285,252.56,1766.666666666667,25.0,8.1,780.0,8400.0
P3286,296.21,1766.666666666667,25.0,9.5,780.0,9600.0
P3287,19.23,2000.0,16.0,2.5,325.0,1160.0
P3288,29.99,2000.0,16.0,3.9,325.0,1400.0
P3289,40.76,2000.0,16.0,5.3,325.0,1740.0
P3290,51.53,2000.0,16.0,6.699999999999999,325.0,2000.0
P3291,62.29,2000.0,16.0,8.1,325.0,2400.0
P3292,73.06,2000.0,16.0,9.5,325.0,2600.0
P3293,17.2,2000.0,17.8,2.5,325.0,1140.0
P3294,26.82,2000.0,17.8,3.9,325.0,1360.0
P3295,36.45,2000.0,17.8,5.3,325.0,1700.0
P3296,46.08,2000.0,17.8,6.699999999999999,325.0,2000.0
P3297,55.71,2000.0,17.8,8.1,325.0,2200.0
P3298,65.34,2000.0,17.8,9.5,325.0,2600.0
P3299,15.55,2000.0,19.6,2.5,325.0,1120.0
P3300,24.25,2000.0,19.6,3.9,325.0,1340.0
P3301,32.96,2000.0,19.6,5.3,325.0,1660.0
P3302,41.67,2000.0,19.6,6.699999999999999,325.0,1960.0
P3303,50.37,2000.0,19.6,8.1,325.0,2200.0
P3304,59.08,2000.0,19.6,9.5,325.0,2600.0
P3305,14.29,2000.0,21.4,2.5,325.0,1120.0
P3306,22.29,2000.0,21.4,3.9,325.0,1340.0
P3307,30.29,2000.0,21.4,5.3,325.0,1660.0
P3308,38.29,2000.0,21.4,6.699999999999999,325.0,1940.0
P3309,46.29,2000.0,21.4,8.1,325.0,2200.0
P3310,54.29,2000.0,21.4,9.5,325.0,2400.0
P3311,13.12,2000.0,23.2,2.5,325.0,1100.0
P3312,20.47,2000.0,23.2,3.9,325.0,1320.0
P3313,27.81,2000.0,23.2,5.3,325.0,1620.0
P3314,35.16,2000.0,23.2,6.699999999999999,325.0,1900.0
P3315,42.51,2000.0,23.2,8.1,325.0,2200.0
P3316,49.85,2000.0,23.2,9.5,325.0,2400.0
P3317,12.17,2000.0,25.0,2.5,325.0,1100.0
P3318,18.99,2000.0,25.0,3.9,325.0,1300.0
P3319,25.81,2000.0,25.0,5.3,325.0,1600.0
P3320,32.63,2000.0,25.0,6.699999999999999,325.0,1860.0
P3321,39.44,2000.0,25.0,8.1,325.0,2000.0
P3322,46.26,2000.0,25.0,9.5,325.0,2400.0
P3323,30.16,2000.0,16.0,2.5,400.8333333333333,1560.0
P3324,47.05,2000.0,16.0,3.9,400.8333333333333,1920.0
P3325,63.94,2000.0,16.0,5.3,400.8333333333333,2400.0
P3326,80.83,2000.0,16.0,6.699999999999999,400.8333333333333,2800.0
P3327,97.72,2000.0,16.0,8.1,400.8333333333333,3200.0
P3328,114.61,2000.0,16.0,9.5,400.8333333333333,3600.0
P3329,27.12,2000.0,17.8,2.5,400.8333333333333,1520.0
P3330,42.31,2000.0,17.8,3.9,400.8333333333333,1860.0
P3331,57.5,2000.0,17.8,5.3,400.8333333333333,2200.0
P3332,72.69,2000.0,17.8,6.699999999999999,400.8333333333333,2800.0
P3333,87.87,2000.0,17.8,8.1,400.8333333333333,3000.0
P3334,103.06,2000.0,17.8,9.5,400.8333333333333,3400.0
P3335,24.63,2000.0,19.6,2.5,400.8333333333333,1500.0
P3336,38.42,2000.0,19.6,3.9,400.8333333333333,1820.0
P3337,52.22,2000.0,19.6,5.3,400.8333333333333,2200.0
P3338,66.01,2000.0,19.6,6.699999999999999,400.8333333333333,2600.0
P3339,79.8,2000.0,19.6,8.1,400.8333333333333,3000.0
P3340,93.59,2000.0,19.6,9.5,400.8333333333333,3400.0
P3341,22.52,2000.0,21.4,2.5,400.8333333333333,1540.0
P3342,35.13,2000.0,21.4,3.9,400.8333333333333,1860.0
P3343,47.75,2000.0,21.4,5.3,400.8333333333333,2200.0
P3344,60.36,2000.0,21.4,6.699999999999999,400.8333333333333,2600.0
P3345,72.97,2000.0,21.4,8.1,400.8333333333333,3000.0
P3346,85.58,2000.0,21.4,9.5,400.8333333333333,3400.0
P3347,20.77,2000.0,23.2,2.5,400.8333333333333,1520.0
P3348,32.4,2000.0,23.2,3.9,400.8333333333333,1820.0
P3349,44.04,2000.0,23.2,5.3,400.8333333333333,2200.0
P3350,55.67,2000.0,23.2,6.699999999999999,400.8333333333333,2600.0
P3351,67.3,2000.0,23.2,8.1,400.8333333333333,2800.0
P3352,78.93,2000.0,23.2,9.5,400.8333333333333,3200.0
P3353,19.24,2000.0,25.0,2.5,400.8333333333333,1500.0
P3354,30.02,2000.0,25.0,3.9,400.8333333333333,1800.0
P3355,40.79,2000.0,25.0,5.3,400.8333333333333,2200.0
P3356,51.57,2000.0,25.0,6.699999999999999,400.8333333333333,2600.0
P3357,62.34,2000.0,25.0,8.1,400.8333333333333,2800.0
P3358,73.12,2000.0,25.0,9.5,400.8333333333333,3200.0
P3359,43.48,2000.0,16.0,2.5,476.6666666666666,2200.0
P3360,67.83,2000.0,16.0,3.9,476.6666666666666,2600.0
P3361,92.18,2000.0,16.0,5.3,476.6666666666666,3200.0
P3362,116.53,2000.0,16.0,6.699999999999999,476.6666666666666,3800.0
P3363,140.87,2000.0,16.0,8.1,476.6666666666666,4200.0
P3364,165.22,2000.0,16.0,9.5,476.6666666666666,5000.0
P3365,39.14,2000.0,17.8,2.5,476.6666666666666,2200.0
P3366,61.07,2000.0,17.8,3.9,476.6666666666666,2600.0
P3367,82.99,2000.0,17.8,5.3,476.6666666666666,3200.0
P3368,104.91,2000.0,17.8,6.699999999999999,476.6666666666666,3800.0
P3369,126.83,2000.0,17.8,8.1,476.6666666666666,4200.0
P3370,148.75,2000.0,17.8,9.5,476.6666666666666,4800.0
P3371,35.56,2000.0,19.6,2.5,476.6666666666666,2000.0
P3372,55.47,2000.0,19.6,3.9,476.6666666666666,2600.0
P3373,75.39,2000.0,19.6,5.3,476.6666666666666,3000.0
P3374,95.3,2000.0,19.6,6.699999999999999,476.6666666666666,3600.0
P3375,115.21,2000.0,19.6,8.1,476.6666666666666,4000.0
P3376,135.13,2000.0,19.6,9.5,476.6666666666666,4600.0
P3377,32.44,2000.0,21.4,2.5,476.6666666666666,2000.0
P3378,50.6,2000.0,21.4,3.9,476.6666666666666,2400.0
P3379,68.77,2000.0,21.4,5.3,476.6666666666666,3000.0
P3380,86.94,2000.0,21.4,6.699999999999999,476.6666666666666,3600.0
P3381,105.1,2000.0,21.4,8.1,476.6666666666666,4000.0
P3382,123.27,2000.0,21.4,9.5,476.6666666666666,4400.0
P3383,29.88,2000.0,23.2,2.5,476.6666666666666,2000.0
P3384,46.62,2000.0,23.2,3.9,476.6666666666666,2400.0
P3385,63.35,2000.0,23.2,5.3,476.6666666666666,3000.0
P3386,80.09,2000.0,23.2,6.699999999999999,476.6666666666666,3400.0
P3387,96.82,2000.0,23.2,8.1,476.6666666666666,3800.0
P3388,113.55,2000.0,23.2,9.5,476.6666666666666,4400.0
P3389,27.88,2000.0,25.0,2.5,476.6666666666666,1980.0
P3390,43.5,2000.0,25.0,3.9,476.6666666666666,2400.0
P3391,59.11,2000.0,25.0,5.3,476.6666666666666,2800.0
P3392,74.72,2000.0,25.0,6.699999999999999,476.6666666666666,3400.0
P3393,90.34,2000.0,25.0,8.1,476.6666666666666,3800.0
P3394,105.95,2000.0,25.0,9.5,476.6666666666666,4200.0
P3395,59.44,2000.0,16.0,2.5,552.5,2800.0
P3396,92.72,2000.0,16.0,3.9,552.5,3400.0
P3397,126.01,2000.0,16.0,5.3,552.5,4200.0
P3398,159.3,2000.0,16.0,6.699999999999999,552.5,4800.0
P3399,192.58,2000.0,16.0,8.1,552.5,5400.0
P3400,225.87,2000.0,16.0,9.5,552.5,6200.0
P3401,53.4,2000.0,17.8,2.5,552.5,2600.0
P3402,83.31,2000.0,17.8,3.9,552.5,3200.0
P3403,113.22,2000.0,17.8,5.3,552.5,4000.0
P3404,143.12,2000.0,17.8,6.699999999999999,552.5,4600.0
P3405,173.03,2000.0,17.8,8.1,552.5,5200.0
P3406,202.93,2000.0,17.8,9.5,552.5,6000.0
P3407,48.49,2000.0,19.6,2.5,552.5,2600.0
P3408,75.65,2000.0,19.6,3.9,552.5,3200.0
P3409,102.8,2000.0,19.6,5.3,552.5,3800.0
P3410,129.95,2000.0,19.6,6.699999999999999,552.5,4600.0
P3411,157.11,2000.0,19.6,8.1,552.5,5200.0
P3412,184.26,2000.0,19.6,9.5,552.5,5800.0
P3413,44.37,2000.0,21.4,2.5,552.5,2600.0
P3414,69.22,2000.0,21.4,3.9,552.5,3000.0
P3415,94.07,2000.0,21.4,5.3,552.5,3800.0
P3416,118.92,2000.0,21.4,6.699999999999999,552.5,4400.0
P3417,143.76,2000.0,21.4,8.1,552.5,5000.0
P3418,168.61,2000.0,21.4,9.5,552.5,5600.0
P3419,41.0,2000.0,23.2,2.5,552.5,2600.0
P3420,63.96,2000.0,23.2,3.9,552.5,3000.0
P3421,86.92,2000.0,23.2,5.3,552.5,3800.0
P3422,109.87,2000.0,23.2,6.699999999999999,552.5,4400.0
P3423,132.83,2000.0,23.2,8.1,552.5,4800.0
P3424,155.79,2000.0,23.2,9.5,552.5,5600.0
P3425,37.9,2000.0,25.0,2.5,552.5,2400.0
P3426,59.12,2000.0,25.0,3.9,552.5,3000.0
P3427,80.34,2000.0,25.0,5.3,552.5,3600.0
P3428,101.56,2000.0,25.0,6.699999999999999,552.5,4200.0
P3429,122.78,2000.0,25.0,8.1,552.5,4800.0
P3430,144.0,2000.0,25.0,9.5,552.5,5400.0
P3431,77.66,2000.0,16.0,2.5,628.3333333333333,3400.0
P3432,121.15,2000.0,16.0,3.9,628.3333333333333,4200.0
P3433,164.64,2000.0,16.0,5.3,628.3333333333333,5200.0
P3434,208.13,2000.0,16.0,6.699999999999999,628.3333333333333,6000.0
P3435,251.62,2000.0,16.0,8.1,628.3333333333333,7000.0
P3436,295.11,2000.0,16.0,9.5,628.3333333333333,7800.0
P3437,69.9,2000.0,17.8,2.5,628.3333333333333,3400.0
P3438,109.04,2000.0,17.8,3.9,628.3333333333333,4000.0
P3439,148.19,2000.0,17.8,5.3,628.3333333333333,5000.0
P3440,187.33,2000.0,17.8,6.699999999999999,628.3333333333333,5800.0
P3441,226.48,2000.0,17.8,8.1,628.3333333333333,6600.0
P3442,265.62,2000.0,17.8,9.5,628.3333333333333,7600.0
P3443,63.42,2000.0,19.6,2.5,628.3333333333333,3200.0
P3444,98.94,2000.0,19.6,3.9,628.3333333333333,4000.0
P3445,134.46,2000.0,19.6,5.3,628.3333333333333,4800.0
P3446,169.97,2000.0,19.6,6.699999999999999,628.3333333333333,5600.0
P3447,205.49,2000.0,19.6,8.1,628.3333333333333,6400.0
P3448,241.01,2000.0,19.6,9.5,628.3333333333333,7200.0
P3449,57.99,2000.0,21.4,2.5,628.3333333333333,3200.0
P3450,90.46,2000.0,21.4,3.9,628.3333333333333,3800.0
P3451,122.93,2000.0,21.4,5.3,628.3333333333333,4800.0
P3452,155.4,2000.0,21.4,6.699999999999999,628.3333333333333,5600.0
P3453,187.87,2000.0,21.4,8.1,628.3333333333333,6200.0
P3454,220.35,2000.0,21.4,9.5,628.3333333333333,7000.0
P3455,53.57,2000.0,23.2,2.5,628.3333333333333,3200.0
P3456,83.57,2000.0,23.2,3.9,628.3333333333333,3800.0
P3457,113.57,2000.0,23.2,5.3,628.3333333333333,4600.0
P3458,143.57,2000.0,23.2,6.699999999999999,628.3333333333333,5400.0
P3459,173.57,2000.0,23.2,8.1,628.3333333333333,6000.0
P3460,203.57,2000.0,23.2,9.5,628.3333333333333,6800.0
P3461,49.68,2000.0,25.0,2.5,628.3333333333333,3200.0
P3462,77.5,2000.0,25.0,3.9,628.3333333333333,3800.0
P3463,105.31,2000.0,25.0,5.3,628.3333333333333,4600.0
P3464,133.13,2000.0,25.0,6.699999999999999,628.3333333333333,5400.0
P3465,160.95,2000.0,25.0,8.1,628.3333333333333,6000.0
P3466,188.77,2000.0,25.0,9.5,628.3333333333333,6800.0
P3467,98.52,2000.0,16.0,2.5,704.1666666666666,4200.0
P3468,153.69,2000.0,16.0,3.9,704.1666666666666,5000.0
P3469,208.86,2000.0,16.0,5.3,704.1666666666666,6200.0
P3470,264.03,2000.0,16.0,6.699999999999999,704.1666666666666,7200.0
P3471,319.21,2000.0,16.0,8.1,704.1666666666666,8400.0
P3472,374.38,2000.0,16.0,9.5,704.1666666666666,9400.0
P3473,88.49,2000.0,17.8,2.5,704.1666666666666,4000.0
P3474,138.05,2000.0,17.8,3.9,704.1666666666666,4800.0
P3475,187.61,2000.0,17.8,5.3,704.1666666666666,6000.0
P3476,237.16,2000.0,17.8,6.699999999999999,704.1666666666666,7000.0
P3477,286.72,2000.0,17.8,8.1,704.1666666666666,8000.0
P3478,336.28,2000.0,17.8,9.5,704.1666666666666,9000.0
P3479,80.36,2000.0,19.6,2.5,704.1666666666666,4000.0
P3480,125.35,2000.0,19.6,3.9,704.1666666666666,4800.0
P3481,170.35,2000.0,19.6,5.3,704.1666666666666,5800.0
P3482,215.35,2000.0,19.6,6.699999999999999,704.1666666666666,6800.0
P3483,260.35,2000.0,19.6,8.1,704.1666666666666,7800.0
P3484,305.35,2000.0,19.6,9.5,704.1666666666666,8600.0
P3485,73.62,2000.0,21.4,2.5,704.1666666666666,3800.0
P3486,114.84,2000.0,21.4,3.9,704.1666666666666,4600.0
P3487,156.07,2000.0,21.4,5.3,704.1666666666666,5600.0
P3488,197.29,2000.0,21.4,6.699999999999999,704.1666666666666,6600.0
P3489,238.52,2000.0,21.4,8.1,704.1666666666666,7400.0
P3490,279.74,2000.0,21.4,9.5,704.1666666666666,8400.0
P3491,67.97,2000.0,23.2,2.5,704.1666666666666,3800.0
P3492,106.03,2000.0,23.2,3.9,704.1666666666666,4600.0
P3493,144.09,2000.0,23.2,5.3,704.1666666666666,5400.0
P3494,182.15,2000.0,23.2,6.699999999999999,704.1666666666666,6400.0
P3495,220.21,2000.0,23.2,8.1,704.1666666666666,7200.0
P3496,258.27,2000.0,23.2,9.5,704.1666666666666,8200.0
P3497,63.03,2000.0,25.0,2.5,704.1666666666666,3800.0
P3498,98.32,2000.0,25.0,3.9,704.1666666666666,4400.0
P3499,133.62,2000.0,25.0,5.3,704.1666666666666,5400.0
P3500,168.92,2000.0,25.0,6.699999999999999,704.1666666666666,6200.0
P3501,204.21,2000.0,25.0,8.1,704.1666666666666,7000.0
P3502,239.51,2000.0,25.0,9.5,704.1666666666666,8000.0
P3503,121.77,2000.0,16.0,2.5,780.0,4800.0
P3504,189.96,2000.0,16.0,3.9,780.0,6000.0
P3505,258.15,2000.0,16.0,5.3,780.0,7400.0
P3506,326.34,2000.0,16.0,6.699999999999999,780.0,8800.0
P3507,394.53,2000.0,16.0,8.1,780.0,10000.0
P3508,462.72,2000.0,16.0,9.5,780.0,11200.0
P3509,109.46,2000.0,17.8,2.5,780.0,4800.0
P3510,170.76,2000.0,17.8,3.9,780.0,5800.0
P3511,232.06,2000.0,17.8,5.3,780.0,7200.0
P3512,293.36,2000.0,17.8,6.699999999999999,780.0,8400.0
P3513,354.66,2000.0,17.8,8.1,780.0,9600.0
P3514,415.96,2000.0,17.8,9.5,780.0,10800.0
P3515,99.29,2000.0,19.6,2.5,780.0,4600.0
P3516,154.89,2000.0,19.6,3.9,780.0,5600.0
P3517,210.49,2000.0,19.6,5.3,780.0,7000.0
P3518,266.1,2000.0,19.6,6.699999999999999,780.0,8200.0
P3519,321.7,2000.0,19.6,8.1,780.0,9200.0
P3520,377.3,2000.0,19.6,9.5,780.0,10200.0
P3521,90.93,2000.0,21.4,2.5,780.0,4600.0
P3522,141.85,2000.0,21.4,3.9,780.0,5600.0
P3523,192.77,2000.0,21.4,5.3,780.0,7000.0
P3524,243.69,2000.0,21.4,6.699999999999999,780.0,8000.0
P3525,294.61,2000.0,21.4,8.1,780.0,9000.0
P3526,345.53,2000.0,21.4,9.5,780.0,10200.0
P3527,84.0,2000.0,23.2,2.5,780.0,4600.0
P3528,131.04,2000.0,23.2,3.9,780.0,5400.0
P3529,178.08,2000.0,23.2,5.3,780.0,6800.0
P3530,225.12,2000.0,23.2,6.699999999999999,780.0,7800.0
P3531,272.16,2000.0,23.2,8.1,780.0,8600.0
P3532,319.2,2000.0,23.2,9.5,780.0,9800.0
P3533,77.95,2000.0,25.0,2.5,780.0,4400.0
P3534,121.6,2000.0,25.0,3.9,780.0,5400.0
P3535,165.26,2000.0,25.0,5.3,780.0,6600.0
P3536,208.91,2000.0,25.0,6.699999999999999,780.0,7600.0
P3537,252.56,2000.0,25.0,8.1,780.0,8400.0
P3538,296.21,2000.0,25.0,9.5,780.0,9600.0
P3539,181.94,50.0,19.0,4.0,820.0,6200.0
P3540,231.97,50.0,19.0,5.1,820.0,7200.0
P3541,282.0,50.0,19.0,6.2,820.0,8200.0
P3542,332.03,50.0,19.0,7.300000000000001,820.0,9400.0
P3543,382.07,50.0,19.0,8.4,820.0,10200.0
P3544,432.1,50.0,19.0,9.5,820.0,11400.0
P3545,159.87,50.0,21.6,4.0,820.0,6000.0
P3546,203.84,50.0,21.6,5.1,820.0,6800.0
P3547,247.81,50.0,21.6,6.2,820.0,7800.0
P3548,291.77,50.0,21.6,7.300000000000001,820.0,9000.0
P3549,335.74,50.0,21.6,8.4,820.0,9600.0
P3550,379.7,50.0,21.6,9.5,820.0,10800.0
P3551,142.63,50.0,24.2,4.0,820.0,5800.0
P3552,181.85,50.0,24.2,5.1,820.0,6600.0
P3553,221.07,50.0,24.2,6.2,820.0,7400.0
P3554,260.29,50.0,24.2,7.300000000000001,820.0,8600.0
P3555,299.51,50.0,24.2,8.4,820.0,9200.0
P3556,338.74,50.0,24.2,9.5,820.0,10400.0
P3557,128.99,50.0,26.8,4.0,820.0,5600.0
P3558,164.46,50.0,26.8,5.1,820.0,6400.0
P3559,199.93,50.0,26.8,6.2,820.0,7200.0
P3560,235.4,50.0,26.8,7.300000000000001,820.0,8200.0
P3561,270.87,50.0,26.8,8.4,820.0,9000.0
P3562,306.34,50.0,26.8,9.5,820.0,10000.0
P3563,117.49,50.0,29.4,4.0,820.0,5400.0
P3564,149.79,50.0,29.4,5.1,820.0,6400.0
P3565,182.1,50.0,29.4,6.2,820.0,7000.0
P3566,214.41,50.0,29.4,7.300000000000001,820.0,8000.0
P3567,246.72,50.0,29.4,8.4,820.0,8600.0
P3568,279.03,50.0,29.4,9.5,820.0,9600.0
P3569,107.77,50.0,32.0,4.0,820.0,5800.0
P3570,137.41,50.0,32.0,5.1,820.0,6600.0
P3571,167.04,50.0,32.0,6.2,820.0,7400.0
P3572,196.68,50.0,32.0,7.300000000000001,820.0,8400.0
P3573,226.32,50.0,32.0,8.4,820.0,9200.0
P3574,255.95,50.0,32.0,9.5,820.0,10200.0
P3575,237.33,50.0,19.0,4.0,933.3333333333334,7600.0
P3576,302.59,50.0,19.0,5.1,933.3333333333334,9000.0
P3577,367.86,50.0,19.0,6.2,933.3333333333334,10200.0
P3578,433.12,50.0,19.0,7.300000000000001,933.3333333333334,11600.0
P3579,498.39,50.0,19.0,8.4,933.3333333333334,12800.0
P3580,563.66,50.0,19.0,9.5,933.3333333333334,13800.0
P3581,208.73,50.0,21.6,4.0,933.3333333333334,7400.0
P3582,266.13,50.0,21.6,5.1,933.3333333333334,8600.0
P3583,323.54,50.0,21.6,6.2,933.3333333333334,9600.0
P3584,380.94,50.0,21.6,7.300000000000001,933.3333333333334,11000.0
P3585,438.34,50.0,21.6,8.4,933.3333333333334,12000.0
P3586,495.74,50.0,21.6,9.5,933.3333333333334,13200.0
P3587,186.42,50.0,24.2,4.0,933.3333333333334,7000.0
P3588,237.68,50.0,24.2,5.1,933.3333333333334,8200.0
P3589,288.95,50.0,24.2,6.2,933.3333333333334,9400.0
P3590,340.21,50.0,24.2,7.300000000000001,933.3333333333334,10600.0
P3591,391.48,50.0,24.2,8.4,933.3333333333334,11600.0
P3592,442.74,50.0,24.2,9.5,933.3333333333334,12600.0
P3593,168.39,50.0,26.8,4.0,933.3333333333334,6800.0
P3594,214.7,50.0,26.8,5.1,933.3333333333334,8000.0
P3595,261.0,50.0,26.8,6.2,933.3333333333334,9000.0
P3596,307.31,50.0,26.8,7.300000000000001,933.3333333333334,10200.0
P3597,353.62,50.0,26.8,8.4,933.3333333333334,11400.0
P3598,399.92,50.0,26.8,9.5,933.3333333333334,12000.0
P3599,153.32,50.0,29.4,4.0,933.3333333333334,6800.0
P3600,195.49,50.0,29.4,5.1,933.3333333333334,7800.0
P3601,237.65,50.0,29.4,6.2,933.3333333333334,8800.0
P3602,279.81,50.0,29.4,7.300000000000001,933.3333333333334,9800.0
P3603,321.98,50.0,29.4,8.4,933.3333333333334,11000.0
P3604,364.14,50.0,29.4,9.5,933.3333333333334,11600.0
P3605,140.74,50.0,32.0,4.0,933.3333333333334,7000.0
P3606,179.45,50.0,32.0,5.1,933.3333333333334,8200.0
P3607,218.15,50.0,32.0,6.2,933.3333333333334,9200.0
P3608,256.86,50.0,32.0,7.300000000000001,933.3333333333334,10400.0
P3609,295.56,50.0,32.0,8.4,933.3333333333334,11400.0
P3610,334.27,50.0,32.0,9.5,933.3333333333334,12400.0
P3611,300.36,50.0,19.0,4.0,1046.666666666667,9400.0
P3612,382.96,50.0,19.0,5.1,1046.666666666667,11000.0
P3613,465.56,50.0,19.0,6.2,1046.666666666667,12800.0
P3614,548.16,50.0,19.0,7.300000000000001,1046.666666666667,14000.0
P3615,630.76,50.0,19.0,8.4,1046.666666666667,15400.0
P3616,713.36,50.0,19.0,9.5,1046.666666666667,17000.0
P3617,264.1,50.0,21.6,4.0,1046.666666666667,9000.0
P3618,336.73,50.0,21.6,5.1,1046.666666666667,10400.0
P3619,409.36,50.0,21.6,6.2,1046.666666666667,12200.0
P3620,481.99,50.0,21.6,7.300000000000001,1046.666666666667,13400.0
P3621,554.62,50.0,21.6,8.4,1046.666666666667,14600.0
P3622,627.25,50.0,21.6,9.5,1046.666666666667,16200.0
P3623,235.68,50.0,24.2,4.0,1046.666666666667,8600.0
P3624,300.49,50.0,24.2,5.1,1046.666666666667,10000.0
P3625,365.31,50.0,24.2,6.2,1046.666666666667,11600.0
P3626,430.12,50.0,24.2,7.300000000000001,1046.666666666667,12800.0
P3627,494.93,50.0,24.2,8.4,1046.666666666667,14000.0
P3628,559.75,50.0,24.2,9.5,1046.666666666667,15400.0
P3629,212.84,50.0,26.8,4.0,1046.666666666667,8400.0
P3630,271.38,50.0,26.8,5.1,1046.666666666667,9800.0
P3631,329.91,50.0,26.8,6.2,1046.666666666667,11200.0
P3632,388.44,50.0,26.8,7.300000000000001,1046.666666666667,12400.0
P3633,446.97,50.0,26.8,8.4,1046.666666666667,13400.0
P3634,505.5,50.0,26.8,9.5,1046.666666666667,14800.0
P3635,193.96,50.0,29.4,4.0,1046.666666666667,8200.0
P3636,247.3,50.0,29.4,5.1,1046.666666666667,9400.0
P3637,300.64,50.0,29.4,6.2,1046.666666666667,10800.0
P3638,353.98,50.0,29.4,7.300000000000001,1046.666666666667,12000.0
P3639,407.32,50.0,29.4,8.4,1046.666666666667,13000.0
P3640,460.66,50.0,29.4,9.5,1046.666666666667,14200.0
P3641,178.14,50.0,32.0,4.0,1046.666666666667,8600.0
P3642,227.13,50.0,32.0,5.1,1046.666666666667,10000.0
P3643,276.12,50.0,32.0,6.2,1046.666666666667,11400.0
P3644,325.11,50.0,32.0,7.300000000000001,1046.666666666667,12600.0
P3645,374.1,50.0,32.0,8.4,1046.666666666667,13800.0
P3646,423.08,50.0,32.0,9.5,1046.666666666667,15200.0
P3647,370.8,50.0,19.0,4.0,1160.0,11400.0
P3648,472.76,50.0,19.0,5.1,1160.0,13200.0
P3649,574.73,50.0,19.0,6.2,1160.0,15000.0
P3650,676.7,50.0,19.0,7.300000000000001,1160.0,16800.0
P3651,778.67,50.0,19.0,8.4,1160.0,18600.0
P3652,880.64,50.0,19.0,9.5,1160.0,20400.0
P3653,325.99,50.0,21.6,4.0,1160.0,11200.0
P3654,415.64,50.0,21.6,5.1,1160.0,12800.0
P3655,505.29,50.0,21.6,6.2,1160.0,14400.0
P3656,594.93,50.0,21.6,7.300000000000001,1160.0,16200.0
P3657,684.58,50.0,21.6,8.4,1160.0,17800.0
P3658,774.23,50.0,21.6,9.5,1160.0,19400.0
P3659,291.03,50.0,24.2,4.0,1160.0,10800.0
P3660,371.06,50.0,24.2,5.1,1160.0,12200.0
P3661,451.1,50.0,24.2,6.2,1160.0,13800.0
P3662,531.13,50.0,24.2,7.300000000000001,1160.0,15400.0
P3663,611.16,50.0,24.2,8.4,1160.0,17000.0
P3664,691.2,50.0,24.2,9.5,1160.0,18600.0
P3665,262.69,50.0,26.8,4.0,1160.0,10400.0
P3666,334.93,50.0,26.8,5.1,1160.0,11800.0
P3667,407.17,50.0,26.8,6.2,1160.0,13400.0
P3668,479.4,50.0,26.8,7.300000000000001,1160.0,14800.0
P3669,551.64,50.0,26.8,8.4,1160.0,16400.0
P3670,623.88,50.0,26.8,9.5,1160.0,17800.0
P3671,239.4,50.0,29.4,4.0,1160.0,10200.0
P3672,305.24,50.0,29.4,5.1,1160.0,11600.0
P3673,371.08,50.0,29.4,6.2,1160.0,13000.0
P3674,436.91,50.0,29.4,7.300000000000001,1160.0,14400.0
P3675,502.75,50.0,29.4,8.4,1160.0,15800.0
P3676,568.59,50.0,29.4,9.5,1160.0,17200.0
P3677,219.96,50.0,32.0,4.0,1160.0,10600.0
P3678,280.45,50.0,32.0,5.1,1160.0,12200.0
P3679,340.94,50.0,32.0,6.2,1160.0,13600.0
P3680,401.43,50.0,32.0,7.300000000000001,1160.0,15200.0
P3681,461.92,50.0,32.0,8.4,1160.0,16800.0
P3682,522.41,50.0,32.0,9.5,1160.0,18400.0
P3683,448.63,50.0,19.0,4.0,1273.333333333333,13400.0
P3684,572.01,50.0,19.0,5.1,1273.333333333333,15600.0
P3685,695.38,50.0,19.0,6.2,1273.333333333333,17600.0
P3686,818.75,50.0,19.0,7.300000000000001,1273.333333333333,19800.0
P3687,942.13,50.0,19.0,8.4,1273.333333333333,22000.0
P3688,1065.5,50.0,19.0,9.5,1273.333333333333,24000.0
P3689,394.39,50.0,21.6,4.0,1273.333333333333,12800.0
P3690,502.85,50.0,21.6,5.1,1273.333333333333,14800.0
P3691,611.31,50.0,21.6,6.2,1273.333333333333,16800.0
P3692,719.77,50.0,21.6,7.300000000000001,1273.333333333333,18600.0
P3693,828.23,50.0,21.6,8.4,1273.333333333333,20800.0
P3694,936.68,50.0,21.6,9.5,1273.333333333333,22600.0
P3695,352.15,50.0,24.2,4.0,1273.333333333333,12200.0
P3696,449.0,50.0,24.2,5.1,1273.333333333333,14200.0
P3697,545.84,50.0,24.2,6.2,1273.333333333333,16000.0
P3698,642.68,50.0,24.2,7.300000000000001,1273.333333333333,17800.0
P3699,739.53,50.0,24.2,8.4,1273.333333333333,19800.0
P3700,836.37,50.0,24.2,9.5,1273.333333333333,21600.0
P3701,317.92,50.0,26.8,4.0,1273.333333333333,11800.0
P3702,405.35,50.0,26.8,5.1,1273.333333333333,13800.0
P3703,492.77,50.0,26.8,6.2,1273.333333333333,15400.0
P3704,580.2,50.0,26.8,7.300000000000001,1273.333333333333,17000.0
P3705,667.63,50.0,26.8,8.4,1273.333333333333,19000.0
P3706,755.06,50.0,26.8,9.5,1273.333333333333,20600.0
P3707,289.65,50.0,29.4,4.0,1273.333333333333,11600.0
P3708,369.3,50.0,29.4,5.1,1273.333333333333,13400.0
P3709,448.96,50.0,29.4,6.2,1273.333333333333,15000.0
P3710,528.61,50.0,29.4,7.300000000000001,1273.333333333333,16400.0
P3711,608.26,50.0,29.4,8.4,1273.333333333333,18200.0
P3712,687.92,50.0,29.4,9.5,1273.333333333333,19800.0
P3713,266.21,50.0,32.0,4.0,1273.333333333333,12200.0
P3714,339.41,50.0,32.0,5.1,1273.333333333333,14000.0
P3715,412.62,50.0,32.0,6.2,1273.333333333333,15800.0
P3716,485.83,50.0,32.0,7.300000000000001,1273.333333333333,17600.0
P3717,559.03,50.0,32.0,8.4,1273.333333333333,19400.0
P3718,632.24,50.0,32.0,9.5,1273.333333333333,21200.0
P3719,533.63,50.0,19.0,4.0,1386.666666666667,15600.0
P3720,680.38,50.0,19.0,5.1,1386.666666666667,18000.0
P3721,827.13,50.0,19.0,6.2,1386.666666666667,20400.0
P3722,973.88,50.0,19.0,7.300000000000001,1386.666666666667,23000.0
P3723,1120.62,50.0,19.0,8.4,1386.666666666667,25200.0
P3724,1267.37,50.0,19.0,9.5,1386.666666666667,28000.0
P3725,469.31,50.0,21.6,4.0,1386.666666666667,14800.0
P3726,598.37,50.0,21.6,5.1,1386.666666666667,17200.0
P3727,727.43,50.0,21.6,6.2,1386.666666666667,19400.0
P3728,856.49,50.0,21.6,7.300000000000001,1386.666666666667,21600.0
P3729,985.55,50.0,21.6,8.4,1386.666666666667,23800.0
P3730,1114.61,50.0,21.6,9.5,1386.666666666667,26400.0
P3731,419.06,50.0,24.2,4.0,1386.666666666667,14200.0
P3732,534.3,50.0,24.2,5.1,1386.666666666667,16400.0
P3733,649.54,50.0,24.2,6.2,1386.666666666667,18400.0
P3734,764.78,50.0,24.2,7.300000000000001,1386.666666666667,20600.0
P3735,880.02,50.0,24.2,8.4,1386.666666666667,22600.0
P3736,995.26,50.0,24.2,9.5,1386.666666666667,25000.0
P3737,378.2,50.0,26.8,4.0,1386.666666666667,13800.0
P3738,482.21,50.0,26.8,5.1,1386.666666666667,15800.0
P3739,586.21,50.0,26.8,6.2,1386.666666666667,17800.0
P3740,690.22,50.0,26.8,7.300000000000001,1386.666666666667,19800.0
P3741,794.23,50.0,26.8,8.4,1386.666666666667,21600.0
P3742,898.23,50.0,26.8,9.5,1386.666666666667,24000.0
P3743,344.7,50.0,29.4,4.0,1386.666666666667,13400.0
P3744,439.49,50.0,29.4,5.1,1386.666666666667,15400.0
P3745,534.28,50.0,29.4,6.2,1386.666666666667,17200.0
P3746,629.07,50.0,29.4,7.300000000000001,1386.666666666667,19200.0
P3747,723.87,50.0,29.4,8.4,1386.666666666667,20800.0
P3748,818.66,50.0,29.4,9.5,1386.666666666667,23000.0
P3749,316.87,50.0,32.0,4.0,1386.666666666667,14200.0
P3750,404.01,50.0,32.0,5.1,1386.666666666667,16200.0
P3751,491.15,50.0,32.0,6.2,1386.666666666667,18200.0
P3752,578.29,50.0,32.0,7.300000000000001,1386.666666666667,20400.0
P3753,665.43,50.0,32.0,8.4,1386.666666666667,22200.0
P3754,752.57,50.0,32.0,9.5,1386.666666666667,24600.0
P3755,626.27,50.0,19.0,4.0,1500.0,18600.0
P3756,798.49,50.0,19.0,5.1,1500.0,21400.0
P3757,970.72,50.0,19.0,6.2,1500.0,24800.0
P3758,1142.94,50.0,19.0,7.300000000000001,1500.0,27600.0
P3759,1315.17,50.0,19.0,8.4,1500.0,30400.0
P3760,1487.39,50.0,19.0,9.5,1500.0,33400.0
P3761,550.74,50.0,21.6,4.0,1500.0,17800.0
P3762,702.19,50.0,21.6,5.1,1500.0,20400.0
P3763,853.65,50.0,21.6,6.2,1500.0,23400.0
P3764,1005.1,50.0,21.6,7.300000000000001,1500.0,26000.0
P3765,1156.55,50.0,21.6,8.4,1500.0,28600.0
P3766,1308.0,50.0,21.6,9.5,1500.0,31400.0
P3767,491.74,50.0,24.2,4.0,1500.0,17200.0
P3768,626.97,50.0,24.2,5.1,1500.0,19600.0
P3769,762.2,50.0,24.2,6.2,1500.0,22600.0
P3770,897.42,50.0,24.2,7.300000000000001,1500.0,25000.0
P3771,1032.65,50.0,24.2,8.4,1500.0,27400.0
P3772,1167.88,50.0,24.2,9.5,1500.0,30200.0
P3773,443.87,50.0,26.8,4.0,1500.0,16600.0
P3774,565.94,50.0,26.8,5.1,1500.0,19000.0
P3775,688.01,50.0,26.8,6.2,1500.0,21800.0
P3776,810.07,50.0,26.8,7.300000000000001,1500.0,24000.0
P3777,932.14,50.0,26.8,8.4,1500.0,26400.0
P3778,1054.2,50.0,26.8,9.5,1500.0,28800.0
P3779,404.55,50.0,29.4,4.0,1500.0,16200.0
P3780,515.8,50.0,29.4,5.1,1500.0,18400.0
P3781,627.05,50.0,29.4,6.2,1500.0,21000.0
P3782,738.3,50.0,29.4,7.300000000000001,1500.0,23200.0
P3783,849.55,50.0,29.4,8.4,1500.0,25400.0
P3784,960.8,50.0,29.4,9.5,1500.0,27800.0
P3785,371.56,50.0,32.0,4.0,1500.0,17000.0
P3786,473.74,50.0,32.0,5.1,1500.0,19600.0
P3787,575.92,50.0,32.0,6.2,1500.0,22400.0
P3788,678.1,50.0,32.0,7.300000000000001,1500.0,24600.0
P3789,780.28,50.0,32.0,8.4,1500.0,27000.0
P3790,882.46,50.0,32.0,9.5,1500.0,29600.0
P3791,181.94,375.0,19.0,4.0,820.0,6200.0
P3792,231.97,375.0,19.0,5.1,820.0,7200.0
P3793,282.0,375.0,19.0,6.2,820.0,8200.0
P3794,332.03,375.0,19.0,7.300000000000001,820.0,9400.0
P3795,382.07,375.0,19.0,8.4,820.0,10200.0
P3796,432.1,375.0,19.0,9.5,820.0,11400.0
P3797,159.87,375.0,21.6,4.0,820.0,6000.0
P3798,203.84,375.0,21.6,5.1,820.0,6800.0
P3799,247.81,375.0,21.6,6.2,820.0,7800.0
P3800,291.77,375.0,21.6,7.300000000000001,820.0,9000.0
P3801,335.74,375.0,21.6,8.4,820.0,9600.0
P3802,379.7,375.0,21.6,9.5,820.0,10800.0
P3803,142.63,375.0,24.2,4.0,820.0,5800.0
P3804,181.85,375.0,24.2,5.1,820.0,6600.0
P3805,221.07,375.0,24.2,6.2,820.0,7400.0
P3806,260.29,375.0,24.2,7.300000000000001,820.0,8600.0
P3807,299.51,375.0,24.2,8.4,820.0,9200.0
P3808,338.74,375.0,24.2,9.5,820.0,10400.0
P3809,128.99,375.0,26.8,4.0,820.0,5600.0
P3810,164.46,375.0,26.8,5.1,820.0,6400.0
P3811,199.93,375.0,26.8,6.2,820.0,7200.0
P3812,235.4,375.0,26.8,7.300000000000001,820.0,8200.0
P3813,270.87,375.0,26.8,8.4,820.0,9000.0
P3814,306.34,375.0,26.8,9.5,820.0,10000.0
P3815,117.49,375.0,29.4,4.0,820.0,5400.0
P3816,149.79,375.0,29.4,5.1,820.0,6400.0
P3817,182.1,375.0,29.4,6.2,820.0,7000.0
P3818,214.41,375.0,29.4,7.300000000000001,820.0,8000.0
P3819,246.72,375.0,29.4,8.4,820.0,8600.0
P3820,279.03,375.0,29.4,9.5,820.0,9600.0
P3821,107.77,375.0,32.0,4.0,820.0,5800.0
P3822,137.41,375.0,32.0,5.1,820.0,6600.0
P3823,167.04,375.0,32.0,6.2,820.0,7400.0
P3824,196.68,375.0,32.0,7.300000000000001,820.0,8400.0
P3825,226.32,375.0,32.0,8.4,820.0,9200.0
P3826,255.95,375.0,32.0,9.5,820.0,10200.0
P3827,237.33,375.0,19.0,4.0,933.3333333333334,7600.0
P3828,302.59,375.0,19.0,5.1,933.3333333333334,9000.0
P3829,367.86,375.0,19.0,6.2,933.3333333333334,10200.0
P3830,433.12,375.0,19.0,7.300000000000001,933.3333333333334,11600.0
P3831,498.39,375.0,19.0,8.4,933.3333333333334,12800.0
P3832,563.66,375.0,19.0,9.5,933.3333333333334,13800.0
P3833,208.73,375.0,21.6,4.0,933.3333333333334,7400.0
P3834,266.13,375.0,21.6,5.1,933.3333333333334,8600.0
P3835,323.54,375.0,21.6,6.2,933.3333333333334,9600.0
P3836,380.94,375.0,21.6,7.300000000000001,933.3333333333334,11000.0
P3837,438.34,375.0,21.6,8.4,933.3333333333334,12000.0
P3838,495.74,375.0,21.6,9.5,933.3333333333334,13200.0
P3839,186.42,375.0,24.2,4.0,933.3333333333334,7000.0
P3840,237.68,375.0,24.2,5.1,933.3333333333334,8200.0
P3841,288.95,375.0,24.2,6.2,933.3333333333334,9400.0
P3842,340.21,375.0,24.2,7.300000000000001,933.3333333333334,10600.0
P3843,391.48,375.0,24.2,8.4,933.3333333333334,11600.0
P3844,442.74,375.0,24.2,9.5,933.3333333333334,12600.0
P3845,168.39,375.0,26.8,4.0,933.3333333333334,6800.0
P3846,214.7,375.0,26.8,5.1,933.3333333333334,8000.0
P3847,261.0,375.0,26.8,6.2,933.3333333333334,9000.0
P3848,307.31,375.0,26.8,7.300000000000001,933.3333333333334,10200.0
P3849,353.62,375.0,26.8,8.4,933.3333333333334,11400.0
P3850,399.92,375.0,26.8,9.5,933.3333333333334,12000.0
P3851,153.32,375.0,29.4,4.0,933.3333333333334,6800.0
P3852,195.49,375.0,29.4,5.1,933.3333333333334,7800.0
P3853,237.65,375.0,29.4,6.2,933.3333333333334,8800.0
P3854,279.81,375.0,29.4,7.300000000000001,933.3333333333334,9800.0
P3855,321.98,375.0,29.4,8.4,933.3333333333334,11000.0
P3856,364.14,375.0,29.4,9.5,933.3333333333334,11600.0
P3857,140.74,375.0,32.0,4.0,933.3333333333334,7000.0
P3858,179.45,375.0,32.0,5.1,933.3333333333334,8200.0
P3859,218.15,375.0,32.0,6.2,933.3333333333334,9200.0
P3860,256.86,375.0,32.0,7.300000000000001,933.3333333333334,10400.0
P3861,295.56,375.0,32.0,8.4,933.3333333333334,11400.0
P3862,334.27,375.0,32.0,9.5,933.3333333333334,12400.0
P3863,300.36,375.0,19.0,4.0,1046.666666666667,9400.0
P3864,382.96,375.0,19.0,5.1,1046.666666666667,11000.0
P3865,465.56,375.0,19.0,6.2,1046.666666666667,12800.0
P3866,548.16,375.0,19.0,7.300000000000001,1046.666666666667,14000.0
P3867,630.76,375.0,19.0,8.4,1046.666666666667,15400.0
P3868,713.36,375.0,19.0,9.5,1046.666666666667,17000.0
P3869,264.1,375.0,21.6,4.0,1046.666666666667,9000.0
P3870,336.73,375.0,21.6,5.1,1046.666666666667,10400.0
P3871,409.36,375.0,21.6,6.2,1046.666666666667,12200.0
P3872,481.99,375.0,21.6,7.300000000000001,1046.666666666667,13400.0
P3873,554.62,375.0,21.6,8.4,1046.666666666667,14600.0
P3874,627.25,375.0,21.6,9.5,1046.666666666667,16200.0
P3875,235.68,375.0,24.2,4.0,1046.666666666667,8600.0
P3876,300.49,375.0,24.2,5.1,1046.666666666667,10000.0
P3877,365.31,375.0,24.2,6.2,1046.666666666667,11600.0
P3878,430.12,375.0,24.2,7.300000000000001,1046.666666666667,12800.0
P3879,494.93,375.0,24.2,8.4,1046.666666666667,14000.0
P3880,559.75,375.0,24.2,9.5,1046.666666666667,15400.0
P3881,212.84,375.0,26.8,4.0,1046.666666666667,8400.0
P3882,271.38,375.0,26.8,5.1,1046.666666666667,9800.0
P3883,329.91,375.0,26.8,6.2,1046.666666666667,11200.0
P3884,388.44,375.0,26.8,7.300000000000001,1046.666666666667,12400.0
P3885,446.97,375.0,26.8,8.4,1046.666666666667,13400.0
P3886,505.5,375.0,26.8,9.5,1046.666666666667,14800.0
P3887,193.96,375.0,29.4,4.0,1046.666666666667,8200.0
P3888,247.3,375.0,29.4,5.1,1046.666666666667,9400.0
P3889,300.64,375.0,29.4,6.2,1046.666666666667,10800.0
P3890,353.98,375.0,29.4,7.300000000000001,1046.666666666667,12000.0
P3891,407.32,375.0,29.4,8.4,1046.666666666667,13000.0
P3892,460.66,375.0,29.4,9.5,1046.666666666667,14200.0
P3893,178.14,375.0,32.0,4.0,1046.666666666667,8600.0
P3894,227.13,375.0,32.0,5.1,1046.666666666667,10000.0
P3895,276.12,375.0,32.0,6.2,1046.666666666667,11400.0
P3896,325.11,375.0,32.0,7.300000000000001,1046.666666666667,12600.0
P3897,374.1,375.0,32.0,8.4,1046.666666666667,13800.0
P3898,423.08,375.0,32.0,9.5,1046.666666666667,15200.0
P3899,370.8,375.0,19.0,4.0,1160.0,11400.0
P3900,472.76,375.0,19.0,5.1,1160.0,13200.0
P3901,574.73,375.0,19.0,6.2,1160.0,15000.0
P3902,676.7,375.0,19.0,7.300000000000001,1160.0,16800.0
P3903,778.67,375.0,19.0,8.4,1160.0,18600.0
P3904,880.64,375.0,19.0,9.5,1160.0,20400.0
P3905,325.99,375.0,21.6,4.0,1160.0,11200.0
P3906,415.64,375.0,21.6,5.1,1160.0,12800.0
P3907,505.29,375.0,21.6,6.2,1160.0,14400.0
P3908,594.93,375.0,21.6,7.300000000000001,1160.0,16200.0
P3909,684.58,375.0,21.6,8.4,1160.0,17800.0
P3910,774.23,375.0,21.6,9.5,1160.0,19400.0
P3911,291.03,375.0,24.2,4.0,1160.0,10800.0
P3912,371.06,375.0,24.2,5.1,1160.0,12200.0
P3913,451.1,375.0,24.2,6.2,1160.0,13800.0
P3914,531.13,375.0,24.2,7.300000000000001,1160.0,15400.0
P3915,611.16,375.0,24.2,8.4,1160.0,17000.0
P3916,691.2,375.0,24.2,9.5,1160.0,18600.0
P3917,262.69,375.0,26.8,4.0,1160.0,10400.0
P3918,334.93,375.0,26.8,5.1,1160.0,11800.0
P3919,407.17,375.0,26.8,6.2,1160.0,13400.0
P3920,479.4,375.0,26.8,7.300000000000001,1160.0,14800.0
P3921,551.64,375.0,26.8,8.4,1160.0,16400.0
P3922,623.88,375.0,26.8,9.5,1160.0,17800.0
P3923,239.4,375.0,29.4,4.0,1160.0,10200.0
P3924,305.24,375.0,29.4,5.1,1160.0,11600.0
P3925,371.08,375.0,29.4,6.2,1160.0,13000.0
P3926,436.91,375.0,29.4,7.300000000000001,1160.0,14400.0
P3927,502.75,375.0,29.4,8.4,1160.0,15800.0
P3928,568.59,375.0,29.4,9.5,1160.0,17200.0
P3929,219.96,375.0,32.0,4.0,1160.0,10600.0
P3930,280.45,375.0,32.0,5.1,1160.0,12200.0
P3931,340.94,375.0,32.0,6.2,1160.0,13600.0
P3932,401.43,375.0,32.0,7.300000000000001,1160.0,15200.0
P3933,461.92,375.0,32.0,8.4,1160.0,16800.0
P3934,522.41,375.0,32.0,9.5,1160.0,18400.0
P3935,448.63,375.0,19.0,4.0,1273.333333333333,13400.0
P3936,572.01,375.0,19.0,5.1,1273.333333333333,15600.0
P3937,695.38,375.0,19.0,6.2,1273.333333333333,17600.0
P3938,818.75,375.0,19.0,7.300000000000001,1273.333333333333,19800.0
P3939,942.13,375.0,19.0,8.4,1273.333333333333,22000.0
P3940,1065.5,375.0,19.0,9.5,1273.333333333333,24000.0
P3941,394.39,375.0,21.6,4.0,1273.333333333333,12800.0
P3942,502.85,375.0,21.6,5.1,1273.333333333333,14800.0
P3943,611.31,375.0,21.6,6.2,1273.333333333333,16800.0
P3944,719.77,375.0,21.6,7.300000000000001,1273.333333333333,18600.0
P3945,828.23,375.0,21.6,8.4,1273.333333333333,20800.0
P3946,936.68,375.0,21.6,9.5,1273.333333333333,22600.0
P3947,352.15,375.0,24.2,4.0,1273.333333333333,12200.0
P3948,449.0,375.0,24.2,5.1,1273.333333333333,14200.0
P3949,545.84,375.0,24.2,6.2,1273.333333333333,16000.0
P3950,642.68,375.0,24.2,7.300000000000001,1273.333333333333,17800.0
P3951,739.53,375.0,24.2,8.4,1273.333333333333,19800.0
P3952,836.37,375.0,24.2,9.5,1273.333333333333,21600.0
P3953,317.92,375.0,26.8,4.0,1273.333333333333,11800.0
P3954,405.35,375.0,26.8,5.1,1273.333333333333,13800.0
P3955,492.77,375.0,26.8,6.2,1273.333333333333,15400.0
P3956,580.2,375.0,26.8,7.300000000000001,1273.333333333333,17000.0
P3957,667.63,375.0,26.8,8.4,1273.333333333333,19000.0
P3958,755.06,375.0,26.8,9.5,1273.333333333333,20600.0
P3959,289.65,375.0,29.4,4.0,1273.333333333333,11600.0
P3960,369.3,375.0,29.4,5.1,1273.333333333333,13400.0
P3961,448.96,375.0,29.4,6.2,1273.333333333333,15000.0
P3962,528.61,375.0,29.4,7.300000000000001,1273.333333333333,16400.0
P3963,608.26,375.0,29.4,8.4,1273.333333333333,18200.0
P3964,687.92,375.0,29.4,9.5,1273.333333333333,19800.0
P3965,266.21,375.0,32.0,4.0,1273.333333333333,12200.0
P3966,339.41,375.0,32.0,5.1,1273.333333333333,14000.0
P3967,412.62,375.0,32.0,6.2,1273.333333333333,15800.0
P3968,485.83,375.0,32.0,7.300000000000001,1273.333333333333,17600.0
P3969,559.03,375.0,32.0,8.4,1273.333333333333,19400.0
P3970,632.24,375.0,32.0,9.5,1273.333333333333,21200.0
P3971,533.63,375.0,19.0,4.0,1386.666666666667,15600.0
P3972,680.38,375.0,19.0,5.1,1386.666666666667,18000.0
P3973,827.13,375.0,19.0,6.2,1386.666666666667,20400.0
P3974,973.88,375.0,19.0,7.300000000000001,1386.666666666667,23000.0
P3975,1120.62,375.0,19.0,8.4,1386.666666666667,25200.0
P3976,1267.37,375.0,19.0,9.5,1386.666666666667,28000.0
P3977,469.31,375.0,21.6,4.0,1386.666666666667,14800.0
P3978,598.37,375.0,21.6,5.1,1386.666666666667,17200.0
P3979,727.43,375.0,21.6,6.2,1386.666666666667,19400.0
P3980,856.49,375.0,21.6,7.300000000000001,1386.666666666667,21600.0
P3981,985.55,375.0,21.6,8.4,1386.666666666667,23800.0
P3982,1114.61,375.0,21.6,9.5,1386.666666666667,26400.0
P3983,419.06,375.0,24.2,4.0,1386.666666666667,14200.0
P3984,534.3,375.0,24.2,5.1,1386.666666666667,16400.0
P3985,649.54,375.0,24.2,6.2,1386.666666666667,18400.0
P3986,764.78,375.0,24.2,7.300000000000001,1386.666666666667,20600.0
P3987,880.02,375.0,24.2,8.4,1386.666666666667,22600.0
P3988,995.26,375.0,24.2,9.5,1386.666666666667,25000.0
P3989,378.2,375.0,26.8,4.0,1386.666666666667,13800.0
P3990,482.21,375.0,26.8,5.1,1386.666666666667,15800.0
P3991,586.21,375.0,26.8,6.2,1386.666666666667,17800.0
P3992,690.22,375.0,26.8,7.300000000000001,1386.666666666667,19800.0
P3993,794.23,375.0,26.8,8.4,1386.666666666667,21600.0
P3994,898.23,375.0,26.8,9.5,1386.666666666667,24000.0
P3995,344.7,375.0,29.4,4.0,1386.666666666667,13400.0
P3996,439.49,375.0,29.4,5.1,1386.666666666667,15400.0
P3997,534.28,375.0,29.4,6.2,1386.666666666667,17200.0
P3998,629.07,375.0,29.4,7.300000000000001,1386.666666666667,19200.0
P3999,723.87,375.0,29.4,8.4,1386.666666666667,20800.0
P4000,818.66,375.0,29.4,9.5,1386.666666666667,23000.0
P4001,316.87,375.0,32.0,4.0,1386.666666666667,14200.0
P4002,404.01,375.0,32.0,5.1,1386.666666666667,16200.0
P4003,491.15,375.0,32.0,6.2,1386.666666666667,18200.0
P4004,578.29,375.0,32.0,7.300000000000001,1386.666666666667,20400.0
P4005,665.43,375.0,32.0,8.4,1386.666666666667,22200.0
P4006,752.57,375.0,32.0,9.5,1386.666666666667,24600.0
P4007,626.27,375.0,19.0,4.0,1500.0,18600.0
P4008,798.49,375.0,19.0,5.1,1500.0,21400.0
P4009,970.72,375.0,19.0,6.2,1500.0,24800.0
P4010,1142.94,375.0,19.0,7.300000000000001,1500.0,27600.0
P4011,1315.17,375.0,19.0,8.4,1500.0,30400.0
P4012,1487.39,375.0,19.0,9.5,1500.0,33400.0
P4013,550.74,375.0,21.6,4.0,1500.0,17800.0
P4014,702.19,375.0,21.6,5.1,1500.0,20400.0
P4015,853.65,375.0,21.6,6.2,1500.0,23400.0
P4016,1005.1,375.0,21.6,7.300000000000001,1500.0,26000.0
P4017,1156.55,375.0,21.6,8.4,1500.0,28600.0
P4018,1308.0,375.0,21.6,9.5,1500.0,31400.0
P4019,491.74,375.0,24.2,4.0,1500.0,17200.0
P4020,626.97,375.0,24.2,5.1,1500.0,19600.0
P4021,762.2,375.0,24.2,6.2,1500.0,22600.0
P4022,897.42,375.0,24.2,7.300000000000001,1500.0,25000.0
P4023,1032.65,375.0,24.2,8.4,1500.0,27400.0
P4024,1167.88,375.0,24.2,9.5,1500.0,30200.0
P4025,443.87,375.0,26.8,4.0,1500.0,16600.0
P4026,565.94,375.0,26.8,5.1,1500.0,19000.0
P4027,688.01,375.0,26.8,6.2,1500.0,21800.0
P4028,810.07,375.0,26.8,7.300000000000001,1500.0,24000.0
P4029,932.14,375.0,26.8,8.4,1500.0,26400.0
P4030,1054.2,375.0,26.8,9.5,1500.0,28800.0
P4031,404.55,375.0,29.4,4.0,1500.0,16200.0
P4032,515.8,375.0,29.4,5.1,1500.0,18400.0
P4033,627.05,375.0,29.4,6.2,1500.0,21000.0
P4034,738.3,375.0,29.4,7.300000000000001,1500.0,23200.0
P4035,849.55,375.0,29.4,8.4,1500.0,25400.0
P4036,960.8,375.0,29.4,9.5,1500.0,27800.0
P4037,371.56,375.0,32.0,4.0,1500.0,17000.0
P4038,473.74,375.0,32.0,5.1,1500.0,19600.0
P4039,575.92,375.0,32.0,6.2,1500.0,22400.0
P4040,678.1,375.0,32.0,7.300000000000001,1500.0,24600.0
P4041,780.28,375.0,32.0,8.4,1500.0,27000.0
P4042,882.46,375.0,32.0,9.5,1500.0,29600.0
P4043,181.94,700.0,19.0,4.0,820.0,6200.0
P4044,231.97,700.0,19.0,5.1,820.0,7200.0
P4045,282.0,700.0,19.0,6.2,820.0,8200.0
P4046,332.03,700.0,19.0,7.300000000000001,820.0,9400.0
P4047,382.07,700.0,19.0,8.4,820.0,10200.0
P4048,432.1,700.0,19.0,9.5,820.0,11400.0
P4049,159.87,700.0,21.6,4.0,820.0,6000.0
P4050,203.84,700.0,21.6,5.1,820.0,6800.0
P4051,247.81,700.0,21.6,6.2,820.0,7800.0
P4052,291.77,700.0,21.6,7.300000000000001,820.0,9000.0
P4053,335.74,700.0,21.6,8.4,820.0,9600.0
P4054,379.7,700.0,21.6,9.5,820.0,10800.0
P4055,142.63,700.0,24.2,4.0,820.0,5800.0
P4056,181.85,700.0,24.2,5.1,820.0,6600.0
P4057,221.07,700.0,24.2,6.2,820.0,7400.0
P4058,260.29,700.0,24.2,7.300000000000001,820.0,8600.0
P4059,299.51,700.0,24.2,8.4,820.0,9200.0
P4060,338.74,700.0,24.2,9.5,820.0,10400.0
P4061,128.99,700.0,26.8,4.0,820.0,5600.0
P4062,164.46,700.0,26.8,5.1,820.0,6400.0
P4063,199.93,700.0,26.8,6.2,820.0,7200.0
P4064,235.4,700.0,26.8,7.300000000000001,820.0,8200.0
P4065,270.87,700.0,26.8,8.4,820.0,9000.0
P4066,306.34,700.0,26.8,9.5,820.0,10000.0
P4067,117.49,700.0,29.4,4.0,820.0,5400.0
P4068,149.79,700.0,29.4,5.1,820.0,6400.0
P4069,182.1,700.0,29.4,6.2,820.0,7000.0
P4070,214.41,700.0,29.4,7.300000000000001,820.0,8000.0
P4071,246.72,700.0,29.4,8.4,820.0,8600.0
P4072,279.03,700.0,29.4,9.5,820.0,9600.0
P4073,107.77,700.0,32.0,4.0,820.0,5800.0
P4074,137.41,700.0,32.0,5.1,820.0,6600.0
P4075,167.04,700.0,32.0,6.2,820.0,7400.0
P4076,196.68,700.0,32.0,7.300000000000001,820.0,8400.0
P4077,226.32,700.0,32.0,8.4,820.0,9200.0
P4078,255.95,700.0,32.0,9.5,820.0,10200.0
P4079,237.33,700.0,19.0,4.0,933.3333333333334,7600.0
P4080,302.59,700.0,19.0,5.1,933.3333333333334,9000.0
P4081,367.86,700.0,19.0,6.2,933.3333333333334,10200.0
P4082,433.12,700.0,19.0,7.300000000000001,933.3333333333334,11600.0
P4083,498.39,700.0,19.0,8.4,933.3333333333334,12800.0
P4084,563.66,700.0,19.0,9.5,933.3333333333334,13800.0
P4085,208.73,700.0,21.6,4.0,933.3333333333334,7400.0
P4086,266.13,700.0,21.6,5.1,933.3333333333334,8600.0
P4087,323.54,700.0,21.6,6.2,933.3333333333334,9600.0
P4088,380.94,700.0,21.6,7.300000000000001,933.3333333333334,11000.0
P4089,438.34,700.0,21.6,8.4,933.3333333333334,12000.0
P4090,495.74,700.0,21.6,9.5,933.3333333333334,13200.0
P4091,186.42,700.0,24.2,4.0,933.3333333333334,7000.0
P4092,237.68,700.0,24.2,5.1,933.3333333333334,8200.0
P4093,288.95,700.0,24.2,6.2,933.3333333333334,9400.0
P4094,340.21,700.0,24.2,7.300000000000001,933.3333333333334,10600.0
P4095,391.48,700.0,24.2,8.4,933.3333333333334,11600.0
P4096,442.74,700.0,24.2,9.5,933.3333333333334,12600.0
P4097,168.39,700.0,26.8,4.0,933.3333333333334,6800.0
P4098,214.7,700.0,26.8,5.1,933.3333333333334,8000.0
P4099,261.0,700.0,26.8,6.2,933.3333333333334,9000.0
P4100,307.31,700.0,26.8,7.300000000000001,933.3333333333334,10200.0
P4101,353.62,700.0,26.8,8.4,933.3333333333334,11400.0
P4102,399.92,700.0,26.8,9.5,933.3333333333334,12000.0
P4103,153.32,700.0,29.4,4.0,933.3333333333334,6800.0
P4104,195.49,700.0,29.4,5.1,933.3333333333334,7800.0
P4105,237.65,700.0,29.4,6.2,933.3333333333334,8800.0
P4106,279.81,700.0,29.4,7.300000000000001,933.3333333333334,9800.0
P4107,321.98,700.0,29.4,8.4,933.3333333333334,11000.0
P4108,364.14,700.0,29.4,9.5,933.3333333333334,11600.0
P4109,140.74,700.0,32.0,4.0,933.3333333333334,7000.0
P4110,179.45,700.0,32.0,5.1,933.3333333333334,8200.0
P4111,218.15,700.0,32.0,6.2,933.3333333333334,9200.0
P4112,256.86,700.0,32.0,7.300000000000001,933.3333333333334,10400.0
P4113,295.56,700.0,32.0,8.4,933.3333333333334,11400.0
P4114,334.27,700.0,32.0,9.5,933.3333333333334,12400.0
P4115,300.36,700.0,19.0,4.0,1046.666666666667,9400.0
P4116,382.96,700.0,19.0,5.1,1046.666666666667,11000.0
P4117,465.56,700.0,19.0,6.2,1046.666666666667,12800.0
P4118,548.16,700.0,19.0,7.300000000000001,1046.666666666667,14000.0
P4119,630.76,700.0,19.0,8.4,1046.666666666667,15400.0
P4120,713.36,700.0,19.0,9.5,1046.666666666667,17000.0
P4121,264.1,700.0,21.6,4.0,1046.666666666667,9000.0
P4122,336.73,700.0,21.6,5.1,1046.666666666667,10400.0
P4123,409.36,700.0,21.6,6.2,1046.666666666667,12200.0
P4124,481.99,700.0,21.6,7.300000000000001,1046.666666666667,13400.0
P4125,554.62,700.0,21.6,8.4,1046.666666666667,14600.0
P4126,627.25,700.0,21.6,9.5,1046.666666666667,16200.0
P4127,235.68,700.0,24.2,4.0,1046.666666666667,8600.0
P4128,300.49,700.0,24.2,5.1,1046.666666666667,10000.0
P4129,365.31,700.0,24.2,6.2,1046.666666666667,11600.0
P4130,430.12,700.0,24.2,7.300000000000001,1046.666666666667,12800.0
P4131,494.93,700.0,24.2,8.4,1046.666666666667,14000.0
P4132,559.75,700.0,24.2,9.5,1046.666666666667,15400.0
P4133,212.84,700.0,26.8,4.0,1046.666666666667,8400.0
P4134,271.38,700.0,26.8,5.1,1046.666666666667,9800.0
P4135,329.91,700.0,26.8,6.2,1046.666666666667,11200.0
P4136,388.44,700.0,26.8,7.300000000000001,1046.666666666667,12400.0
P4137,446.97,700.0,26.8,8.4,1046.666666666667,13400.0
P4138,505.5,700.0,26.8,9.5,1046.666666666667,14800.0
P4139,193.96,700.0,29.4,4.0,1046.666666666667,8200.0
P4140,247.3,700.0,29.4,5.1,1046.666666666667,9400.0
P4141,300.64,700.0,29.4,6.2,1046.666666666667,10800.0
P4142,353.98,700.0,29.4,7.300000000000001,1046.666666666667,12000.0
P4143,407.32,700.0,29.4,8.4,1046.666666666667,13000.0
P4144,460.66,700.0,29.4,9.5,1046.666666666667,14200.0
P4145,178.14,700.0,32.0,4.0,1046.666666666667,8600.0
P4146,227.13,700.0,32.0,5.1,1046.666666666667,10000.0
P4147,276.12,700.0,32.0,6.2,1046.666666666667,11400.0
P4148,325.11,700.0,32.0,7.300000000000001,1046.666666666667,12600.0
P4149,374.1,700.0,32.0,8.4,1046.666666666667,13800.0
P4150,423.08,700.0,32.0,9.5,1046.666666666667,15200.0
P4151,370.8,700.0,19.0,4.0,1160.0,11400.0
P4152,472.76,700.0,19.0,5.1,1160.0,13200.0
P4153,574.73,700.0,19.0,6.2,1160.0,15000.0
P4154,676.7,700.0,19.0,7.300000000000001,1160.0,16800.0
P4155,778.67,700.0,19.0,8.4,1160.0,18600.0
P4156,880.64,700.0,19.0,9.5,1160.0,20400.0
P4157,325.99,700.0,21.6,4.0,1160.0,11200.0
P4158,415.64,700.0,21.6,5.1,1160.0,12800.0
P4159,505.29,700.0,21.6,6.2,1160.0,14400.0
P4160,594.93,700.0,21.6,7.300000000000001,1160.0,16200.0
P4161,684.58,700.0,21.6,8.4,1160.0,17800.0
P4162,774.23,700.0,21.6,9.5,1160.0,19400.0
P4163,291.03,700.0,24.2,4.0,1160.0,10800.0
P4164,371.06,700.0,24.2,5.1,1160.0,12200.0
P4165,451.1,700.0,24.2,6.2,1160.0,13800.0
P4166,531.13,700.0,24.2,7.300000000000001,1160.0,15400.0
P4167,611.16,700.0,24.2,8.4,1160.0,17000.0
P4168,691.2,700.0,24.2,9.5,1160.0,18600.0
P4169,262.69,700.0,26.8,4.0,1160.0,10400.0
P4170,334.93,700.0,26.8,5.1,1160.0,11800.0
P4171,407.17,700.0,26.8,6.2,1160.0,13400.0
P4172,479.4,700.0,26.8,7.300000000000001,1160.0,14800.0
P4173,551.64,700.0,26.8,8.4,1160.0,16400.0
P4174,623.88,700.0,26.8,9.5,1160.0,17800.0
P4175,239.4,700.0,29.4,4.0,1160.0,10200.0
P4176,305.24,700.0,29.4,5.1,1160.0,11600.0
P4177,371.08,700.0,29.4,6.2,1160.0,13000.0
P4178,436.91,700.0,29.4,7.300000000000001,1160.0,14400.0
P4179,502.75,700.0,29.4,8.4,1160.0,15800.0
P4180,568.59,700.0,29.4,9.5,1160.0,17200.0
P4181,219.96,700.0,32.0,4.0,1160.0,10600.0
P4182,280.45,700.0,32.0,5.1,1160.0,12200.0
P4183,340.94,700.0,32.0,6.2,1160.0,13600.0
P4184,401.43,700.0,32.0,7.300000000000001,1160.0,15200.0
P4185,461.92,700.0,32.0,8.4,1160.0,16800.0
P4186,522.41,700.0,32.0,9.5,1160.0,18400.0
P4187,448.63,700.0,19.0,4.0,1273.333333333333,13400.0
P4188,572.01,700.0,19.0,5.1,1273.333333333333,15600.0
P4189,695.38,700.0,19.0,6.2,1273.333333333333,17600.0
P4190,818.75,700.0,19.0,7.300000000000001,1273.333333333333,19800.0
P4191,942.13,700.0,19.0,8.4,1273.333333333333,22000.0
P4192,1065.5,700.0,19.0,9.5,1273.333333333333,24000.0
P4193,394.39,700.0,21.6,4.0,1273.333333333333,12800.0
P4194,502.85,700.0,21.6,5.1,1273.333333333333,14800.0
P4195,611.31,700.0,21.6,6.2,1273.333333333333,16800.0
P4196,719.77,700.0,21.6,7.300000000000001,1273.333333333333,18600.0
P4197,828.23,700.0,21.6,8.4,1273.333333333333,20800.0
P4198,936.68,700.0,21.6,9.5,1273.333333333333,22600.0
P4199,352.15,700.0,24.2,4.0,1273.333333333333,12200.0
P4200,449.0,700.0,24.2,5.1,1273.333333333333,14200.0
P4201,545.84,700.0,24.2,6.2,1273.333333333333,16000.0
P4202,642.68,700.0,24.2,7.300000000000001,1273.333333333333,17800.0
P4203,739.53,700.0,24.2,8.4,1273.333333333333,19800.0
P4204,836.37,700.0,24.2,9.5,1273.333333333333,21600.0
P4205,317.92,700.0,26.8,4.0,1273.333333333333,11800.0
P4206,405.35,700.0,26.8,5.1,1273.333333333333,13800.0
P4207,492.77,700.0,26.8,6.2,1273.333333333333,15400.0
P4208,580.2,700.0,26.8,7.300000000000001,1273.333333333333,17000.0
P4209,667.63,700.0,26.8,8.4,1273.333333333333,19000.0
P4210,755.06,700.0,26.8,9.5,1273.333333333333,20600.0
P4211,289.65,700.0,29.4,4.0,1273.333333333333,11600.0
P4212,369.3,700.0,29.4,5.1,1273.333333333333,13400.0
P4213,448.96,700.0,29.4,6.2,1273.333333333333,15000.0
P4214,528.61,700.0,29.4,7.300000000000001,1273.333333333333,16400.0
P4215,608.26,700.0,29.4,8.4,1273.333333333333,18200.0
P4216,687.92,700.0,29.4,9.5,1273.333333333333,19800.0
P4217,266.21,700.0,32.0,4.0,1273.333333333333,12200.0
P4218,339.41,700.0,32.0,5.1,1273.333333333333,14000.0
P4219,412.62,700.0,32.0,6.2,1273.333333333333,15800.0
P4220,485.83,700.0,32.0,7.300000000000001,1273.333333333333,17600.0
P4221,559.03,700.0,32.0,8.4,1273.333333333333,19400.0
P4222,632.24,700.0,32.0,9.5,1273.333333333333,21200.0
P4223,533.63,700.0,19.0,4.0,1386.666666666667,15600.0
P4224,680.38,700.0,19.0,5.1,1386.666666666667,18000.0
P4225,827.13,700.0,19.0,6.2,1386.666666666667,20400.0
P4226,973.88,700.0,19.0,7.300000000000001,1386.666666666667,23000.0
P4227,1120.62,700.0,19.0,8.4,1386.666666666667,25200.0
P4228,1267.37,700.0,19.0,9.5,1386.666666666667,28000.0
P4229,469.31,700.0,21.6,4.0,1386.666666666667,14800.0
P4230,598.37,700.0,21.6,5.1,1386.666666666667,17200.0
P4231,727.43,700.0,21.6,6.2,1386.666666666667,19400.0
P4232,856.49,700.0,21.6,7.300000000000001,1386.666666666667,21600.0
P4233,985.55,700.0,21.6,8.4,1386.666666666667,23800.0
P4234,1114.61,700.0,21.6,9.5,1386.666666666667,26400.0
P4235,419.06,700.0,24.2,4.0,1386.666666666667,14200.0
P4236,534.3,700.0,24.2,5.1,1386.666666666667,16400.0
P4237,649.54,700.0,24.2,6.2,1386.666666666667,18400.0
P4238,764.78,700.0,24.2,7.300000000000001,1386.666666666667,20600.0
P4239,880.02,700.0,24.2,8.4,1386.666666666667,22600.0
P4240,995.26,700.0,24.2,9.5,1386.666666666667,25000.0
P4241,378.2,700.0,26.8,4.0,1386.666666666667,13800.0
P4242,482.21,700.0,26.8,5.1,1386.666666666667,15800.0
P4243,586.21,700.0,26.8,6.2,1386.666666666667,17800.0
P4244,690.22,700.0,26.8,7.300000000000001,1386.666666666667,19800.0
P4245,794.23,700.0,26.8,8.4,1386.666666666667,21600.0
P4246,898.23,700.0,26.8,9.5,1386.666666666667,24000.0
P4247,344.7,700.0,29.4,4.0,1386.666666666667,13400.0
P4248,439.49,700.0,29.4,5.1,1386.666666666667,15400.0
P4249,534.28,700.0,29.4,6.2,1386.666666666667,17200.0
P4250,629.07,700.0,29.4,7.300000000000001,1386.666666666667,19200.0
P4251,723.87,700.0,29.4,8.4,1386.666666666667,20800.0
P4252,818.66,700.0,29.4,9.5,1386.666666666667,23000.0
P4253,316.87,700.0,32.0,4.0,1386.666666666667,14200.0
P4254,404.01,700.0,32.0,5.1,1386.666666666667,16200.0
P4255,491.15,700.0,32.0,6.2,1386.666666666667,18200.0
P4256,578.29,700.0,32.0,7.300000000000001,1386.666666666667,20400.0
P4257,665.43,700.0,32.0,8.4,1386.666666666667,22200.0
P4258,752.57,700.0,32.0,9.5,1386.666666666667,24600.0
P4259,626.27,700.0,19.0,4.0,1500.0,18600.0
P4260,798.49,700.0,19.0,5.1,1500.0,21400.0
P4261,970.72,700.0,19.0,6.2,1500.0,24800.0
P4262,1142.94,700.0,19.0,7.300000000000001,1500.0,27600.0
P4263,1315.17,700.0,19.0,8.4,1500.0,30400.0
P4264,1487.39,700.0,19.0,9.5,1500.0,33400.0
P4265,550.74,700.0,21.6,4.0,1500.0,17800.0
P4266,702.19,700.0,21.6,5.1,1500.0,20400.0
P4267,853.65,700.0,21.6,6.2,1500.0,23400.0
P4268,1005.1,700.0,21.6,7.300000000000001,1500.0,26000.0
P4269,1156.55,700.0,21.6,8.4,1500.0,28600.0
P4270,1308.0,700.0,21.6,9.5,1500.0,31400.0
P4271,491.74,700.0,24.2,4.0,1500.0,17200.0
P4272,626.97,700.0,24.2,5.1,1500.0,19600.0
P4273,762.2,700.0,24.2,6.2,1500.0,22600.0
P4274,897.42,700.0,24.2,7.300000000000001,1500.0,25000.0
P4275,1032.65,700.0,24.2,8.4,1500.0,27400.0
P4276,1167.88,700.0,24.2,9.5,1500.0,30200.0
P4277,443.87,700.0,26.8,4.0,1500.0,16600.0
P4278,565.94,700.0,26.8,5.1,1500.0,19000.0
P4279,688.01,700.0,26.8,6.2,1500.0,21800.0
P4280,810.07,700.0,26.8,7.300000000000001,1500.0,24000.0
P4281,932.14,700.0,26.8,8.4,1500.0,26400.0
P4282,1054.2,700.0,26.8,9.5,1500.0,28800.0
P4283,404.55,700.0,29.4,4.0,1500.0,16200.0
P4284,515.8,700.0,29.4,5.1,1500.0,18400.0
P4285,627.05,700.0,29.4,6.2,1500.0,21000.0
P4286,738.3,700.0,29.4,7.300000000000001,1500.0,23200.0
P4287,849.55,700.0,29.4,8.4,1500.0,25400.0
P4288,960.8,700.0,29.4,9.5,1500.0,27800.0
P4289,371.56,700.0,32.0,4.0,1500.0,17000.0
P4290,473.74,700.0,32.0,5.1,1500.0,19600.0
P4291,575.92,700.0,32.0,6.2,1500.0,22400.0
P4292,678.1,700.0,32.0,7.300000000000001,1500.0,24600.0
P4293,780.28,700.0,32.0,8.4,1500.0,27000.0
P4294,882.46,700.0,32.0,9.5,1500.0,29600.0
P4295,181.94,1025.0,19.0,4.0,820.0,6600.0
P4296,231.97,1025.0,19.0,5.1,820.0,7600.0
P4297,282.0,1025.0,19.0,6.2,820.0,8600.0
P4298,332.03,1025.0,19.0,7.300000000000001,820.0,9800.0
P4299,382.07,1025.0,19.0,8.4,820.0,10600.0
P4300,432.1,1025.0,19.0,9.5,820.0,11800.0
P4301,159.87,1025.0,21.6,4.0,820.0,6200.0
P4302,203.84,1025.0,21.6,5.1,820.0,7200.0
P4303,247.81,1025.0,21.6,6.2,820.0,8200.0
P4304,291.77,1025.0,21.6,7.300000000000001,820.0,9400.0
P4305,335.74,1025.0,21.6,8.4,820.0,10000.0
P4306,379.7,1025.0,21.6,9.5,820.0,11200.0
P4307,142.63,1025.0,24.2,4.0,820.0,6000.0
P4308,181.85,1025.0,24.2,5.1,820.0,7000.0
P4309,221.07,1025.0,24.2,6.2,820.0,7800.0
P4310,260.29,1025.0,24.2,7.300000000000001,820.0,9000.0
P4311,299.51,1025.0,24.2,8.4,820.0,9600.0
P4312,338.74,1025.0,24.2,9.5,820.0,10800.0
P4313,128.99,1025.0,26.8,4.0,820.0,6000.0
P4314,164.46,1025.0,26.8,5.1,820.0,6800.0
P4315,199.93,1025.0,26.8,6.2,820.0,7600.0
P4316,235.4,1025.0,26.8,7.300000000000001,820.0,8600.0
P4317,270.87,1025.0,26.8,8.4,820.0,9400.0
P4318,306.34,1025.0,26.8,9.5,820.0,10400.0
P4319,117.49,1025.0,29.4,4.0,820.0,5800.0
P4320,149.79,1025.0,29.4,5.1,820.0,6600.0
P4321,182.1,1025.0,29.4,6.2,820.0,7400.0
P4322,214.41,1025.0,29.4,7.300000000000001,820.0,8400.0
P4323,246.72,1025.0,29.4,8.4,820.0,9000.0
P4324,279.03,1025.0,29.4,9.5,820.0,10000.0
P4325,107.77,1025.0,32.0,4.0,820.0,6000.0
P4326,137.41,1025.0,32.0,5.1,820.0,7000.0
P4327,167.04,1025.0,32.0,6.2,820.0,7800.0
P4328,196.68,1025.0,32.0,7.300000000000001,820.0,8800.0
P4329,226.32,1025.0,32.0,8.4,820.0,9600.0
P4330,255.95,1025.0,32.0,9.5,820.0,10600.0
P4331,237.33,1025.0,19.0,4.0,933.3333333333334,8000.0
P4332,302.59,1025.0,19.0,5.1,933.3333333333334,9400.0
P4333,367.86,1025.0,19.0,6.2,933.3333333333334,10600.0
P4334,433.12,1025.0,19.0,7.300000000000001,933.3333333333334,12000.0
P4335,498.39,1025.0,19.0,8.4,933.3333333333334,13200.0
P4336,563.66,1025.0,19.0,9.5,933.3333333333334,14200.0
P4337,208.73,1025.0,21.6,4.0,933.3333333333334,7800.0
P4338,266.13,1025.0,21.6,5.1,933.3333333333334,9000.0
P4339,323.54,1025.0,21.6,6.2,933.3333333333334,10000.0
P4340,380.94,1025.0,21.6,7.300000000000001,933.3333333333334,11400.0
P4341,438.34,1025.0,21.6,8.4,933.3333333333334,12400.0
P4342,495.74,1025.0,21.6,9.5,933.3333333333334,13600.0
P4343,186.42,1025.0,24.2,4.0,933.3333333333334,7400.0
P4344,237.68,1025.0,24.2,5.1,933.3333333333334,8600.0
P4345,288.95,1025.0,24.2,6.2,933.3333333333334,9800.0
P4346,340.21,1025.0,24.2,7.300000000000001,933.3333333333334,11000.0
P4347,391.48,1025.0,24.2,8.4,933.3333333333334,12000.0
P4348,442.74,1025.0,24.2,9.5,933.3333333333334,13000.0
P4349,168.39,1025.0,26.8,4.0,933.3333333333334,7400.0
P4350,214.7,1025.0,26.8,5.1,933.3333333333334,8400.0
P4351,261.0,1025.0,26.8,6.2,933.3333333333334,9600.0
P4352,307.31,1025.0,26.8,7.300000000000001,933.3333333333334,10600.0
P4353,353.62,1025.0,26.8,8.4,933.3333333333334,11800.0
P4354,399.92,1025.0,26.8,9.5,933.3333333333334,12600.0
P4355,153.32,1025.0,29.4,4.0,933.3333333333334,7200.0
P4356,195.49,1025.0,29.4,5.1,933.3333333333334,8200.0
P4357,237.65,1025.0,29.4,6.2,933.3333333333334,9400.0
P4358,279.81,1025.0,29.4,7.300000000000001,933.3333333333334,10200.0
P4359,321.98,1025.0,29.4,8.4,933.3333333333334,11400.0
P4360,364.14,1025.0,29.4,9.5,933.3333333333334,12200.0
P4361,140.74,1025.0,32.0,4.0,933.3333333333334,7400.0
P4362,179.45,1025.0,32.0,5.1,933.3333333333334,8600.0
P4363,218.15,1025.0,32.0,6.2,933.3333333333334,9600.0
P4364,256.86,1025.0,32.0,7.300000000000001,933.3333333333334,10800.0
P4365,295.56,1025.0,32.0,8.4,933.3333333333334,11800.0
P4366,334.27,1025.0,32.0,9.5,933.3333333333334,12800.0
P4367,300.36,1025.0,19.0,4.0,1046.666666666667,10000.0
P4368,382.96,1025.0,19.0,5.1,1046.666666666667,11600.0
P4369,465.56,1025.0,19.0,6.2,1046.666666666667,13200.0
P4370,548.16,1025.0,19.0,7.300000000000001,1046.666666666667,14400.0
P4371,630.76,1025.0,19.0,8.4,1046.666666666667,16000.0
P4372,713.36,1025.0,19.0,9.5,1046.666666666667,17600.0
P4373,264.1,1025.0,21.6,4.0,1046.666666666667,9600.0
P4374,336.73,1025.0,21.6,5.1,1046.666666666667,11000.0
P4375,409.36,1025.0,21.6,6.2,1046.666666666667,12600.0
P4376,481.99,1025.0,21.6,7.300000000000001,1046.666666666667,13800.0
P4377,554.62,1025.0,21.6,8.4,1046.666666666667,15200.0
P4378,627.25,1025.0,21.6,9.5,1046.666666666667,16800.0
P4379,235.68,1025.0,24.2,4.0,1046.666666666667,9200.0
P4380,300.49,1025.0,24.2,5.1,1046.666666666667,10600.0
P4381,365.31,1025.0,24.2,6.2,1046.666666666667,12000.0
P4382,430.12,1025.0,24.2,7.300000000000001,1046.666666666667,13200.0
P4383,494.93,1025.0,24.2,8.4,1046.666666666667,14600.0
P4384,559.75,1025.0,24.2,9.5,1046.666666666667,16000.0
P4385,212.84,1025.0,26.8,4.0,1046.666666666667,9000.0
P4386,271.38,1025.0,26.8,5.1,1046.666666666667,10400.0
P4387,329.91,1025.0,26.8,6.2,1046.666666666667,11600.0
P4388,388.44,1025.0,26.8,7.300000000000001,1046.666666666667,12800.0
P4389,446.97,1025.0,26.8,8.4,1046.666666666667,14000.0
P4390,505.5,1025.0,26.8,9.5,1046.666666666667,15400.0
P4391,193.96,1025.0,29.4,4.0,1046.666666666667,8800.0
P4392,247.3,1025.0,29.4,5.1,1046.666666666667,10000.0
P4393,300.64,1025.0,29.4,6.2,1046.666666666667,11200.0
P4394,353.98,1025.0,29.4,7.300000000000001,1046.666666666667,12400.0
P4395,407.32,1025.0,29.4,8.4,1046.666666666667,13600.0
P4396,460.66,1025.0,29.4,9.5,1046.666666666667,14800.0
P4397,178.14,1025.0,32.0,4.0,1046.666666666667,9200.0
P4398,227.13,1025.0,32.0,5.1,1046.666666666667,10600.0
P4399,276.12,1025.0,32.0,6.2,1046.666666666667,11800.0
P4400,325.11,1025.0,32.0,7.300000000000001,1046.666666666667,13000.0
P4401,374.1,1025.0,32.0,8.4,1046.666666666667,14400.0
P4402,423.08,1025.0,32.0,9.5,1046.666666666667,15800.0
P4403,370.8,1025.0,19.0,4.0,1160.0,12000.0
P4404,472.76,1025.0,19.0,5.1,1160.0,13800.0
P4405,574.73,1025.0,19.0,6.2,1160.0,15600.0
P4406,676.7,1025.0,19.0,7.300000000000001,1160.0,17400.0
P4407,778.67,1025.0,19.0,8.4,1160.0,19200.0
P4408,880.64,1025.0,19.0,9.5,1160.0,21000.0
P4409,325.99,1025.0,21.6,4.0,1160.0,11800.0
P4410,415.64,1025.0,21.6,5.1,1160.0,13400.0
P4411,505.29,1025.0,21.6,6.2,1160.0,15000.0
P4412,594.93,1025.0,21.6,7.300000000000001,1160.0,16800.0
P4413,684.58,1025.0,21.6,8.4,1160.0,18400.0
P4414,774.23,1025.0,21.6,9.5,1160.0,20000.0
P4415,291.03,1025.0,24.2,4.0,1160.0,11400.0
P4416,371.06,1025.0,24.2,5.1,1160.0,12800.0
P4417,451.1,1025.0,24.2,6.2,1160.0,14400.0
P4418,531.13,1025.0,24.2,7.300000000000001,1160.0,16000.0
P4419,611.16,1025.0,24.2,8.4,1160.0,17600.0
P4420,691.2,1025.0,24.2,9.5,1160.0,19200.0
P4421,262.69,1025.0,26.8,4.0,1160.0,11000.0
P4422,334.93,1025.0,26.8,5.1,1160.0,12400.0
P4423,407.17,1025.0,26.8,6.2,1160.0,14000.0
P4424,479.4,1025.0,26.8,7.300000000000001,1160.0,15400.0
P4425,551.64,1025.0,26.8,8.4,1160.0,17000.0
P4426,623.88,1025.0,26.8,9.5,1160.0,18400.0
P4427,239.4,1025.0,29.4,4.0,1160.0,10800.0
P4428,305.24,1025.0,29.4,5.1,1160.0,12200.0
P4429,371.08,1025.0,29.4,6.2,1160.0,13600.0
P4430,436.91,1025.0,29.4,7.300000000000001,1160.0,15000.0
P4431,502.75,1025.0,29.4,8.4,1160.0,16400.0
P4432,568.59,1025.0,29.4,9.5,1160.0,17800.0
P4433,219.96,1025.0,32.0,4.0,1160.0,11200.0
P4434,280.45,1025.0,32.0,5.1,1160.0,12800.0
P4435,340.94,1025.0,32.0,6.2,1160.0,14200.0
P4436,401.43,1025.0,32.0,7.300000000000001,1160.0,15800.0
P4437,461.92,1025.0,32.0,8.4,1160.0,17400.0
P4438,522.41,1025.0,32.0,9.5,1160.0,19000.0
P4439,448.63,1025.0,19.0,4.0,1273.333333333333,14200.0
P4440,572.01,1025.0,19.0,5.1,1273.333333333333,16400.0
P4441,695.38,1025.0,19.0,6.2,1273.333333333333,18400.0
P4442,818.75,1025.0,19.0,7.300000000000001,1273.333333333333,20600.0
P4443,942.13,1025.0,19.0,8.4,1273.333333333333,22800.0
P4444,1065.5,1025.0,19.0,9.5,1273.333333333333,24800.0
P4445,394.39,1025.0,21.6,4.0,1273.333333333333,13600.0
P4446,502.85,1025.0,21.6,5.1,1273.333333333333,15600.0
P4447,611.31,1025.0,21.6,6.2,1273.333333333333,17600.0
P4448,719.77,1025.0,21.6,7.300000000000001,1273.333333333333,19400.0
P4449,828.23,1025.0,21.6,8.4,1273.333333333333,21600.0
P4450,936.68,1025.0,21.6,9.5,1273.333333333333,23400.0
P4451,352.15,1025.0,24.2,4.0,1273.333333333333,13000.0
P4452,449.0,1025.0,24.2,5.1,1273.333333333333,15000.0
P4453,545.84,1025.0,24.2,6.2,1273.333333333333,16800.0
P4454,642.68,1025.0,24.2,7.300000000000001,1273.333333333333,18600.0
P4455,739.53,1025.0,24.2,8.4,1273.333333333333,20600.0
P4456,836.37,1025.0,24.2,9.5,1273.333333333333,22400.0
P4457,317.92,1025.0,26.8,4.0,1273.333333333333,12600.0
P4458,405.35,1025.0,26.8,5.1,1273.333333333333,14600.0
P4459,492.77,1025.0,26.8,6.2,1273.333333333333,16200.0
P4460,580.2,1025.0,26.8,7.300000000000001,1273.333333333333,17800.0
P4461,667.63,1025.0,26.8,8.4,1273.333333333333,19800.0
P4462,755.06,1025.0,26.8,9.5,1273.333333333333,21400.0
P4463,289.65,1025.0,29.4,4.0,1273.333333333333,12400.0
P4464,369.3,1025.0,29.4,5.1,1273.333333333333,14200.0
P4465,448.96,1025.0,29.4,6.2,1273.333333333333,15800.0
P4466,528.61,1025.0,29.4,7.300000000000001,1273.333333333333,17200.0
P4467,608.26,1025.0,29.4,8.4,1273.333333333333,19000.0
P4468,687.92,1025.0,29.4,9.5,1273.333333333333,20600.0
P4469,266.21,1025.0,32.0,4.0,1273.333333333333,13000.0
P4470,339.41,1025.0,32.0,5.1,1273.333333333333,14800.0
P4471,412.62,1025.0,32.0,6.2,1273.333333333333,16600.0
P4472,485.83,1025.0,32.0,7.300000000000001,1273.333333333333,18400.0
P4473,559.03,1025.0,32.0,8.4,1273.333333333333,20200.0
P4474,632.24,1025.0,32.0,9.5,1273.333333333333,22000.0
P4475,533.63,1025.0,19.0,4.0,1386.666666666667,16600.0
P4476,680.38,1025.0,19.0,5.1,1386.666666666667,19000.0
P4477,827.13,1025.0,19.0,6.2,1386.666666666667,21400.0
P4478,973.88,1025.0,19.0,7.300000000000001,1386.666666666667,24200.0
P4479,1120.62,1025.0,19.0,8.4,1386.666666666667,26200.0
P4480,1267.37,1025.0,19.0,9.5,1386.666666666667,29000.0
P4481,469.31,1025.0,21.6,4.0,1386.666666666667,15800.0
P4482,598.37,1025.0,21.6,5.1,1386.666666666667,18200.0
P4483,727.43,1025.0,21.6,6.2,1386.666666666667,20400.0
P4484,856.49,1025.0,21.6,7.300000000000001,1386.666666666667,22800.0
P4485,985.55,1025.0,21.6,8.4,1386.666666666667,24800.0
P4486,1114.61,1025.0,21.6,9.5,1386.666666666667,27400.0
P4487,419.06,1025.0,24.2,4.0,1386.666666666667,15200.0
P4488,534.3,1025.0,24.2,5.1,1386.666666666667,17400.0
P4489,649.54,1025.0,24.2,6.2,1386.666666666667,19400.0
P4490,764.78,1025.0,24.2,7.300000000000001,1386.666666666667,21800.0
P4491,880.02,1025.0,24.2,8.4,1386.666666666667,23600.0
P4492,995.26,1025.0,24.2,9.5,1386.666666666667,26000.0
P4493,378.2,1025.0,26.8,4.0,1386.666666666667,14800.0
P4494,482.21,1025.0,26.8,5.1,1386.666666666667,16800.0
P4495,586.21,1025.0,26.8,6.2,1386.666666666667,18800.0
P4496,690.22,1025.0,26.8,7.300000000000001,1386.666666666667,21000.0
P4497,794.23,1025.0,26.8,8.4,1386.666666666667,22600.0
P4498,898.23,1025.0,26.8,9.5,1386.666666666667,25000.0
P4499,344.7,1025.0,29.4,4.0,1386.666666666667,14400.0
P4500,439.49,1025.0,29.4,5.1,1386.666666666667,16400.0
P4501,534.28,1025.0,29.4,6.2,1386.666666666667,18200.0
P4502,629.07,1025.0,29.4,7.300000000000001,1386.666666666667,20400.0
P4503,723.87,1025.0,29.4,8.4,1386.666666666667,21800.0
P4504,818.66,1025.0,29.4,9.5,1386.666666666667,24000.0
P4505,316.87,1025.0,32.0,4.0,1386.666666666667,15200.0
P4506,404.01,1025.0,32.0,5.1,1386.666666666667,17200.0
P4507,491.15,1025.0,32.0,6.2,1386.666666666667,19200.0
P4508,578.29,1025.0,32.0,7.300000000000001,1386.666666666667,21600.0
P4509,665.43,1025.0,32.0,8.4,1386.666666666667,23200.0
P4510,752.57,1025.0,32.0,9.5,1386.666666666667,25600.0
P4511,626.27,1025.0,19.0,4.0,1500.0,19800.0
P4512,798.49,1025.0,19.0,5.1,1500.0,22600.0
P4513,970.72,1025.0,19.0,6.2,1500.0,26000.0
P4514,1142.94,1025.0,19.0,7.300000000000001,1500.0,28800.0
P4515,1315.17,1025.0,19.0,8.4,1500.0,31600.0
P4516,1487.39,1025.0,19.0,9.5,1500.0,34600.0
P4517,550.74,1025.0,21.6,4.0,1500.0,19000.0
P4518,702.19,1025.0,21.6,5.1,1500.0,21600.0
P4519,853.65,1025.0,21.6,6.2,1500.0,24600.0
P4520,1005.1,1025.0,21.6,7.300000000000001,1500.0,27200.0
P4521,1156.55,1025.0,21.6,8.4,1500.0,29800.0
P4522,1308.0,1025.0,21.6,9.5,1500.0,32600.0
P4523,491.74,1025.0,24.2,4.0,1500.0,18600.0
P4524,626.97,1025.0,24.2,5.1,1500.0,21000.0
P4525,762.2,1025.0,24.2,6.2,1500.0,23600.0
P4526,897.42,1025.0,24.2,7.300000000000001,1500.0,26000.0
P4527,1032.65,1025.0,24.2,8.4,1500.0,28400.0
P4528,1167.88,1025.0,24.2,9.5,1500.0,31400.0
P4529,443.87,1025.0,26.8,4.0,1500.0,18000.0
P4530,565.94,1025.0,26.8,5.1,1500.0,20200.0
P4531,688.01,1025.0,26.8,6.2,1500.0,22800.0
P4532,810.07,1025.0,26.8,7.300000000000001,1500.0,25200.0
P4533,932.14,1025.0,26.8,8.4,1500.0,27600.0
P4534,1054.2,1025.0,26.8,9.5,1500.0,30000.0
P4535,404.55,1025.0,29.4,4.0,1500.0,17600.0
P4536,515.8,1025.0,29.4,5.1,1500.0,19800.0
P4537,627.05,1025.0,29.4,6.2,1500.0,22000.0
P4538,738.3,1025.0,29.4,7.300000000000001,1500.0,24200.0
P4539,849.55,1025.0,29.4,8.4,1500.0,26400.0
P4540,960.8,1025.0,29.4,9.5,1500.0,29000.0
P4541,371.56,1025.0,32.0,4.0,1500.0,18400.0
P4542,473.74,1025.0,32.0,5.1,1500.0,20800.0
P4543,575.92,1025.0,32.0,6.2,1500.0,23400.0
P4544,678.1,1025.0,32.0,7.300000000000001,1500.0,25800.0
P4545,780.28,1025.0,32.0,8.4,1500.0,28200.0
P4546,882.46,1025.0,32.0,9.5,1500.0,30800.0
P4547,181.94,1350.0,19.0,4.0,820.0,6600.0
P4548,231.97,1350.0,19.0,5.1,820.0,7600.0
P4549,282.0,1350.0,19.0,6.2,820.0,8600.0
P4550,332.03,1350.0,19.0,7.300000000000001,820.0,9800.0
P4551,382.07,1350.0,19.0,8.4,820.0,10600.0
P4552,432.1,1350.0,19.0,9.5,820.0,11800.0
P4553,159.87,1350.0,21.6,4.0,820.0,6400.0
P4554,203.84,1350.0,21.6,5.1,820.0,7200.0
P4555,247.81,1350.0,21.6,6.2,820.0,8200.0
P4556,291.77,1350.0,21.6,7.300000000000001,820.0,9400.0
P4557,335.74,1350.0,21.6,8.4,820.0,10000.0
P4558,379.7,1350.0,21.6,9.5,820.0,11200.0
P4559,142.63,1350.0,24.2,4.0,820.0,6200.0
P4560,181.85,1350.0,24.2,5.1,820.0,7000.0
P4561,221.07,1350.0,24.2,6.2,820.0,7800.0
P4562,260.29,1350.0,24.2,7.300000000000001,820.0,9000.0
P4563,299.51,1350.0,24.2,8.4,820.0,9600.0
P4564,338.74,1350.0,24.2,9.5,820.0,10800.0
P4565,128.99,1350.0,26.8,4.0,820.0,6000.0
P4566,164.46,1350.0,26.8,5.1,820.0,6800.0
P4567,199.93,1350.0,26.8,6.2,820.0,7600.0
P4568,235.4,1350.0,26.8,7.300000000000001,820.0,8600.0
P4569,270.87,1350.0,26.8,8.4,820.0,9400.0
P4570,306.34,1350.0,26.8,9.5,820.0,10400.0
P4571,117.49,1350.0,29.4,4.0,820.0,5800.0
P4572,149.79,1350.0,29.4,5.1,820.0,6600.0
P4573,182.1,1350.0,29.4,6.2,820.0,7400.0
P4574,214.41,1350.0,29.4,7.300000000000001,820.0,8400.0
P4575,246.72,1350.0,29.4,8.4,820.0,9000.0
P4576,279.03,1350.0,29.4,9.5,820.0,10000.0
P4577,107.77,1350.0,32.0,4.0,820.0,6000.0
P4578,137.41,1350.0,32.0,5.1,820.0,7000.0
P4579,167.04,1350.0,32.0,6.2,820.0,7800.0
P4580,196.68,1350.0,32.0,7.300000000000001,820.0,8800.0
P4581,226.32,1350.0,32.0,8.4,820.0,9600.0
P4582,255.95,1350.0,32.0,9.5,820.0,10600.0
P4583,237.33,1350.0,19.0,4.0,933.3333333333334,8000.0
P4584,302.59,1350.0,19.0,5.1,933.3333333333334,9400.0
P4585,367.86,1350.0,19.0,6.2,933.3333333333334,10600.0
P4586,433.12,1350.0,19.0,7.300000000000001,933.3333333333334,12000.0
P4587,498.39,1350.0,19.0,8.4,933.3333333333334,13400.0
P4588,563.66,1350.0,19.0,9.5,933.3333333333334,14200.0
P4589,208.73,1350.0,21.6,4.0,933.3333333333334,7800.0
P4590,266.13,1350.0,21.6,5.1,933.3333333333334,9000.0
P4591,323.54,1350.0,21.6,6.2,933.3333333333334,10000.0
P4592,380.94,1350.0,21.6,7.300000000000001,933.3333333333334,11400.0
P4593,438.34,1350.0,21.6,8.4,933.3333333333334,12600.0
P4594,495.74,1350.0,21.6,9.5,933.3333333333334,13600.0
P4595,186.42,1350.0,24.2,4.0,933.3333333333334,7400.0
P4596,237.68,1350.0,24.2,5.1,933.3333333333334,8600.0
P4597,288.95,1350.0,24.2,6.2,933.3333333333334,9800.0
P4598,340.21,1350.0,24.2,7.300000000000001,933.3333333333334,11000.0
P4599,391.48,1350.0,24.2,8.4,933.3333333333334,12200.0
P4600,442.74,1350.0,24.2,9.5,933.3333333333334,13000.0
P4601,168.39,1350.0,26.8,4.0,933.3333333333334,7400.0
P4602,214.7,1350.0,26.8,5.1,933.3333333333334,8600.0
P4603,261.0,1350.0,26.8,6.2,933.3333333333334,9600.0
P4604,307.31,1350.0,26.8,7.300000000000001,933.3333333333334,10800.0
P4605,353.62,1350.0,26.8,8.4,933.3333333333334,11800.0
P4606,399.92,1350.0,26.8,9.5,933.3333333333334,12600.0
P4607,153.32,1350.0,29.4,4.0,933.3333333333334,7200.0
P4608,195.49,1350.0,29.4,5.1,933.3333333333334,8400.0
P4609,237.65,1350.0,29.4,6.2,933.3333333333334,9400.0
P4610,279.81,1350.0,29.4,7.300000000000001,933.3333333333334,10400.0
P4611,321.98,1350.0,29.4,8.4,933.3333333333334,11400.0
P4612,364.14,1350.0,29.4,9.5,933.3333333333334,12200.0
P4613,140.74,1350.0,32.0,4.0,933.3333333333334,7400.0
P4614,179.45,1350.0,32.0,5.1,933.3333333333334,8600.0
P4615,218.15,1350.0,32.0,6.2,933.3333333333334,9600.0
P4616,256.86,1350.0,32.0,7.300000000000001,933.3333333333334,10800.0
P4617,295.56,1350.0,32.0,8.4,933.3333333333334,12000.0
P4618,334.27,1350.0,32.0,9.5,933.3333333333334,12800.0
P4619,300.36,1350.0,19.0,4.0,1046.666666666667,10200.0
P4620,382.96,1350.0,19.0,5.1,1046.666666666667,11800.0
P4621,465.56,1350.0,19.0,6.2,1046.666666666667,13400.0
P4622,548.16,1350.0,19.0,7.300000000000001,1046.666666666667,14600.0
P4623,630.76,1350.0,19.0,8.4,1046.666666666667,16000.0
P4624,713.36,1350.0,19.0,9.5,1046.666666666667,17600.0
P4625,264.1,1350.0,21.6,4.0,1046.666666666667,9800.0
P4626,336.73,1350.0,21.6,5.1,1046.666666666667,11200.0
P4627,409.36,1350.0,21.6,6.2,1046.666666666667,12800.0
P4628,481.99,1350.0,21.6,7.300000000000001,1046.666666666667,14000.0
P4629,554.62,1350.0,21.6,8.4,1046.666666666667,15200.0
P4630,627.25,1350.0,21.6,9.5,1046.666666666667,16800.0
P4631,235.68,1350.0,24.2,4.0,1046.666666666667,9400.0
P4632,300.49,1350.0,24.2,5.1,1046.666666666667,10800.0
P4633,365.31,1350.0,24.2,6.2,1046.666666666667,12200.0
P4634,430.12,1350.0,24.2,7.300000000000001,1046.666666666667,13400.0
P4635,494.93,1350.0,24.2,8.4,1046.666666666667,14600.0
P4636,559.75,1350.0,24.2,9.5,1046.666666666667,16000.0
P4637,212.84,1350.0,26.8,4.0,1046.666666666667,9200.0
P4638,271.38,1350.0,26.8,5.1,1046.666666666667,10600.0
P4639,329.91,1350.0,26.8,6.2,1046.666666666667,11800.0
P4640,388.44,1350.0,26.8,7.300000000000001,1046.666666666667,13000.0
P4641,446.97,1350.0,26.8,8.4,1046.666666666667,14000.0
P4642,505.5,1350.0,26.8,9.5,1046.666666666667,15400.0
P4643,193.96,1350.0,29.4,4.0,1046.666666666667,9000.0
P4644,247.3,1350.0,29.4,5.1,1046.666666666667,10200.0
P4645,300.64,1350.0,29.4,6.2,1046.666666666667,11400.0
P4646,353.98,1350.0,29.4,7.300000000000001,1046.666666666667,12600.0
P4647,407.32,1350.0,29.4,8.4,1046.666666666667,13600.0
P4648,460.66,1350.0,29.4,9.5,1046.666666666667,14800.0
P4649,178.14,1350.0,32.0,4.0,1046.666666666667,9400.0
P4650,227.13,1350.0,32.0,5.1,1046.666666666667,10800.0
P4651,276.12,1350.0,32.0,6.2,1046.666666666667,12000.0
P4652,325.11,1350.0,32.0,7.300000000000001,1046.666666666667,13200.0
P4653,374.1,1350.0,32.0,8.4,1046.666666666667,14400.0
P4654,423.08,1350.0,32.0,9.5,1046.666666666667,15800.0
P4655,370.8,1350.0,19.0,4.0,1160.0,12200.0
P4656,472.76,1350.0,19.0,5.1,1160.0,14000.0
P4657,574.73,1350.0,19.0,6.2,1160.0,15800.0
P4658,676.7,1350.0,19.0,7.300000000000001,1160.0,17600.0
P4659,778.67,1350.0,19.0,8.4,1160.0,19400.0
P4660,880.64,1350.0,19.0,9.5,1160.0,21000.0
P4661,325.99,1350.0,21.6,4.0,1160.0,12000.0
P4662,415.64,1350.0,21.6,5.1,1160.0,13600.0
P4663,505.29,1350.0,21.6,6.2,1160.0,15200.0
P4664,594.93,1350.0,21.6,7.300000000000001,1160.0,17000.0
P4665,684.58,1350.0,21.6,8.4,1160.0,18600.0
P4666,774.23,1350.0,21.6,9.5,1160.0,20000.0
P4667,291.03,1350.0,24.2,4.0,1160.0,11600.0
P4668,371.06,1350.0,24.2,5.1,1160.0,13000.0
P4669,451.1,1350.0,24.2,6.2,1160.0,14600.0
P4670,531.13,1350.0,24.2,7.300000000000001,1160.0,16200.0
P4671,611.16,1350.0,24.2,8.4,1160.0,17800.0
P4672,691.2,1350.0,24.2,9.5,1160.0,19200.0
P4673,262.69,1350.0,26.8,4.0,1160.0,11200.0
P4674,334.93,1350.0,26.8,5.1,1160.0,12600.0
P4675,407.17,1350.0,26.8,6.2,1160.0,14200.0
P4676,479.4,1350.0,26.8,7.300000000000001,1160.0,15600.0
P4677,551.64,1350.0,26.8,8.4,1160.0,17200.0
P4678,623.88,1350.0,26.8,9.5,1160.0,18400.0
P4679,239.4,1350.0,29.4,4.0,1160.0,11000.0
P4680,305.24,1350.0,29.4,5.1,1160.0,12400.0
P4681,371.08,1350.0,29.4,6.2,1160.0,13800.0
P4682,436.91,1350.0,29.4,7.300000000000001,1160.0,15200.0
P4683,502.75,1350.0,29.4,8.4,1160.0,16600.0
P4684,568.59,1350.0,29.4,9.5,1160.0,17800.0
P4685,219.96,1350.0,32.0,4.0,1160.0,11400.0
P4686,280.45,1350.0,32.0,5.1,1160.0,13000.0
P4687,340.94,1350.0,32.0,6.2,1160.0,14400.0
P4688,401.43,1350.0,32.0,7.300000000000001,1160.0,16000.0
P4689,461.92,1350.0,32.0,8.4,1160.0,17600.0
P4690,522.41,1350.0,32.0,9.5,1160.0,19000.0
P4691,448.63,1350.0,19.0,4.0,1273.333333333333,14400.0
P4692,572.01,1350.0,19.0,5.1,1273.333333333333,16600.0
P4693,695.38,1350.0,19.0,6.2,1273.333333333333,18600.0
P4694,818.75,1350.0,19.0,7.300000000000001,1273.333333333333,20800.0
P4695,942.13,1350.0,19.0,8.4,1273.333333333333,23200.0
P4696,1065.5,1350.0,19.0,9.5,1273.333333333333,25000.0
P4697,394.39,1350.0,21.6,4.0,1273.333333333333,13800.0
P4698,502.85,1350.0,21.6,5.1,1273.333333333333,15800.0
P4699,611.31,1350.0,21.6,6.2,1273.333333333333,17800.0
P4700,719.77,1350.0,21.6,7.300000000000001,1273.333333333333,19600.0
P4701,828.23,1350.0,21.6,8.4,1273.333333333333,22000.0
P4702,936.68,1350.0,21.6,9.5,1273.333333333333,23800.0
P4703,352.15,1350.0,24.2,4.0,1273.333333333333,13200.0
P4704,449.0,1350.0,24.2,5.1,1273.333333333333,15200.0
P4705,545.84,1350.0,24.2,6.2,1273.333333333333,17000.0
P4706,642.68,1350.0,24.2,7.300000000000001,1273.333333333333,18800.0
P4707,739.53,1350.0,24.2,8.4,1273.333333333333,21000.0
P4708,836.37,1350.0,24.2,9.5,1273.333333333333,22800.0
P4709,317.92,1350.0,26.8,4.0,1273.333333333333,12800.0
P4710,405.35,1350.0,26.8,5.1,1273.333333333333,14800.0
P4711,492.77,1350.0,26.8,6.2,1273.333333333333,16400.0
P4712,580.2,1350.0,26.8,7.300000000000001,1273.333333333333,18000.0
P4713,667.63,1350.0,26.8,8.4,1273.333333333333,20200.0
P4714,755.06,1350.0,26.8,9.5,1273.333333333333,21800.0
P4715,289.65,1350.0,29.4,4.0,1273.333333333333,12600.0
P4716,369.3,1350.0,29.4,5.1,1273.333333333333,14400.0
P4717,448.96,1350.0,29.4,6.2,1273.333333333333,16000.0
P4718,528.61,1350.0,29.4,7.300000000000001,1273.333333333333,17400.0
P4719,608.26,1350.0,29.4,8.4,1273.333333333333,19400.0
P4720,687.92,1350.0,29.4,9.5,1273.333333333333,21000.0
P4721,266.21,1350.0,32.0,4.0,1273.333333333333,13200.0
P4722,339.41,1350.0,32.0,5.1,1273.333333333333,15000.0
P4723,412.62,1350.0,32.0,6.2,1273.333333333333,16800.0
P4724,485.83,1350.0,32.0,7.300000000000001,1273.333333333333,18600.0
P4725,559.03,1350.0,32.0,8.4,1273.333333333333,20600.0
P4726,632.24,1350.0,32.0,9.5,1273.333333333333,22400.0
P4727,533.63,1350.0,19.0,4.0,1386.666666666667,17000.0
P4728,680.38,1350.0,19.0,5.1,1386.666666666667,19400.0
P4729,827.13,1350.0,19.0,6.2,1386.666666666667,21800.0
P4730,973.88,1350.0,19.0,7.300000000000001,1386.666666666667,24600.0
P4731,1120.62,1350.0,19.0,8.4,1386.666666666667,26800.0
P4732,1267.37,1350.0,19.0,9.5,1386.666666666667,29400.0
P4733,469.31,1350.0,21.6,4.0,1386.666666666667,16200.0
P4734,598.37,1350.0,21.6,5.1,1386.666666666667,18600.0
P4735,727.43,1350.0,21.6,6.2,1386.666666666667,20800.0
P4736,856.49,1350.0,21.6,7.300000000000001,1386.666666666667,23200.0
P4737,985.55,1350.0,21.6,8.4,1386.666666666667,25400.0
P4738,1114.61,1350.0,21.6,9.5,1386.666666666667,27800.0
P4739,419.06,1350.0,24.2,4.0,1386.666666666667,15600.0
P4740,534.3,1350.0,24.2,5.1,1386.666666666667,17800.0
P4741,649.54,1350.0,24.2,6.2,1386.666666666667,19800.0
P4742,764.78,1350.0,24.2,7.300000000000001,1386.666666666667,22200.0
P4743,880.02,1350.0,24.2,8.4,1386.666666666667,24200.0
P4744,995.26,1350.0,24.2,9.5,1386.666666666667,26400.0
P4745,378.2,1350.0,26.8,4.0,1386.666666666667,15200.0
P4746,482.21,1350.0,26.8,5.1,1386.666666666667,17200.0
P4747,586.21,1350.0,26.8,6.2,1386.666666666667,19200.0
P4748,690.22,1350.0,26.8,7.300000000000001,1386.666666666667,21400.0
P4749,794.23,1350.0,26.8,8.4,1386.666666666667,23200.0
P4750,898.23,1350.0,26.8,9.5,1386.666666666667,25400.0
P4751,344.7,1350.0,29.4,4.0,1386.666666666667,14800.0
P4752,439.49,1350.0,29.4,5.1,1386.666666666667,16800.0
P4753,534.28,1350.0,29.4,6.2,1386.666666666667,18600.0
P4754,629.07,1350.0,29.4,7.300000000000001,1386.666666666667,20800.0
P4755,723.87,1350.0,29.4,8.4,1386.666666666667,22400.0
P4756,818.66,1350.0,29.4,9.5,1386.666666666667,24400.0
P4757,316.87,1350.0,32.0,4.0,1386.666666666667,15600.0
P4758,404.01,1350.0,32.0,5.1,1386.666666666667,17600.0
P4759,491.15,1350.0,32.0,6.2,1386.666666666667,19600.0
P4760,578.29,1350.0,32.0,7.300000000000001,1386.666666666667,22000.0
P4761,665.43,1350.0,32.0,8.4,1386.666666666667,23800.0
P4762,752.57,1350.0,32.0,9.5,1386.666666666667,26000.0
P4763,626.27,1350.0,19.0,4.0,1500.0,20200.0
P4764,798.49,1350.0,19.0,5.1,1500.0,23000.0
P4765,970.72,1350.0,19.0,6.2,1500.0,26400.0
P4766,1142.94,1350.0,19.0,7.300000000000001,1500.0,29200.0
P4767,1315.17,1350.0,19.0,8.4,1500.0,32000.0
P4768,1487.39,1350.0,19.0,9.5,1500.0,35200.0
P4769,550.74,1350.0,21.6,4.0,1500.0,19400.0
P4770,702.19,1350.0,21.6,5.1,1500.0,22000.0
P4771,853.65,1350.0,21.6,6.2,1500.0,25000.0
P4772,1005.1,1350.0,21.6,7.300000000000001,1500.0,27600.0
P4773,1156.55,1350.0,21.6,8.4,1500.0,30200.0
P4774,1308.0,1350.0,21.6,9.5,1500.0,33200.0
P4775,491.74,1350.0,24.2,4.0,1500.0,19000.0
P4776,626.97,1350.0,24.2,5.1,1500.0,21400.0
P4777,762.2,1350.0,24.2,6.2,1500.0,24200.0
P4778,897.42,1350.0,24.2,7.300000000000001,1500.0,26600.0
P4779,1032.65,1350.0,24.2,8.4,1500.0,29000.0
P4780,1167.88,1350.0,24.2,9.5,1500.0,31800.0
P4781,443.87,1350.0,26.8,4.0,1500.0,18400.0
P4782,565.94,1350.0,26.8,5.1,1500.0,20600.0
P4783,688.01,1350.0,26.8,6.2,1500.0,23400.0
P4784,810.07,1350.0,26.8,7.300000000000001,1500.0,25600.0
P4785,932.14,1350.0,26.8,8.4,1500.0,28000.0
P4786,1054.2,1350.0,26.8,9.5,1500.0,30400.0
P4787,404.55,1350.0,29.4,4.0,1500.0,18000.0
P4788,515.8,1350.0,29.4,5.1,1500.0,20200.0
P4789,627.05,1350.0,29.4,6.2,1500.0,22600.0
P4790,738.3,1350.0,29.4,7.300000000000001,1500.0,24800.0
P4791,849.55,1350.0,29.4,8.4,1500.0,27000.0
P4792,960.8,1350.0,29.4,9.5,1500.0,29400.0
P4793,371.56,1350.0,32.0,4.0,1500.0,18800.0
P4794,473.74,1350.0,32.0,5.1,1500.0,21200.0
P4795,575.92,1350.0,32.0,6.2,1500.0,24000.0
P4796,678.1,1350.0,32.0,7.300000000000001,1500.0,26200.0
P4797,780.28,1350.0,32.0,8.4,1500.0,28600.0
P4798,882.46,1350.0,32.0,9.5,1500.0,31200.0
P4799,181.94,1675.0,19.0,4.0,820.0,6600.0
P4800,231.97,1675.0,19.0,5.1,820.0,7800.0
P4801,282.0,1675.0,19.0,6.2,820.0,8800.0
P4802,332.03,1675.0,19.0,7.300000000000001,820.0,9800.0
P4803,382.07,1675.0,19.0,8.4,820.0,10800.0
P4804,432.1,1675.0,19.0,9.5,820.0,11800.0
P4805,159.87,1675.0,21.6,4.0,820.0,6400.0
P4806,203.84,1675.0,21.6,5.1,820.0,7400.0
P4807,247.81,1675.0,21.6,6.2,820.0,8400.0
P4808,291.77,1675.0,21.6,7.300000000000001,820.0,9400.0
P4809,335.74,1675.0,21.6,8.4,820.0,10200.0
P4810,379.7,1675.0,21.6,9.5,820.0,11200.0
P4811,142.63,1675.0,24.2,4.0,820.0,6200.0
P4812,181.85,1675.0,24.2,5.1,820.0,7200.0
P4813,221.07,1675.0,24.2,6.2,820.0,8000.0
P4814,260.29,1675.0,24.2,7.300000000000001,820.0,9000.0
P4815,299.51,1675.0,24.2,8.4,820.0,9800.0
P4816,338.74,1675.0,24.2,9.5,820.0,10800.0
P4817,128.99,1675.0,26.8,4.0,820.0,6000.0
P4818,164.46,1675.0,26.8,5.1,820.0,7000.0
P4819,199.93,1675.0,26.8,6.2,820.0,7800.0
P4820,235.4,1675.0,26.8,7.300000000000001,820.0,8600.0
P4821,270.87,1675.0,26.8,8.4,820.0,9600.0
P4822,306.34,1675.0,26.8,9.5,820.0,10400.0
P4823,117.49,1675.0,29.4,4.0,820.0,6000.0
P4824,149.79,1675.0,29.4,5.1,820.0,6800.0
P4825,182.1,1675.0,29.4,6.2,820.0,7600.0
P4826,214.41,1675.0,29.4,7.300000000000001,820.0,8400.0
P4827,246.72,1675.0,29.4,8.4,820.0,9200.0
P4828,279.03,1675.0,29.4,9.5,820.0,10000.0
P4829,107.77,1675.0,32.0,4.0,820.0,6200.0
P4830,137.41,1675.0,32.0,5.1,820.0,7200.0
P4831,167.04,1675.0,32.0,6.2,820.0,8000.0
P4832,196.68,1675.0,32.0,7.300000000000001,820.0,8800.0
P4833,226.32,1675.0,32.0,8.4,820.0,9800.0
P4834,255.95,1675.0,32.0,9.5,820.0,10600.0
P4835,237.33,1675.0,19.0,4.0,933.3333333333334,8200.0
P4836,302.59,1675.0,19.0,5.1,933.3333333333334,9600.0
P4837,367.86,1675.0,19.0,6.2,933.3333333333334,10800.0
P4838,433.12,1675.0,19.0,7.300000000000001,933.3333333333334,12200.0
P4839,498.39,1675.0,19.0,8.4,933.3333333333334,13400.0
P4840,563.66,1675.0,19.0,9.5,933.3333333333334,14400.0
P4841,208.73,1675.0,21.6,4.0,933.3333333333334,8000.0
P4842,266.13,1675.0,21.6,5.1,933.3333333333334,9200.0
P4843,323.54,1675.0,21.6,6.2,933.3333333333334,10200.0
P4844,380.94,1675.0,21.6,7.300000000000001,933.3333333333334,11600.0
P4845,438.34,1675.0,21.6,8.4,933.3333333333334,12600.0
P4846,495.74,1675.0,21.6,9.5,933.3333333333334,13800.0
P4847,186.42,1675.0,24.2,4.0,933.3333333333334,7600.0
P4848,237.68,1675.0,24.2,5.1,933.3333333333334,8800.0
P4849,288.95,1675.0,24.2,6.2,933.3333333333334,10000.0
P4850,340.21,1675.0,24.2,7.300000000000001,933.3333333333334,11200.0
P4851,391.48,1675.0,24.2,8.4,933.3333333333334,12200.0
P4852,442.74,1675.0,24.2,9.5,933.3333333333334,13200.0
P4853,168.39,1675.0,26.8,4.0,933.3333333333334,7600.0
P4854,214.7,1675.0,26.8,5.1,933.3333333333334,8600.0
P4855,261.0,1675.0,26.8,6.2,933.3333333333334,9600.0
P4856,307.31,1675.0,26.8,7.300000000000001,933.3333333333334,10800.0
P4857,353.62,1675.0,26.8,8.4,933.3333333333334,12000.0
P4858,399.92,1675.0,26.8,9.5,933.3333333333334,12800.0
P4859,153.32,1675.0,29.4,4.0,933.3333333333334,7400.0
P4860,195.49,1675.0,29.4,5.1,933.3333333333334,8400.0
P4861,237.65,1675.0,29.4,6.2,933.3333333333334,9400.0
P4862,279.81,1675.0,29.4,7.300000000000001,933.3333333333334,10400.0
P4863,321.98,1675.0,29.4,8.4,933.3333333333334,11600.0
P4864,364.14,1675.0,29.4,9.5,933.3333333333334,12400.0
P4865,140.74,1675.0,32.0,4.0,933.3333333333334,7600.0
P4866,179.45,1675.0,32.0,5.1,933.3333333333334,8800.0
P4867,218.15,1675.0,32.0,6.2,933.3333333333334,9800.0
P4868,256.86,1675.0,32.0,7.300000000000001,933.3333333333334,11000.0
P4869,295.56,1675.0,32.0,8.4,933.3333333333334,12000.0
P4870,334.27,1675.0,32.0,9.5,933.3333333333334,13000.0
P4871,300.36,1675.0,19.0,4.0,1046.666666666667,10200.0
P4872,382.96,1675.0,19.0,5.1,1046.666666666667,11800.0
P4873,465.56,1675.0,19.0,6.2,1046.666666666667,13600.0
P4874,548.16,1675.0,19.0,7.300000000000001,1046.666666666667,14800.0
P4875,630.76,1675.0,19.0,8.4,1046.666666666667,16200.0
P4876,713.36,1675.0,19.0,9.5,1046.666666666667,17800.0
P4877,264.1,1675.0,21.6,4.0,1046.666666666667,9800.0
P4878,336.73,1675.0,21.6,5.1,1046.666666666667,11200.0
P4879,409.36,1675.0,21.6,6.2,1046.666666666667,13000.0
P4880,481.99,1675.0,21.6,7.300000000000001,1046.666666666667,14200.0
P4881,554.62,1675.0,21.6,8.4,1046.666666666667,15400.0
P4882,627.25,1675.0,21.6,9.5,1046.666666666667,17000.0
P4883,235.68,1675.0,24.2,4.0,1046.666666666667,9400.0
P4884,300.49,1675.0,24.2,5.1,1046.666666666667,10800.0
P4885,365.31,1675.0,24.2,6.2,1046.666666666667,12400.0
P4886,430.12,1675.0,24.2,7.300000000000001,1046.666666666667,13600.0
P4887,494.93,1675.0,24.2,8.4,1046.666666666667,14800.0
P4888,559.75,1675.0,24.2,9.5,1046.666666666667,16200.0
P4889,212.84,1675.0,26.8,4.0,1046.666666666667,9200.0
P4890,271.38,1675.0,26.8,5.1,1046.666666666667,10600.0
P4891,329.91,1675.0,26.8,6.2,1046.666666666667,12000.0
P4892,388.44,1675.0,26.8,7.300000000000001,1046.666666666667,13200.0
P4893,446.97,1675.0,26.8,8.4,1046.666666666667,14200.0
P4894,505.5,1675.0,26.8,9.5,1046.666666666667,15600.0
P4895,193.96,1675.0,29.4,4.0,1046.666666666667,9000.0
P4896,247.3,1675.0,29.4,5.1,1046.666666666667,10200.0
P4897,300.64,1675.0,29.4,6.2,1046.666666666667,11600.0
P4898,353.98,1675.0,29.4,7.300000000000001,1046.666666666667,12800.0
P4899,407.32,1675.0,29.4,8.4,1046.666666666667,13800.0
P4900,460.66,1675.0,29.4,9.5,1046.666666666667,15000.0
P4901,178.14,1675.0,32.0,4.0,1046.666666666667,9400.0
P4902,227.13,1675.0,32.0,5.1,1046.666666666667,10800.0
P4903,276.12,1675.0,32.0,6.2,1046.666666666667,12200.0
P4904,325.11,1675.0,32.0,7.300000000000001,1046.666666666667,13400.0
P4905,374.1,1675.0,32.0,8.4,1046.666666666667,14600.0
P4906,423.08,1675.0,32.0,9.5,1046.666666666667,16000.0
P4907,370.8,1675.0,19.0,4.0,1160.0,12400.0
P4908,472.76,1675.0,19.0,5.1,1160.0,14200.0
P4909,574.73,1675.0,19.0,6.2,1160.0,16000.0
P4910,676.7,1675.0,19.0,7.300000000000001,1160.0,17800.0
P4911,778.67,1675.0,19.0,8.4,1160.0,19600.0
P4912,880.64,1675.0,19.0,9.5,1160.0,21200.0
P4913,325.99,1675.0,21.6,4.0,1160.0,12200.0
P4914,415.64,1675.0,21.6,5.1,1160.0,13800.0
P4915,505.29,1675.0,21.6,6.2,1160.0,15400.0
P4916,594.93,1675.0,21.6,7.300000000000001,1160.0,17200.0
P4917,684.58,1675.0,21.6,8.4,1160.0,18800.0
P4918,774.23,1675.0,21.6,9.5,1160.0,20200.0
P4919,291.03,1675.0,24.2,4.0,1160.0,11800.0
P4920,371.06,1675.0,24.2,5.1,1160.0,13200.0
P4921,451.1,1675.0,24.2,6.2,1160.0,14800.0
P4922,531.13,1675.0,24.2,7.300000000000001,1160.0,16400.0
P4923,611.16,1675.0,24.2,8.4,1160.0,18000.0
P4924,691.2,1675.0,24.2,9.5,1160.0,19400.0
P4925,262.69,1675.0,26.8,4.0,1160.0,11400.0
P4926,334.93,1675.0,26.8,5.1,1160.0,12800.0
P4927,407.17,1675.0,26.8,6.2,1160.0,14400.0
P4928,479.4,1675.0,26.8,7.300000000000001,1160.0,15800.0
P4929,551.64,1675.0,26.8,8.4,1160.0,17400.0
P4930,623.88,1675.0,26.8,9.5,1160.0,18600.0
P4931,239.4,1675.0,29.4,4.0,1160.0,11200.0
P4932,305.24,1675.0,29.4,5.1,1160.0,12600.0
P4933,371.08,1675.0,29.4,6.2,1160.0,14000.0
P4934,436.91,1675.0,29.4,7.300000000000001,1160.0,15400.0
P4935,502.75,1675.0,29.4,8.4,1160.0,16800.0
P4936,568.59,1675.0,29.4,9.5,1160.0,18000.0
P4937,219.96,1675.0,32.0,4.0,1160.0,11600.0
P4938,280.45,1675.0,32.0,5.1,1160.0,13200.0
P4939,340.94,1675.0,32.0,6.2,1160.0,14600.0
P4940,401.43,1675.0,32.0,7.300000000000001,1160.0,16200.0
P4941,461.92,1675.0,32.0,8.4,1160.0,17800.0
P4942,522.41,1675.0,32.0,9.5,1160.0,19200.0
P4943,448.63,1675.0,19.0,4.0,1273.333333333333,14800.0
P4944,572.01,1675.0,19.0,5.1,1273.333333333333,16800.0
P4945,695.38,1675.0,19.0,6.2,1273.333333333333,19000.0
P4946,818.75,1675.0,19.0,7.300000000000001,1273.333333333333,21000.0
P4947,942.13,1675.0,19.0,8.4,1273.333333333333,23400.0
P4948,1065.5,1675.0,19.0,9.5,1273.333333333333,25400.0
P4949,394.39,1675.0,21.6,4.0,1273.333333333333,14200.0
P4950,502.85,1675.0,21.6,5.1,1273.333333333333,16000.0
P4951,611.31,1675.0,21.6,6.2,1273.333333333333,18200.0
P4952,719.77,1675.0,21.6,7.300000000000001,1273.333333333333,19800.0
P4953,828.23,1675.0,21.6,8.4,1273.333333333333,22200.0
P4954,936.68,1675.0,21.6,9.5,1273.333333333333,24000.0
P4955,352.15,1675.0,24.2,4.0,1273.333333333333,13600.0
P4956,449.0,1675.0,24.2,5.1,1273.333333333333,15400.0
P4957,545.84,1675.0,24.2,6.2,1273.333333333333,17400.0
P4958,642.68,1675.0,24.2,7.300000000000001,1273.333333333333,19000.0
P4959,739.53,1675.0,24.2,8.4,1273.333333333333,21200.0
P4960,836.37,1675.0,24.2,9.5,1273.333333333333,23000.0
P4961,317.92,1675.0,26.8,4.0,1273.333333333333,13200.0
P4962,405.35,1675.0,26.8,5.1,1273.333333333333,15000.0
P4963,492.77,1675.0,26.8,6.2,1273.333333333333,16800.0
P4964,580.2,1675.0,26.8,7.300000000000001,1273.333333333333,18200.0
P4965,667.63,1675.0,26.8,8.4,1273.333333333333,20400.0
P4966,755.06,1675.0,26.8,9.5,1273.333333333333,22000.0
P4967,289.65,1675.0,29.4,4.0,1273.333333333333,13000.0
P4968,369.3,1675.0,29.4,5.1,1273.333333333333,14600.0
P4969,448.96,1675.0,29.4,6.2,1273.333333333333,16400.0
P4970,528.61,1675.0,29.4,7.300000000000001,1273.333333333333,17600.0
P4971,608.26,1675.0,29.4,8.4,1273.333333333333,19600.0
P4972,687.92,1675.0,29.4,9.5,1273.333333333333,21200.0
P4973,266.21,1675.0,32.0,4.0,1273.333333333333,13600.0
P4974,339.41,1675.0,32.0,5.1,1273.333333333333,15200.0
P4975,412.62,1675.0,32.0,6.2,1273.333333333333,17200.0
P4976,485.83,1675.0,32.0,7.300000000000001,1273.333333333333,18800.0
P4977,559.03,1675.0,32.0,8.4,1273.333333333333,20800.0
P4978,632.24,1675.0,32.0,9.5,1273.333333333333,22600.0
P4979,533.63,1675.0,19.0,4.0,1386.666666666667,17400.0
P4980,680.38,1675.0,19.0,5.1,1386.666666666667,19800.0
P4981,827.13,1675.0,19.0,6.2,1386.666666666667,22200.0
P4982,973.88,1675.0,19.0,7.300000000000001,1386.666666666667,25000.0
P4983,1120.62,1675.0,19.0,8.4,1386.666666666667,27200.0
P4984,1267.37,1675.0,19.0,9.5,1386.666666666667,29600.0
P4985,469.31,1675.0,21.6,4.0,1386.666666666667,16600.0
P4986,598.37,1675.0,21.6,5.1,1386.666666666667,19000.0
P4987,727.43,1675.0,21.6,6.2,1386.666666666667,21200.0
P4988,856.49,1675.0,21.6,7.300000000000001,1386.666666666667,23600.0
P4989,985.55,1675.0,21.6,8.4,1386.666666666667,25800.0
P4990,1114.61,1675.0,21.6,9.5,1386.666666666667,28000.0
P4991,419.06,1675.0,24.2,4.0,1386.666666666667,16000.0
P4992,534.3,1675.0,24.2,5.1,1386.666666666667,18200.0
P4993,649.54,1675.0,24.2,6.2,1386.666666666667,20200.0
P4994,764.78,1675.0,24.2,7.300000000000001,1386.666666666667,22600.0
P4995,880.02,1675.0,24.2,8.4,1386.666666666667,24600.0
P4996,995.26,1675.0,24.2,9.5,1386.666666666667,26600.0
P4997,378.2,1675.0,26.8,4.0,1386.666666666667,15600.0
P4998,482.21,1675.0,26.8,5.1,1386.666666666667,17600.0
P4999,586.21,1675.0,26.8,6.2,1386.666666666667,19600.0
P5000,690.22,1675.0,26.8,7.300000000000001,1386.666666666667,21800.0
P5001,794.23,1675.0,26.8,8.4,1386.666666666667,23600.0
P5002,898.23,1675.0,26.8,9.5,1386.666666666667,25600.0
P5003,344.7,1675.0,29.4,4.0,1386.666666666667,15200.0
P5004,439.49,1675.0,29.4,5.1,1386.666666666667,17200.0
P5005,534.28,1675.0,29.4,6.2,1386.666666666667,19000.0
P5006,629.07,1675.0,29.4,7.300000000000001,1386.666666666667,21200.0
P5007,723.87,1675.0,29.4,8.4,1386.666666666667,22800.0
P5008,818.66,1675.0,29.4,9.5,1386.666666666667,24600.0
P5009,316.87,1675.0,32.0,4.0,1386.666666666667,16000.0
P5010,404.01,1675.0,32.0,5.1,1386.666666666667,18000.0
P5011,491.15,1675.0,32.0,6.2,1386.666666666667,20000.0
P5012,578.29,1675.0,32.0,7.300000000000001,1386.666666666667,22400.0
P5013,665.43,1675.0,32.0,8.4,1386.666666666667,24200.0
P5014,752.57,1675.0,32.0,9.5,1386.666666666667,26200.0
P5015,626.27,1675.0,19.0,4.0,1500.0,20800.0
P5016,798.49,1675.0,19.0,5.1,1500.0,23600.0
P5017,970.72,1675.0,19.0,6.2,1500.0,27200.0
P5018,1142.94,1675.0,19.0,7.300000000000001,1500.0,30000.0
P5019,1315.17,1675.0,19.0,8.4,1500.0,32800.0
P5020,1487.39,1675.0,19.0,9.5,1500.0,35800.0
P5021,550.74,1675.0,21.6,4.0,1500.0,20000.0
P5022,702.19,1675.0,21.6,5.1,1500.0,22600.0
P5023,853.65,1675.0,21.6,6.2,1500.0,25800.0
P5024,1005.1,1675.0,21.6,7.300000000000001,1500.0,28400.0
P5025,1156.55,1675.0,21.6,8.4,1500.0,31000.0
P5026,1308.0,1675.0,21.6,9.5,1500.0,33800.0
P5027,491.74,1675.0,24.2,4.0,1500.0,19600.0
P5028,626.97,1675.0,24.2,5.1,1500.0,22000.0
P5029,762.2,1675.0,24.2,6.2,1500.0,24800.0
P5030,897.42,1675.0,24.2,7.300000000000001,1500.0,27200.0
P5031,1032.65,1675.0,24.2,8.4,1500.0,29600.0
P5032,1167.88,1675.0,24.2,9.5,1500.0,32400.0
P5033,443.87,1675.0,26.8,4.0,1500.0,19000.0
P5034,565.94,1675.0,26.8,5.1,1500.0,21200.0
P5035,688.01,1675.0,26.8,6.2,1500.0,24000.0
P5036,810.07,1675.0,26.8,7.300000000000001,1500.0,26200.0
P5037,932.14,1675.0,26.8,8.4,1500.0,28600.0
P5038,1054.2,1675.0,26.8,9.5,1500.0,31000.0
P5039,404.55,1675.0,29.4,4.0,1500.0,18600.0
P5040,515.8,1675.0,29.4,5.1,1500.0,20800.0
P5041,627.05,1675.0,29.4,6.2,1500.0,23200.0
P5042,738.3,1675.0,29.4,7.300000000000001,1500.0,25400.0
P5043,849.55,1675.0,29.4,8.4,1500.0,27600.0
P5044,960.8,1675.0,29.4,9.5,1500.0,30000.0
P5045,371.56,1675.0,32.0,4.0,1500.0,19400.0
P5046,473.74,1675.0,32.0,5.1,1500.0,21800.0
P5047,575.92,1675.0,32.0,6.2,1500.0,24600.0
P5048,678.1,1675.0,32.0,7.300000000000001,1500.0,26800.0
P5049,780.28,1675.0,32.0,8.4,1500.0,29200.0
P5050,882.46,1675.0,32.0,9.5,1500.0,31800.0
P5051,181.94,2000.0,19.0,4.0,820.0,6800.0
P5052,231.97,2000.0,19.0,5.1,820.0,7800.0
P5053,282.0,2000.0,19.0,6.2,820.0,8800.0
P5054,332.03,2000.0,19.0,7.300000000000001,820.0,10000.0
P5055,382.07,2000.0,19.0,8.4,820.0,10800.0
P5056,432.1,2000.0,19.0,9.5,820.0,12000.0
P5057,159.87,2000.0,21.6,4.0,820.0,6400.0
P5058,203.84,2000.0,21.6,5.1,820.0,7400.0
P5059,247.81,2000.0,21.6,6.2,820.0,8400.0
P5060,291.77,2000.0,21.6,7.300000000000001,820.0,9600.0
P5061,335.74,2000.0,21.6,8.4,820.0,10200.0
P5062,379.7,2000.0,21.6,9.5,820.0,11400.0
P5063,142.63,2000.0,24.2,4.0,820.0,6200.0
P5064,181.85,2000.0,24.2,5.1,820.0,7200.0
P5065,221.07,2000.0,24.2,6.2,820.0,8000.0
P5066,260.29,2000.0,24.2,7.300000000000001,820.0,9200.0
P5067,299.51,2000.0,24.2,8.4,820.0,9800.0
P5068,338.74,2000.0,24.2,9.5,820.0,11000.0
P5069,128.99,2000.0,26.8,4.0,820.0,6200.0
P5070,164.46,2000.0,26.8,5.1,820.0,7000.0
P5071,199.93,2000.0,26.8,6.2,820.0,7800.0
P5072,235.4,2000.0,26.8,7.300000000000001,820.0,8800.0
P5073,270.87,2000.0,26.8,8.4,820.0,9600.0
P5074,306.34,2000.0,26.8,9.5,820.0,10600.0
P5075,117.49,2000.0,29.4,4.0,820.0,6000.0
P5076,149.79,2000.0,29.4,5.1,820.0,6800.0
P5077,182.1,2000.0,29.4,6.2,820.0,7600.0
P5078,214.41,2000.0,29.4,7.300000000000001,820.0,8600.0
P5079,246.72,2000.0,29.4,8.4,820.0,9200.0
P5080,279.03,2000.0,29.4,9.5,820.0,10200.0
P5081,107.77,2000.0,32.0,4.0,820.0,6200.0
P5082,137.41,2000.0,32.0,5.1,820.0,7200.0
P5083,167.04,2000.0,32.0,6.2,820.0,8000.0
P5084,196.68,2000.0,32.0,7.300000000000001,820.0,9000.0
P5085,226.32,2000.0,32.0,8.4,820.0,9800.0
P5086,255.95,2000.0,32.0,9.5,820.0,10800.0
P5087,237.33,2000.0,19.0,4.0,933.3333333333334,8400.0
P5088,302.59,2000.0,19.0,5.1,933.3333333333334,9600.0
P5089,367.86,2000.0,19.0,6.2,933.3333333333334,11000.0
P5090,433.12,2000.0,19.0,7.300000000000001,933.3333333333334,12200.0
P5091,498.39,2000.0,19.0,8.4,933.3333333333334,13600.0
P5092,563.66,2000.0,19.0,9.5,933.3333333333334,14600.0
P5093,208.73,2000.0,21.6,4.0,933.3333333333334,8200.0
P5094,266.13,2000.0,21.6,5.1,933.3333333333334,9200.0
P5095,323.54,2000.0,21.6,6.2,933.3333333333334,10400.0
P5096,380.94,2000.0,21.6,7.300000000000001,933.3333333333334,11600.0
P5097,438.34,2000.0,21.6,8.4,933.3333333333334,12800.0
P5098,495.74,2000.0,21.6,9.5,933.3333333333334,14000.0
P5099,186.42,2000.0,24.2,4.0,933.3333333333334,7800.0
P5100,237.68,2000.0,24.2,5.1,933.3333333333334,8800.0
P5101,288.95,2000.0,24.2,6.2,933.3333333333334,10200.0
P5102,340.21,2000.0,24.2,7.300000000000001,933.3333333333334,11200.0
P5103,391.48,2000.0,24.2,8.4,933.3333333333334,12400.0
P5104,442.74,2000.0,24.2,9.5,933.3333333333334,13400.0
P5105,168.39,2000.0,26.8,4.0,933.3333333333334,7600.0
P5106,214.7,2000.0,26.8,5.1,933.3333333333334,8800.0
P5107,261.0,2000.0,26.8,6.2,933.3333333333334,9800.0
P5108,307.31,2000.0,26.8,7.300000000000001,933.3333333333334,11000.0
P5109,353.62,2000.0,26.8,8.4,933.3333333333334,12000.0
P5110,399.92,2000.0,26.8,9.5,933.3333333333334,12800.0
P5111,153.32,2000.0,29.4,4.0,933.3333333333334,7600.0
P5112,195.49,2000.0,29.4,5.1,933.3333333333334,8600.0
P5113,237.65,2000.0,29.4,6.2,933.3333333333334,9600.0
P5114,279.81,2000.0,29.4,7.300000000000001,933.3333333333334,10600.0
P5115,321.98,2000.0,29.4,8.4,933.3333333333334,11600.0
P5116,364.14,2000.0,29.4,9.5,933.3333333333334,12400.0
P5117,140.74,2000.0,32.0,4.0,933.3333333333334,7800.0
P5118,179.45,2000.0,32.0,5.1,933.3333333333334,8800.0
P5119,218.15,2000.0,32.0,6.2,933.3333333333334,10000.0
P5120,256.86,2000.0,32.0,7.300000000000001,933.3333333333334,11000.0
P5121,295.56,2000.0,32.0,8.4,933.3333333333334,12200.0
P5122,334.27,2000.0,32.0,9.5,933.3333333333334,13200.0
P5123,300.36,2000.0,19.0,4.0,1046.666666666667,10400.0
P5124,382.96,2000.0,19.0,5.1,1046.666666666667,12000.0
P5125,465.56,2000.0,19.0,6.2,1046.666666666667,13800.0
P5126,548.16,2000.0,19.0,7.300000000000001,1046.666666666667,14800.0
P5127,630.76,2000.0,19.0,8.4,1046.666666666667,16400.0
P5128,713.36,2000.0,19.0,9.5,1046.666666666667,18000.0
P5129,264.1,2000.0,21.6,4.0,1046.666666666667,10000.0
P5130,336.73,2000.0,21.6,5.1,1046.666666666667,11400.0
P5131,409.36,2000.0,21.6,6.2,1046.666666666667,13200.0
P5132,481.99,2000.0,21.6,7.300000000000001,1046.666666666667,14200.0
P5133,554.62,2000.0,21.6,8.4,1046.666666666667,15600.0
P5134,627.25,2000.0,21.6,9.5,1046.666666666667,17200.0
P5135,235.68,2000.0,24.2,4.0,1046.666666666667,9600.0
P5136,300.49,2000.0,24.2,5.1,1046.666666666667,11000.0
P5137,365.31,2000.0,24.2,6.2,1046.666666666667,12600.0
P5138,430.12,2000.0,24.2,7.300000000000001,1046.666666666667,13600.0
P5139,494.93,2000.0,24.2,8.4,1046.666666666667,15000.0
P5140,559.75,2000.0,24.2,9.5,1046.666666666667,16400.0
P5141,212.84,2000.0,26.8,4.0,1046.666666666667,9400.0
P5142,271.38,2000.0,26.8,5.1,1046.666666666667,10800.0
P5143,329.91,2000.0,26.8,6.2,1046.666666666667,12200.0
P5144,388.44,2000.0,26.8,7.300000000000001,1046.666666666667,13200.0
P5145,446.97,2000.0,26.8,8.4,1046.666666666667,14400.0
P5146,505.5,2000.0,26.8,9.5,1046.666666666667,15800.0
P5147,193.96,2000.0,29.4,4.0,1046.666666666667,9200.0
P5148,247.3,2000.0,29.4,5.1,1046.666666666667,10400.0
P5149,300.64,2000.0,29.4,6.2,1046.666666666667,11800.0
P5150,353.98,2000.0,29.4,7.300000000000001,1046.666666666667,12800.0
P5151,407.32,2000.0,29.4,8.4,1046.666666666667,14000.0
P5152,460.66,2000.0,29.4,9.5,1046.666666666667,15200.0
P5153,178.14,2000.0,32.0,4.0,1046.666666666667,9600.0
P5154,227.13,2000.0,32.0,5.1,1046.666666666667,11000.0
P5155,276.12,2000.0,32.0,6.2,1046.666666666667,12400.0
P5156,325.11,2000.0,32.0,7.300000000000001,1046.666666666667,13400.0
P5157,374.1,2000.0,32.0,8.4,1046.666666666667,14800.0
P5158,423.08,2000.0,32.0,9.5,1046.666666666667,16200.0
P5159,370.8,2000.0,19.0,4.0,1160.0,12600.0
P5160,472.76,2000.0,19.0,5.1,1160.0,14400.0
P5161,574.73,2000.0,19.0,6.2,1160.0,16200.0
P5162,676.7,2000.0,19.0,7.300000000000001,1160.0,18000.0
P5163,778.67,2000.0,19.0,8.4,1160.0,19800.0
P5164,880.64,2000.0,19.0,9.5,1160.0,21400.0
P5165,325.99,2000.0,21.6,4.0,1160.0,12400.0
P5166,415.64,2000.0,21.6,5.1,1160.0,14000.0
P5167,505.29,2000.0,21.6,6.2,1160.0,15600.0
P5168,594.93,2000.0,21.6,7.300000000000001,1160.0,17400.0
P5169,684.58,2000.0,21.6,8.4,1160.0,19000.0
P5170,774.23,2000.0,21.6,9.5,1160.0,20400.0
P5171,291.03,2000.0,24.2,4.0,1160.0,12000.0
P5172,371.06,2000.0,24.2,5.1,1160.0,13400.0
P5173,451.1,2000.0,24.2,6.2,1160.0,15000.0
P5174,531.13,2000.0,24.2,7.300000000000001,1160.0,16600.0
P5175,611.16,2000.0,24.2,8.4,1160.0,18200.0
P5176,691.2,2000.0,24.2,9.5,1160.0,19600.0
P5177,262.69,2000.0,26.8,4.0,1160.0,11600.0
P5178,334.93,2000.0,26.8,5.1,1160.0,13000.0
P5179,407.17,2000.0,26.8,6.2,1160.0,14600.0
P5180,479.4,2000.0,26.8,7.300000000000001,1160.0,16000.0
P5181,551.64,2000.0,26.8,8.4,1160.0,17600.0
P5182,623.88,2000.0,26.8,9.5,1160.0,18800.0
P5183,239.4,2000.0,29.4,4.0,1160.0,11400.0
P5184,305.24,2000.0,29.4,5.1,1160.0,12800.0
P5185,371.08,2000.0,29.4,6.2,1160.0,14200.0
P5186,436.91,2000.0,29.4,7.300000000000001,1160.0,15600.0
P5187,502.75,2000.0,29.4,8.4,1160.0,17000.0
P5188,568.59,2000.0,29.4,9.5,1160.0,18200.0
P5189,219.96,2000.0,32.0,4.0,1160.0,11800.0
P5190,280.45,2000.0,32.0,5.1,1160.0,13400.0
P5191,340.94,2000.0,32.0,6.2,1160.0,14800.0
P5192,401.43,2000.0,32.0,7.300000000000001,1160.0,16400.0
P5193,461.92,2000.0,32.0,8.4,1160.0,18000.0
P5194,522.41,2000.0,32.0,9.5,1160.0,19400.0
P5195,448.63,2000.0,19.0,4.0,1273.333333333333,15000.0
P5196,572.01,2000.0,19.0,5.1,1273.333333333333,17200.0
P5197,695.38,2000.0,19.0,6.2,1273.333333333333,19200.0
P5198,818.75,2000.0,19.0,7.300000000000001,1273.333333333333,21400.0
P5199,942.13,2000.0,19.0,8.4,1273.333333333333,23800.0
P5200,1065.5,2000.0,19.0,9.5,1273.333333333333,25600.0
P5201,394.39,2000.0,21.6,4.0,1273.333333333333,14400.0
P5202,502.85,2000.0,21.6,5.1,1273.333333333333,16400.0
P5203,611.31,2000.0,21.6,6.2,1273.333333333333,18400.0
P5204,719.77,2000.0,21.6,7.300000000000001,1273.333333333333,20200.0
P5205,828.23,2000.0,21.6,8.4,1273.333333333333,22600.0
P5206,936.68,2000.0,21.6,9.5,1273.333333333333,24200.0
P5207,352.15,2000.0,24.2,4.0,1273.333333333333,13800.0
P5208,449.0,2000.0,24.2,5.1,1273.333333333333,15800.0
P5209,545.84,2000.0,24.2,6.2,1273.333333333333,17600.0
P5210,642.68,2000.0,24.2,7.300000000000001,1273.333333333333,19400.0
P5211,739.53,2000.0,24.2,8.4,1273.333333333333,21600.0
P5212,836.37,2000.0,24.2,9.5,1273.333333333333,23200.0
P5213,317.92,2000.0,26.8,4.0,1273.333333333333,13400.0
P5214,405.35,2000.0,26.8,5.1,1273.333333333333,15400.0
P5215,492.77,2000.0,26.8,6.2,1273.333333333333,17000.0
P5216,580.2,2000.0,26.8,7.300000000000001,1273.333333333333,18600.0
P5217,667.63,2000.0,26.8,8.4,1273.333333333333,20800.0
P5218,755.06,2000.0,26.8,9.5,1273.333333333333,22200.0
P5219,289.65,2000.0,29.4,4.0,1273.333333333333,13200.0
P5220,369.3,2000.0,29.4,5.1,1273.333333333333,15000.0
P5221,448.96,2000.0,29.4,6.2,1273.333333333333,16600.0
P5222,528.61,2000.0,29.4,7.300000000000001,1273.333333333333,18000.0
P5223,608.26,2000.0,29.4,8.4,1273.333333333333,20000.0
P5224,687.92,2000.0,29.4,9.5,1273.333333333333,21400.0
P5225,266.21,2000.0,32.0,4.0,1273.333333333333,13800.0
P5226,339.41,2000.0,32.0,5.1,1273.333333333333,15600.0
P5227,412.62,2000.0,32.0,6.2,1273.333333333333,17400.0
P5228,485.83,2000.0,32.0,7.300000000000001,1273.333333333333,19200.0
P5229,559.03,2000.0,32.0,8.4,1273.333333333333,21200.0
P5230,632.24,2000.0,32.0,9.5,1273.333333333333,22800.0
P5231,533.63,2000.0,19.0,4.0,1386.666666666667,17600.0
P5232,680.38,2000.0,19.0,5.1,1386.666666666667,20000.0
P5233,827.13,2000.0,19.0,6.2,1386.666666666667,22400.0
P5234,973.88,2000.0,19.0,7.300000000000001,1386.666666666667,25000.0
P5235,1120.62,2000.0,19.0,8.4,1386.666666666667,27400.0
P5236,1267.37,2000.0,19.0,9.5,1386.666666666667,30000.0
P5237,469.31,2000.0,21.6,4.0,1386.666666666667,16800.0
P5238,598.37,2000.0,21.6,5.1,1386.666666666667,19200.0
P5239,727.43,2000.0,21.6,6.2,1386.666666666667,21600.0
P5240,856.49,2000.0,21.6,7.300000000000001,1386.666666666667,23600.0
P5241,985.55,2000.0,21.6,8.4,1386.666666666667,26000.0
P5242,1114.61,2000.0,21.6,9.5,1386.666666666667,28400.0
P5243,419.06,2000.0,24.2,4.0,1386.666666666667,16200.0
P5244,534.3,2000.0,24.2,5.1,1386.666666666667,18400.0
P5245,649.54,2000.0,24.2,6.2,1386.666666666667,20600.0
P5246,764.78,2000.0,24.2,7.300000000000001,1386.666666666667,22600.0
P5247,880.02,2000.0,24.2,8.4,1386.666666666667,24800.0
P5248,995.26,2000.0,24.2,9.5,1386.666666666667,27000.0
P5249,378.2,2000.0,26.8,4.0,1386.666666666667,15800.0
P5250,482.21,2000.0,26.8,5.1,1386.666666666667,17800.0
P5251,586.21,2000.0,26.8,6.2,1386.666666666667,19800.0
P5252,690.22,2000.0,26.8,7.300000000000001,1386.666666666667,21800.0
P5253,794.23,2000.0,26.8,8.4,1386.666666666667,23800.0
P5254,898.23,2000.0,26.8,9.5,1386.666666666667,26000.0
P5255,344.7,2000.0,29.4,4.0,1386.666666666667,15400.0
P5256,439.49,2000.0,29.4,5.1,1386.666666666667,17400.0
P5257,534.28,2000.0,29.4,6.2,1386.666666666667,19400.0
P5258,629.07,2000.0,29.4,7.300000000000001,1386.666666666667,21200.0
P5259,723.87,2000.0,29.4,8.4,1386.666666666667,23000.0
P5260,818.66,2000.0,29.4,9.5,1386.666666666667,25000.0
P5261,316.87,2000.0,32.0,4.0,1386.666666666667,16200.0
P5262,404.01,2000.0,32.0,5.1,1386.666666666667,18200.0
P5263,491.15,2000.0,32.0,6.2,1386.666666666667,20400.0
P5264,578.29,2000.0,32.0,7.300000000000001,1386.666666666667,22400.0
P5265,665.43,2000.0,32.0,8.4,1386.666666666667,24400.0
P5266,752.57,2000.0,32.0,9.5,1386.666666666667,26600.0
P5267,626.27,2000.0,19.0,4.0,1500.0,21200.0
P5268,798.49,2000.0,19.0,5.1,1500.0,24000.0
P5269,970.72,2000.0,19.0,6.2,1500.0,27400.0
P5270,1142.94,2000.0,19.0,7.300000000000001,1500.0,30200.0
P5271,1315.17,2000.0,19.0,8.4,1500.0,33000.0
P5272,1487.39,2000.0,19.0,9.5,1500.0,36200.0
P5273,550.74,2000.0,21.6,4.0,1500.0,20400.0
P5274,702.19,2000.0,21.6,5.1,1500.0,23000.0
P5275,853.65,2000.0,21.6,6.2,1500.0,26000.0
P5276,1005.1,2000.0,21.6,7.300000000000001,1500.0,28600.0
P5277,1156.55,2000.0,21.6,8.4,1500.0,31200.0
P5278,1308.0,2000.0,21.6,9.5,1500.0,34200.0
P5279,491.74,2000.0,24.2,4.0,1500.0,20000.0
P5280,626.97,2000.0,24.2,5.1,1500.0,22400.0
P5281,762.2,2000.0,24.2,6.2,1500.0,25200.0
P5282,897.42,2000.0,24.2,7.300000000000001,1500.0,27600.0
P5283,1032.65,2000.0,24.2,8.4,1500.0,30000.0
P5284,1167.88,2000.0,24.2,9.5,1500.0,32800.0
P5285,443.87,2000.0,26.8,4.0,1500.0,19400.0
P5286,565.94,2000.0,26.8,5.1,1500.0,21600.0
P5287,688.01,2000.0,26.8,6.2,1500.0,24400.0
P5288,810.07,2000.0,26.8,7.300000000000001,1500.0,26600.0
P5289,932.14,2000.0,26.8,8.4,1500.0,29000.0
P5290,1054.2,2000.0,26.8,9.5,1500.0,31400.0
P5291,404.55,2000.0,29.4,4.0,1500.0,19000.0
P5292,515.8,2000.0,29.4,5.1,1500.0,21200.0
P5293,627.05,2000.0,29.4,6.2,1500.0,23600.0
P5294,738.3,2000.0,29.4,7.300000000000001,1500.0,25800.0
P5295,849.55,2000.0,29.4,8.4,1500.0,28000.0
P5296,960.8,2000.0,29.4,9.5,1500.0,30400.0
P5297,371.56,2000.0,32.0,4.0,1500.0,19800.0
P5298,473.74,2000.0,32.0,5.1,1500.0,22200.0
P5299,575.92,2000.0,32.0,6.2,1500.0,25000.0
P5300,678.1,2000.0,32.0,7.300000000000001,1500.0,27200.0
P5301,780.28,2000.0,32.0,8.4,1500.0,29600.0
P5302,882.46,2000.0,32.0,9.5,1500.0,32400.0
P5303,19.23,2500.0,16.0,2.5,325.0,1180.0
P5304,27.69,2500.0,16.0,3.6,325.0,1420.0
P5305,36.15,2500.0,16.0,4.7,325.0,1640.0
P5306,44.61,2500.0,16.0,5.800000000000001,325.0,1880.0
P5307,53.07,2500.0,16.0,6.9,325.0,2200.0
P5308,61.52,2500.0,16.0,8.0,325.0,2400.0
P5309,17.2,2500.0,17.8,2.5,325.0,1160.0
P5310,24.76,2500.0,17.8,3.6,325.0,1380.0
P5311,32.33,2500.0,17.8,4.7,325.0,1600.0
P5312,39.89,2500.0,17.8,5.800000000000001,325.0,1820.0
P5313,47.46,2500.0,17.8,6.9,325.0,2000.0
P5314,55.03,2500.0,17.8,8.0,325.0,2200.0
P5315,15.55,2500.0,19.6,2.5,325.0,1140.0
P5316,22.39,2500.0,19.6,3.6,325.0,1360.0
P5317,29.23,2500.0,19.6,4.7,325.0,1560.0
P5318,36.07,2500.0,19.6,5.800000000000001,325.0,1780.0
P5319,42.91,2500.0,19.6,6.9,325.0,2000.0
P5320,49.75,2500.0,19.6,8.0,325.0,2200.0
P5321,14.29,2500.0,21.4,2.5,325.0,1140.0
P5322,20.57,2500.0,21.4,3.6,325.0,1340.0
P5323,26.86,2500.0,21.4,4.7,325.0,1560.0
P5324,33.14,2500.0,21.4,5.800000000000001,325.0,1780.0
P5325,39.43,2500.0,21.4,6.9,325.0,1960.0
P5326,45.72,2500.0,21.4,8.0,325.0,2200.0
P5327,13.12,2500.0,23.2,2.5,325.0,1120.0
P5328,18.89,2500.0,23.2,3.6,325.0,1320.0
P5329,24.66,2500.0,23.2,4.7,325.0,1520.0
P5330,30.44,2500.0,23.2,5.800000000000001,325.0,1740.0
P5331,36.21,2500.0,23.2,6.9,325.0,1920.0
P5332,41.98,2500.0,23.2,8.0,325.0,2200.0
P5333,12.17,2500.0,25.0,2.5,325.0,1120.0
P5334,17.53,2500.0,25.0,3.6,325.0,1300.0
P5335,22.89,2500.0,25.0,4.7,325.0,1500.0
P5336,28.24,2500.0,25.0,5.800000000000001,325.0,1720.0
P5337,33.6,2500.0,25.0,6.9,325.0,1900.0
P5338,38.96,2500.0,25.0,8.0,325.0,2200.0
P5339,33.43,2500.0,16.0,2.5,420.8333333333333,1740.0
P5340,48.13,2500.0,16.0,3.6,420.8333333333333,2000.0
P5341,62.84,2500.0,16.0,4.7,420.8333333333333,2400.0
P5342,77.55,2500.0,16.0,5.800000000000001,420.8333333333333,2800.0
P5343,92.26,2500.0,16.0,6.9,420.8333333333333,3200.0
P5344,106.96,2500.0,16.0,8.0,420.8333333333333,3600.0
P5345,30.06,2500.0,17.8,2.5,420.8333333333333,1740.0
P5346,43.28,2500.0,17.8,3.6,420.8333333333333,2200.0
P5347,56.51,2500.0,17.8,4.7,420.8333333333333,2400.0
P5348,69.73,2500.0,17.8,5.800000000000001,420.8333333333333,2800.0
P5349,82.96,2500.0,17.8,6.9,420.8333333333333,3200.0
P5350,96.18,2500.0,17.8,8.0,420.8333333333333,3400.0
P5351,27.25,2500.0,19.6,2.5,420.8333333333333,1720.0
P5352,39.24,2500.0,19.6,3.6,420.8333333333333,2000.0
P5353,51.22,2500.0,19.6,4.7,420.8333333333333,2400.0
P5354,63.21,2500.0,19.6,5.800000000000001,420.8333333333333,2600.0
P5355,75.2,2500.0,19.6,6.9,420.8333333333333,3000.0
P5356,87.19,2500.0,19.6,8.0,420.8333333333333,3400.0
P5357,24.88,2500.0,21.4,2.5,420.8333333333333,1700.0
P5358,35.82,2500.0,21.4,3.6,420.8333333333333,2000.0
P5359,46.77,2500.0,21.4,4.7,420.8333333333333,2400.0
P5360,57.71,2500.0,21.4,5.800000000000001,420.8333333333333,2600.0
P5361,68.66,2500.0,21.4,6.9,420.8333333333333,3000.0
P5362,79.6,2500.0,21.4,8.0,420.8333333333333,3200.0
P5363,22.96,2500.0,23.2,2.5,420.8333333333333,1660.0
P5364,33.06,2500.0,23.2,3.6,420.8333333333333,1980.0
P5365,43.16,2500.0,23.2,4.7,420.8333333333333,2200.0
P5366,53.26,2500.0,23.2,5.800000000000001,420.8333333333333,2600.0
P5367,63.37,2500.0,23.2,6.9,420.8333333333333,3000.0
P5368,73.47,2500.0,23.2,8.0,420.8333333333333,3200.0
P5369,21.4,2500.0,25.0,2.5,420.8333333333333,1660.0
P5370,30.82,2500.0,25.0,3.6,420.8333333333333,1960.0
P5371,40.24,2500.0,25.0,4.7,420.8333333333333,2200.0
P5372,49.65,2500.0,25.0,5.800000000000001,420.8333333333333,2600.0
P5373,59.07,2500.0,25.0,6.9,420.8333333333333,2800.0
P5374,68.49,2500.0,25.0,8.0,420.8333333333333,3200.0
P5375,51.65,2500.0,16.0,2.5,516.6666666666666,2400.0
P5376,74.37,2500.0,16.0,3.6,516.6666666666666,2800.0
P5377,97.1,2500.0,16.0,4.7,516.6666666666666,3400.0
P5378,119.82,2500.0,16.0,5.800000000000001,516.6666666666666,3800.0
P5379,142.55,2500.0,16.0,6.9,516.6666666666666,4400.0
P5380,165.27,2500.0,16.0,8.0,516.6666666666666,4800.0
P5381,46.41,2500.0,17.8,2.5,516.6666666666666,2400.0
P5382,66.84,2500.0,17.8,3.6,516.6666666666666,2800.0
P5383,87.26,2500.0,17.8,4.7,516.6666666666666,3200.0
P5384,107.68,2500.0,17.8,5.800000000000001,516.6666666666666,3800.0
P5385,128.1,2500.0,17.8,6.9,516.6666666666666,4200.0
P5386,148.52,2500.0,17.8,8.0,516.6666666666666,4600.0
P5387,42.03,2500.0,19.6,2.5,516.6666666666666,2400.0
P5388,60.52,2500.0,19.6,3.6,516.6666666666666,2800.0
P5389,79.01,2500.0,19.6,4.7,516.6666666666666,3200.0
P5390,97.5,2500.0,19.6,5.800000000000001,516.6666666666666,3600.0
P5391,115.99,2500.0,19.6,6.9,516.6666666666666,4000.0
P5392,134.48,2500.0,19.6,8.0,516.6666666666666,4400.0
P5393,38.49,2500.0,21.4,2.5,516.6666666666666,2200.0
P5394,55.42,2500.0,21.4,3.6,516.6666666666666,2600.0
P5395,72.36,2500.0,21.4,4.7,516.6666666666666,3000.0
P5396,89.29,2500.0,21.4,5.800000000000001,516.6666666666666,3600.0
P5397,106.23,2500.0,21.4,6.9,516.6666666666666,4000.0
P5398,123.17,2500.0,21.4,8.0,516.6666666666666,4400.0
P5399,35.53,2500.0,23.2,2.5,516.6666666666666,2200.0
P5400,51.17,2500.0,23.2,3.6,516.6666666666666,2600.0
P5401,66.8,2500.0,23.2,4.7,516.6666666666666,3000.0
P5402,82.43,2500.0,23.2,5.800000000000001,516.6666666666666,3400.0
P5403,98.07,2500.0,23.2,6.9,516.6666666666666,3800.0
P5404,113.7,2500.0,23.2,8.0,516.6666666666666,4200.0
P5405,32.99,2500.0,25.0,2.5,516.6666666666666,2200.0
P5406,47.5,2500.0,25.0,3.6,516.6666666666666,2600.0
P5407,62.02,2500.0,25.0,4.7,516.6666666666666,3000.0
P5408,76.53,2500.0,25.0,5.800000000000001,516.6666666666666,3400.0
P5409,91.04,2500.0,25.0,6.9,516.6666666666666,3800.0
P5410,105.56,2500.0,25.0,8.0,516.6666666666666,4200.0
P5411,73.64,2500.0,16.0,2.5,612.5,3200.0
P5412,106.04,2500.0,16.0,3.6,612.5,3800.0
P5413,138.44,2500.0,16.0,4.7,612.5,4600.0
P5414,170.84,2500.0,16.0,5.800000000000001,612.5,5200.0
P5415,203.24,2500.0,16.0,6.9,612.5,5800.0
P5416,235.64,2500.0,16.0,8.0,612.5,6400.0
P5417,66.27,2500.0,17.8,2.5,612.5,3200.0
P5418,95.42,2500.0,17.8,3.6,612.5,3800.0
P5419,124.58,2500.0,17.8,4.7,612.5,4400.0
P5420,153.74,2500.0,17.8,5.800000000000001,612.5,5000.0
P5421,182.89,2500.0,17.8,6.9,612.5,5800.0
P5422,212.05,2500.0,17.8,8.0,612.5,6400.0
P5423,60.19,2500.0,19.6,2.5,612.5,3200.0
P5424,86.67,2500.0,19.6,3.6,612.5,3800.0
P5425,113.16,2500.0,19.6,4.7,612.5,4400.0
P5426,139.64,2500.0,19.6,5.800000000000001,612.5,5000.0
P5427,166.12,2500.0,19.6,6.9,612.5,5400.0
P5428,192.61,2500.0,19.6,8.0,612.5,6200.0
P5429,55.13,2500.0,21.4,2.5,612.5,3200.0
P5430,79.39,2500.0,21.4,3.6,612.5,3600.0
P5431,103.64,2500.0,21.4,4.7,612.5,4200.0
P5432,127.9,2500.0,21.4,5.800000000000001,612.5,4800.0
P5433,152.16,2500.0,21.4,6.9,612.5,5400.0
P5434,176.41,2500.0,21.4,8.0,612.5,6000.0
P5435,50.84,2500.0,23.2,2.5,612.5,3000.0
P5436,73.21,2500.0,23.2,3.6,612.5,3600.0
P5437,95.57,2500.0,23.2,4.7,612.5,4200.0
P5438,117.94,2500.0,23.2,5.800000000000001,612.5,4600.0
P5439,140.31,2500.0,23.2,6.9,612.5,5200.0
P5440,162.68,2500.0,23.2,8.0,612.5,5800.0
P5441,47.12,2500.0,25.0,2.5,612.5,3000.0
P5442,67.86,2500.0,25.0,3.6,612.5,3600.0
P5443,88.59,2500.0,25.0,4.7,612.5,4000.0
P5444,109.33,2500.0,25.0,5.800000000000001,612.5,4600.0
P5445,130.06,2500.0,25.0,6.9,612.5,5000.0
P5446,150.8,2500.0,25.0,8.0,612.5,5600.0
P5447,99.65,2500.0,16.0,2.5,708.3333333333333,4200.0
P5448,143.5,2500.0,16.0,3.6,708.3333333333333,5000.0
P5449,187.34,2500.0,16.0,4.7,708.3333333333333,6000.0
P5450,231.19,2500.0,16.0,5.800000000000001,708.3333333333333,6800.0
P5451,275.04,2500.0,16.0,6.9,708.3333333333333,7600.0
P5452,318.88,2500.0,16.0,8.0,708.3333333333333,8400.0
P5453,89.61,2500.0,17.8,2.5,708.3333333333333,4200.0
P5454,129.04,2500.0,17.8,3.6,708.3333333333333,4800.0
P5455,168.47,2500.0,17.8,4.7,708.3333333333333,5800.0
P5456,207.9,2500.0,17.8,5.800000000000001,708.3333333333333,6400.0
P5457,247.33,2500.0,17.8,6.9,708.3333333333333,7400.0
P5458,286.76,2500.0,17.8,8.0,708.3333333333333,8000.0
P5459,81.43,2500.0,19.6,2.5,708.3333333333333,4000.0
P5460,117.26,2500.0,19.6,3.6,708.3333333333333,4800.0
P5461,153.09,2500.0,19.6,4.7,708.3333333333333,5600.0
P5462,188.93,2500.0,19.6,5.800000000000001,708.3333333333333,6200.0
P5463,224.76,2500.0,19.6,6.9,708.3333333333333,7000.0
P5464,260.59,2500.0,19.6,8.0,708.3333333333333,7800.0
P5465,74.46,2500.0,21.4,2.5,708.3333333333333,4000.0
P5466,107.22,2500.0,21.4,3.6,708.3333333333333,4600.0
P5467,139.98,2500.0,21.4,4.7,708.3333333333333,5400.0
P5468,172.74,2500.0,21.4,5.800000000000001,708.3333333333333,6000.0
P5469,205.5,2500.0,21.4,6.9,708.3333333333333,6800.0
P5470,238.26,2500.0,21.4,8.0,708.3333333333333,7400.0
P5471,68.69,2500.0,23.2,2.5,708.3333333333333,3800.0
P5472,98.92,2500.0,23.2,3.6,708.3333333333333,4600.0
P5473,129.14,2500.0,23.2,4.7,708.3333333333333,5200.0
P5474,159.37,2500.0,23.2,5.800000000000001,708.3333333333333,6000.0
P5475,189.6,2500.0,23.2,6.9,708.3333333333333,6600.0
P5476,219.82,2500.0,23.2,8.0,708.3333333333333,7200.0
P5477,63.81,2500.0,25.0,2.5,708.3333333333333,3800.0
P5478,91.89,2500.0,25.0,3.6,708.3333333333333,4400.0
P5479,119.97,2500.0,25.0,4.7,708.3333333333333,5200.0
P5480,148.05,2500.0,25.0,5.800000000000001,708.3333333333333,5800.0
P5481,176.13,2500.0,25.0,6.9,708.3333333333333,6600.0
P5482,204.2,2500.0,25.0,8.0,708.3333333333333,7000.0
P5483,129.68,2500.0,16.0,2.5,804.1666666666666,5200.0
P5484,186.75,2500.0,16.0,3.6,804.1666666666666,6400.0
P5485,243.81,2500.0,16.0,4.7,804.1666666666666,7400.0
P5486,300.87,2500.0,16.0,5.800000000000001,804.1666666666666,8600.0
P5487,357.93,2500.0,16.0,6.9,804.1666666666666,9600.0
P5488,414.99,2500.0,16.0,8.0,804.1666666666666,10600.0
P5489,116.59,2500.0,17.8,2.5,804.1666666666666,5200.0
P5490,167.9,2500.0,17.8,3.6,804.1666666666666,6200.0
P5491,219.2,2500.0,17.8,4.7,804.1666666666666,7200.0
P5492,270.5,2500.0,17.8,5.800000000000001,804.1666666666666,8400.0
P5493,321.8,2500.0,17.8,6.9,804.1666666666666,9400.0
P5494,373.1,2500.0,17.8,8.0,804.1666666666666,10200.0
P5495,105.76,2500.0,19.6,2.5,804.1666666666666,5000.0
P5496,152.29,2500.0,19.6,3.6,804.1666666666666,6000.0
P5497,198.82,2500.0,19.6,4.7,804.1666666666666,7000.0
P5498,245.35,2500.0,19.6,5.800000000000001,804.1666666666666,8200.0
P5499,291.88,2500.0,19.6,6.9,804.1666666666666,9000.0
P5500,338.42,2500.0,19.6,8.0,804.1666666666666,9800.0
P5501,96.98,2500.0,21.4,2.5,804.1666666666666,5000.0
P5502,139.65,2500.0,21.4,3.6,804.1666666666666,6000.0
P5503,182.32,2500.0,21.4,4.7,804.1666666666666,6800.0
P5504,224.99,2500.0,21.4,5.800000000000001,804.1666666666666,8000.0
P5505,267.66,2500.0,21.4,6.9,804.1666666666666,8800.0
P5506,310.33,2500.0,21.4,8.0,804.1666666666666,9600.0
P5507,89.28,2500.0,23.2,2.5,804.1666666666666,5000.0
P5508,128.57,2500.0,23.2,3.6,804.1666666666666,5800.0
P5509,167.85,2500.0,23.2,4.7,804.1666666666666,6600.0
P5510,207.14,2500.0,23.2,5.800000000000001,804.1666666666666,7800.0
P5511,246.42,2500.0,23.2,6.9,804.1666666666666,8600.0
P5512,285.71,2500.0,23.2,8.0,804.1666666666666,9200.0
P5513,82.86,2500.0,25.0,2.5,804.1666666666666,4800.0
P5514,119.32,2500.0,25.0,3.6,804.1666666666666,5600.0
P5515,155.78,2500.0,25.0,4.7,804.1666666666666,6600.0
P5516,192.23,2500.0,25.0,5.800000000000001,804.1666666666666,7600.0
P5517,228.69,2500.0,25.0,6.9,804.1666666666666,8400.0
P5518,265.15,2500.0,25.0,8.0,804.1666666666666,9000.0
P5519,163.49,2500.0,16.0,2.5,900.0,6600.0
P5520,235.42,2500.0,16.0,3.6,900.0,7800.0
P5521,307.36,2500.0,16.0,4.7,900.0,9200.0
P5522,379.29,2500.0,16.0,5.800000000000001,900.0,10400.0
P5523,451.23,2500.0,16.0,6.9,900.0,11800.0
P5524,523.16,2500.0,16.0,8.0,900.0,13000.0
P5525,146.93,2500.0,17.8,2.5,900.0,6400.0
P5526,211.58,2500.0,17.8,3.6,900.0,7600.0
P5527,276.23,2500.0,17.8,4.7,900.0,8800.0
P5528,340.88,2500.0,17.8,5.800000000000001,900.0,10000.0
P5529,405.53,2500.0,17.8,6.9,900.0,11400.0
P5530,470.18,2500.0,17.8,8.0,900.0,12600.0
P5531,133.46,2500.0,19.6,2.5,900.0,6200.0
P5532,192.19,2500.0,19.6,3.6,900.0,7200.0
P5533,250.91,2500.0,19.6,4.7,900.0,8600.0
P5534,309.64,2500.0,19.6,5.800000000000001,900.0,9600.0
P5535,368.36,2500.0,19.6,6.9,900.0,11000.0
P5536,427.09,2500.0,19.6,8.0,900.0,12000.0
P5537,122.19,2500.0,21.4,2.5,900.0,6200.0
P5538,175.95,2500.0,21.4,3.6,900.0,7200.0
P5539,229.72,2500.0,21.4,4.7,900.0,8400.0
P5540,283.48,2500.0,21.4,5.800000000000001,900.0,9400.0
P5541,337.25,2500.0,21.4,6.9,900.0,10600.0
P5542,391.01,2500.0,21.4,8.0,900.0,11600.0
P5543,112.79,2500.0,23.2,2.5,900.0,6000.0
P5544,162.42,2500.0,23.2,3.6,900.0,7000.0
P5545,212.04,2500.0,23.2,4.7,900.0,8200.0
P5546,261.67,2500.0,23.2,5.800000000000001,900.0,9200.0
P5547,311.3,2500.0,23.2,6.9,900.0,10400.0
P5548,360.93,2500.0,23.2,8.0,900.0,11400.0
P5549,104.65,2500.0,25.0,2.5,900.0,6000.0
P5550,150.7,2500.0,25.0,3.6,900.0,7000.0
P5551,196.75,2500.0,25.0,4.7,900.0,8000.0
P5552,242.8,2500.0,25.0,5.800000000000001,900.0,9000.0
P5553,288.85,2500.0,25.0,6.9,900.0,10200.0
P5554,334.89,2500.0,25.0,8.0,900.0,11000.0
P5555,19.23,2916.666666666667,16.0,2.5,325.0,1200.0
P5556,27.69,2916.666666666667,16.0,3.6,325.0,1420.0
P5557,36.15,2916.666666666667,16.0,4.7,325.0,1640.0
P5558,44.61,2916.666666666667,16.0,5.800000000000001,325.0,1900.0
P5559,53.07,2916.666666666667,16.0,6.9,325.0,2200.0
P5560,61.52,2916.666666666667,16.0,8.0,325.0,2400.0
P5561,17.2,2916.666666666667,17.8,2.5,325.0,1180.0
P5562,24.76,2916.666666666667,17.8,3.6,325.0,1380.0
P5563,32.33,2916.666666666667,17.8,4.7,325.0,1600.0
P5564,39.89,2916.666666666667,17.8,5.800000000000001,325.0,1840.0
P5565,47.46,2916.666666666667,17.8,6.9,325.0,2000.0
P5566,55.03,2916.666666666667,17.8,8.0,325.0,2200.0
P5567,15.55,2916.666666666667,19.6,2.5,325.0,1160.0
P5568,22.39,2916.666666666667,19.6,3.6,325.0,1360.0
P5569,29.23,2916.666666666667,19.6,4.7,325.0,1560.0
P5570,36.07,2916.666666666667,19.6,5.800000000000001,325.0,1800.0
P5571,42.91,2916.666666666667,19.6,6.9,325.0,2000.0
P5572,49.75,2916.666666666667,19.6,8.0,325.0,2200.0
P5573,14.29,2916.666666666667,21.4,2.5,325.0,1140.0
P5574,20.57,2916.666666666667,21.4,3.6,325.0,1360.0
P5575,26.86,2916.666666666667,21.4,4.7,325.0,1560.0
P5576,33.14,2916.666666666667,21.4,5.800000000000001,325.0,1780.0
P5577,39.43,2916.666666666667,21.4,6.9,325.0,1980.0
P5578,45.72,2916.666666666667,21.4,8.0,325.0,2200.0
P5579,13.12,2916.666666666667,23.2,2.5,325.0,1120.0
P5580,18.89,2916.666666666667,23.2,3.6,325.0,1340.0
P5581,24.66,2916.666666666667,23.2,4.7,325.0,1520.0
P5582,30.44,2916.666666666667,23.2,5.800000000000001,325.0,1740.0
P5583,36.21,2916.666666666667,23.2,6.9,325.0,1940.0
P5584,41.98,2916.666666666667,23.2,8.0,325.0,2200.0
P5585,12.17,2916.666666666667,25.0,2.5,325.0,1120.0
P5586,17.53,2916.666666666667,25.0,3.6,325.0,1320.0
P5587,22.89,2916.666666666667,25.0,4.7,325.0,1500.0
P5588,28.24,2916.666666666667,25.0,5.800000000000001,325.0,1720.0
P5589,33.6,2916.666666666667,25.0,6.9,325.0,1920.0
P5590,38.96,2916.666666666667,25.0,8.0,325.0,2200.0
P5591,33.43,2916.666666666667,16.0,2.5,420.8333333333333,1740.0
P5592,48.13,2916.666666666667,16.0,3.6,420.8333333333333,2200.0
P5593,62.84,2916.666666666667,16.0,4.7,420.8333333333333,2400.0
P5594,77.55,2916.666666666667,16.0,5.800000000000001,420.8333333333333,2800.0
P5595,92.26,2916.666666666667,16.0,6.9,420.8333333333333,3200.0
P5596,106.96,2916.666666666667,16.0,8.0,420.8333333333333,3600.0
P5597,30.06,2916.666666666667,17.8,2.5,420.8333333333333,1760.0
P5598,43.28,2916.666666666667,17.8,3.6,420.8333333333333,2200.0
P5599,56.51,2916.666666666667,17.8,4.7,420.8333333333333,2400.0
P5600,69.73,2916.666666666667,17.8,5.800000000000001,420.8333333333333,2800.0
P5601,82.96,2916.666666666667,17.8,6.9,420.8333333333333,3200.0
P5602,96.18,2916.666666666667,17.8,8.0,420.8333333333333,3400.0
P5603,27.25,2916.666666666667,19.6,2.5,420.8333333333333,1740.0
P5604,39.24,2916.666666666667,19.6,3.6,420.8333333333333,2000.0
P5605,51.22,2916.666666666667,19.6,4.7,420.8333333333333,2400.0
P5606,63.21,2916.666666666667,19.6,5.800000000000001,420.8333333333333,2800.0
P5607,75.2,2916.666666666667,19.6,6.9,420.8333333333333,3000.0
P5608,87.19,2916.666666666667,19.6,8.0,420.8333333333333,3400.0
P5609,24.88,2916.666666666667,21.4,2.5,420.8333333333333,1720.0
P5610,35.82,2916.666666666667,21.4,3.6,420.8333333333333,2000.0
P5611,46.77,2916.666666666667,21.4,4.7,420.8333333333333,2400.0
P5612,57.71,2916.666666666667,21.4,5.800000000000001,420.8333333333333,2600.0
P5613,68.66,2916.666666666667,21.4,6.9,420.8333333333333,3000.0
P5614,79.6,2916.666666666667,21.4,8.0,420.8333333333333,3200.0
P5615,22.96,2916.666666666667,23.2,2.5,420.8333333333333,1680.0
P5616,33.06,2916.666666666667,23.2,3.6,420.8333333333333,2000.0
P5617,43.16,2916.666666666667,23.2,4.7,420.8333333333333,2200.0
P5618,53.26,2916.666666666667,23.2,5.800000000000001,420.8333333333333,2600.0
P5619,63.37,2916.666666666667,23.2,6.9,420.8333333333333,3000.0
P5620,73.47,2916.666666666667,23.2,8.0,420.8333333333333,3200.0
P5621,21.4,2916.666666666667,25.0,2.5,420.8333333333333,1680.0
P5622,30.82,2916.666666666667,25.0,3.6,420.8333333333333,1960.0
P5623,40.24,2916.666666666667,25.0,4.7,420.8333333333333,2200.0
P5624,49.65,2916.666666666667,25.0,5.800000000000001,420.8333333333333,2600.0
P5625,59.07,2916.666666666667,25.0,6.9,420.8333333333333,2800.0
P5626,68.49,2916.666666666667,25.0,8.0,420.8333333333333,3200.0
P5627,51.65,2916.666666666667,16.0,2.5,516.6666666666666,2400.0
P5628,74.37,2916.666666666667,16.0,3.6,516.6666666666666,2800.0
P5629,97.1,2916.666666666667,16.0,4.7,516.6666666666666,3400.0
P5630,119.82,2916.666666666667,16.0,5.800000000000001,516.6666666666666,3800.0
P5631,142.55,2916.666666666667,16.0,6.9,516.6666666666666,4400.0
P5632,165.27,2916.666666666667,16.0,8.0,516.6666666666666,4800.0
P5633,46.41,2916.666666666667,17.8,2.5,516.6666666666666,2400.0
P5634,66.84,2916.666666666667,17.8,3.6,516.6666666666666,2800.0
P5635,87.26,2916.666666666667,17.8,4.7,516.6666666666666,3200.0
P5636,107.68,2916.666666666667,17.8,5.800000000000001,516.6666666666666,3800.0
P5637,128.1,2916.666666666667,17.8,6.9,516.6666666666666,4200.0
P5638,148.52,2916.666666666667,17.8,8.0,516.6666666666666,4600.0
P5639,42.03,2916.666666666667,19.6,2.5,516.6666666666666,2400.0
P5640,60.52,2916.666666666667,19.6,3.6,516.6666666666666,2800.0
P5641,79.01,2916.666666666667,19.6,4.7,516.6666666666666,3200.0
P5642,97.5,2916.666666666667,19.6,5.800000000000001,516.6666666666666,3600.0
P5643,115.99,2916.666666666667,19.6,6.9,516.6666666666666,4000.0
P5644,134.48,2916.666666666667,19.6,8.0,516.6666666666666,4600.0
P5645,38.49,2916.666666666667,21.4,2.5,516.6666666666666,2200.0
P5646,55.42,2916.666666666667,21.4,3.6,516.6666666666666,2600.0
P5647,72.36,2916.666666666667,21.4,4.7,516.6666666666666,3200.0
P5648,89.29,2916.666666666667,21.4,5.800000000000001,516.6666666666666,3600.0
P5649,106.23,2916.666666666667,21.4,6.9,516.6666666666666,4000.0
P5650,123.17,2916.666666666667,21.4,8.0,516.6666666666666,4400.0
P5651,35.53,2916.666666666667,23.2,2.5,516.6666666666666,2200.0
P5652,51.17,2916.666666666667,23.2,3.6,516.6666666666666,2600.0
P5653,66.8,2916.666666666667,23.2,4.7,516.6666666666666,3000.0
P5654,82.43,2916.666666666667,23.2,5.800000000000001,516.6666666666666,3400.0
P5655,98.07,2916.666666666667,23.2,6.9,516.6666666666666,3800.0
P5656,113.7,2916.666666666667,23.2,8.0,516.6666666666666,4200.0
P5657,32.99,2916.666666666667,25.0,2.5,516.6666666666666,2200.0
P5658,47.5,2916.666666666667,25.0,3.6,516.6666666666666,2600.0
P5659,62.02,2916.666666666667,25.0,4.7,516.6666666666666,3000.0
P5660,76.53,2916.666666666667,25.0,5.800000000000001,516.6666666666666,3400.0
P5661,91.04,2916.666666666667,25.0,6.9,516.6666666666666,3800.0
P5662,105.56,2916.666666666667,25.0,8.0,516.6666666666666,4200.0
P5663,73.64,2916.666666666667,16.0,2.5,612.5,3200.0
P5664,106.04,2916.666666666667,16.0,3.6,612.5,4000.0
P5665,138.44,2916.666666666667,16.0,4.7,612.5,4600.0
P5666,170.84,2916.666666666667,16.0,5.800000000000001,612.5,5200.0
P5667,203.24,2916.666666666667,16.0,6.9,612.5,5800.0
P5668,235.64,2916.666666666667,16.0,8.0,612.5,6600.0
P5669,66.27,2916.666666666667,17.8,2.5,612.5,3200.0
P5670,95.42,2916.666666666667,17.8,3.6,612.5,3800.0
P5671,124.58,2916.666666666667,17.8,4.7,612.5,4600.0
P5672,153.74,2916.666666666667,17.8,5.800000000000001,612.5,5200.0
P5673,182.89,2916.666666666667,17.8,6.9,612.5,5800.0
P5674,212.05,2916.666666666667,17.8,8.0,612.5,6400.0
P5675,60.19,2916.666666666667,19.6,2.5,612.5,3200.0
P5676,86.67,2916.666666666667,19.6,3.6,612.5,3800.0
P5677,113.16,2916.666666666667,19.6,4.7,612.5,4400.0
P5678,139.64,2916.666666666667,19.6,5.800000000000001,612.5,5000.0
P5679,166.12,2916.666666666667,19.6,6.9,612.5,5600.0
P5680,192.61,2916.666666666667,19.6,8.0,612.5,6200.0
P5681,55.13,2916.666666666667,21.4,2.5,612.5,3200.0
P5682,79.39,2916.666666666667,21.4,3.6,612.5,3800.0
P5683,103.64,2916.666666666667,21.4,4.7,612.5,4200.0
P5684,127.9,2916.666666666667,21.4,5.800000000000001,612.5,4800.0
P5685,152.16,2916.666666666667,21.4,6.9,612.5,5400.0
P5686,176.41,2916.666666666667,21.4,8.0,612.5,6000.0
P5687,50.84,2916.666666666667,23.2,2.5,612.5,3200.0
P5688,73.21,2916.666666666667,23.2,3.6,612.5,3600.0
P5689,95.57,2916.666666666667,23.2,4.7,612.5,4200.0
P5690,117.94,2916.666666666667,23.2,5.800000000000001,612.5,4800.0
P5691,140.31,2916.666666666667,23.2,6.9,612.5,5200.0
P5692,162.68,2916.666666666667,23.2,8.0,612.5,5800.0
P5693,47.12,2916.666666666667,25.0,2.5,612.5,3000.0
P5694,67.86,2916.666666666667,25.0,3.6,612.5,3600.0
P5695,88.59,2916.666666666667,25.0,4.7,612.5,4200.0
P5696,109.33,2916.666666666667,25.0,5.800000000000001,612.5,4600.0
P5697,130.06,2916.666666666667,25.0,6.9,612.5,5200.0
P5698,150.8,2916.666666666667,25.0,8.0,612.5,5600.0
P5699,99.65,2916.666666666667,16.0,2.5,708.3333333333333,4400.0
P5700,143.5,2916.666666666667,16.0,3.6,708.3333333333333,5200.0
P5701,187.34,2916.666666666667,16.0,4.7,708.3333333333333,6000.0
P5702,231.19,2916.666666666667,16.0,5.800000000000001,708.3333333333333,7000.0
P5703,275.04,2916.666666666667,16.0,6.9,708.3333333333333,7600.0
P5704,318.88,2916.666666666667,16.0,8.0,708.3333333333333,8600.0
P5705,89.61,2916.666666666667,17.8,2.5,708.3333333333333,4200.0
P5706,129.04,2916.666666666667,17.8,3.6,708.3333333333333,5000.0
P5707,168.47,2916.666666666667,17.8,4.7,708.3333333333333,5800.0
P5708,207.9,2916.666666666667,17.8,5.800000000000001,708.3333333333333,6600.0
P5709,247.33,2916.666666666667,17.8,6.9,708.3333333333333,7400.0
P5710,286.76,2916.666666666667,17.8,8.0,708.3333333333333,8200.0
P5711,81.43,2916.666666666667,19.6,2.5,708.3333333333333,4200.0
P5712,117.26,2916.666666666667,19.6,3.6,708.3333333333333,4800.0
P5713,153.09,2916.666666666667,19.6,4.7,708.3333333333333,5600.0
P5714,188.93,2916.666666666667,19.6,5.800000000000001,708.3333333333333,6400.0
P5715,224.76,2916.666666666667,19.6,6.9,708.3333333333333,7000.0
P5716,260.59,2916.666666666667,19.6,8.0,708.3333333333333,8000.0
P5717,74.46,2916.666666666667,21.4,2.5,708.3333333333333,4000.0
P5718,107.22,2916.666666666667,21.4,3.6,708.3333333333333,4800.0
P5719,139.98,2916.666666666667,21.4,4.7,708.3333333333333,5400.0
P5720,172.74,2916.666666666667,21.4,5.800000000000001,708.3333333333333,6200.0
P5721,205.5,2916.666666666667,21.4,6.9,708.3333333333333,6800.0
P5722,238.26,2916.666666666667,21.4,8.0,708.3333333333333,7600.0
P5723,68.69,2916.666666666667,23.2,2.5,708.3333333333333,4000.0
P5724,98.92,2916.666666666667,23.2,3.6,708.3333333333333,4600.0
P5725,129.14,2916.666666666667,23.2,4.7,708.3333333333333,5400.0
P5726,159.37,2916.666666666667,23.2,5.800000000000001,708.3333333333333,6000.0
P5727,189.6,2916.666666666667,23.2,6.9,708.3333333333333,6600.0
P5728,219.82,2916.666666666667,23.2,8.0,708.3333333333333,7400.0
P5729,63.81,2916.666666666667,25.0,2.5,708.3333333333333,4000.0
P5730,91.89,2916.666666666667,25.0,3.6,708.3333333333333,4600.0
P5731,119.97,2916.666666666667,25.0,4.7,708.3333333333333,5200.0
P5732,148.05,2916.666666666667,25.0,5.800000000000001,708.3333333333333,6000.0
P5733,176.13,2916.666666666667,25.0,6.9,708.3333333333333,6600.0
P5734,204.2,2916.666666666667,25.0,8.0,708.3333333333333,7200.0
P5735,129.68,2916.666666666667,16.0,2.5,804.1666666666666,5400.0
P5736,186.75,2916.666666666667,16.0,3.6,804.1666666666666,6400.0
P5737,243.81,2916.666666666667,16.0,4.7,804.1666666666666,7400.0
P5738,300.87,2916.666666666667,16.0,5.800000000000001,804.1666666666666,8600.0
P5739,357.93,2916.666666666667,16.0,6.9,804.1666666666666,9800.0
P5740,414.99,2916.666666666667,16.0,8.0,804.1666666666666,10600.0
P5741,116.59,2916.666666666667,17.8,2.5,804.1666666666666,5200.0
P5742,167.9,2916.666666666667,17.8,3.6,804.1666666666666,6400.0
P5743,219.2,2916.666666666667,17.8,4.7,804.1666666666666,7400.0
P5744,270.5,2916.666666666667,17.8,5.800000000000001,804.1666666666666,8400.0
P5745,321.8,2916.666666666667,17.8,6.9,804.1666666666666,9400.0
P5746,373.1,2916.666666666667,17.8,8.0,804.1666666666666,10400.0
P5747,105.76,2916.666666666667,19.6,2.5,804.1666666666666,5200.0
P5748,152.29,2916.666666666667,19.6,3.6,804.1666666666666,6200.0
P5749,198.82,2916.666666666667,19.6,4.7,804.1666666666666,7200.0
P5750,245.35,2916.666666666667,19.6,5.800000000000001,804.1666666666666,8200.0
P5751,291.88,2916.666666666667,19.6,6.9,804.1666666666666,9000.0
P5752,338.42,2916.666666666667,19.6,8.0,804.1666666666666,10000.0
P5753,96.98,2916.666666666667,21.4,2.5,804.1666666666666,5000.0
P5754,139.65,2916.666666666667,21.4,3.6,804.1666666666666,6000.0
P5755,182.32,2916.666666666667,21.4,4.7,804.1666666666666,7000.0
P5756,224.99,2916.666666666667,21.4,5.800000000000001,804.1666666666666,8000.0
P5757,267.66,2916.666666666667,21.4,6.9,804.1666666666666,8800.0
P5758,310.33,2916.666666666667,21.4,8.0,804.1666666666666,9800.0
P5759,89.28,2916.666666666667,23.2,2.5,804.1666666666666,5000.0
P5760,128.57,2916.666666666667,23.2,3.6,804.1666666666666,5800.0
P5761,167.85,2916.666666666667,23.2,4.7,804.1666666666666,6800.0
P5762,207.14,2916.666666666667,23.2,5.800000000000001,804.1666666666666,7800.0
P5763,246.42,2916.666666666667,23.2,6.9,804.1666666666666,8600.0
P5764,285.71,2916.666666666667,23.2,8.0,804.1666666666666,9400.0
P5765,82.86,2916.666666666667,25.0,2.5,804.1666666666666,5000.0
P5766,119.32,2916.666666666667,25.0,3.6,804.1666666666666,5800.0
P5767,155.78,2916.666666666667,25.0,4.7,804.1666666666666,6600.0
P5768,192.23,2916.666666666667,25.0,5.800000000000001,804.1666666666666,7600.0
P5769,228.69,2916.666666666667,25.0,6.9,804.1666666666666,8400.0
P5770,265.15,2916.666666666667,25.0,8.0,804.1666666666666,9200.0
P5771,163.49,2916.666666666667,16.0,2.5,900.0,6600.0
P5772,235.42,2916.666666666667,16.0,3.6,900.0,8000.0
P5773,307.36,2916.666666666667,16.0,4.7,900.0,9400.0
P5774,379.29,2916.666666666667,16.0,5.800000000000001,900.0,10600.0
P5775,451.23,2916.666666666667,16.0,6.9,900.0,12000.0
P5776,523.16,2916.666666666667,16.0,8.0,900.0,13000.0
P5777,146.93,2916.666666666667,17.8,2.5,900.0,6400.0
P5778,211.58,2916.666666666667,17.8,3.6,900.0,7800.0
P5779,276.23,2916.666666666667,17.8,4.7,900.0,9000.0
P5780,340.88,2916.666666666667,17.8,5.800000000000001,900.0,10200.0
P5781,405.53,2916.666666666667,17.8,6.9,900.0,11600.0
P5782,470.18,2916.666666666667,17.8,8.0,900.0,12600.0
P5783,133.46,2916.666666666667,19.6,2.5,900.0,6400.0
P5784,192.19,2916.666666666667,19.6,3.6,900.0,7400.0
P5785,250.91,2916.666666666667,19.6,4.7,900.0,8800.0
P5786,309.64,2916.666666666667,19.6,5.800000000000001,900.0,9800.0
P5787,368.36,2916.666666666667,19.6,6.9,900.0,11200.0
P5788,427.09,2916.666666666667,19.6,8.0,900.0,12000.0
P5789,122.19,2916.666666666667,21.4,2.5,900.0,6200.0
P5790,175.95,2916.666666666667,21.4,3.6,900.0,7400.0
P5791,229.72,2916.666666666667,21.4,4.7,900.0,8600.0
P5792,283.48,2916.666666666667,21.4,5.800000000000001,900.0,9600.0
P5793,337.25,2916.666666666667,21.4,6.9,900.0,10800.0
P5794,391.01,2916.666666666667,21.4,8.0,900.0,11600.0
P5795,112.79,2916.666666666667,23.2,2.5,900.0,6000.0
P5796,162.42,2916.666666666667,23.2,3.6,900.0,7200.0
P5797,212.04,2916.666666666667,23.2,4.7,900.0,8400.0
P5798,261.67,2916.666666666667,23.2,5.800000000000001,900.0,9400.0
P5799,311.3,2916.666666666667,23.2,6.9,900.0,10600.0
P5800,360.93,2916.666666666667,23.2,8.0,900.0,11400.0
P5801,104.65,2916.666666666667,25.0,2.5,900.0,6000.0
P5802,150.7,2916.666666666667,25.0,3.6,900.0,7000.0
P5803,196.75,2916.666666666667,25.0,4.7,900.0,8200.0
P5804,242.8,2916.666666666667,25.0,5.800000000000001,900.0,9200.0
P5805,288.85,2916.666666666667,25.0,6.9,900.0,10400.0
P5806,334.89,2916.666666666667,25.0,8.0,900.0,11000.0
P5807,19.23,3333.333333333333,16.0,2.5,325.0,1200.0
P5808,27.69,3333.333333333333,16.0,3.6,325.0,1420.0
P5809,36.15,3333.333333333333,16.0,4.7,325.0,1660.0
P5810,44.61,3333.333333333333,16.0,5.800000000000001,325.0,1900.0
P5811,53.07,3333.333333333333,16.0,6.9,325.0,2200.0
P5812,61.52,3333.333333333333,16.0,8.0,325.0,2400.0
P5813,17.2,3333.333333333333,17.8,2.5,325.0,1180.0
P5814,24.76,3333.333333333333,17.8,3.6,325.0,1380.0
P5815,32.33,3333.333333333333,17.8,4.7,325.0,1620.0
P5816,39.89,3333.333333333333,17.8,5.800000000000001,325.0,1840.0
P5817,47.46,3333.333333333333,17.8,6.9,325.0,2000.0
P5818,55.03,3333.333333333333,17.8,8.0,325.0,2200.0
P5819,15.55,3333.333333333333,19.6,2.5,325.0,1160.0
P5820,22.39,3333.333333333333,19.6,3.6,325.0,1360.0
P5821,29.23,3333.333333333333,19.6,4.7,325.0,1580.0
P5822,36.07,3333.333333333333,19.6,5.800000000000001,325.0,1800.0
P5823,42.91,3333.333333333333,19.6,6.9,325.0,2000.0
P5824,49.75,3333.333333333333,19.6,8.0,325.0,2200.0
P5825,14.29,3333.333333333333,21.4,2.5,325.0,1160.0
P5826,20.57,3333.333333333333,21.4,3.6,325.0,1360.0
P5827,26.86,3333.333333333333,21.4,4.7,325.0,1560.0
P5828,33.14,3333.333333333333,21.4,5.800000000000001,325.0,1800.0
P5829,39.43,3333.333333333333,21.4,6.9,325.0,1980.0
P5830,45.72,3333.333333333333,21.4,8.0,325.0,2200.0
P5831,13.12,3333.333333333333,23.2,2.5,325.0,1140.0
P5832,18.89,3333.333333333333,23.2,3.6,325.0,1340.0
P5833,24.66,3333.333333333333,23.2,4.7,325.0,1520.0
P5834,30.44,3333.333333333333,23.2,5.800000000000001,325.0,1760.0
P5835,36.21,3333.333333333333,23.2,6.9,325.0,1940.0
P5836,41.98,3333.333333333333,23.2,8.0,325.0,2200.0
P5837,12.17,3333.333333333333,25.0,2.5,325.0,1140.0
P5838,17.53,3333.333333333333,25.0,3.6,325.0,1320.0
P5839,22.89,3333.333333333333,25.0,4.7,325.0,1500.0
P5840,28.24,3333.333333333333,25.0,5.800000000000001,325.0,1740.0
P5841,33.6,3333.333333333333,25.0,6.9,325.0,1920.0
P5842,38.96,3333.333333333333,25.0,8.0,325.0,2200.0
P5843,33.43,3333.333333333333,16.0,2.5,420.8333333333333,1760.0
P5844,48.13,3333.333333333333,16.0,3.6,420.8333333333333,2200.0
P5845,62.84,3333.333333333333,16.0,4.7,420.8333333333333,2400.0
P5846,77.55,3333.333333333333,16.0,5.800000000000001,420.8333333333333,2800.0
P5847,92.26,3333.333333333333,16.0,6.9,420.8333333333333,3200.0
P5848,106.96,3333.333333333333,16.0,8.0,420.8333333333333,3600.0
P5849,30.06,3333.333333333333,17.8,2.5,420.8333333333333,1780.0
P5850,43.28,3333.333333333333,17.8,3.6,420.8333333333333,2200.0
P5851,56.51,3333.333333333333,17.8,4.7,420.8333333333333,2400.0
P5852,69.73,3333.333333333333,17.8,5.800000000000001,420.8333333333333,2800.0
P5853,82.96,3333.333333333333,17.8,6.9,420.8333333333333,3200.0
P5854,96.18,3333.333333333333,17.8,8.0,420.8333333333333,3400.0
P5855,27.25,3333.333333333333,19.6,2.5,420.8333333333333,1760.0
P5856,39.24,3333.333333333333,19.6,3.6,420.8333333333333,2200.0
P5857,51.22,3333.333333333333,19.6,4.7,420.8333333333333,2400.0
P5858,63.21,3333.333333333333,19.6,5.800000000000001,420.8333333333333,2800.0
P5859,75.2,3333.333333333333,19.6,6.9,420.8333333333333,3000.0
P5860,87.19,3333.333333333333,19.6,8.0,420.8333333333333,3400.0
P5861,24.88,3333.333333333333,21.4,2.5,420.8333333333333,1740.0
P5862,35.82,3333.333333333333,21.4,3.6,420.8333333333333,2000.0
P5863,46.77,3333.333333333333,21.4,4.7,420.8333333333333,2400.0
P5864,57.71,3333.333333333333,21.4,5.800000000000001,420.8333333333333,2600.0
P5865,68.66,3333.333333333333,21.4,6.9,420.8333333333333,3000.0
P5866,79.6,3333.333333333333,21.4,8.0,420.8333333333333,3400.0
P5867,22.96,3333.333333333333,23.2,2.5,420.8333333333333,1700.0
P5868,33.06,3333.333333333333,23.2,3.6,420.8333333333333,2000.0
P5869,43.16,3333.333333333333,23.2,4.7,420.8333333333333,2400.0
P5870,53.26,3333.333333333333,23.2,5.800000000000001,420.8333333333333,2600.0
P5871,63.37,3333.333333333333,23.2,6.9,420.8333333333333,3000.0
P5872,73.47,3333.333333333333,23.2,8.0,420.8333333333333,3200.0
P5873,21.4,3333.333333333333,25.0,2.5,420.8333333333333,1700.0
P5874,30.82,3333.333333333333,25.0,3.6,420.8333333333333,2000.0
P5875,40.24,3333.333333333333,25.0,4.7,420.8333333333333,2400.0
P5876,49.65,3333.333333333333,25.0,5.800000000000001,420.8333333333333,2600.0
P5877,59.07,3333.333333333333,25.0,6.9,420.8333333333333,3000.0
P5878,68.49,3333.333333333333,25.0,8.0,420.8333333333333,3200.0
P5879,51.65,3333.333333333333,16.0,2.5,516.6666666666666,2400.0
P5880,74.37,3333.333333333333,16.0,3.6,516.6666666666666,3000.0
P5881,97.1,3333.333333333333,16.0,4.7,516.6666666666666,3400.0
P5882,119.82,3333.333333333333,16.0,5.800000000000001,516.6666666666666,4000.0
P5883,142.55,3333.333333333333,16.0,6.9,516.6666666666666,4400.0
P5884,165.27,3333.333333333333,16.0,8.0,516.6666666666666,4800.0
P5885,46.41,3333.333333333333,17.8,2.5,516.6666666666666,2400.0
P5886,66.84,3333.333333333333,17.8,3.6,516.6666666666666,2800.0
P5887,87.26,3333.333333333333,17.8,4.7,516.6666666666666,3200.0
P5888,107.68,3333.333333333333,17.8,5.800000000000001,516.6666666666666,3800.0
P5889,128.1,3333.333333333333,17.8,6.9,516.6666666666666,4200.0
P5890,148.52,3333.333333333333,17.8,8.0,516.6666666666666,4600.0
P5891,42.03,3333.333333333333,19.6,2.5,516.6666666666666,2400.0
P5892,60.52,3333.333333333333,19.6,3.6,516.6666666666666,2800.0
P5893,79.01,3333.333333333333,19.6,4.7,516.6666666666666,3200.0
P5894,97.5,3333.333333333333,19.6,5.800000000000001,516.6666666666666,3600.0
P5895,115.99,3333.333333333333,19.6,6.9,516.6666666666666,4200.0
P5896,134.48,3333.333333333333,19.6,8.0,516.6666666666666,4600.0
P5897,38.49,3333.333333333333,21.4,2.5,516.6666666666666,2400.0
P5898,55.42,3333.333333333333,21.4,3.6,516.6666666666666,2800.0
P5899,72.36,3333.333333333333,21.4,4.7,516.6666666666666,3200.0
P5900,89.29,3333.333333333333,21.4,5.800000000000001,516.6666666666666,3600.0
P5901,106.23,3333.333333333333,21.4,6.9,516.6666666666666,4000.0
P5902,123.17,3333.333333333333,21.4,8.0,516.6666666666666,4400.0
P5903,35.53,3333.333333333333,23.2,2.5,516.6666666666666,2200.0
P5904,51.17,3333.333333333333,23.2,3.6,516.6666666666666,2600.0
P5905,66.8,3333.333333333333,23.2,4.7,516.6666666666666,3000.0
P5906,82.43,3333.333333333333,23.2,5.800000000000001,516.6666666666666,3600.0
P5907,98.07,3333.333333333333,23.2,6.9,516.6666666666666,4000.0
P5908,113.7,3333.333333333333,23.2,8.0,516.6666666666666,4200.0
P5909,32.99,3333.333333333333,25.0,2.5,516.6666666666666,2200.0
P5910,47.5,3333.333333333333,25.0,3.6,516.6666666666666,2600.0
P5911,62.02,3333.333333333333,25.0,4.7,516.6666666666666,3000.0
P5912,76.53,3333.333333333333,25.0,5.800000000000001,516.6666666666666,3400.0
P5913,91.04,3333.333333333333,25.0,6.9,516.6666666666666,3800.0
P5914,105.56,3333.333333333333,25.0,8.0,516.6666666666666,4200.0
P5915,73.64,3333.333333333333,16.0,2.5,612.5,3400.0
P5916,106.04,3333.333333333333,16.0,3.6,612.5,4000.0
P5917,138.44,3333.333333333333,16.0,4.7,612.5,4600.0
P5918,170.84,3333.333333333333,16.0,5.800000000000001,612.5,5200.0
P5919,203.24,3333.333333333333,16.0,6.9,612.5,6000.0
P5920,235.64,3333.333333333333,16.0,8.0,612.5,6600.0
P5921,66.27,3333.333333333333,17.8,2.5,612.5,3400.0
P5922,95.42,3333.333333333333,17.8,3.6,612.5,4000.0
P5923,124.58,3333.333333333333,17.8,4.7,612.5,4600.0
P5924,153.74,3333.333333333333,17.8,5.800000000000001,612.5,5200.0
P5925,182.89,3333.333333333333,17.8,6.9,612.5,5800.0
P5926,212.05,3333.333333333333,17.8,8.0,612.5,6400.0
P5927,60.19,3333.333333333333,19.6,2.5,612.5,3200.0
P5928,86.67,3333.333333333333,19.6,3.6,612.5,3800.0
P5929,113.16,3333.333333333333,19.6,4.7,612.5,4400.0
P5930,139.64,3333.333333333333,19.6,5.800000000000001,612.5,5000.0
P5931,166.12,3333.333333333333,19.6,6.9,612.5,5600.0
P5932,192.61,3333.333333333333,19.6,8.0,612.5,6200.0
P5933,55.13,3333.333333333333,21.4,2.5,612.5,3200.0
P5934,79.39,3333.333333333333,21.4,3.6,612.5,3800.0
P5935,103.64,3333.333333333333,21.4,4.7,612.5,4400.0
P5936,127.9,3333.333333333333,21.4,5.800000000000001,612.5,4800.0
P5937,152.16,3333.333333333333,21.4,6.9,612.5,5400.0
P5938,176.41,3333.333333333333,21.4,8.0,612.5,6000.0
P5939,50.84,3333.333333333333,23.2,2.5,612.5,3200.0
P5940,73.21,3333.333333333333,23.2,3.6,612.5,3800.0
P5941,95.57,3333.333333333333,23.2,4.7,612.5,4200.0
P5942,117.94,3333.333333333333,23.2,5.800000000000001,612.5,4800.0
P5943,140.31,3333.333333333333,23.2,6.9,612.5,5400.0
P5944,162.68,3333.333333333333,23.2,8.0,612.5,5800.0
P5945,47.12,3333.333333333333,25.0,2.5,612.5,3200.0
P5946,67.86,3333.333333333333,25.0,3.6,612.5,3600.0
P5947,88.59,3333.333333333333,25.0,4.7,612.5,4200.0
P5948,109.33,3333.333333333333,25.0,5.800000000000001,612.5,4600.0
P5949,130.06,3333.333333333333,25.0,6.9,612.5,5200.0
P5950,150.8,3333.333333333333,25.0,8.0,612.5,5800.0
P5951,99.65,3333.333333333333,16.0,2.5,708.3333333333333,4400.0
P5952,143.5,3333.333333333333,16.0,3.6,708.3333333333333,5200.0
P5953,187.34,3333.333333333333,16.0,4.7,708.3333333333333,6000.0
P5954,231.19,3333.333333333333,16.0,5.800000000000001,708.3333333333333,7000.0
P5955,275.04,3333.333333333333,16.0,6.9,708.3333333333333,7800.0
P5956,318.88,3333.333333333333,16.0,8.0,708.3333333333333,8600.0
P5957,89.61,3333.333333333333,17.8,2.5,708.3333333333333,4200.0
P5958,129.04,3333.333333333333,17.8,3.6,708.3333333333333,5000.0
P5959,168.47,3333.333333333333,17.8,4.7,708.3333333333333,5800.0
P5960,207.9,3333.333333333333,17.8,5.800000000000001,708.3333333333333,6600.0
P5961,247.33,3333.333333333333,17.8,6.9,708.3333333333333,7600.0
P5962,286.76,3333.333333333333,17.8,8.0,708.3333333333333,8200.0
P5963,81.43,3333.333333333333,19.6,2.5,708.3333333333333,4200.0
P5964,117.26,3333.333333333333,19.6,3.6,708.3333333333333,5000.0
P5965,153.09,3333.333333333333,19.6,4.7,708.3333333333333,5600.0
P5966,188.93,3333.333333333333,19.6,5.800000000000001,708.3333333333333,6400.0
P5967,224.76,3333.333333333333,19.6,6.9,708.3333333333333,7200.0
P5968,260.59,3333.333333333333,19.6,8.0,708.3333333333333,8000.0
P5969,74.46,3333.333333333333,21.4,2.5,708.3333333333333,4200.0
P5970,107.22,3333.333333333333,21.4,3.6,708.3333333333333,4800.0
P5971,139.98,3333.333333333333,21.4,4.7,708.3333333333333,5600.0
P5972,172.74,3333.333333333333,21.4,5.800000000000001,708.3333333333333,6200.0
P5973,205.5,3333.333333333333,21.4,6.9,708.3333333333333,7000.0
P5974,238.26,3333.333333333333,21.4,8.0,708.3333333333333,7600.0
P5975,68.69,3333.333333333333,23.2,2.5,708.3333333333333,4000.0
P5976,98.92,3333.333333333333,23.2,3.6,708.3333333333333,4800.0
P5977,129.14,3333.333333333333,23.2,4.7,708.3333333333333,5400.0
P5978,159.37,3333.333333333333,23.2,5.800000000000001,708.3333333333333,6200.0
P5979,189.6,3333.333333333333,23.2,6.9,708.3333333333333,6800.0
P5980,219.82,3333.333333333333,23.2,8.0,708.3333333333333,7400.0
P5981,63.81,3333.333333333333,25.0,2.5,708.3333333333333,4000.0
P5982,91.89,3333.333333333333,25.0,3.6,708.3333333333333,4600.0
P5983,119.97,3333.333333333333,25.0,4.7,708.3333333333333,5400.0
P5984,148.05,3333.333333333333,25.0,5.800000000000001,708.3333333333333,6000.0
P5985,176.13,3333.333333333333,25.0,6.9,708.3333333333333,6800.0
P5986,204.2,3333.333333333333,25.0,8.0,708.3333333333333,7200.0
P5987,129.68,3333.333333333333,16.0,2.5,804.1666666666666,5400.0
P5988,186.75,3333.333333333333,16.0,3.6,804.1666666666666,6400.0
P5989,243.81,3333.333333333333,16.0,4.7,804.1666666666666,7600.0
P5990,300.87,3333.333333333333,16.0,5.800000000000001,804.1666666666666,8800.0
P5991,357.93,3333.333333333333,16.0,6.9,804.1666666666666,9800.0
P5992,414.99,3333.333333333333,16.0,8.0,804.1666666666666,10800.0
P5993,116.59,3333.333333333333,17.8,2.5,804.1666666666666,5400.0
P5994,167.9,3333.333333333333,17.8,3.6,804.1666666666666,6400.0
P5995,219.2,3333.333333333333,17.8,4.7,804.1666666666666,7400.0
P5996,270.5,3333.333333333333,17.8,5.800000000000001,804.1666666666666,8400.0
P5997,321.8,3333.333333333333,17.8,6.9,804.1666666666666,9400.0
P5998,373.1,3333.333333333333,17.8,8.0,804.1666666666666,10400.0
P5999,105.76,3333.333333333333,19.6,2.5,804.1666666666666,5200.0
P6000,152.29,3333.333333333333,19.6,3.6,804.1666666666666,6200.0
P6001,198.82,3333.333333333333,19.6,4.7,804.1666666666666,7200.0
P6002,245.35,3333.333333333333,19.6,5.800000000000001,804.1666666666666,8200.0
P6003,291.88,3333.333333333333,19.6,6.9,804.1666666666666,9000.0
P6004,338.42,3333.333333333333,19.6,8.0,804.1666666666666,10000.0
P6005,96.98,3333.333333333333,21.4,2.5,804.1666666666666,5200.0
P6006,139.65,3333.333333333333,21.4,3.6,804.1666666666666,6000.0
P6007,182.32,3333.333333333333,21.4,4.7,804.1666666666666,7000.0
P6008,224.99,3333.333333333333,21.4,5.800000000000001,804.1666666666666,8000.0
P6009,267.66,3333.333333333333,21.4,6.9,804.1666666666666,8800.0
P6010,310.33,3333.333333333333,21.4,8.0,804.1666666666666,9800.0
P6011,89.28,3333.333333333333,23.2,2.5,804.1666666666666,5000.0
P6012,128.57,3333.333333333333,23.2,3.6,804.1666666666666,6000.0
P6013,167.85,3333.333333333333,23.2,4.7,804.1666666666666,6800.0
P6014,207.14,3333.333333333333,23.2,5.800000000000001,804.1666666666666,7800.0
P6015,246.42,3333.333333333333,23.2,6.9,804.1666666666666,8600.0
P6016,285.71,3333.333333333333,23.2,8.0,804.1666666666666,9400.0
P6017,82.86,3333.333333333333,25.0,2.5,804.1666666666666,5000.0
P6018,119.32,3333.333333333333,25.0,3.6,804.1666666666666,5800.0
P6019,155.78,3333.333333333333,25.0,4.7,804.1666666666666,6800.0
P6020,192.23,3333.333333333333,25.0,5.800000000000001,804.1666666666666,7600.0
P6021,228.69,3333.333333333333,25.0,6.9,804.1666666666666,8400.0
P6022,265.15,3333.333333333333,25.0,8.0,804.1666666666666,9200.0
P6023,163.49,3333.333333333333,16.0,2.5,900.0,6800.0
P6024,235.42,3333.333333333333,16.0,3.6,900.0,8200.0
P6025,307.36,3333.333333333333,16.0,4.7,900.0,9400.0
P6026,379.29,3333.333333333333,16.0,5.800000000000001,900.0,10800.0
P6027,451.23,3333.333333333333,16.0,6.9,900.0,12000.0
P6028,523.16,3333.333333333333,16.0,8.0,900.0,13200.0
P6029,146.93,3333.333333333333,17.8,2.5,900.0,6600.0
P6030,211.58,3333.333333333333,17.8,3.6,900.0,8000.0
P6031,276.23,3333.333333333333,17.8,4.7,900.0,9000.0
P6032,340.88,3333.333333333333,17.8,5.800000000000001,900.0,10400.0
P6033,405.53,3333.333333333333,17.8,6.9,900.0,11600.0
P6034,470.18,3333.333333333333,17.8,8.0,900.0,12800.0
P6035,133.46,3333.333333333333,19.6,2.5,900.0,6400.0
P6036,192.19,3333.333333333333,19.6,3.6,900.0,7600.0
P6037,250.91,3333.333333333333,19.6,4.7,900.0,8800.0
P6038,309.64,3333.333333333333,19.6,5.800000000000001,900.0,10000.0
P6039,368.36,3333.333333333333,19.6,6.9,900.0,11200.0
P6040,427.09,3333.333333333333,19.6,8.0,900.0,12200.0
P6041,122.19,3333.333333333333,21.4,2.5,900.0,6400.0
P6042,175.95,3333.333333333333,21.4,3.6,900.0,7600.0
P6043,229.72,3333.333333333333,21.4,4.7,900.0,8600.0
P6044,283.48,3333.333333333333,21.4,5.800000000000001,900.0,9800.0
P6045,337.25,3333.333333333333,21.4,6.9,900.0,10800.0
P6046,391.01,3333.333333333333,21.4,8.0,900.0,11800.0
P6047,112.79,3333.333333333333,23.2,2.5,900.0,6200.0
P6048,162.42,3333.333333333333,23.2,3.6,900.0,7400.0
P6049,212.04,3333.333333333333,23.2,4.7,900.0,8400.0
P6050,261.67,3333.333333333333,23.2,5.800000000000001,900.0,9600.0
P6051,311.3,3333.333333333333,23.2,6.9,900.0,10600.0
P6052,360.93,3333.333333333333,23.2,8.0,900.0,11600.0
P6053,104.65,3333.333333333333,25.0,2.5,900.0,6200.0
P6054,150.7,3333.333333333333,25.0,3.6,900.0,7200.0
P6055,196.75,3333.333333333333,25.0,4.7,900.0,8200.0
P6056,242.8,3333.333333333333,25.0,5.800000000000001,900.0,9400.0
P6057,288.85,3333.333333333333,25.0,6.9,900.0,10400.0
P6058,334.89,3333.333333333333,25.0,8.0,900.0,11200.0
P6059,19.23,3750.0,16.0,2.5,325.0,1200.0
P6060,27.69,3750.0,16.0,3.6,325.0,1440.0
P6061,36.15,3750.0,16.0,4.7,325.0,1660.0
P6062,44.61,3750.0,16.0,5.800000000000001,325.0,1900.0
P6063,53.07,3750.0,16.0,6.9,325.0,2200.0
P6064,61.52,3750.0,16.0,8.0,325.0,2400.0
P6065,17.2,3750.0,17.8,2.5,325.0,1180.0
P6066,24.76,3750.0,17.8,3.6,325.0,1400.0
P6067,32.33,3750.0,17.8,4.7,325.0,1620.0
P6068,39.89,3750.0,17.8,5.800000000000001,325.0,1840.0
P6069,47.46,3750.0,17.8,6.9,325.0,2000.0
P6070,55.03,3750.0,17.8,8.0,325.0,2200.0
P6071,15.55,3750.0,19.6,2.5,325.0,1160.0
P6072,22.39,3750.0,19.6,3.6,325.0,1380.0
P6073,29.23,3750.0,19.6,4.7,325.0,1580.0
P6074,36.07,3750.0,19.6,5.800000000000001,325.0,1800.0
P6075,42.91,3750.0,19.6,6.9,325.0,2000.0
P6076,49.75,3750.0,19.6,8.0,325.0,2200.0
P6077,14.29,3750.0,21.4,2.5,325.0,1160.0
P6078,20.57,3750.0,21.4,3.6,325.0,1360.0
P6079,26.86,3750.0,21.4,4.7,325.0,1580.0
P6080,33.14,3750.0,21.4,5.800000000000001,325.0,1800.0
P6081,39.43,3750.0,21.4,6.9,325.0,1980.0
P6082,45.72,3750.0,21.4,8.0,325.0,2200.0
P6083,13.12,3750.0,23.2,2.5,325.0,1140.0
P6084,18.89,3750.0,23.2,3.6,325.0,1340.0
P6085,24.66,3750.0,23.2,4.7,325.0,1540.0
P6086,30.44,3750.0,23.2,5.800000000000001,325.0,1760.0
P6087,36.21,3750.0,23.2,6.9,325.0,1940.0
P6088,41.98,3750.0,23.2,8.0,325.0,2200.0
P6089,12.17,3750.0,25.0,2.5,325.0,1140.0
P6090,17.53,3750.0,25.0,3.6,325.0,1320.0
P6091,22.89,3750.0,25.0,4.7,325.0,1520.0
P6092,28.24,3750.0,25.0,5.800000000000001,325.0,1740.0
P6093,33.6,3750.0,25.0,6.9,325.0,1920.0
P6094,38.96,3750.0,25.0,8.0,325.0,2200.0
P6095,33.43,3750.0,16.0,2.5,420.8333333333333,1780.0
P6096,48.13,3750.0,16.0,3.6,420.8333333333333,2200.0
P6097,62.84,3750.0,16.0,4.7,420.8333333333333,2400.0
P6098,77.55,3750.0,16.0,5.800000000000001,420.8333333333333,2800.0
P6099,92.26,3750.0,16.0,6.9,420.8333333333333,3200.0
P6100,106.96,3750.0,16.0,8.0,420.8333333333333,3600.0
P6101,30.06,3750.0,17.8,2.5,420.8333333333333,1800.0
P6102,43.28,3750.0,17.8,3.6,420.8333333333333,2200.0
P6103,56.51,3750.0,17.8,4.7,420.8333333333333,2400.0
P6104,69.73,3750.0,17.8,5.800000000000001,420.8333333333333,2800.0
P6105,82.96,3750.0,17.8,6.9,420.8333333333333,3200.0
P6106,96.18,3750.0,17.8,8.0,420.8333333333333,3600.0
P6107,27.25,3750.0,19.6,2.5,420.8333333333333,1780.0
P6108,39.24,3750.0,19.6,3.6,420.8333333333333,2200.0
P6109,51.22,3750.0,19.6,4.7,420.8333333333333,2400.0
P6110,63.21,3750.0,19.6,5.800000000000001,420.8333333333333,2800.0
P6111,75.2,3750.0,19.6,6.9,420.8333333333333,3000.0
P6112,87.19,3750.0,19.6,8.0,420.8333333333333,3400.0
P6113,24.88,3750.0,21.4,2.5,420.8333333333333,1760.0
P6114,35.82,3750.0,21.4,3.6,420.8333333333333,2000.0
P6115,46.77,3750.0,21.4,4.7,420.8333333333333,2400.0
P6116,57.71,3750.0,21.4,5.800000000000001,420.8333333333333,2600.0
P6117,68.66,3750.0,21.4,6.9,420.8333333333333,3000.0
P6118,79.6,3750.0,21.4,8.0,420.8333333333333,3400.0
P6119,22.96,3750.0,23.2,2.5,420.8333333333333,1720.0
P6120,33.06,3750.0,23.2,3.6,420.8333333333333,2000.0
P6121,43.16,3750.0,23.2,4.7,420.8333333333333,2400.0
P6122,53.26,3750.0,23.2,5.800000000000001,420.8333333333333,2600.0
P6123,63.37,3750.0,23.2,6.9,420.8333333333333,3000.0
P6124,73.47,3750.0,23.2,8.0,420.8333333333333,3200.0
P6125,21.4,3750.0,25.0,2.5,420.8333333333333,1720.0
P6126,30.82,3750.0,25.0,3.6,420.8333333333333,2000.0
P6127,40.24,3750.0,25.0,4.7,420.8333333333333,2400.0
P6128,49.65,3750.0,25.0,5.800000000000001,420.8333333333333,2600.0
P6129,59.07,3750.0,25.0,6.9,420.8333333333333,3000.0
P6130,68.49,3750.0,25.0,8.0,420.8333333333333,3200.0
P6131,51.65,3750.0,16.0,2.5,516.6666666666666,2400.0
P6132,74.37,3750.0,16.0,3.6,516.6666666666666,3000.0
P6133,97.1,3750.0,16.0,4.7,516.6666666666666,3400.0
P6134,119.82,3750.0,16.0,5.800000000000001,516.6666666666666,4000.0
P6135,142.55,3750.0,16.0,6.9,516.6666666666666,4400.0
P6136,165.27,3750.0,16.0,8.0,516.6666666666666,4800.0
P6137,46.41,3750.0,17.8,2.5,516.6666666666666,2400.0
P6138,66.84,3750.0,17.8,3.6,516.6666666666666,2800.0
P6139,87.26,3750.0,17.8,4.7,516.6666666666666,3400.0
P6140,107.68,3750.0,17.8,5.800000000000001,516.6666666666666,3800.0
P6141,128.1,3750.0,17.8,6.9,516.6666666666666,4200.0
P6142,148.52,3750.0,17.8,8.0,516.6666666666666,4800.0
P6143,42.03,3750.0,19.6,2.5,516.6666666666666,2400.0
P6144,60.52,3750.0,19.6,3.6,516.6666666666666,2800.0
P6145,79.01,3750.0,19.6,4.7,516.6666666666666,3200.0
P6146,97.5,3750.0,19.6,5.800000000000001,516.6666666666666,3800.0
P6147,115.99,3750.0,19.6,6.9,516.6666666666666,4200.0
P6148,134.48,3750.0,19.6,8.0,516.6666666666666,4600.0
P6149,38.49,3750.0,21.4,2.5,516.6666666666666,2400.0
P6150,55.42,3750.0,21.4,3.6,516.6666666666666,2800.0
P6151,72.36,3750.0,21.4,4.7,516.6666666666666,3200.0
P6152,89.29,3750.0,21.4,5.800000000000001,516.6666666666666,3600.0
P6153,106.23,3750.0,21.4,6.9,516.6666666666666,4000.0
P6154,123.17,3750.0,21.4,8.0,516.6666666666666,4400.0
P6155,35.53,3750.0,23.2,2.5,516.6666666666666,2400.0
P6156,51.17,3750.0,23.2,3.6,516.6666666666666,2800.0
P6157,66.8,3750.0,23.2,4.7,516.6666666666666,3200.0
P6158,82.43,3750.0,23.2,5.800000000000001,516.6666666666666,3600.0
P6159,98.07,3750.0,23.2,6.9,516.6666666666666,4000.0
P6160,113.7,3750.0,23.2,8.0,516.6666666666666,4400.0
P6161,32.99,3750.0,25.0,2.5,516.6666666666666,2200.0
P6162,47.5,3750.0,25.0,3.6,516.6666666666666,2600.0
P6163,62.02,3750.0,25.0,4.7,516.6666666666666,3000.0
P6164,76.53,3750.0,25.0,5.800000000000001,516.6666666666666,3400.0
P6165,91.04,3750.0,25.0,6.9,516.6666666666666,3800.0
P6166,105.56,3750.0,25.0,8.0,516.6666666666666,4200.0
P6167,73.64,3750.0,16.0,2.5,612.5,3400.0
P6168,106.04,3750.0,16.0,3.6,612.5,4000.0
P6169,138.44,3750.0,16.0,4.7,612.5,4600.0
P6170,170.84,3750.0,16.0,5.800000000000001,612.5,5200.0
P6171,203.24,3750.0,16.0,6.9,612.5,6000.0
P6172,235.64,3750.0,16.0,8.0,612.5,6600.0
P6173,66.27,3750.0,17.8,2.5,612.5,3400.0
P6174,95.42,3750.0,17.8,3.6,612.5,4000.0
P6175,124.58,3750.0,17.8,4.7,612.5,4600.0
P6176,153.74,3750.0,17.8,5.800000000000001,612.5,5200.0
P6177,182.89,3750.0,17.8,6.9,612.5,5800.0
P6178,212.05,3750.0,17.8,8.0,612.5,6600.0
P6179,60.19,3750.0,19.6,2.5,612.5,3400.0
P6180,86.67,3750.0,19.6,3.6,612.5,3800.0
P6181,113.16,3750.0,19.6,4.7,612.5,4400.0
P6182,139.64,3750.0,19.6,5.800000000000001,612.5,5000.0
P6183,166.12,3750.0,19.6,6.9,612.5,5600.0
P6184,192.61,3750.0,19.6,8.0,612.5,6400.0
P6185,55.13,3750.0,21.4,2.5,612.5,3200.0
P6186,79.39,3750.0,21.4,3.6,612.5,3800.0
P6187,103.64,3750.0,21.4,4.7,612.5,4400.0
P6188,127.9,3750.0,21.4,5.800000000000001,612.5,5000.0
P6189,152.16,3750.0,21.4,6.9,612.5,5400.0
P6190,176.41,3750.0,21.4,8.0,612.5,6200.0
P6191,50.84,3750.0,23.2,2.5,612.5,3200.0
P6192,73.21,3750.0,23.2,3.6,612.5,3800.0
P6193,95.57,3750.0,23.2,4.7,612.5,4200.0
P6194,117.94,3750.0,23.2,5.800000000000001,612.5,4800.0
P6195,140.31,3750.0,23.2,6.9,612.5,5400.0
P6196,162.68,3750.0,23.2,8.0,612.5,5800.0
P6197,47.12,3750.0,25.0,2.5,612.5,3200.0
P6198,67.86,3750.0,25.0,3.6,612.5,3600.0
P6199,88.59,3750.0,25.0,4.7,612.5,4200.0
P6200,109.33,3750.0,25.0,5.800000000000001,612.5,4800.0
P6201,130.06,3750.0,25.0,6.9,612.5,5200.0
P6202,150.8,3750.0,25.0,8.0,612.5,5800.0
P6203,99.65,3750.0,16.0,2.5,708.3333333333333,4400.0
P6204,143.5,3750.0,16.0,3.6,708.3333333333333,5200.0
P6205,187.34,3750.0,16.0,4.7,708.3333333333333,6000.0
P6206,231.19,3750.0,16.0,5.800000000000001,708.3333333333333,7000.0
P6207,275.04,3750.0,16.0,6.9,708.3333333333333,7800.0
P6208,318.88,3750.0,16.0,8.0,708.3333333333333,8600.0
P6209,89.61,3750.0,17.8,2.5,708.3333333333333,4200.0
P6210,129.04,3750.0,17.8,3.6,708.3333333333333,5000.0
P6211,168.47,3750.0,17.8,4.7,708.3333333333333,5800.0
P6212,207.9,3750.0,17.8,5.800000000000001,708.3333333333333,6600.0
P6213,247.33,3750.0,17.8,6.9,708.3333333333333,7600.0
P6214,286.76,3750.0,17.8,8.0,708.3333333333333,8200.0
P6215,81.43,3750.0,19.6,2.5,708.3333333333333,4200.0
P6216,117.26,3750.0,19.6,3.6,708.3333333333333,5000.0
P6217,153.09,3750.0,19.6,4.7,708.3333333333333,5800.0
P6218,188.93,3750.0,19.6,5.800000000000001,708.3333333333333,6400.0
P6219,224.76,3750.0,19.6,6.9,708.3333333333333,7200.0
P6220,260.59,3750.0,19.6,8.0,708.3333333333333,8000.0
P6221,74.46,3750.0,21.4,2.5,708.3333333333333,4200.0
P6222,107.22,3750.0,21.4,3.6,708.3333333333333,4800.0
P6223,139.98,3750.0,21.4,4.7,708.3333333333333,5600.0
P6224,172.74,3750.0,21.4,5.800000000000001,708.3333333333333,6200.0
P6225,205.5,3750.0,21.4,6.9,708.3333333333333,7000.0
P6226,238.26,3750.0,21.4,8.0,708.3333333333333,7600.0
P6227,68.69,3750.0,23.2,2.5,708.3333333333333,4000.0
P6228,98.92,3750.0,23.2,3.6,708.3333333333333,4800.0
P6229,129.14,3750.0,23.2,4.7,708.3333333333333,5400.0
P6230,159.37,3750.0,23.2,5.800000000000001,708.3333333333333,6200.0
P6231,189.6,3750.0,23.2,6.9,708.3333333333333,6800.0
P6232,219.82,3750.0,23.2,8.0,708.3333333333333,7400.0
P6233,63.81,3750.0,25.0,2.5,708.3333333333333,4000.0
P6234,91.89,3750.0,25.0,3.6,708.3333333333333,4600.0
P6235,119.97,3750.0,25.0,4.7,708.3333333333333,5400.0
P6236,148.05,3750.0,25.0,5.800000000000001,708.3333333333333,6000.0
P6237,176.13,3750.0,25.0,6.9,708.3333333333333,6800.0
P6238,204.2,3750.0,25.0,8.0,708.3333333333333,7200.0
P6239,129.68,3750.0,16.0,2.5,804.1666666666666,5600.0
P6240,186.75,3750.0,16.0,3.6,804.1666666666666,6600.0
P6241,243.81,3750.0,16.0,4.7,804.1666666666666,7600.0
P6242,300.87,3750.0,16.0,5.800000000000001,804.1666666666666,8800.0
P6243,357.93,3750.0,16.0,6.9,804.1666666666666,10000.0
P6244,414.99,3750.0,16.0,8.0,804.1666666666666,10800.0
P6245,116.59,3750.0,17.8,2.5,804.1666666666666,5400.0
P6246,167.9,3750.0,17.8,3.6,804.1666666666666,6600.0
P6247,219.2,3750.0,17.8,4.7,804.1666666666666,7600.0
P6248,270.5,3750.0,17.8,5.800000000000001,804.1666666666666,8600.0
P6249,321.8,3750.0,17.8,6.9,804.1666666666666,9600.0
P6250,373.1,3750.0,17.8,8.0,804.1666666666666,10600.0
P6251,105.76,3750.0,19.6,2.5,804.1666666666666,5400.0
P6252,152.29,3750.0,19.6,3.6,804.1666666666666,6400.0
P6253,198.82,3750.0,19.6,4.7,804.1666666666666,7400.0
P6254,245.35,3750.0,19.6,5.800000000000001,804.1666666666666,8400.0
P6255,291.88,3750.0,19.6,6.9,804.1666666666666,9200.0
P6256,338.42,3750.0,19.6,8.0,804.1666666666666,10200.0
P6257,96.98,3750.0,21.4,2.5,804.1666666666666,5200.0
P6258,139.65,3750.0,21.4,3.6,804.1666666666666,6200.0
P6259,182.32,3750.0,21.4,4.7,804.1666666666666,7200.0
P6260,224.99,3750.0,21.4,5.800000000000001,804.1666666666666,8200.0
P6261,267.66,3750.0,21.4,6.9,804.1666666666666,9000.0
P6262,310.33,3750.0,21.4,8.0,804.1666666666666,10000.0
P6263,89.28,3750.0,23.2,2.5,804.1666666666666,5200.0
P6264,128.57,3750.0,23.2,3.6,804.1666666666666,6000.0
P6265,167.85,3750.0,23.2,4.7,804.1666666666666,7000.0
P6266,207.14,3750.0,23.2,5.800000000000001,804.1666666666666,8000.0
P6267,246.42,3750.0,23.2,6.9,804.1666666666666,8800.0
P6268,285.71,3750.0,23.2,8.0,804.1666666666666,9600.0
P6269,82.86,3750.0,25.0,2.5,804.1666666666666,5200.0
P6270,119.32,3750.0,25.0,3.6,804.1666666666666,6000.0
P6271,155.78,3750.0,25.0,4.7,804.1666666666666,6800.0
P6272,192.23,3750.0,25.0,5.800000000000001,804.1666666666666,7800.0
P6273,228.69,3750.0,25.0,6.9,804.1666666666666,8600.0
P6274,265.15,3750.0,25.0,8.0,804.1666666666666,9400.0
P6275,163.49,3750.0,16.0,2.5,900.0,6800.0
P6276,235.42,3750.0,16.0,3.6,900.0,8200.0
P6277,307.36,3750.0,16.0,4.7,900.0,9600.0
P6278,379.29,3750.0,16.0,5.800000000000001,900.0,10800.0
P6279,451.23,3750.0,16.0,6.9,900.0,12200.0
P6280,523.16,3750.0,16.0,8.0,900.0,13200.0
P6281,146.93,3750.0,17.8,2.5,900.0,6800.0
P6282,211.58,3750.0,17.8,3.6,900.0,8000.0
P6283,276.23,3750.0,17.8,4.7,900.0,9200.0
P6284,340.88,3750.0,17.8,5.800000000000001,900.0,10400.0
P6285,405.53,3750.0,17.8,6.9,900.0,11800.0
P6286,470.18,3750.0,17.8,8.0,900.0,12800.0
P6287,133.46,3750.0,19.6,2.5,900.0,6600.0
P6288,192.19,3750.0,19.6,3.6,900.0,7600.0
P6289,250.91,3750.0,19.6,4.7,900.0,9000.0
P6290,309.64,3750.0,19.6,5.800000000000001,900.0,10000.0
P6291,368.36,3750.0,19.6,6.9,900.0,11400.0
P6292,427.09,3750.0,19.6,8.0,900.0,12200.0
P6293,122.19,3750.0,21.4,2.5,900.0,6400.0
P6294,175.95,3750.0,21.4,3.6,900.0,7600.0
P6295,229.72,3750.0,21.4,4.7,900.0,8800.0
P6296,283.48,3750.0,21.4,5.800000000000001,900.0,9800.0
P6297,337.25,3750.0,21.4,6.9,900.0,11000.0
P6298,391.01,3750.0,21.4,8.0,900.0,11800.0
P6299,112.79,3750.0,23.2,2.5,900.0,6400.0
P6300,162.42,3750.0,23.2,3.6,900.0,7400.0
P6301,212.04,3750.0,23.2,4.7,900.0,8600.0
P6302,261.67,3750.0,23.2,5.800000000000001,900.0,9600.0
P6303,311.3,3750.0,23.2,6.9,900.0,10800.0
P6304,360.93,3750.0,23.2,8.0,900.0,11600.0
P6305,104.65,3750.0,25.0,2.5,900.0,6200.0
P6306,150.7,3750.0,25.0,3.6,900.0,7200.0
P6307,196.75,3750.0,25.0,4.7,900.0,8400.0
P6308,242.8,3750.0,25.0,5.800000000000001,900.0,9400.0
P6309,288.85,3750.0,25.0,6.9,900.0,10600.0
P6310,334.89,3750.0,25.0,8.0,900.0,11200.0
P6311,19.23,4166.666666666667,16.0,2.5,325.0,1280.0
P6312,27.69,4166.666666666667,16.0,3.6,325.0,1520.0
P6313,36.15,4166.666666666667,16.0,4.7,325.0,1740.0
P6314,44.61,4166.666666666667,16.0,5.800000000000001,325.0,1980.0
P6315,53.07,4166.666666666667,16.0,6.9,325.0,2200.0
P6316,61.52,4166.666666666667,16.0,8.0,325.0,2400.0
P6317,17.2,4166.666666666667,17.8,2.5,325.0,1260.0
P6318,24.76,4166.666666666667,17.8,3.6,325.0,1480.0
P6319,32.33,4166.666666666667,17.8,4.7,325.0,1700.0
P6320,39.89,4166.666666666667,17.8,5.800000000000001,325.0,1920.0
P6321,47.46,4166.666666666667,17.8,6.9,325.0,2200.0
P6322,55.03,4166.666666666667,17.8,8.0,325.0,2400.0
P6323,15.55,4166.666666666667,19.6,2.5,325.0,1240.0
P6324,22.39,4166.666666666667,19.6,3.6,325.0,1460.0
P6325,29.23,4166.666666666667,19.6,4.7,325.0,1660.0
P6326,36.07,4166.666666666667,19.6,5.800000000000001,325.0,1880.0
P6327,42.91,4166.666666666667,19.6,6.9,325.0,2000.0
P6328,49.75,4166.666666666667,19.6,8.0,325.0,2400.0
P6329,14.29,4166.666666666667,21.4,2.5,325.0,1280.0
P6330,20.57,4166.666666666667,21.4,3.6,325.0,1480.0
P6331,26.86,4166.666666666667,21.4,4.7,325.0,1680.0
P6332,33.14,4166.666666666667,21.4,5.800000000000001,325.0,1900.0
P6333,39.43,4166.666666666667,21.4,6.9,325.0,2000.0
P6334,45.72,4166.666666666667,21.4,8.0,325.0,2400.0
P6335,13.12,4166.666666666667,23.2,2.5,325.0,1260.0
P6336,18.89,4166.666666666667,23.2,3.6,325.0,1460.0
P6337,24.66,4166.666666666667,23.2,4.7,325.0,1640.0
P6338,30.44,4166.666666666667,23.2,5.800000000000001,325.0,1880.0
P6339,36.21,4166.666666666667,23.2,6.9,325.0,2000.0
P6340,41.98,4166.666666666667,23.2,8.0,325.0,2200.0
P6341,12.17,4166.666666666667,25.0,2.5,325.0,1260.0
P6342,17.53,4166.666666666667,25.0,3.6,325.0,1440.0
P6343,22.89,4166.666666666667,25.0,4.7,325.0,1620.0
P6344,28.24,4166.666666666667,25.0,5.800000000000001,325.0,1860.0
P6345,33.6,4166.666666666667,25.0,6.9,325.0,2000.0
P6346,38.96,4166.666666666667,25.0,8.0,325.0,2200.0
P6347,33.43,4166.666666666667,16.0,2.5,420.8333333333333,1900.0
P6348,48.13,4166.666666666667,16.0,3.6,420.8333333333333,2200.0
P6349,62.84,4166.666666666667,16.0,4.7,420.8333333333333,2600.0
P6350,77.55,4166.666666666667,16.0,5.800000000000001,420.8333333333333,3000.0
P6351,92.26,4166.666666666667,16.0,6.9,420.8333333333333,3400.0
P6352,106.96,4166.666666666667,16.0,8.0,420.8333333333333,3600.0
P6353,30.06,4166.666666666667,17.8,2.5,420.8333333333333,1960.0
P6354,43.28,4166.666666666667,17.8,3.6,420.8333333333333,2400.0
P6355,56.51,4166.666666666667,17.8,4.7,420.8333333333333,2600.0
P6356,69.73,4166.666666666667,17.8,5.800000000000001,420.8333333333333,3000.0
P6357,82.96,4166.666666666667,17.8,6.9,420.8333333333333,3400.0
P6358,96.18,4166.666666666667,17.8,8.0,420.8333333333333,3600.0
P6359,27.25,4166.666666666667,19.6,2.5,420.8333333333333,1940.0
P6360,39.24,4166.666666666667,19.6,3.6,420.8333333333333,2200.0
P6361,51.22,4166.666666666667,19.6,4.7,420.8333333333333,2600.0
P6362,63.21,4166.666666666667,19.6,5.800000000000001,420.8333333333333,3000.0
P6363,75.2,4166.666666666667,19.6,6.9,420.8333333333333,3200.0
P6364,87.19,4166.666666666667,19.6,8.0,420.8333333333333,3600.0
P6365,24.88,4166.666666666667,21.4,2.5,420.8333333333333,1920.0
P6366,35.82,4166.666666666667,21.4,3.6,420.8333333333333,2200.0
P6367,46.77,4166.666666666667,21.4,4.7,420.8333333333333,2600.0
P6368,57.71,4166.666666666667,21.4,5.800000000000001,420.8333333333333,2800.0
P6369,68.66,4166.666666666667,21.4,6.9,420.8333333333333,3200.0
P6370,79.6,4166.666666666667,21.4,8.0,420.8333333333333,3400.0
P6371,22.96,4166.666666666667,23.2,2.5,420.8333333333333,1880.0
P6372,33.06,4166.666666666667,23.2,3.6,420.8333333333333,2200.0
P6373,43.16,4166.666666666667,23.2,4.7,420.8333333333333,2400.0
P6374,53.26,4166.666666666667,23.2,5.800000000000001,420.8333333333333,2800.0
P6375,63.37,4166.666666666667,23.2,6.9,420.8333333333333,3200.0
P6376,73.47,4166.666666666667,23.2,8.0,420.8333333333333,3400.0
P6377,21.4,4166.666666666667,25.0,2.5,420.8333333333333,1880.0
P6378,30.82,4166.666666666667,25.0,3.6,420.8333333333333,2200.0
P6379,40.24,4166.666666666667,25.0,4.7,420.8333333333333,2400.0
P6380,49.65,4166.666666666667,25.0,5.800000000000001,420.8333333333333,2800.0
P6381,59.07,4166.666666666667,25.0,6.9,420.8333333333333,3200.0
P6382,68.49,4166.666666666667,25.0,8.0,420.8333333333333,3400.0
P6383,51.65,4166.666666666667,16.0,2.5,516.6666666666666,2800.0
P6384,74.37,4166.666666666667,16.0,3.6,516.6666666666666,3200.0
P6385,97.1,4166.666666666667,16.0,4.7,516.6666666666666,3600.0
P6386,119.82,4166.666666666667,16.0,5.800000000000001,516.6666666666666,4200.0
P6387,142.55,4166.666666666667,16.0,6.9,516.6666666666666,4600.0
P6388,165.27,4166.666666666667,16.0,8.0,516.6666666666666,5200.0
P6389,46.41,4166.666666666667,17.8,2.5,516.6666666666666,2600.0
P6390,66.84,4166.666666666667,17.8,3.6,516.6666666666666,3200.0
P6391,87.26,4166.666666666667,17.8,4.7,516.6666666666666,3600.0
P6392,107.68,4166.666666666667,17.8,5.800000000000001,516.6666666666666,4000.0
P6393,128.1,4166.666666666667,17.8,6.9,516.6666666666666,4600.0
P6394,148.52,4166.666666666667,17.8,8.0,516.6666666666666,5000.0
P6395,42.03,4166.666666666667,19.6,2.5,516.6666666666666,2600.0
P6396,60.52,4166.666666666667,19.6,3.6,516.6666666666666,3000.0
P6397,79.01,4166.666666666667,19.6,4.7,516.6666666666666,3600.0
P6398,97.5,4166.666666666667,19.6,5.800000000000001,516.6666666666666,4000.0
P6399,115.99,4166.666666666667,19.6,6.9,516.6666666666666,4400.0
P6400,134.48,4166.666666666667,19.6,8.0,516.6666666666666,4800.0
P6401,38.49,4166.666666666667,21.4,2.5,516.6666666666666,2600.0
P6402,55.42,4166.666666666667,21.4,3.6,516.6666666666666,3000.0
P6403,72.36,4166.666666666667,21.4,4.7,516.6666666666666,3400.0
P6404,89.29,4166.666666666667,21.4,5.800000000000001,516.6666666666666,3800.0
P6405,106.23,4166.666666666667,21.4,6.9,516.6666666666666,4200.0
P6406,123.17,4166.666666666667,21.4,8.0,516.6666666666666,4600.0
P6407,35.53,4166.666666666667,23.2,2.5,516.6666666666666,2600.0
P6408,51.17,4166.666666666667,23.2,3.6,516.6666666666666,3000.0
P6409,66.8,4166.666666666667,23.2,4.7,516.6666666666666,3400.0
P6410,82.43,4166.666666666667,23.2,5.800000000000001,516.6666666666666,3800.0
P6411,98.07,4166.666666666667,23.2,6.9,516.6666666666666,4200.0
P6412,113.7,4166.666666666667,23.2,8.0,516.6666666666666,4600.0
P6413,32.99,4166.666666666667,25.0,2.5,516.6666666666666,2600.0
P6414,47.5,4166.666666666667,25.0,3.6,516.6666666666666,3000.0
P6415,62.02,4166.666666666667,25.0,4.7,516.6666666666666,3400.0
P6416,76.53,4166.666666666667,25.0,5.800000000000001,516.6666666666666,3800.0
P6417,91.04,4166.666666666667,25.0,6.9,516.6666666666666,4200.0
P6418,105.56,4166.666666666667,25.0,8.0,516.6666666666666,4400.0
P6419,73.64,4166.666666666667,16.0,2.5,612.5,3600.0
P6420,106.04,4166.666666666667,16.0,3.6,612.5,4200.0
P6421,138.44,4166.666666666667,16.0,4.7,612.5,5000.0
P6422,170.84,4166.666666666667,16.0,5.800000000000001,612.5,5600.0
P6423,203.24,4166.666666666667,16.0,6.9,612.5,6200.0
P6424,235.64,4166.666666666667,16.0,8.0,612.5,7000.0
P6425,66.27,4166.666666666667,17.8,2.5,612.5,3800.0
P6426,95.42,4166.666666666667,17.8,3.6,612.5,4400.0
P6427,124.58,4166.666666666667,17.8,4.7,612.5,5000.0
P6428,153.74,4166.666666666667,17.8,5.800000000000001,612.5,5600.0
P6429,182.89,4166.666666666667,17.8,6.9,612.5,6200.0
P6430,212.05,4166.666666666667,17.8,8.0,612.5,6800.0
P6431,60.19,4166.666666666667,19.6,2.5,612.5,3600.0
P6432,86.67,4166.666666666667,19.6,3.6,612.5,4200.0
P6433,113.16,4166.666666666667,19.6,4.7,612.5,4800.0
P6434,139.64,4166.666666666667,19.6,5.800000000000001,612.5,5400.0
P6435,166.12,4166.666666666667,19.6,6.9,612.5,6000.0
P6436,192.61,4166.666666666667,19.6,8.0,612.5,6600.0
P6437,55.13,4166.666666666667,21.4,2.5,612.5,3600.0
P6438,79.39,4166.666666666667,21.4,3.6,612.5,4200.0
P6439,103.64,4166.666666666667,21.4,4.7,612.5,4600.0
P6440,127.9,4166.666666666667,21.4,5.800000000000001,612.5,5200.0
P6441,152.16,4166.666666666667,21.4,6.9,612.5,5800.0
P6442,176.41,4166.666666666667,21.4,8.0,612.5,6400.0
P6443,50.84,4166.666666666667,23.2,2.5,612.5,3600.0
P6444,73.21,4166.666666666667,23.2,3.6,612.5,4000.0
P6445,95.57,4166.666666666667,23.2,4.7,612.5,4600.0
P6446,117.94,4166.666666666667,23.2,5.800000000000001,612.5,5200.0
P6447,140.31,4166.666666666667,23.2,6.9,612.5,5600.0
P6448,162.68,4166.666666666667,23.2,8.0,612.5,6200.0
P6449,47.12,4166.666666666667,25.0,2.5,612.5,3400.0
P6450,67.86,4166.666666666667,25.0,3.6,612.5,4000.0
P6451,88.59,4166.666666666667,25.0,4.7,612.5,4600.0
P6452,109.33,4166.666666666667,25.0,5.800000000000001,612.5,5000.0
P6453,130.06,4166.666666666667,25.0,6.9,612.5,5600.0
P6454,150.8,4166.666666666667,25.0,8.0,612.5,6000.0
P6455,99.65,4166.666666666667,16.0,2.5,708.3333333333333,4800.0
P6456,143.5,4166.666666666667,16.0,3.6,708.3333333333333,5600.0
P6457,187.34,4166.666666666667,16.0,4.7,708.3333333333333,6600.0
P6458,231.19,4166.666666666667,16.0,5.800000000000001,708.3333333333333,7400.0
P6459,275.04,4166.666666666667,16.0,6.9,708.3333333333333,8200.0
P6460,318.88,4166.666666666667,16.0,8.0,708.3333333333333,9000.0
P6461,89.61,4166.666666666667,17.8,2.5,708.3333333333333,4800.0
P6462,129.04,4166.666666666667,17.8,3.6,708.3333333333333,5400.0
P6463,168.47,4166.666666666667,17.8,4.7,708.3333333333333,6400.0
P6464,207.9,4166.666666666667,17.8,5.800000000000001,708.3333333333333,7000.0
P6465,247.33,4166.666666666667,17.8,6.9,708.3333333333333,8000.0
P6466,286.76,4166.666666666667,17.8,8.0,708.3333333333333,8600.0
P6467,81.43,4166.666666666667,19.6,2.5,708.3333333333333,4600.0
P6468,117.26,4166.666666666667,19.6,3.6,708.3333333333333,5400.0
P6469,153.09,4166.666666666667,19.6,4.7,708.3333333333333,6200.0
P6470,188.93,4166.666666666667,19.6,5.800000000000001,708.3333333333333,6800.0
P6471,224.76,4166.666666666667,19.6,6.9,708.3333333333333,7600.0
P6472,260.59,4166.666666666667,19.6,8.0,708.3333333333333,8400.0
P6473,74.46,4166.666666666667,21.4,2.5,708.3333333333333,4600.0
P6474,107.22,4166.666666666667,21.4,3.6,708.3333333333333,5200.0
P6475,139.98,4166.666666666667,21.4,4.7,708.3333333333333,6000.0
P6476,172.74,4166.666666666667,21.4,5.800000000000001,708.3333333333333,6600.0
P6477,205.5,4166.666666666667,21.4,6.9,708.3333333333333,7400.0
P6478,238.26,4166.666666666667,21.4,8.0,708.3333333333333,8000.0
P6479,68.69,4166.666666666667,23.2,2.5,708.3333333333333,4600.0
P6480,98.92,4166.666666666667,23.2,3.6,708.3333333333333,5200.0
P6481,129.14,4166.666666666667,23.2,4.7,708.3333333333333,5800.0
P6482,159.37,4166.666666666667,23.2,5.800000000000001,708.3333333333333,6600.0
P6483,189.6,4166.666666666667,23.2,6.9,708.3333333333333,7200.0
P6484,219.82,4166.666666666667,23.2,8.0,708.3333333333333,7800.0
P6485,63.81,4166.666666666667,25.0,2.5,708.3333333333333,4400.0
P6486,91.89,4166.666666666667,25.0,3.6,708.3333333333333,5000.0
P6487,119.97,4166.666666666667,25.0,4.7,708.3333333333333,5800.0
P6488,148.05,4166.666666666667,25.0,5.800000000000001,708.3333333333333,6400.0
P6489,176.13,4166.666666666667,25.0,6.9,708.3333333333333,7200.0
P6490,204.2,4166.666666666667,25.0,8.0,708.3333333333333,7600.0
P6491,129.68,4166.666666666667,16.0,2.5,804.1666666666666,6000.0
P6492,186.75,4166.666666666667,16.0,3.6,804.1666666666666,7000.0
P6493,243.81,4166.666666666667,16.0,4.7,804.1666666666666,8200.0
P6494,300.87,4166.666666666667,16.0,5.800000000000001,804.1666666666666,9400.0
P6495,357.93,4166.666666666667,16.0,6.9,804.1666666666666,10400.0
P6496,414.99,4166.666666666667,16.0,8.0,804.1666666666666,11400.0
P6497,116.59,4166.666666666667,17.8,2.5,804.1666666666666,6000.0
P6498,167.9,4166.666666666667,17.8,3.6,804.1666666666666,7000.0
P6499,219.2,4166.666666666667,17.8,4.7,804.1666666666666,8000.0
P6500,270.5,4166.666666666667,17.8,5.800000000000001,804.1666666666666,9200.0
P6501,321.8,4166.666666666667,17.8,6.9,804.1666666666666,10200.0
P6502,373.1,4166.666666666667,17.8,8.0,804.1666666666666,11000.0
P6503,105.76,4166.666666666667,19.6,2.5,804.1666666666666,5800.0
P6504,152.29,4166.666666666667,19.6,3.6,804.1666666666666,6800.0
P6505,198.82,4166.666666666667,19.6,4.7,804.1666666666666,7800.0
P6506,245.35,4166.666666666667,19.6,5.800000000000001,804.1666666666666,9000.0
P6507,291.88,4166.666666666667,19.6,6.9,804.1666666666666,9800.0
P6508,338.42,4166.666666666667,19.6,8.0,804.1666666666666,10600.0
P6509,96.98,4166.666666666667,21.4,2.5,804.1666666666666,5800.0
P6510,139.65,4166.666666666667,21.4,3.6,804.1666666666666,6800.0
P6511,182.32,4166.666666666667,21.4,4.7,804.1666666666666,7600.0
P6512,224.99,4166.666666666667,21.4,5.800000000000001,804.1666666666666,8800.0
P6513,267.66,4166.666666666667,21.4,6.9,804.1666666666666,9600.0
P6514,310.33,4166.666666666667,21.4,8.0,804.1666666666666,10400.0
P6515,89.28,4166.666666666667,23.2,2.5,804.1666666666666,5800.0
P6516,128.57,4166.666666666667,23.2,3.6,804.1666666666666,6600.0
P6517,167.85,4166.666666666667,23.2,4.7,804.1666666666666,7400.0
P6518,207.14,4166.666666666667,23.2,5.800000000000001,804.1666666666666,8600.0
P6519,246.42,4166.666666666667,23.2,6.9,804.1666666666666,9400.0
P6520,285.71,4166.666666666667,23.2,8.0,804.1666666666666,10000.0
P6521,82.86,4166.666666666667,25.0,2.5,804.1666666666666,5600.0
P6522,119.32,4166.666666666667,25.0,3.6,804.1666666666666,6600.0
P6523,155.78,4166.666666666667,25.0,4.7,804.1666666666666,7400.0
P6524,192.23,4166.666666666667,25.0,5.800000000000001,804.1666666666666,8400.0
P6525,228.69,4166.666666666667,25.0,6.9,804.1666666666666,9200.0
P6526,265.15,4166.666666666667,25.0,8.0,804.1666666666666,9800.0
P6527,163.49,4166.666666666667,16.0,2.5,900.0,7600.0
P6528,235.42,4166.666666666667,16.0,3.6,900.0,9000.0
P6529,307.36,4166.666666666667,16.0,4.7,900.0,10200.0
P6530,379.29,4166.666666666667,16.0,5.800000000000001,900.0,11600.0
P6531,451.23,4166.666666666667,16.0,6.9,900.0,12800.0
P6532,523.16,4166.666666666667,16.0,8.0,900.0,14000.0
P6533,146.93,4166.666666666667,17.8,2.5,900.0,7400.0
P6534,211.58,4166.666666666667,17.8,3.6,900.0,8800.0
P6535,276.23,4166.666666666667,17.8,4.7,900.0,9800.0
P6536,340.88,4166.666666666667,17.8,5.800000000000001,900.0,11200.0
P6537,405.53,4166.666666666667,17.8,6.9,900.0,12400.0
P6538,470.18,4166.666666666667,17.8,8.0,900.0,13600.0
P6539,133.46,4166.666666666667,19.6,2.5,900.0,7200.0
P6540,192.19,4166.666666666667,19.6,3.6,900.0,8400.0
P6541,250.91,4166.666666666667,19.6,4.7,900.0,9600.0
P6542,309.64,4166.666666666667,19.6,5.800000000000001,900.0,10800.0
P6543,368.36,4166.666666666667,19.6,6.9,900.0,12000.0
P6544,427.09,4166.666666666667,19.6,8.0,900.0,13000.0
P6545,122.19,4166.666666666667,21.4,2.5,900.0,7200.0
P6546,175.95,4166.666666666667,21.4,3.6,900.0,8400.0
P6547,229.72,4166.666666666667,21.4,4.7,900.0,9400.0
P6548,283.48,4166.666666666667,21.4,5.800000000000001,900.0,10600.0
P6549,337.25,4166.666666666667,21.4,6.9,900.0,11600.0
P6550,391.01,4166.666666666667,21.4,8.0,900.0,12600.0
P6551,112.79,4166.666666666667,23.2,2.5,900.0,7000.0
P6552,162.42,4166.666666666667,23.2,3.6,900.0,8000.0
P6553,212.04,4166.666666666667,23.2,4.7,900.0,9200.0
P6554,261.67,4166.666666666667,23.2,5.800000000000001,900.0,10400.0
P6555,311.3,4166.666666666667,23.2,6.9,900.0,11400.0
P6556,360.93,4166.666666666667,23.2,8.0,900.0,12400.0
P6557,104.65,4166.666666666667,25.0,2.5,900.0,7000.0
P6558,150.7,4166.666666666667,25.0,3.6,900.0,8000.0
P6559,196.75,4166.666666666667,25.0,4.7,900.0,9000.0
P6560,242.8,4166.666666666667,25.0,5.800000000000001,900.0,10200.0
P6561,288.85,4166.666666666667,25.0,6.9,900.0,11200.0
P6562,334.89,4166.666666666667,25.0,8.0,900.0,12000.0
P6563,19.23,4583.333333333334,16.0,2.5,325.0,1280.0
P6564,27.69,4583.333333333334,16.0,3.6,325.0,1520.0
P6565,36.15,4583.333333333334,16.0,4.7,325.0,1740.0
P6566,44.61,4583.333333333334,16.0,5.800000000000001,325.0,1980.0
P6567,53.07,4583.333333333334,16.0,6.9,325.0,2200.0
P6568,61.52,4583.333333333334,16.0,8.0,325.0,2400.0
P6569,17.2,4583.333333333334,17.8,2.5,325.0,1260.0
P6570,24.76,4583.333333333334,17.8,3.6,325.0,1480.0
P6571,32.33,4583.333333333334,17.8,4.7,325.0,1700.0
P6572,39.89,4583.333333333334,17.8,5.800000000000001,325.0,1920.0
P6573,47.46,4583.333333333334,17.8,6.9,325.0,2200.0
P6574,55.03,4583.333333333334,17.8,8.0,325.0,2400.0
P6575,15.55,4583.333333333334,19.6,2.5,325.0,1240.0
P6576,22.39,4583.333333333334,19.6,3.6,325.0,1460.0
P6577,29.23,4583.333333333334,19.6,4.7,325.0,1660.0
P6578,36.07,4583.333333333334,19.6,5.800000000000001,325.0,1880.0
P6579,42.91,4583.333333333334,19.6,6.9,325.0,2000.0
P6580,49.75,4583.333333333334,19.6,8.0,325.0,2400.0
P6581,14.29,4583.333333333334,21.4,2.5,325.0,1280.0
P6582,20.57,4583.333333333334,21.4,3.6,325.0,1480.0
P6583,26.86,4583.333333333334,21.4,4.7,325.0,1680.0
P6584,33.14,4583.333333333334,21.4,5.800000000000001,325.0,1920.0
P6585,39.43,4583.333333333334,21.4,6.9,325.0,2200.0
P6586,45.72,4583.333333333334,21.4,8.0,325.0,2400.0
P6587,13.12,4583.333333333334,23.2,2.5,325.0,1260.0
P6588,18.89,4583.333333333334,23.2,3.6,325.0,1460.0
P6589,24.66,4583.333333333334,23.2,4.7,325.0,1640.0
P6590,30.44,4583.333333333334,23.2,5.800000000000001,325.0,1880.0
P6591,36.21,4583.333333333334,23.2,6.9,325.0,2000.0
P6592,41.98,4583.333333333334,23.2,8.0,325.0,2200.0
P6593,12.17,4583.333333333334,25.0,2.5,325.0,1260.0
P6594,17.53,4583.333333333334,25.0,3.6,325.0,1440.0
P6595,22.89,4583.333333333334,25.0,4.7,325.0,1620.0
P6596,28.24,4583.333333333334,25.0,5.800000000000001,325.0,1860.0
P6597,33.6,4583.333333333334,25.0,6.9,325.0,2000.0
P6598,38.96,4583.333333333334,25.0,8.0,325.0,2200.0
P6599,33.43,4583.333333333334,16.0,2.5,420.8333333333333,1900.0
P6600,48.13,4583.333333333334,16.0,3.6,420.8333333333333,2200.0
P6601,62.84,4583.333333333334,16.0,4.7,420.8333333333333,2600.0
P6602,77.55,4583.333333333334,16.0,5.800000000000001,420.8333333333333,3000.0
P6603,92.26,4583.333333333334,16.0,6.9,420.8333333333333,3400.0
P6604,106.96,4583.333333333334,16.0,8.0,420.8333333333333,3600.0
P6605,30.06,4583.333333333334,17.8,2.5,420.8333333333333,1960.0
P6606,43.28,4583.333333333334,17.8,3.6,420.8333333333333,2400.0
P6607,56.51,4583.333333333334,17.8,4.7,420.8333333333333,2600.0
P6608,69.73,4583.333333333334,17.8,5.800000000000001,420.8333333333333,3000.0
P6609,82.96,4583.333333333334,17.8,6.9,420.8333333333333,3400.0
P6610,96.18,4583.333333333334,17.8,8.0,420.8333333333333,3600.0
P6611,27.25,4583.333333333334,19.6,2.5,420.8333333333333,1940.0
P6612,39.24,4583.333333333334,19.6,3.6,420.8333333333333,2200.0
P6613,51.22,4583.333333333334,19.6,4.7,420.8333333333333,2600.0
P6614,63.21,4583.333333333334,19.6,5.800000000000001,420.8333333333333,3000.0
P6615,75.2,4583.333333333334,19.6,6.9,420.8333333333333,3200.0
P6616,87.19,4583.333333333334,19.6,8.0,420.8333333333333,3600.0
P6617,24.88,4583.333333333334,21.4,2.5,420.8333333333333,1920.0
P6618,35.82,4583.333333333334,21.4,3.6,420.8333333333333,2200.0
P6619,46.77,4583.333333333334,21.4,4.7,420.8333333333333,2600.0
P6620,57.71,4583.333333333334,21.4,5.800000000000001,420.8333333333333,2800.0
P6621,68.66,4583.333333333334,21.4,6.9,420.8333333333333,3200.0
P6622,79.6,4583.333333333334,21.4,8.0,420.8333333333333,3600.0
P6623,22.96,4583.333333333334,23.2,2.5,420.8333333333333,1880.0
P6624,33.06,4583.333333333334,23.2,3.6,420.8333333333333,2200.0
P6625,43.16,4583.333333333334,23.2,4.7,420.8333333333333,2600.0
P6626,53.26,4583.333333333334,23.2,5.800000000000001,420.8333333333333,2800.0
P6627,63.37,4583.333333333334,23.2,6.9,420.8333333333333,3200.0
P6628,73.47,4583.333333333334,23.2,8.0,420.8333333333333,3400.0
P6629,21.4,4583.333333333334,25.0,2.5,420.8333333333333,1880.0
P6630,30.82,4583.333333333334,25.0,3.6,420.8333333333333,2200.0
P6631,40.24,4583.333333333334,25.0,4.7,420.8333333333333,2400.0
P6632,49.65,4583.333333333334,25.0,5.800000000000001,420.8333333333333,2800.0
P6633,59.07,4583.333333333334,25.0,6.9,420.8333333333333,3200.0
P6634,68.49,4583.333333333334,25.0,8.0,420.8333333333333,3400.0
P6635,51.65,4583.333333333334,16.0,2.5,516.6666666666666,2800.0
P6636,74.37,4583.333333333334,16.0,3.6,516.6666666666666,3200.0
P6637,97.1,4583.333333333334,16.0,4.7,516.6666666666666,3600.0
P6638,119.82,4583.333333333334,16.0,5.800000000000001,516.6666666666666,4200.0
P6639,142.55,4583.333333333334,16.0,6.9,516.6666666666666,4600.0
P6640,165.27,4583.333333333334,16.0,8.0,516.6666666666666,5200.0
P6641,46.41,4583.333333333334,17.8,2.5,516.6666666666666,2600.0
P6642,66.84,4583.333333333334,17.8,3.6,516.6666666666666,3200.0
P6643,87.26,4583.333333333334,17.8,4.7,516.6666666666666,3600.0
P6644,107.68,4583.333333333334,17.8,5.800000000000001,516.6666666666666,4000.0
P6645,128.1,4583.333333333334,17.8,6.9,516.6666666666666,4600.0
P6646,148.52,4583.333333333334,17.8,8.0,516.6666666666666,5000.0
P6647,42.03,4583.333333333334,19.6,2.5,516.6666666666666,2600.0
P6648,60.52,4583.333333333334,19.6,3.6,516.6666666666666,3000.0
P6649,79.01,4583.333333333334,19.6,4.7,516.6666666666666,3600.0
P6650,97.5,4583.333333333334,19.6,5.800000000000001,516.6666666666666,4000.0
P6651,115.99,4583.333333333334,19.6,6.9,516.6666666666666,4400.0
P6652,134.48,4583.333333333334,19.6,8.0,516.6666666666666,4800.0
P6653,38.49,4583.333333333334,21.4,2.5,516.6666666666666,2600.0
P6654,55.42,4583.333333333334,21.4,3.6,516.6666666666666,3000.0
P6655,72.36,4583.333333333334,21.4,4.7,516.6666666666666,3400.0
P6656,89.29,4583.333333333334,21.4,5.800000000000001,516.6666666666666,3800.0
P6657,106.23,4583.333333333334,21.4,6.9,516.6666666666666,4200.0
P6658,123.17,4583.333333333334,21.4,8.0,516.6666666666666,4600.0
P6659,35.53,4583.333333333334,23.2,2.5,516.6666666666666,2600.0
P6660,51.17,4583.333333333334,23.2,3.6,516.6666666666666,3000.0
P6661,66.8,4583.333333333334,23.2,4.7,516.6666666666666,3400.0
P6662,82.43,4583.333333333334,23.2,5.800000000000001,516.6666666666666,3800.0
P6663,98.07,4583.333333333334,23.2,6.9,516.6666666666666,4200.0
P6664,113.7,4583.333333333334,23.2,8.0,516.6666666666666,4600.0
P6665,32.99,4583.333333333334,25.0,2.5,516.6666666666666,2600.0
P6666,47.5,4583.333333333334,25.0,3.6,516.6666666666666,3000.0
P6667,62.02,4583.333333333334,25.0,4.7,516.6666666666666,3400.0
P6668,76.53,4583.333333333334,25.0,5.800000000000001,516.6666666666666,3800.0
P6669,91.04,4583.333333333334,25.0,6.9,516.6666666666666,4200.0
P6670,105.56,4583.333333333334,25.0,8.0,516.6666666666666,4400.0
P6671,73.64,4583.333333333334,16.0,2.5,612.5,3800.0
P6672,106.04,4583.333333333334,16.0,3.6,612.5,4400.0
P6673,138.44,4583.333333333334,16.0,4.7,612.5,5000.0
P6674,170.84,4583.333333333334,16.0,5.800000000000001,612.5,5600.0
P6675,203.24,4583.333333333334,16.0,6.9,612.5,6400.0
P6676,235.64,4583.333333333334,16.0,8.0,612.5,7000.0
P6677,66.27,4583.333333333334,17.8,2.5,612.5,3800.0
P6678,95.42,4583.333333333334,17.8,3.6,612.5,4400.0
P6679,124.58,4583.333333333334,17.8,4.7,612.5,5000.0
P6680,153.74,4583.333333333334,17.8,5.800000000000001,612.5,5600.0
P6681,182.89,4583.333333333334,17.8,6.9,612.5,6200.0
P6682,212.05,4583.333333333334,17.8,8.0,612.5,7000.0
P6683,60.19,4583.333333333334,19.6,2.5,612.5,3800.0
P6684,86.67,4583.333333333334,19.6,3.6,612.5,4200.0
P6685,113.16,4583.333333333334,19.6,4.7,612.5,4800.0
P6686,139.64,4583.333333333334,19.6,5.800000000000001,612.5,5400.0
P6687,166.12,4583.333333333334,19.6,6.9,612.5,6000.0
P6688,192.61,4583.333333333334,19.6,8.0,612.5,6800.0
P6689,55.13,4583.333333333334,21.4,2.5,612.5,3600.0
P6690,79.39,4583.333333333334,21.4,3.6,612.5,4200.0
P6691,103.64,4583.333333333334,21.4,4.7,612.5,4800.0
P6692,127.9,4583.333333333334,21.4,5.800000000000001,612.5,5400.0
P6693,152.16,4583.333333333334,21.4,6.9,612.5,5800.0
P6694,176.41,4583.333333333334,21.4,8.0,612.5,6600.0
P6695,50.84,4583.333333333334,23.2,2.5,612.5,3600.0
P6696,73.21,4583.333333333334,23.2,3.6,612.5,4200.0
P6697,95.57,4583.333333333334,23.2,4.7,612.5,4600.0
P6698,117.94,4583.333333333334,23.2,5.800000000000001,612.5,5200.0
P6699,140.31,4583.333333333334,23.2,6.9,612.5,5800.0
P6700,162.68,4583.333333333334,23.2,8.0,612.5,6200.0
P6701,47.12,4583.333333333334,25.0,2.5,612.5,3600.0
P6702,67.86,4583.333333333334,25.0,3.6,612.5,4000.0
P6703,88.59,4583.333333333334,25.0,4.7,612.5,4600.0
P6704,109.33,4583.333333333334,25.0,5.800000000000001,612.5,5200.0
P6705,130.06,4583.333333333334,25.0,6.9,612.5,5600.0
P6706,150.8,4583.333333333334,25.0,8.0,612.5,6200.0
P6707,99.65,4583.333333333334,16.0,2.5,708.3333333333333,4800.0
P6708,143.5,4583.333333333334,16.0,3.6,708.3333333333333,5800.0
P6709,187.34,4583.333333333334,16.0,4.7,708.3333333333333,6600.0
P6710,231.19,4583.333333333334,16.0,5.800000000000001,708.3333333333333,7400.0
P6711,275.04,4583.333333333334,16.0,6.9,708.3333333333333,8200.0
P6712,318.88,4583.333333333334,16.0,8.0,708.3333333333333,9200.0
P6713,89.61,4583.333333333334,17.8,2.5,708.3333333333333,4800.0
P6714,129.04,4583.333333333334,17.8,3.6,708.3333333333333,5600.0
P6715,168.47,4583.333333333334,17.8,4.7,708.3333333333333,6400.0
P6716,207.9,4583.333333333334,17.8,5.800000000000001,708.3333333333333,7000.0
P6717,247.33,4583.333333333334,17.8,6.9,708.3333333333333,8000.0
P6718,286.76,4583.333333333334,17.8,8.0,708.3333333333333,8800.0
P6719,81.43,4583.333333333334,19.6,2.5,708.3333333333333,4600.0
P6720,117.26,4583.333333333334,19.6,3.6,708.3333333333333,5400.0
P6721,153.09,4583.333333333334,19.6,4.7,708.3333333333333,6200.0
P6722,188.93,4583.333333333334,19.6,5.800000000000001,708.3333333333333,6800.0
P6723,224.76,4583.333333333334,19.6,6.9,708.3333333333333,7600.0
P6724,260.59,4583.333333333334,19.6,8.0,708.3333333333333,8600.0
P6725,74.46,4583.333333333334,21.4,2.5,708.3333333333333,4600.0
P6726,107.22,4583.333333333334,21.4,3.6,708.3333333333333,5400.0
P6727,139.98,4583.333333333334,21.4,4.7,708.3333333333333,6000.0
P6728,172.74,4583.333333333334,21.4,5.800000000000001,708.3333333333333,6600.0
P6729,205.5,4583.333333333334,21.4,6.9,708.3333333333333,7400.0
P6730,238.26,4583.333333333334,21.4,8.0,708.3333333333333,8200.0
P6731,68.69,4583.333333333334,23.2,2.5,708.3333333333333,4600.0
P6732,98.92,4583.333333333334,23.2,3.6,708.3333333333333,5200.0
P6733,129.14,4583.333333333334,23.2,4.7,708.3333333333333,6000.0
P6734,159.37,4583.333333333334,23.2,5.800000000000001,708.3333333333333,6600.0
P6735,189.6,4583.333333333334,23.2,6.9,708.3333333333333,7200.0
P6736,219.82,4583.333333333334,23.2,8.0,708.3333333333333,8000.0
P6737,63.81,4583.333333333334,25.0,2.5,708.3333333333333,4400.0
P6738,91.89,4583.333333333334,25.0,3.6,708.3333333333333,5200.0
P6739,119.97,4583.333333333334,25.0,4.7,708.3333333333333,5800.0
P6740,148.05,4583.333333333334,25.0,5.800000000000001,708.3333333333333,6400.0
P6741,176.13,4583.333333333334,25.0,6.9,708.3333333333333,7200.0
P6742,204.2,4583.333333333334,25.0,8.0,708.3333333333333,7800.0
P6743,129.68,4583.333333333334,16.0,2.5,804.1666666666666,6000.0
P6744,186.75,4583.333333333334,16.0,3.6,804.1666666666666,7200.0
P6745,243.81,4583.333333333334,16.0,4.7,804.1666666666666,8200.0
P6746,300.87,4583.333333333334,16.0,5.800000000000001,804.1666666666666,9400.0
P6747,357.93,4583.333333333334,16.0,6.9,804.1666666666666,10400.0
P6748,414.99,4583.333333333334,16.0,8.0,804.1666666666666,11400.0
P6749,116.59,4583.333333333334,17.8,2.5,804.1666666666666,6200.0
P6750,167.9,4583.333333333334,17.8,3.6,804.1666666666666,7200.0
P6751,219.2,4583.333333333334,17.8,4.7,804.1666666666666,8200.0
P6752,270.5,4583.333333333334,17.8,5.800000000000001,804.1666666666666,9200.0
P6753,321.8,4583.333333333334,17.8,6.9,804.1666666666666,10200.0
P6754,373.1,4583.333333333334,17.8,8.0,804.1666666666666,11200.0
P6755,105.76,4583.333333333334,19.6,2.5,804.1666666666666,6000.0
P6756,152.29,4583.333333333334,19.6,3.6,804.1666666666666,7000.0
P6757,198.82,4583.333333333334,19.6,4.7,804.1666666666666,8000.0
P6758,245.35,4583.333333333334,19.6,5.800000000000001,804.1666666666666,9000.0
P6759,291.88,4583.333333333334,19.6,6.9,804.1666666666666,9800.0
P6760,338.42,4583.333333333334,19.6,8.0,804.1666666666666,10800.0
P6761,96.98,4583.333333333334,21.4,2.5,804.1666666666666,6000.0
P6762,139.65,4583.333333333334,21.4,3.6,804.1666666666666,6800.0
P6763,182.32,4583.333333333334,21.4,4.7,804.1666666666666,7800.0
P6764,224.99,4583.333333333334,21.4,5.800000000000001,804.1666666666666,8800.0
P6765,267.66,4583.333333333334,21.4,6.9,804.1666666666666,9600.0
P6766,310.33,4583.333333333334,21.4,8.0,804.1666666666666,10600.0
P6767,89.28,4583.333333333334,23.2,2.5,804.1666666666666,5800.0
P6768,128.57,4583.333333333334,23.2,3.6,804.1666666666666,6800.0
P6769,167.85,4583.333333333334,23.2,4.7,804.1666666666666,7600.0
P6770,207.14,4583.333333333334,23.2,5.800000000000001,804.1666666666666,8600.0
P6771,246.42,4583.333333333334,23.2,6.9,804.1666666666666,9400.0
P6772,285.71,4583.333333333334,23.2,8.0,804.1666666666666,10200.0
P6773,82.86,4583.333333333334,25.0,2.5,804.1666666666666,5800.0
P6774,119.32,4583.333333333334,25.0,3.6,804.1666666666666,6600.0
P6775,155.78,4583.333333333334,25.0,4.7,804.1666666666666,7600.0
P6776,192.23,4583.333333333334,25.0,5.800000000000001,804.1666666666666,8400.0
P6777,228.69,4583.333333333334,25.0,6.9,804.1666666666666,9200.0
P6778,265.15,4583.333333333334,25.0,8.0,804.1666666666666,10000.0
P6779,163.49,4583.333333333334,16.0,2.5,900.0,7600.0
P6780,235.42,4583.333333333334,16.0,3.6,900.0,9000.0
P6781,307.36,4583.333333333334,16.0,4.7,900.0,10400.0
P6782,379.29,4583.333333333334,16.0,5.800000000000001,900.0,11600.0
P6783,451.23,4583.333333333334,16.0,6.9,900.0,13000.0
P6784,523.16,4583.333333333334,16.0,8.0,900.0,14000.0
P6785,146.93,4583.333333333334,17.8,2.5,900.0,7400.0
P6786,211.58,4583.333333333334,17.8,3.6,900.0,8800.0
P6787,276.23,4583.333333333334,17.8,4.7,900.0,10000.0
P6788,340.88,4583.333333333334,17.8,5.800000000000001,900.0,11200.0
P6789,405.53,4583.333333333334,17.8,6.9,900.0,12600.0
P6790,470.18,4583.333333333334,17.8,8.0,900.0,13600.0
P6791,133.46,4583.333333333334,19.6,2.5,900.0,7400.0
P6792,192.19,4583.333333333334,19.6,3.6,900.0,8400.0
P6793,250.91,4583.333333333334,19.6,4.7,900.0,9800.0
P6794,309.64,4583.333333333334,19.6,5.800000000000001,900.0,10800.0
P6795,368.36,4583.333333333334,19.6,6.9,900.0,12200.0
P6796,427.09,4583.333333333334,19.6,8.0,900.0,13000.0
P6797,122.19,4583.333333333334,21.4,2.5,900.0,7200.0
P6798,175.95,4583.333333333334,21.4,3.6,900.0,8400.0
P6799,229.72,4583.333333333334,21.4,4.7,900.0,9600.0
P6800,283.48,4583.333333333334,21.4,5.800000000000001,900.0,10600.0
P6801,337.25,4583.333333333334,21.4,6.9,900.0,11800.0
P6802,391.01,4583.333333333334,21.4,8.0,900.0,12600.0
P6803,112.79,4583.333333333334,23.2,2.5,900.0,7200.0
P6804,162.42,4583.333333333334,23.2,3.6,900.0,8200.0
P6805,212.04,4583.333333333334,23.2,4.7,900.0,9400.0
P6806,261.67,4583.333333333334,23.2,5.800000000000001,900.0,10400.0
P6807,311.3,4583.333333333334,23.2,6.9,900.0,11600.0
P6808,360.93,4583.333333333334,23.2,8.0,900.0,12400.0
P6809,104.65,4583.333333333334,25.0,2.5,900.0,7000.0
P6810,150.7,4583.333333333334,25.0,3.6,900.0,8000.0
P6811,196.75,4583.333333333334,25.0,4.7,900.0,9200.0
P6812,242.8,4583.333333333334,25.0,5.800000000000001,900.0,10200.0
P6813,288.85,4583.333333333334,25.0,6.9,900.0,11400.0
P6814,334.89,4583.333333333334,25.0,8.0,900.0,12000.0
P6815,19.23,5000.0,16.0,2.5,325.0,1300.0
P6816,27.69,5000.0,16.0,3.6,325.0,1520.0
P6817,36.15,5000.0,16.0,4.7,325.0,1740.0
P6818,44.61,5000.0,16.0,5.800000000000001,325.0,2000.0
P6819,53.07,5000.0,16.0,6.9,325.0,2200.0
P6820,61.52,5000.0,16.0,8.0,325.0,2400.0
P6821,17.2,5000.0,17.8,2.5,325.0,1280.0
P6822,24.76,5000.0,17.8,3.6,325.0,1480.0
P6823,32.33,5000.0,17.8,4.7,325.0,1700.0
P6824,39.89,5000.0,17.8,5.800000000000001,325.0,1940.0
P6825,47.46,5000.0,17.8,6.9,325.0,2200.0
P6826,55.03,5000.0,17.8,8.0,325.0,2400.0
P6827,15.55,5000.0,19.6,2.5,325.0,1260.0
P6828,22.39,5000.0,19.6,3.6,325.0,1460.0
P6829,29.23,5000.0,19.6,4.7,325.0,1660.0
P6830,36.07,5000.0,19.6,5.800000000000001,325.0,1900.0
P6831,42.91,5000.0,19.6,6.9,325.0,2200.0
P6832,49.75,5000.0,19.6,8.0,325.0,2400.0
P6833,14.29,5000.0,21.4,2.5,325.0,1280.0
P6834,20.57,5000.0,21.4,3.6,325.0,1480.0
P6835,26.86,5000.0,21.4,4.7,325.0,1700.0
P6836,33.14,5000.0,21.4,5.800000000000001,325.0,1920.0
P6837,39.43,5000.0,21.4,6.9,325.0,2200.0
P6838,45.72,5000.0,21.4,8.0,325.0,2400.0
P6839,13.12,5000.0,23.2,2.5,325.0,1260.0
P6840,18.89,5000.0,23.2,3.6,325.0,1460.0
P6841,24.66,5000.0,23.2,4.7,325.0,1660.0
P6842,30.44,5000.0,23.2,5.800000000000001,325.0,1880.0
P6843,36.21,5000.0,23.2,6.9,325.0,2000.0
P6844,41.98,5000.0,23.2,8.0,325.0,2200.0
P6845,12.17,5000.0,25.0,2.5,325.0,1260.0
P6846,17.53,5000.0,25.0,3.6,325.0,1440.0
P6847,22.89,5000.0,25.0,4.7,325.0,1640.0
P6848,28.24,5000.0,25.0,5.800000000000001,325.0,1860.0
P6849,33.6,5000.0,25.0,6.9,325.0,2000.0
P6850,38.96,5000.0,25.0,8.0,325.0,2200.0
P6851,33.43,5000.0,16.0,2.5,420.8333333333333,1940.0
P6852,48.13,5000.0,16.0,3.6,420.8333333333333,2200.0
P6853,62.84,5000.0,16.0,4.7,420.8333333333333,2600.0
P6854,77.55,5000.0,16.0,5.800000000000001,420.8333333333333,3000.0
P6855,92.26,5000.0,16.0,6.9,420.8333333333333,3400.0
P6856,106.96,5000.0,16.0,8.0,420.8333333333333,3800.0
P6857,30.06,5000.0,17.8,2.5,420.8333333333333,2000.0
P6858,43.28,5000.0,17.8,3.6,420.8333333333333,2400.0
P6859,56.51,5000.0,17.8,4.7,420.8333333333333,2600.0
P6860,69.73,5000.0,17.8,5.800000000000001,420.8333333333333,3000.0
P6861,82.96,5000.0,17.8,6.9,420.8333333333333,3400.0
P6862,96.18,5000.0,17.8,8.0,420.8333333333333,3800.0
P6863,27.25,5000.0,19.6,2.5,420.8333333333333,1980.0
P6864,39.24,5000.0,19.6,3.6,420.8333333333333,2400.0
P6865,51.22,5000.0,19.6,4.7,420.8333333333333,2600.0
P6866,63.21,5000.0,19.6,5.800000000000001,420.8333333333333,3000.0
P6867,75.2,5000.0,19.6,6.9,420.8333333333333,3400.0
P6868,87.19,5000.0,19.6,8.0,420.8333333333333,3600.0
P6869,24.88,5000.0,21.4,2.5,420.8333333333333,1960.0
P6870,35.82,5000.0,21.4,3.6,420.8333333333333,2200.0
P6871,46.77,5000.0,21.4,4.7,420.8333333333333,2600.0
P6872,57.71,5000.0,21.4,5.800000000000001,420.8333333333333,2800.0
P6873,68.66,5000.0,21.4,6.9,420.8333333333333,3200.0
P6874,79.6,5000.0,21.4,8.0,420.8333333333333,3600.0
P6875,22.96,5000.0,23.2,2.5,420.8333333333333,1920.0
P6876,33.06,5000.0,23.2,3.6,420.8333333333333,2200.0
P6877,43.16,5000.0,23.2,4.7,420.8333333333333,2600.0
P6878,53.26,5000.0,23.2,5.800000000000001,420.8333333333333,2800.0
P6879,63.37,5000.0,23.2,6.9,420.8333333333333,3200.0
P6880,73.47,5000.0,23.2,8.0,420.8333333333333,3400.0
P6881,21.4,5000.0,25.0,2.5,420.8333333333333,1920.0
P6882,30.82,5000.0,25.0,3.6,420.8333333333333,2200.0
P6883,40.24,5000.0,25.0,4.7,420.8333333333333,2600.0
P6884,49.65,5000.0,25.0,5.800000000000001,420.8333333333333,2800.0
P6885,59.07,5000.0,25.0,6.9,420.8333333333333,3200.0
P6886,68.49,5000.0,25.0,8.0,420.8333333333333,3400.0
P6887,51.65,5000.0,16.0,2.5,516.6666666666666,2800.0
P6888,74.37,5000.0,16.0,3.6,516.6666666666666,3200.0
P6889,97.1,5000.0,16.0,4.7,516.6666666666666,3800.0
P6890,119.82,5000.0,16.0,5.800000000000001,516.6666666666666,4200.0
P6891,142.55,5000.0,16.0,6.9,516.6666666666666,4800.0
P6892,165.27,5000.0,16.0,8.0,516.6666666666666,5200.0
P6893,46.41,5000.0,17.8,2.5,516.6666666666666,2800.0
P6894,66.84,5000.0,17.8,3.6,516.6666666666666,3200.0
P6895,87.26,5000.0,17.8,4.7,516.6666666666666,3600.0
P6896,107.68,5000.0,17.8,5.800000000000001,516.6666666666666,4000.0
P6897,128.1,5000.0,17.8,6.9,516.6666666666666,4600.0
P6898,148.52,5000.0,17.8,8.0,516.6666666666666,5000.0
P6899,42.03,5000.0,19.6,2.5,516.6666666666666,2600.0
P6900,60.52,5000.0,19.6,3.6,516.6666666666666,3000.0
P6901,79.01,5000.0,19.6,4.7,516.6666666666666,3600.0
P6902,97.5,5000.0,19.6,5.800000000000001,516.6666666666666,4000.0
P6903,115.99,5000.0,19.6,6.9,516.6666666666666,4400.0
P6904,134.48,5000.0,19.6,8.0,516.6666666666666,4800.0
P6905,38.49,5000.0,21.4,2.5,516.6666666666666,2600.0
P6906,55.42,5000.0,21.4,3.6,516.6666666666666,3000.0
P6907,72.36,5000.0,21.4,4.7,516.6666666666666,3400.0
P6908,89.29,5000.0,21.4,5.800000000000001,516.6666666666666,3800.0
P6909,106.23,5000.0,21.4,6.9,516.6666666666666,4400.0
P6910,123.17,5000.0,21.4,8.0,516.6666666666666,4800.0
P6911,35.53,5000.0,23.2,2.5,516.6666666666666,2600.0
P6912,51.17,5000.0,23.2,3.6,516.6666666666666,3000.0
P6913,66.8,5000.0,23.2,4.7,516.6666666666666,3400.0
P6914,82.43,5000.0,23.2,5.800000000000001,516.6666666666666,3800.0
P6915,98.07,5000.0,23.2,6.9,516.6666666666666,4200.0
P6916,113.7,5000.0,23.2,8.0,516.6666666666666,4600.0
P6917,32.99,5000.0,25.0,2.5,516.6666666666666,2600.0
P6918,47.5,5000.0,25.0,3.6,516.6666666666666,3000.0
P6919,62.02,5000.0,25.0,4.7,516.6666666666666,3400.0
P6920,76.53,5000.0,25.0,5.800000000000001,516.6666666666666,3800.0
P6921,91.04,5000.0,25.0,6.9,516.6666666666666,4200.0
P6922,105.56,5000.0,25.0,8.0,516.6666666666666,4600.0
P6923,73.64,5000.0,16.0,2.5,612.5,3800.0
P6924,106.04,5000.0,16.0,3.6,612.5,4400.0
P6925,138.44,5000.0,16.0,4.7,612.5,5000.0
P6926,170.84,5000.0,16.0,5.800000000000001,612.5,5600.0
P6927,203.24,5000.0,16.0,6.9,612.5,6400.0
P6928,235.64,5000.0,16.0,8.0,612.5,7000.0
P6929,66.27,5000.0,17.8,2.5,612.5,3800.0
P6930,95.42,5000.0,17.8,3.6,612.5,4400.0
P6931,124.58,5000.0,17.8,4.7,612.5,5000.0
P6932,153.74,5000.0,17.8,5.800000000000001,612.5,5600.0
P6933,182.89,5000.0,17.8,6.9,612.5,6200.0
P6934,212.05,5000.0,17.8,8.0,612.5,7000.0
P6935,60.19,5000.0,19.6,2.5,612.5,3800.0
P6936,86.67,5000.0,19.6,3.6,612.5,4400.0
P6937,113.16,5000.0,19.6,4.7,612.5,5000.0
P6938,139.64,5000.0,19.6,5.800000000000001,612.5,5400.0
P6939,166.12,5000.0,19.6,6.9,612.5,6000.0
P6940,192.61,5000.0,19.6,8.0,612.5,6800.0
P6941,55.13,5000.0,21.4,2.5,612.5,3600.0
P6942,79.39,5000.0,21.4,3.6,612.5,4200.0
P6943,103.64,5000.0,21.4,4.7,612.5,4800.0
P6944,127.9,5000.0,21.4,5.800000000000001,612.5,5400.0
P6945,152.16,5000.0,21.4,6.9,612.5,5800.0
P6946,176.41,5000.0,21.4,8.0,612.5,6600.0
P6947,50.84,5000.0,23.2,2.5,612.5,3600.0
P6948,73.21,5000.0,23.2,3.6,612.5,4200.0
P6949,95.57,5000.0,23.2,4.7,612.5,4800.0
P6950,117.94,5000.0,23.2,5.800000000000001,612.5,5200.0
P6951,140.31,5000.0,23.2,6.9,612.5,5800.0
P6952,162.68,5000.0,23.2,8.0,612.5,6400.0
P6953,47.12,5000.0,25.0,2.5,612.5,3600.0
P6954,67.86,5000.0,25.0,3.6,612.5,4200.0
P6955,88.59,5000.0,25.0,4.7,612.5,4600.0
P6956,109.33,5000.0,25.0,5.800000000000001,612.5,5200.0
P6957,130.06,5000.0,25.0,6.9,612.5,5600.0
P6958,150.8,5000.0,25.0,8.0,612.5,6200.0
P6959,99.65,5000.0,16.0,2.5,708.3333333333333,5000.0
P6960,143.5,5000.0,16.0,3.6,708.3333333333333,5800.0
P6961,187.34,5000.0,16.0,4.7,708.3333333333333,6600.0
P6962,231.19,5000.0,16.0,5.800000000000001,708.3333333333333,7600.0
P6963,275.04,5000.0,16.0,6.9,708.3333333333333,8400.0
P6964,318.88,5000.0,16.0,8.0,708.3333333333333,9200.0
P6965,89.61,5000.0,17.8,2.5,708.3333333333333,4800.0
P6966,129.04,5000.0,17.8,3.6,708.3333333333333,5600.0
P6967,168.47,5000.0,17.8,4.7,708.3333333333333,6400.0
P6968,207.9,5000.0,17.8,5.800000000000001,708.3333333333333,7200.0
P6969,247.33,5000.0,17.8,6.9,708.3333333333333,8200.0
P6970,286.76,5000.0,17.8,8.0,708.3333333333333,8800.0
P6971,81.43,5000.0,19.6,2.5,708.3333333333333,4800.0
P6972,117.26,5000.0,19.6,3.6,708.3333333333333,5600.0
P6973,153.09,5000.0,19.6,4.7,708.3333333333333,6200.0
P6974,188.93,5000.0,19.6,5.800000000000001,708.3333333333333,7000.0
P6975,224.76,5000.0,19.6,6.9,708.3333333333333,7800.0
P6976,260.59,5000.0,19.6,8.0,708.3333333333333,8600.0
P6977,74.46,5000.0,21.4,2.5,708.3333333333333,4600.0
P6978,107.22,5000.0,21.4,3.6,708.3333333333333,5400.0
P6979,139.98,5000.0,21.4,4.7,708.3333333333333,6200.0
P6980,172.74,5000.0,21.4,5.800000000000001,708.3333333333333,6800.0
P6981,205.5,5000.0,21.4,6.9,708.3333333333333,7600.0
P6982,238.26,5000.0,21.4,8.0,708.3333333333333,8200.0
P6983,68.69,5000.0,23.2,2.5,708.3333333333333,4600.0
P6984,98.92,5000.0,23.2,3.6,708.3333333333333,5400.0
P6985,129.14,5000.0,23.2,4.7,708.3333333333333,6000.0
P6986,159.37,5000.0,23.2,5.800000000000001,708.3333333333333,6800.0
P6987,189.6,5000.0,23.2,6.9,708.3333333333333,7400.0
P6988,219.82,5000.0,23.2,8.0,708.3333333333333,8000.0
P6989,63.81,5000.0,25.0,2.5,708.3333333333333,4600.0
P6990,91.89,5000.0,25.0,3.6,708.3333333333333,5200.0
P6991,119.97,5000.0,25.0,4.7,708.3333333333333,6000.0
P6992,148.05,5000.0,25.0,5.800000000000001,708.3333333333333,6600.0
P6993,176.13,5000.0,25.0,6.9,708.3333333333333,7400.0
P6994,204.2,5000.0,25.0,8.0,708.3333333333333,7800.0
P6995,129.68,5000.0,16.0,2.5,804.1666666666666,6200.0
P6996,186.75,5000.0,16.0,3.6,804.1666666666666,7200.0
P6997,243.81,5000.0,16.0,4.7,804.1666666666666,8200.0
P6998,300.87,5000.0,16.0,5.800000000000001,804.1666666666666,9600.0
P6999,357.93,5000.0,16.0,6.9,804.1666666666666,10600.0
P7000,414.99,5000.0,16.0,8.0,804.1666666666666,11400.0
P7001,116.59,5000.0,17.8,2.5,804.1666666666666,6200.0
P7002,167.9,5000.0,17.8,3.6,804.1666666666666,7200.0
P7003,219.2,5000.0,17.8,4.7,804.1666666666666,8200.0
P7004,270.5,5000.0,17.8,5.800000000000001,804.1666666666666,9400.0
P7005,321.8,5000.0,17.8,6.9,804.1666666666666,10400.0
P7006,373.1,5000.0,17.8,8.0,804.1666666666666,11200.0
P7007,105.76,5000.0,19.6,2.5,804.1666666666666,6000.0
P7008,152.29,5000.0,19.6,3.6,804.1666666666666,7000.0
P7009,198.82,5000.0,19.6,4.7,804.1666666666666,8000.0
P7010,245.35,5000.0,19.6,5.800000000000001,804.1666666666666,9200.0
P7011,291.88,5000.0,19.6,6.9,804.1666666666666,10000.0
P7012,338.42,5000.0,19.6,8.0,804.1666666666666,10800.0
P7013,96.98,5000.0,21.4,2.5,804.1666666666666,6000.0
P7014,139.65,5000.0,21.4,3.6,804.1666666666666,7000.0
P7015,182.32,5000.0,21.4,4.7,804.1666666666666,7800.0
P7016,224.99,5000.0,21.4,5.800000000000001,804.1666666666666,9000.0
P7017,267.66,5000.0,21.4,6.9,804.1666666666666,9800.0
P7018,310.33,5000.0,21.4,8.0,804.1666666666666,10600.0
P7019,89.28,5000.0,23.2,2.5,804.1666666666666,5800.0
P7020,128.57,5000.0,23.2,3.6,804.1666666666666,6800.0
P7021,167.85,5000.0,23.2,4.7,804.1666666666666,7600.0
P7022,207.14,5000.0,23.2,5.800000000000001,804.1666666666666,8800.0
P7023,246.42,5000.0,23.2,6.9,804.1666666666666,9600.0
P7024,285.71,5000.0,23.2,8.0,804.1666666666666,10200.0
P7025,82.86,5000.0,25.0,2.5,804.1666666666666,5800.0
P7026,119.32,5000.0,25.0,3.6,804.1666666666666,6600.0
P7027,155.78,5000.0,25.0,4.7,804.1666666666666,7600.0
P7028,192.23,5000.0,25.0,5.800000000000001,804.1666666666666,8600.0
P7029,228.69,5000.0,25.0,6.9,804.1666666666666,9400.0
P7030,265.15,5000.0,25.0,8.0,804.1666666666666,10000.0
P7031,163.49,5000.0,16.0,2.5,900.0,7800.0
P7032,235.42,5000.0,16.0,3.6,900.0,9200.0
P7033,307.36,5000.0,16.0,4.7,900.0,10400.0
P7034,379.29,5000.0,16.0,5.800000000000001,900.0,11800.0
P7035,451.23,5000.0,16.0,6.9,900.0,13000.0
P7036,523.16,5000.0,16.0,8.0,900.0,14200.0
P7037,146.93,5000.0,17.8,2.5,900.0,7600.0
P7038,211.58,5000.0,17.8,3.6,900.0,9000.0
P7039,276.23,5000.0,17.8,4.7,900.0,10000.0
P7040,340.88,5000.0,17.8,5.800000000000001,900.0,11400.0
P7041,405.53,5000.0,17.8,6.9,900.0,12600.0
P7042,470.18,5000.0,17.8,8.0,900.0,13800.0
P7043,133.46,5000.0,19.6,2.5,900.0,7400.0
P7044,192.19,5000.0,19.6,3.6,900.0,8600.0
P7045,250.91,5000.0,19.6,4.7,900.0,9800.0
P7046,309.64,5000.0,19.6,5.800000000000001,900.0,11000.0
P7047,368.36,5000.0,19.6,6.9,900.0,12200.0
P7048,427.09,5000.0,19.6,8.0,900.0,13200.0
P7049,122.19,5000.0,21.4,2.5,900.0,7400.0
P7050,175.95,5000.0,21.4,3.6,900.0,8600.0
P7051,229.72,5000.0,21.4,4.7,900.0,9600.0
P7052,283.48,5000.0,21.4,5.800000000000001,900.0,10800.0
P7053,337.25,5000.0,21.4,6.9,900.0,11800.0
P7054,391.01,5000.0,21.4,8.0,900.0,12800.0
P7055,112.79,5000.0,23.2,2.5,900.0,7200.0
P7056,162.42,5000.0,23.2,3.6,900.0,8400.0
P7057,212.04,5000.0,23.2,4.7,900.0,9400.0
P7058,261.67,5000.0,23.2,5.800000000000001,900.0,10600.0
P7059,311.3,5000.0,23.2,6.9,900.0,11600.0
P7060,360.93,5000.0,23.2,8.0,900.0,12600.0
P7061,104.65,5000.0,25.0,2.5,900.0,7200.0
P7062,150.7,5000.0,25.0,3.6,900.0,8200.0
P7063,196.75,5000.0,25.0,4.7,900.0,9200.0
P7064,242.8,5000.0,25.0,5.800000000000001,900.0,10400.0
P7065,288.85,5000.0,25.0,6.9,900.0,11400.0
P7066,334.89,5000.0,25.0,8.0,900.0,12200.0
P7067,19.23,6000.0,16.0,2.5,325.0,1320.0
P7068,24.61,6000.0,16.0,3.2,325.0,1440.0
P7069,29.99,6000.0,16.0,3.9,325.0,1560.0
P7070,35.38,6000.0,16.0,4.6,325.0,1740.0
P7071,40.76,6000.0,16.0,5.3,325.0,1900.0
P7072,46.14,6000.0,16.0,6.0,325.0,2000.0
P7073,18.21,6000.0,16.8,2.5,325.0,1300.0
P7074,23.31,6000.0,16.8,3.2,325.0,1420.0
P7075,28.41,6000.0,16.8,3.9,325.0,1540.0
P7076,33.5,6000.0,16.8,4.6,325.0,1720.0
P7077,38.6,6000.0,16.8,5.3,325.0,1880.0
P7078,43.7,6000.0,16.8,6.0,325.0,2000.0
P7079,17.42,6000.0,17.6,2.5,325.0,1300.0
P7080,22.29,6000.0,17.6,3.2,325.0,1420.0
P7081,27.17,6000.0,17.6,3.9,325.0,1520.0
P7082,32.05,6000.0,17.6,4.6,325.0,1700.0
P7083,36.92,6000.0,17.6,5.3,325.0,1860.0
P7084,41.8,6000.0,17.6,6.0,325.0,1980.0
P7085,16.62,6000.0,18.4,2.5,325.0,1280.0
P7086,21.27,6000.0,18.4,3.2,325.0,1400.0
P7087,25.93,6000.0,18.4,3.9,325.0,1520.0
P7088,30.58,6000.0,18.4,4.6,325.0,1700.0
P7089,35.23,6000.0,18.4,5.3,325.0,1840.0
P7090,39.89,6000.0,18.4,6.0,325.0,1960.0
P7091,15.98,6000.0,19.2,2.5,325.0,1280.0
P7092,20.46,6000.0,19.2,3.2,325.0,1400.0
P7093,24.94,6000.0,19.2,3.9,325.0,1500.0
P7094,29.41,6000.0,19.2,4.6,325.0,1680.0
P7095,33.89,6000.0,19.2,5.3,325.0,1840.0
P7096,38.36,6000.0,19.2,6.0,325.0,1940.0
P7097,15.24,6000.0,20.0,2.5,325.0,1280.0
P7098,19.5,6000.0,20.0,3.2,325.0,1380.0
P7099,23.77,6000.0,20.0,3.9,325.0,1500.0
P7100,28.04,6000.0,20.0,4.6,325.0,1660.0
P7101,32.3,6000.0,20.0,5.3,325.0,1820.0
P7102,36.57,6000.0,20.0,6.0,325.0,1920.0
P7103,25.51,6000.0,16.0,2.5,370.8333333333333,1620.0
P7104,32.65,6000.0,16.0,3.2,370.8333333333333,1800.0
P7105,39.8,6000.0,16.0,3.9,370.8333333333333,1940.0
P7106,46.94,6000.0,16.0,4.6,370.8333333333333,2200.0
P7107,54.08,6000.0,16.0,5.3,370.8333333333333,2400.0
P7108,61.22,6000.0,16.0,6.0,370.8333333333333,2400.0
P7109,24.28,6000.0,16.8,2.5,370.8333333333333,1620.0
P7110,31.08,6000.0,16.8,3.2,370.8333333333333,1780.0
P7111,37.87,6000.0,16.8,3.9,370.8333333333333,1920.0
P7112,44.67,6000.0,16.8,4.6,370.8333333333333,2200.0
P7113,51.47,6000.0,16.8,5.3,370.8333333333333,2400.0
P7114,58.27,6000.0,16.8,6.0,370.8333333333333,2400.0
P7115,23.22,6000.0,17.6,2.5,370.8333333333333,1600.0
P7116,29.72,6000.0,17.6,3.2,370.8333333333333,1760.0
P7117,36.23,6000.0,17.6,3.9,370.8333333333333,1900.0
P7118,42.73,6000.0,17.6,4.6,370.8333333333333,2200.0
P7119,49.23,6000.0,17.6,5.3,370.8333333333333,2200.0
P7120,55.73,6000.0,17.6,6.0,370.8333333333333,2400.0
P7121,22.11,6000.0,18.4,2.5,370.8333333333333,1600.0
P7122,28.3,6000.0,18.4,3.2,370.8333333333333,1740.0
P7123,34.49,6000.0,18.4,3.9,370.8333333333333,1880.0
P7124,40.68,6000.0,18.4,4.6,370.8333333333333,2200.0
P7125,46.87,6000.0,18.4,5.3,370.8333333333333,2200.0
P7126,53.07,6000.0,18.4,6.0,370.8333333333333,2400.0
P7127,21.26,6000.0,19.2,2.5,370.8333333333333,1580.0
P7128,27.22,6000.0,19.2,3.2,370.8333333333333,1740.0
P7129,33.17,6000.0,19.2,3.9,370.8333333333333,1860.0
P7130,39.12,6000.0,19.2,4.6,370.8333333333333,2200.0
P7131,45.08,6000.0,19.2,5.3,370.8333333333333,2200.0
P7132,51.03,6000.0,19.2,6.0,370.8333333333333,2400.0
P7133,20.42,6000.0,20.0,2.5,370.8333333333333,1580.0
P7134,26.14,6000.0,20.0,3.2,370.8333333333333,1720.0
P7135,31.86,6000.0,20.0,3.9,370.8333333333333,1840.0
P7136,37.57,6000.0,20.0,4.6,370.8333333333333,2000.0
P7137,43.29,6000.0,20.0,5.3,370.8333333333333,2200.0
P7138,49.01,6000.0,20.0,6.0,370.8333333333333,2400.0
P7139,32.67,6000.0,16.0,2.5,416.6666666666667,1900.0
P7140,41.82,6000.0,16.0,3.2,416.6666666666667,2200.0
P7141,50.97,6000.0,16.0,3.9,416.6666666666667,2400.0
P7142,60.12,6000.0,16.0,4.6,416.6666666666667,2600.0
P7143,69.27,6000.0,16.0,5.3,416.6666666666667,2800.0
P7144,78.41,6000.0,16.0,6.0,416.6666666666667,3000.0
P7145,31.14,6000.0,16.8,2.5,416.6666666666667,1900.0
P7146,39.86,6000.0,16.8,3.2,416.6666666666667,2200.0
P7147,48.58,6000.0,16.8,3.9,416.6666666666667,2400.0
P7148,57.3,6000.0,16.8,4.6,416.6666666666667,2600.0
P7149,66.02,6000.0,16.8,5.3,416.6666666666667,2800.0
P7150,74.73,6000.0,16.8,6.0,416.6666666666667,3000.0
P7151,29.72,6000.0,17.6,2.5,416.6666666666667,2000.0
P7152,38.04,6000.0,17.6,3.2,416.6666666666667,2200.0
P7153,46.36,6000.0,17.6,3.9,416.6666666666667,2400.0
P7154,54.68,6000.0,17.6,4.6,416.6666666666667,2600.0
P7155,63.01,6000.0,17.6,5.3,416.6666666666667,2800.0
P7156,71.33,6000.0,17.6,6.0,416.6666666666667,3000.0
P7157,28.47,6000.0,18.4,2.5,416.6666666666667,1980.0
P7158,36.44,6000.0,18.4,3.2,416.6666666666667,2200.0
P7159,44.41,6000.0,18.4,3.9,416.6666666666667,2400.0
P7160,52.38,6000.0,18.4,4.6,416.6666666666667,2600.0
P7161,60.35,6000.0,18.4,5.3,416.6666666666667,2800.0
P7162,68.33,6000.0,18.4,6.0,416.6666666666667,3000.0
P7163,27.29,6000.0,19.2,2.5,416.6666666666667,1980.0
P7164,34.94,6000.0,19.2,3.2,416.6666666666667,2200.0
P7165,42.58,6000.0,19.2,3.9,416.6666666666667,2400.0
P7166,50.22,6000.0,19.2,4.6,416.6666666666667,2600.0
P7167,57.86,6000.0,19.2,5.3,416.6666666666667,2800.0
P7168,65.51,6000.0,19.2,6.0,416.6666666666667,3000.0
P7169,26.08,6000.0,20.0,2.5,416.6666666666667,1960.0
P7170,33.38,6000.0,20.0,3.2,416.6666666666667,2200.0
P7171,40.68,6000.0,20.0,3.9,416.6666666666667,2400.0
P7172,47.98,6000.0,20.0,4.6,416.6666666666667,2600.0
P7173,55.28,6000.0,20.0,5.3,416.6666666666667,2800.0
P7174,62.58,6000.0,20.0,6.0,416.6666666666667,3000.0
P7175,40.84,6000.0,16.0,2.5,462.5,2400.0
P7176,52.28,6000.0,16.0,3.2,462.5,2600.0
P7177,63.71,6000.0,16.0,3.9,462.5,2800.0
P7178,75.15,6000.0,16.0,4.6,462.5,3200.0
P7179,86.58,6000.0,16.0,5.3,462.5,3400.0
P7180,98.02,6000.0,16.0,6.0,462.5,3600.0
P7181,38.92,6000.0,16.8,2.5,462.5,2400.0
P7182,49.82,6000.0,16.8,3.2,462.5,2600.0
P7183,60.72,6000.0,16.8,3.9,462.5,2800.0
P7184,71.62,6000.0,16.8,4.6,462.5,3200.0
P7185,82.52,6000.0,16.8,5.3,462.5,3400.0
P7186,93.42,6000.0,16.8,6.0,462.5,3600.0
P7187,37.05,6000.0,17.6,2.5,462.5,2400.0
P7188,47.42,6000.0,17.6,3.2,462.5,2600.0
P7189,57.79,6000.0,17.6,3.9,462.5,2800.0
P7190,68.16,6000.0,17.6,4.6,462.5,3000.0
P7191,78.54,6000.0,17.6,5.3,462.5,3400.0
P7192,88.91,6000.0,17.6,6.0,462.5,3600.0
P7193,35.55,6000.0,18.4,2.5,462.5,2400.0
P7194,45.5,6000.0,18.4,3.2,462.5,2600.0
P7195,55.46,6000.0,18.4,3.9,462.5,2800.0
P7196,65.41,6000.0,18.4,4.6,462.5,3000.0
P7197,75.37,6000.0,18.4,5.3,462.5,3200.0
P7198,85.32,6000.0,18.4,6.0,462.5,3400.0
P7199,34.08,6000.0,19.2,2.5,462.5,2400.0
P7200,43.62,6000.0,19.2,3.2,462.5,2600.0
P7201,53.16,6000.0,19.2,3.9,462.5,2800.0
P7202,62.71,6000.0,19.2,4.6,462.5,3000.0
P7203,72.25,6000.0,19.2,5.3,462.5,3200.0
P7204,81.79,6000.0,19.2,6.0,462.5,3400.0
P7205,32.67,6000.0,20.0,2.5,462.5,2200.0
P7206,41.82,6000.0,20.0,3.2,462.5,2600.0
P7207,50.97,6000.0,20.0,3.9,462.5,2800.0
P7208,60.12,6000.0,20.0,4.6,462.5,3000.0
P7209,69.27,6000.0,20.0,5.3,462.5,3200.0
P7210,78.41,6000.0,20.0,6.0,462.5,3400.0
P7211,49.89,6000.0,16.0,2.5,508.3333333333334,2800.0
P7212,63.86,6000.0,16.0,3.2,508.3333333333334,3000.0
P7213,77.83,6000.0,16.0,3.9,508.3333333333334,3400.0
P7214,91.79,6000.0,16.0,4.6,508.3333333333334,3600.0
P7215,105.76,6000.0,16.0,5.3,508.3333333333334,4000.0
P7216,119.73,6000.0,16.0,6.0,508.3333333333334,4200.0
P7217,47.5,6000.0,16.8,2.5,508.3333333333334,2800.0
P7218,60.8,6000.0,16.8,3.2,508.3333333333334,3000.0
P7219,74.1,6000.0,16.8,3.9,508.3333333333334,3200.0
P7220,87.4,6000.0,16.8,4.6,508.3333333333334,3600.0
P7221,100.7,6000.0,16.8,5.3,508.3333333333334,4000.0
P7222,114.0,6000.0,16.8,6.0,508.3333333333334,4200.0
P7223,45.34,6000.0,17.6,2.5,508.3333333333334,2800.0
P7224,58.03,6000.0,17.6,3.2,508.3333333333334,3000.0
P7225,70.73,6000.0,17.6,3.9,508.3333333333334,3200.0
P7226,83.42,6000.0,17.6,4.6,508.3333333333334,3600.0
P7227,96.12,6000.0,17.6,5.3,508.3333333333334,3800.0
P7228,108.81,6000.0,17.6,6.0,508.3333333333334,4200.0
P7229,43.35,6000.0,18.4,2.5,508.3333333333334,2800.0
P7230,55.49,6000.0,18.4,3.2,508.3333333333334,3000.0
P7231,67.63,6000.0,18.4,3.9,508.3333333333334,3200.0
P7232,79.77,6000.0,18.4,4.6,508.3333333333334,3600.0
P7233,91.91,6000.0,18.4,5.3,508.3333333333334,3800.0
P7234,104.05,6000.0,18.4,6.0,508.3333333333334,4000.0
P7235,41.47,6000.0,19.2,2.5,508.3333333333334,2600.0
P7236,53.08,6000.0,19.2,3.2,508.3333333333334,3000.0
P7237,64.69,6000.0,19.2,3.9,508.3333333333334,3200.0
P7238,76.3,6000.0,19.2,4.6,508.3333333333334,3600.0
P7239,87.91,6000.0,19.2,5.3,508.3333333333334,3800.0
P7240,99.53,6000.0,19.2,6.0,508.3333333333334,4000.0
P7241,39.9,6000.0,20.0,2.5,508.3333333333334,2600.0
P7242,51.07,6000.0,20.0,3.2,508.3333333333334,3000.0
P7243,62.24,6000.0,20.0,3.9,508.3333333333334,3200.0
P7244,73.41,6000.0,20.0,4.6,508.3333333333334,3400.0
P7245,84.58,6000.0,20.0,5.3,508.3333333333334,3800.0
P7246,95.76,6000.0,20.0,6.0,508.3333333333334,4000.0
P7247,59.82,6000.0,16.0,2.5,554.1666666666667,3200.0
P7248,76.56,6000.0,16.0,3.2,554.1666666666667,3600.0
P7249,93.31,6000.0,16.0,3.9,554.1666666666667,3800.0
P7250,110.06,6000.0,16.0,4.6,554.1666666666667,4200.0
P7251,126.81,6000.0,16.0,5.3,554.1666666666667,4600.0
P7252,143.56,6000.0,16.0,6.0,554.1666666666667,5000.0
P7253,56.87,6000.0,16.8,2.5,554.1666666666667,3200.0
P7254,72.79,6000.0,16.8,3.2,554.1666666666667,3600.0
P7255,88.72,6000.0,16.8,3.9,554.1666666666667,3800.0
P7256,104.64,6000.0,16.8,4.6,554.1666666666667,4200.0
P7257,120.56,6000.0,16.8,5.3,554.1666666666667,4600.0
P7258,136.49,6000.0,16.8,6.0,554.1666666666667,4800.0
P7259,54.32,6000.0,17.6,2.5,554.1666666666667,3200.0
P7260,69.54,6000.0,17.6,3.2,554.1666666666667,3400.0
P7261,84.75,6000.0,17.6,3.9,554.1666666666667,3800.0
P7262,99.96,6000.0,17.6,4.6,554.1666666666667,4200.0
P7263,115.17,6000.0,17.6,5.3,554.1666666666667,4600.0
P7264,130.38,6000.0,17.6,6.0,554.1666666666667,4800.0
P7265,52.02,6000.0,18.4,2.5,554.1666666666667,3200.0
P7266,66.59,6000.0,18.4,3.2,554.1666666666667,3400.0
P7267,81.16,6000.0,18.4,3.9,554.1666666666667,3800.0
P7268,95.73,6000.0,18.4,4.6,554.1666666666667,4200.0
P7269,110.29,6000.0,18.4,5.3,554.1666666666667,4400.0
P7270,124.86,6000.0,18.4,6.0,554.1666666666667,4800.0
P7271,49.76,6000.0,19.2,2.5,554.1666666666667,3200.0
P7272,63.7,6000.0,19.2,3.2,554.1666666666667,3400.0
P7273,77.63,6000.0,19.2,3.9,554.1666666666667,3600.0
P7274,91.56,6000.0,19.2,4.6,554.1666666666667,4200.0
P7275,105.5,6000.0,19.2,5.3,554.1666666666667,4400.0
P7276,119.43,6000.0,19.2,6.0,554.1666666666667,4600.0
P7277,47.75,6000.0,20.0,2.5,554.1666666666667,3200.0
P7278,61.12,6000.0,20.0,3.2,554.1666666666667,3400.0
P7279,74.49,6000.0,20.0,3.9,554.1666666666667,3600.0
P7280,87.86,6000.0,20.0,4.6,554.1666666666667,4000.0
P7281,101.23,6000.0,20.0,5.3,554.1666666666667,4400.0
P7282,114.61,6000.0,20.0,6.0,554.1666666666667,4600.0
P7283,70.62,6000.0,16.0,2.5,600.0,3800.0
P7284,90.4,6000.0,16.0,3.2,600.0,4000.0
P7285,110.17,6000.0,16.0,3.9,600.0,4400.0
P7286,129.95,6000.0,16.0,4.6,600.0,5000.0
P7287,149.72,6000.0,16.0,5.3,600.0,5400.0
P7288,169.5,6000.0,16.0,6.0,600.0,5600.0
P7289,67.16,6000.0,16.8,2.5,600.0,3600.0
P7290,85.97,6000.0,16.8,3.2,600.0,4000.0
P7291,104.77,6000.0,16.8,3.9,600.0,4400.0
P7292,123.58,6000.0,16.8,4.6,600.0,4800.0
P7293,142.38,6000.0,16.8,5.3,600.0,5200.0
P7294,161.19,6000.0,16.8,6.0,600.0,5600.0
P7295,64.14,6000.0,17.6,2.5,600.0,3600.0
P7296,82.1,6000.0,17.6,3.2,600.0,4000.0
P7297,100.06,6000.0,17.6,3.9,600.0,4400.0
P7298,118.02,6000.0,17.6,4.6,600.0,4800.0
P7299,135.97,6000.0,17.6,5.3,600.0,5200.0
P7300,153.93,6000.0,17.6,6.0,600.0,5600.0
P7301,61.42,6000.0,18.4,2.5,600.0,3600.0
P7302,78.62,6000.0,18.4,3.2,600.0,4000.0
P7303,95.81,6000.0,18.4,3.9,600.0,4200.0
P7304,113.01,6000.0,18.4,4.6,600.0,4800.0
P7305,130.21,6000.0,18.4,5.3,600.0,5000.0
P7306,147.4,6000.0,18.4,6.0,600.0,5400.0
P7307,58.81,6000.0,19.2,2.5,600.0,3800.0
P7308,75.28,6000.0,19.2,3.2,600.0,4000.0
P7309,91.74,6000.0,19.2,3.9,600.0,4400.0
P7310,108.21,6000.0,19.2,4.6,600.0,4800.0
P7311,124.68,6000.0,19.2,5.3,600.0,5200.0
P7312,141.15,6000.0,19.2,6.0,600.0,5400.0
P7313,56.39,6000.0,20.0,2.5,600.0,3600.0
P7314,72.18,6000.0,20.0,3.2,600.0,4000.0
P7315,87.97,6000.0,20.0,3.9,600.0,4400.0
P7316,103.76,6000.0,20.0,4.6,600.0,4800.0
P7317,119.55,6000.0,20.0,5.3,600.0,5200.0
P7318,135.34,6000.0,20.0,6.0,600.0,5400.0
P7319,19.23,6666.666666666667,16.0,2.5,325.0,1340.0
P7320,24.61,6666.666666666667,16.0,3.2,325.0,1460.0
P7321,29.99,6666.666666666667,16.0,3.9,325.0,1580.0
P7322,35.38,6666.666666666667,16.0,4.6,325.0,1760.0
P7323,40.76,6666.666666666667,16.0,5.3,325.0,1900.0
P7324,46.14,6666.666666666667,16.0,6.0,325.0,2000.0
P7325,18.21,6666.666666666667,16.8,2.5,325.0,1320.0
P7326,23.31,6666.666666666667,16.8,3.2,325.0,1440.0
P7327,28.41,6666.666666666667,16.8,3.9,325.0,1560.0
P7328,33.5,6666.666666666667,16.8,4.6,325.0,1740.0
P7329,38.6,6666.666666666667,16.8,5.3,325.0,1880.0
P7330,43.7,6666.666666666667,16.8,6.0,325.0,2000.0
P7331,17.42,6666.666666666667,17.6,2.5,325.0,1320.0
P7332,22.29,6666.666666666667,17.6,3.2,325.0,1440.0
P7333,27.17,6666.666666666667,17.6,3.9,325.0,1540.0
P7334,32.05,6666.666666666667,17.6,4.6,325.0,1720.0
P7335,36.92,6666.666666666667,17.6,5.3,325.0,1860.0
P7336,41.8,6666.666666666667,17.6,6.0,325.0,1980.0
P7337,16.62,6666.666666666667,18.4,2.5,325.0,1300.0
P7338,21.27,6666.666666666667,18.4,3.2,325.0,1420.0
P7339,25.93,6666.666666666667,18.4,3.9,325.0,1540.0
P7340,30.58,6666.666666666667,18.4,4.6,325.0,1720.0
P7341,35.23,6666.666666666667,18.4,5.3,325.0,1840.0
P7342,39.89,6666.666666666667,18.4,6.0,325.0,1960.0
P7343,15.98,6666.666666666667,19.2,2.5,325.0,1300.0
P7344,20.46,6666.666666666667,19.2,3.2,325.0,1420.0
P7345,24.94,6666.666666666667,19.2,3.9,325.0,1520.0
P7346,29.41,6666.666666666667,19.2,4.6,325.0,1700.0
P7347,33.89,6666.666666666667,19.2,5.3,325.0,1840.0
P7348,38.36,6666.666666666667,19.2,6.0,325.0,1940.0
P7349,15.24,6666.666666666667,20.0,2.5,325.0,1300.0
P7350,19.5,6666.666666666667,20.0,3.2,325.0,1400.0
P7351,23.77,6666.666666666667,20.0,3.9,325.0,1520.0
P7352,28.04,6666.666666666667,20.0,4.6,325.0,1680.0
P7353,32.3,6666.666666666667,20.0,5.3,325.0,1820.0
P7354,36.57,6666.666666666667,20.0,6.0,325.0,1920.0
P7355,25.51,6666.666666666667,16.0,2.5,370.8333333333333,1640.0
P7356,32.65,6666.666666666667,16.0,3.2,370.8333333333333,1840.0
P7357,39.8,6666.666666666667,16.0,3.9,370.8333333333333,1980.0
P7358,46.94,6666.666666666667,16.0,4.6,370.8333333333333,2200.0
P7359,54.08,6666.666666666667,16.0,5.3,370.8333333333333,2400.0
P7360,61.22,6666.666666666667,16.0,6.0,370.8333333333333,2600.0
P7361,24.28,6666.666666666667,16.8,2.5,370.8333333333333,1640.0
P7362,31.08,6666.666666666667,16.8,3.2,370.8333333333333,1820.0
P7363,37.87,6666.666666666667,16.8,3.9,370.8333333333333,1960.0
P7364,44.67,6666.666666666667,16.8,4.6,370.8333333333333,2200.0
P7365,51.47,6666.666666666667,16.8,5.3,370.8333333333333,2400.0
P7366,58.27,6666.666666666667,16.8,6.0,370.8333333333333,2600.0
P7367,23.22,6666.666666666667,17.6,2.5,370.8333333333333,1620.0
P7368,29.72,6666.666666666667,17.6,3.2,370.8333333333333,1800.0
P7369,36.23,6666.666666666667,17.6,3.9,370.8333333333333,1940.0
P7370,42.73,6666.666666666667,17.6,4.6,370.8333333333333,2200.0
P7371,49.23,6666.666666666667,17.6,5.3,370.8333333333333,2400.0
P7372,55.73,6666.666666666667,17.6,6.0,370.8333333333333,2400.0
P7373,22.11,6666.666666666667,18.4,2.5,370.8333333333333,1620.0
P7374,28.3,6666.666666666667,18.4,3.2,370.8333333333333,1780.0
P7375,34.49,6666.666666666667,18.4,3.9,370.8333333333333,1920.0
P7376,40.68,6666.666666666667,18.4,4.6,370.8333333333333,2200.0
P7377,46.87,6666.666666666667,18.4,5.3,370.8333333333333,2200.0
P7378,53.07,6666.666666666667,18.4,6.0,370.8333333333333,2400.0
P7379,21.26,6666.666666666667,19.2,2.5,370.8333333333333,1600.0
P7380,27.22,6666.666666666667,19.2,3.2,370.8333333333333,1780.0
P7381,33.17,6666.666666666667,19.2,3.9,370.8333333333333,1900.0
P7382,39.12,6666.666666666667,19.2,4.6,370.8333333333333,2200.0
P7383,45.08,6666.666666666667,19.2,5.3,370.8333333333333,2200.0
P7384,51.03,6666.666666666667,19.2,6.0,370.8333333333333,2400.0
P7385,20.42,6666.666666666667,20.0,2.5,370.8333333333333,1600.0
P7386,26.14,6666.666666666667,20.0,3.2,370.8333333333333,1760.0
P7387,31.86,6666.666666666667,20.0,3.9,370.8333333333333,1880.0
P7388,37.57,6666.666666666667,20.0,4.6,370.8333333333333,2200.0
P7389,43.29,6666.666666666667,20.0,5.3,370.8333333333333,2200.0
P7390,49.01,6666.666666666667,20.0,6.0,370.8333333333333,2400.0
P7391,32.67,6666.666666666667,16.0,2.5,416.6666666666667,1920.0
P7392,41.82,6666.666666666667,16.0,3.2,416.6666666666667,2200.0
P7393,50.97,6666.666666666667,16.0,3.9,416.6666666666667,2400.0
P7394,60.12,6666.666666666667,16.0,4.6,416.6666666666667,2600.0
P7395,69.27,6666.666666666667,16.0,5.3,416.6666666666667,2800.0
P7396,78.41,6666.666666666667,16.0,6.0,416.6666666666667,3000.0
P7397,31.14,6666.666666666667,16.8,2.5,416.6666666666667,1920.0
P7398,39.86,6666.666666666667,16.8,3.2,416.6666666666667,2200.0
P7399,48.58,6666.666666666667,16.8,3.9,416.6666666666667,2400.0
P7400,57.3,6666.666666666667,16.8,4.6,416.6666666666667,2600.0
P7401,66.02,6666.666666666667,16.8,5.3,416.6666666666667,2800.0
P7402,74.73,6666.666666666667,16.8,6.0,416.6666666666667,3000.0
P7403,29.72,6666.666666666667,17.6,2.5,416.6666666666667,2000.0
P7404,38.04,6666.666666666667,17.6,3.2,416.6666666666667,2200.0
P7405,46.36,6666.666666666667,17.6,3.9,416.6666666666667,2400.0
P7406,54.68,6666.666666666667,17.6,4.6,416.6666666666667,2600.0
P7407,63.01,6666.666666666667,17.6,5.3,416.6666666666667,2800.0
P7408,71.33,6666.666666666667,17.6,6.0,416.6666666666667,3000.0
P7409,28.47,6666.666666666667,18.4,2.5,416.6666666666667,1980.0
P7410,36.44,6666.666666666667,18.4,3.2,416.6666666666667,2200.0
P7411,44.41,6666.666666666667,18.4,3.9,416.6666666666667,2400.0
P7412,52.38,6666.666666666667,18.4,4.6,416.6666666666667,2600.0
P7413,60.35,6666.666666666667,18.4,5.3,416.6666666666667,2800.0
P7414,68.33,6666.666666666667,18.4,6.0,416.6666666666667,3000.0
P7415,27.29,6666.666666666667,19.2,2.5,416.6666666666667,1980.0
P7416,34.94,6666.666666666667,19.2,3.2,416.6666666666667,2200.0
P7417,42.58,6666.666666666667,19.2,3.9,416.6666666666667,2400.0
P7418,50.22,6666.666666666667,19.2,4.6,416.6666666666667,2600.0
P7419,57.86,6666.666666666667,19.2,5.3,416.6666666666667,2800.0
P7420,65.51,6666.666666666667,19.2,6.0,416.6666666666667,3000.0
P7421,26.08,6666.666666666667,20.0,2.5,416.6666666666667,1960.0
P7422,33.38,6666.666666666667,20.0,3.2,416.6666666666667,2200.0
P7423,40.68,6666.666666666667,20.0,3.9,416.6666666666667,2400.0
P7424,47.98,6666.666666666667,20.0,4.6,416.6666666666667,2600.0
P7425,55.28,6666.666666666667,20.0,5.3,416.6666666666667,2800.0
P7426,62.58,6666.666666666667,20.0,6.0,416.6666666666667,3000.0
P7427,40.84,6666.666666666667,16.0,2.5,462.5,2400.0
P7428,52.28,6666.666666666667,16.0,3.2,462.5,2600.0
P7429,63.71,6666.666666666667,16.0,3.9,462.5,2800.0
P7430,75.15,6666.666666666667,16.0,4.6,462.5,3200.0
P7431,86.58,6666.666666666667,16.0,5.3,462.5,3400.0
P7432,98.02,6666.666666666667,16.0,6.0,462.5,3600.0
P7433,38.92,6666.666666666667,16.8,2.5,462.5,2400.0
P7434,49.82,6666.666666666667,16.8,3.2,462.5,2600.0
P7435,60.72,6666.666666666667,16.8,3.9,462.5,2800.0
P7436,71.62,6666.666666666667,16.8,4.6,462.5,3200.0
P7437,82.52,6666.666666666667,16.8,5.3,462.5,3400.0
P7438,93.42,6666.666666666667,16.8,6.0,462.5,3600.0
P7439,37.05,6666.666666666667,17.6,2.5,462.5,2400.0
P7440,47.42,6666.666666666667,17.6,3.2,462.5,2600.0
P7441,57.79,6666.666666666667,17.6,3.9,462.5,2800.0
P7442,68.16,6666.666666666667,17.6,4.6,462.5,3200.0
P7443,78.54,6666.666666666667,17.6,5.3,462.5,3400.0
P7444,88.91,6666.666666666667,17.6,6.0,462.5,3600.0
P7445,35.55,6666.666666666667,18.4,2.5,462.5,2400.0
P7446,45.5,6666.666666666667,18.4,3.2,462.5,2600.0
P7447,55.46,6666.666666666667,18.4,3.9,462.5,2800.0
P7448,65.41,6666.666666666667,18.4,4.6,462.5,3000.0
P7449,75.37,6666.666666666667,18.4,5.3,462.5,3200.0
P7450,85.32,6666.666666666667,18.4,6.0,462.5,3600.0
P7451,34.08,6666.666666666667,19.2,2.5,462.5,2400.0
P7452,43.62,6666.666666666667,19.2,3.2,462.5,2600.0
P7453,53.16,6666.666666666667,19.2,3.9,462.5,2800.0
P7454,62.71,6666.666666666667,19.2,4.6,462.5,3000.0
P7455,72.25,6666.666666666667,19.2,5.3,462.5,3200.0
P7456,81.79,6666.666666666667,19.2,6.0,462.5,3400.0
P7457,32.67,6666.666666666667,20.0,2.5,462.5,2400.0
P7458,41.82,6666.666666666667,20.0,3.2,462.5,2600.0
P7459,50.97,6666.666666666667,20.0,3.9,462.5,2800.0
P7460,60.12,6666.666666666667,20.0,4.6,462.5,3000.0
P7461,69.27,6666.666666666667,20.0,5.3,462.5,3200.0
P7462,78.41,6666.666666666667,20.0,6.0,462.5,3400.0
P7463,49.89,6666.666666666667,16.0,2.5,508.3333333333334,2800.0
P7464,63.86,6666.666666666667,16.0,3.2,508.3333333333334,3000.0
P7465,77.83,6666.666666666667,16.0,3.9,508.3333333333334,3400.0
P7466,91.79,6666.666666666667,16.0,4.6,508.3333333333334,3800.0
P7467,105.76,6666.666666666667,16.0,5.3,508.3333333333334,4000.0
P7468,119.73,6666.666666666667,16.0,6.0,508.3333333333334,4200.0
P7469,47.5,6666.666666666667,16.8,2.5,508.3333333333334,2800.0
P7470,60.8,6666.666666666667,16.8,3.2,508.3333333333334,3000.0
P7471,74.1,6666.666666666667,16.8,3.9,508.3333333333334,3400.0
P7472,87.4,6666.666666666667,16.8,4.6,508.3333333333334,3600.0
P7473,100.7,6666.666666666667,16.8,5.3,508.3333333333334,4000.0
P7474,114.0,6666.666666666667,16.8,6.0,508.3333333333334,4200.0
P7475,45.34,6666.666666666667,17.6,2.5,508.3333333333334,2800.0
P7476,58.03,6666.666666666667,17.6,3.2,508.3333333333334,3000.0
P7477,70.73,6666.666666666667,17.6,3.9,508.3333333333334,3200.0
P7478,83.42,6666.666666666667,17.6,4.6,508.3333333333334,3600.0
P7479,96.12,6666.666666666667,17.6,5.3,508.3333333333334,4000.0
P7480,108.81,6666.666666666667,17.6,6.0,508.3333333333334,4200.0
P7481,43.35,6666.666666666667,18.4,2.5,508.3333333333334,2800.0
P7482,55.49,6666.666666666667,18.4,3.2,508.3333333333334,3000.0
P7483,67.63,6666.666666666667,18.4,3.9,508.3333333333334,3200.0
P7484,79.77,6666.666666666667,18.4,4.6,508.3333333333334,3600.0
P7485,91.91,6666.666666666667,18.4,5.3,508.3333333333334,3800.0
P7486,104.05,6666.666666666667,18.4,6.0,508.3333333333334,4200.0
P7487,41.47,6666.666666666667,19.2,2.5,508.3333333333334,2800.0
P7488,53.08,6666.666666666667,19.2,3.2,508.3333333333334,3000.0
P7489,64.69,6666.666666666667,19.2,3.9,508.3333333333334,3200.0
P7490,76.3,6666.666666666667,19.2,4.6,508.3333333333334,3600.0
P7491,87.91,6666.666666666667,19.2,5.3,508.3333333333334,3800.0
P7492,99.53,6666.666666666667,19.2,6.0,508.3333333333334,4000.0
P7493,39.9,6666.666666666667,20.0,2.5,508.3333333333334,2800.0
P7494,51.07,6666.666666666667,20.0,3.2,508.3333333333334,3000.0
P7495,62.24,6666.666666666667,20.0,3.9,508.3333333333334,3200.0
P7496,73.41,6666.666666666667,20.0,4.6,508.3333333333334,3600.0
P7497,84.58,6666.666666666667,20.0,5.3,508.3333333333334,3800.0
P7498,95.76,6666.666666666667,20.0,6.0,508.3333333333334,4000.0
P7499,59.82,6666.666666666667,16.0,2.5,554.1666666666667,3200.0
P7500,76.56,6666.666666666667,16.0,3.2,554.1666666666667,3600.0
P7501,93.31,6666.666666666667,16.0,3.9,554.1666666666667,4000.0
P7502,110.06,6666.666666666667,16.0,4.6,554.1666666666667,4400.0
P7503,126.81,6666.666666666667,16.0,5.3,554.1666666666667,4800.0
P7504,143.56,6666.666666666667,16.0,6.0,554.1666666666667,5000.0
P7505,56.87,6666.666666666667,16.8,2.5,554.1666666666667,3200.0
P7506,72.79,6666.666666666667,16.8,3.2,554.1666666666667,3600.0
P7507,88.72,6666.666666666667,16.8,3.9,554.1666666666667,3800.0
P7508,104.64,6666.666666666667,16.8,4.6,554.1666666666667,4400.0
P7509,120.56,6666.666666666667,16.8,5.3,554.1666666666667,4600.0
P7510,136.49,6666.666666666667,16.8,6.0,554.1666666666667,5000.0
P7511,54.32,6666.666666666667,17.6,2.5,554.1666666666667,3200.0
P7512,69.54,6666.666666666667,17.6,3.2,554.1666666666667,3600.0
P7513,84.75,6666.666666666667,17.6,3.9,554.1666666666667,3800.0
P7514,99.96,6666.666666666667,17.6,4.6,554.1666666666667,4200.0
P7515,115.17,6666.666666666667,17.6,5.3,554.1666666666667,4600.0
P7516,130.38,6666.666666666667,17.6,6.0,554.1666666666667,4800.0
P7517,52.02,6666.666666666667,18.4,2.5,554.1666666666667,3200.0
P7518,66.59,6666.666666666667,18.4,3.2,554.1666666666667,3600.0
P7519,81.16,6666.666666666667,18.4,3.9,554.1666666666667,3800.0
P7520,95.73,6666.666666666667,18.4,4.6,554.1666666666667,4200.0
P7521,110.29,6666.666666666667,18.4,5.3,554.1666666666667,4600.0
P7522,124.86,6666.666666666667,18.4,6.0,554.1666666666667,4800.0
P7523,49.76,6666.666666666667,19.2,2.5,554.1666666666667,3200.0
P7524,63.7,6666.666666666667,19.2,3.2,554.1666666666667,3400.0
P7525,77.63,6666.666666666667,19.2,3.9,554.1666666666667,3800.0
P7526,91.56,6666.666666666667,19.2,4.6,554.1666666666667,4200.0
P7527,105.5,6666.666666666667,19.2,5.3,554.1666666666667,4400.0
P7528,119.43,6666.666666666667,19.2,6.0,554.1666666666667,4800.0
P7529,47.75,6666.666666666667,20.0,2.5,554.1666666666667,3200.0
P7530,61.12,6666.666666666667,20.0,3.2,554.1666666666667,3400.0
P7531,74.49,6666.666666666667,20.0,3.9,554.1666666666667,3800.0
P7532,87.86,6666.666666666667,20.0,4.6,554.1666666666667,4200.0
P7533,101.23,6666.666666666667,20.0,5.3,554.1666666666667,4400.0
P7534,114.61,6666.666666666667,20.0,6.0,554.1666666666667,4800.0
P7535,70.62,6666.666666666667,16.0,2.5,600.0,3800.0
P7536,90.4,6666.666666666667,16.0,3.2,600.0,4000.0
P7537,110.17,6666.666666666667,16.0,3.9,600.0,4400.0
P7538,129.95,6666.666666666667,16.0,4.6,600.0,5000.0
P7539,149.72,6666.666666666667,16.0,5.3,600.0,5400.0
P7540,169.5,6666.666666666667,16.0,6.0,600.0,5600.0
P7541,67.16,6666.666666666667,16.8,2.5,600.0,3800.0
P7542,85.97,6666.666666666667,16.8,3.2,600.0,4000.0
P7543,104.77,6666.666666666667,16.8,3.9,600.0,4400.0
P7544,123.58,6666.666666666667,16.8,4.6,600.0,5000.0
P7545,142.38,6666.666666666667,16.8,5.3,600.0,5200.0
P7546,161.19,6666.666666666667,16.8,6.0,600.0,5600.0
P7547,64.14,6666.666666666667,17.6,2.5,600.0,3600.0
P7548,82.1,6666.666666666667,17.6,3.2,600.0,4000.0
P7549,100.06,6666.666666666667,17.6,3.9,600.0,4400.0
P7550,118.02,6666.666666666667,17.6,4.6,600.0,4800.0
P7551,135.97,6666.666666666667,17.6,5.3,600.0,5200.0
P7552,153.93,6666.666666666667,17.6,6.0,600.0,5600.0
P7553,61.42,6666.666666666667,18.4,2.5,600.0,3600.0
P7554,78.62,6666.666666666667,18.4,3.2,600.0,4000.0
P7555,95.81,6666.666666666667,18.4,3.9,600.0,4400.0
P7556,113.01,6666.666666666667,18.4,4.6,600.0,4800.0
P7557,130.21,6666.666666666667,18.4,5.3,600.0,5200.0
P7558,147.4,6666.666666666667,18.4,6.0,600.0,5400.0
P7559,58.81,6666.666666666667,19.2,2.5,600.0,3800.0
P7560,75.28,6666.666666666667,19.2,3.2,600.0,4000.0
P7561,91.74,6666.666666666667,19.2,3.9,600.0,4400.0
P7562,108.21,6666.666666666667,19.2,4.6,600.0,4800.0
P7563,124.68,6666.666666666667,19.2,5.3,600.0,5200.0
P7564,141.15,6666.666666666667,19.2,6.0,600.0,5600.0
P7565,56.39,6666.666666666667,20.0,2.5,600.0,3800.0
P7566,72.18,6666.666666666667,20.0,3.2,600.0,4000.0
P7567,87.97,6666.666666666667,20.0,3.9,600.0,4400.0
P7568,103.76,6666.666666666667,20.0,4.6,600.0,4800.0
P7569,119.55,6666.666666666667,20.0,5.3,600.0,5200.0
P7570,135.34,6666.666666666667,20.0,6.0,600.0,5400.0
P7571,19.23,7333.333333333333,16.0,2.5,325.0,1340.0
P7572,24.61,7333.333333333333,16.0,3.2,325.0,1460.0
P7573,29.99,7333.333333333333,16.0,3.9,325.0,1580.0
P7574,35.38,7333.333333333333,16.0,4.6,325.0,1780.0
P7575,40.76,7333.333333333333,16.0,5.3,325.0,1920.0
P7576,46.14,7333.333333333333,16.0,6.0,325.0,2000.0
P7577,18.21,7333.333333333333,16.8,2.5,325.0,1320.0
P7578,23.31,7333.333333333333,16.8,3.2,325.0,1440.0
P7579,28.41,7333.333333333333,16.8,3.9,325.0,1560.0
P7580,33.5,7333.333333333333,16.8,4.6,325.0,1760.0
P7581,38.6,7333.333333333333,16.8,5.3,325.0,1900.0
P7582,43.7,7333.333333333333,16.8,6.0,325.0,2000.0
P7583,17.42,7333.333333333333,17.6,2.5,325.0,1320.0
P7584,22.29,7333.333333333333,17.6,3.2,325.0,1440.0
P7585,27.17,7333.333333333333,17.6,3.9,325.0,1540.0
P7586,32.05,7333.333333333333,17.6,4.6,325.0,1740.0
P7587,36.92,7333.333333333333,17.6,5.3,325.0,1880.0
P7588,41.8,7333.333333333333,17.6,6.0,325.0,2000.0
P7589,16.62,7333.333333333333,18.4,2.5,325.0,1300.0
P7590,21.27,7333.333333333333,18.4,3.2,325.0,1420.0
P7591,25.93,7333.333333333333,18.4,3.9,325.0,1540.0
P7592,30.58,7333.333333333333,18.4,4.6,325.0,1740.0
P7593,35.23,7333.333333333333,18.4,5.3,325.0,1860.0
P7594,39.89,7333.333333333333,18.4,6.0,325.0,1980.0
P7595,15.98,7333.333333333333,19.2,2.5,325.0,1300.0
P7596,20.46,7333.333333333333,19.2,3.2,325.0,1420.0
P7597,24.94,7333.333333333333,19.2,3.9,325.0,1520.0
P7598,29.41,7333.333333333333,19.2,4.6,325.0,1720.0
P7599,33.89,7333.333333333333,19.2,5.3,325.0,1860.0
P7600,38.36,7333.333333333333,19.2,6.0,325.0,1960.0
P7601,15.24,7333.333333333333,20.0,2.5,325.0,1300.0
P7602,19.5,7333.333333333333,20.0,3.2,325.0,1400.0
P7603,23.77,7333.333333333333,20.0,3.9,325.0,1520.0
P7604,28.04,7333.333333333333,20.0,4.6,325.0,1700.0
P7605,32.3,7333.333333333333,20.0,5.3,325.0,1840.0
P7606,36.57,7333.333333333333,20.0,6.0,325.0,1940.0
P7607,25.51,7333.333333333333,16.0,2.5,370.8333333333333,1660.0
P7608,32.65,7333.333333333333,16.0,3.2,370.8333333333333,1840.0
P7609,39.8,7333.333333333333,16.0,3.9,370.8333333333333,1980.0
P7610,46.94,7333.333333333333,16.0,4.6,370.8333333333333,2200.0
P7611,54.08,7333.333333333333,16.0,5.3,370.8333333333333,2400.0
P7612,61.22,7333.333333333333,16.0,6.0,370.8333333333333,2600.0
P7613,24.28,7333.333333333333,16.8,2.5,370.8333333333333,1660.0
P7614,31.08,7333.333333333333,16.8,3.2,370.8333333333333,1820.0
P7615,37.87,7333.333333333333,16.8,3.9,370.8333333333333,1960.0
P7616,44.67,7333.333333333333,16.8,4.6,370.8333333333333,2200.0
P7617,51.47,7333.333333333333,16.8,5.3,370.8333333333333,2400.0
P7618,58.27,7333.333333333333,16.8,6.0,370.8333333333333,2600.0
P7619,23.22,7333.333333333333,17.6,2.5,370.8333333333333,1640.0
P7620,29.72,7333.333333333333,17.6,3.2,370.8333333333333,1800.0
P7621,36.23,7333.333333333333,17.6,3.9,370.8333333333333,1940.0
P7622,42.73,7333.333333333333,17.6,4.6,370.8333333333333,2200.0
P7623,49.23,7333.333333333333,17.6,5.3,370.8333333333333,2400.0
P7624,55.73,7333.333333333333,17.6,6.0,370.8333333333333,2400.0
P7625,22.11,7333.333333333333,18.4,2.5,370.8333333333333,1640.0
P7626,28.3,7333.333333333333,18.4,3.2,370.8333333333333,1780.0
P7627,34.49,7333.333333333333,18.4,3.9,370.8333333333333,1920.0
P7628,40.68,7333.333333333333,18.4,4.6,370.8333333333333,2200.0
P7629,46.87,7333.333333333333,18.4,5.3,370.8333333333333,2400.0
P7630,53.07,7333.333333333333,18.4,6.0,370.8333333333333,2400.0
P7631,21.26,7333.333333333333,19.2,2.5,370.8333333333333,1620.0
P7632,27.22,7333.333333333333,19.2,3.2,370.8333333333333,1780.0
P7633,33.17,7333.333333333333,19.2,3.9,370.8333333333333,1900.0
P7634,39.12,7333.333333333333,19.2,4.6,370.8333333333333,2200.0
P7635,45.08,7333.333333333333,19.2,5.3,370.8333333333333,2200.0
P7636,51.03,7333.333333333333,19.2,6.0,370.8333333333333,2400.0
P7637,20.42,7333.333333333333,20.0,2.5,370.8333333333333,1620.0
P7638,26.14,7333.333333333333,20.0,3.2,370.8333333333333,1760.0
P7639,31.86,7333.333333333333,20.0,3.9,370.8333333333333,1880.0
P7640,37.57,7333.333333333333,20.0,4.6,370.8333333333333,2200.0
P7641,43.29,7333.333333333333,20.0,5.3,370.8333333333333,2200.0
P7642,49.01,7333.333333333333,20.0,6.0,370.8333333333333,2400.0
P7643,32.67,7333.333333333333,16.0,2.5,416.6666666666667,1940.0
P7644,41.82,7333.333333333333,16.0,3.2,416.6666666666667,2200.0
P7645,50.97,7333.333333333333,16.0,3.9,416.6666666666667,2400.0
P7646,60.12,7333.333333333333,16.0,4.6,416.6666666666667,2600.0
P7647,69.27,7333.333333333333,16.0,5.3,416.6666666666667,2800.0
P7648,78.41,7333.333333333333,16.0,6.0,416.6666666666667,3000.0
P7649,31.14,7333.333333333333,16.8,2.5,416.6666666666667,1940.0
P7650,39.86,7333.333333333333,16.8,3.2,416.6666666666667,2200.0
P7651,48.58,7333.333333333333,16.8,3.9,416.6666666666667,2400.0
P7652,57.3,7333.333333333333,16.8,4.6,416.6666666666667,2600.0
P7653,66.02,7333.333333333333,16.8,5.3,416.6666666666667,2800.0
P7654,74.73,7333.333333333333,16.8,6.0,416.6666666666667,3000.0
P7655,29.72,7333.333333333333,17.6,2.5,416.6666666666667,2000.0
P7656,38.04,7333.333333333333,17.6,3.2,416.6666666666667,2200.0
P7657,46.36,7333.333333333333,17.6,3.9,416.6666666666667,2400.0
P7658,54.68,7333.333333333333,17.6,4.6,416.6666666666667,2800.0
P7659,63.01,7333.333333333333,17.6,5.3,416.6666666666667,3000.0
P7660,71.33,7333.333333333333,17.6,6.0,416.6666666666667,3000.0
P7661,28.47,7333.333333333333,18.4,2.5,416.6666666666667,2000.0
P7662,36.44,7333.333333333333,18.4,3.2,416.6666666666667,2200.0
P7663,44.41,7333.333333333333,18.4,3.9,416.6666666666667,2400.0
P7664,52.38,7333.333333333333,18.4,4.6,416.6666666666667,2600.0
P7665,60.35,7333.333333333333,18.4,5.3,416.6666666666667,2800.0
P7666,68.33,7333.333333333333,18.4,6.0,416.6666666666667,3000.0
P7667,27.29,7333.333333333333,19.2,2.5,416.6666666666667,2000.0
P7668,34.94,7333.333333333333,19.2,3.2,416.6666666666667,2200.0
P7669,42.58,7333.333333333333,19.2,3.9,416.6666666666667,2400.0
P7670,50.22,7333.333333333333,19.2,4.6,416.6666666666667,2600.0
P7671,57.86,7333.333333333333,19.2,5.3,416.6666666666667,2800.0
P7672,65.51,7333.333333333333,19.2,6.0,416.6666666666667,3000.0
P7673,26.08,7333.333333333333,20.0,2.5,416.6666666666667,2000.0
P7674,33.38,7333.333333333333,20.0,3.2,416.6666666666667,2200.0
P7675,40.68,7333.333333333333,20.0,3.9,416.6666666666667,2400.0
P7676,47.98,7333.333333333333,20.0,4.6,416.6666666666667,2600.0
P7677,55.28,7333.333333333333,20.0,5.3,416.6666666666667,2800.0
P7678,62.58,7333.333333333333,20.0,6.0,416.6666666666667,3000.0
P7679,40.84,7333.333333333333,16.0,2.5,462.5,2400.0
P7680,52.28,7333.333333333333,16.0,3.2,462.5,2600.0
P7681,63.71,7333.333333333333,16.0,3.9,462.5,2800.0
P7682,75.15,7333.333333333333,16.0,4.6,462.5,3200.0
P7683,86.58,7333.333333333333,16.0,5.3,462.5,3400.0
P7684,98.02,7333.333333333333,16.0,6.0,462.5,3600.0
P7685,38.92,7333.333333333333,16.8,2.5,462.5,2400.0
P7686,49.82,7333.333333333333,16.8,3.2,462.5,2600.0
P7687,60.72,7333.333333333333,16.8,3.9,462.5,2800.0
P7688,71.62,7333.333333333333,16.8,4.6,462.5,3200.0
P7689,82.52,7333.333333333333,16.8,5.3,462.5,3400.0
P7690,93.42,7333.333333333333,16.8,6.0,462.5,3600.0
P7691,37.05,7333.333333333333,17.6,2.5,462.5,2400.0
P7692,47.42,7333.333333333333,17.6,3.2,462.5,2600.0
P7693,57.79,7333.333333333333,17.6,3.9,462.5,2800.0
P7694,68.16,7333.333333333333,17.6,4.6,462.5,3200.0
P7695,78.54,7333.333333333333,17.6,5.3,462.5,3400.0
P7696,88.91,7333.333333333333,17.6,6.0,462.5,3600.0
P7697,35.55,7333.333333333333,18.4,2.5,462.5,2400.0
P7698,45.5,7333.333333333333,18.4,3.2,462.5,2600.0
P7699,55.46,7333.333333333333,18.4,3.9,462.5,2800.0
P7700,65.41,7333.333333333333,18.4,4.6,462.5,3000.0
P7701,75.37,7333.333333333333,18.4,5.3,462.5,3400.0
P7702,85.32,7333.333333333333,18.4,6.0,462.5,3600.0
P7703,34.08,7333.333333333333,19.2,2.5,462.5,2400.0
P7704,43.62,7333.333333333333,19.2,3.2,462.5,2600.0
P7705,53.16,7333.333333333333,19.2,3.9,462.5,2800.0
P7706,62.71,7333.333333333333,19.2,4.6,462.5,3000.0
P7707,72.25,7333.333333333333,19.2,5.3,462.5,3200.0
P7708,81.79,7333.333333333333,19.2,6.0,462.5,3400.0
P7709,32.67,7333.333333333333,20.0,2.5,462.5,2400.0
P7710,41.82,7333.333333333333,20.0,3.2,462.5,2600.0
P7711,50.97,7333.333333333333,20.0,3.9,462.5,2800.0
P7712,60.12,7333.333333333333,20.0,4.6,462.5,3000.0
P7713,69.27,7333.333333333333,20.0,5.3,462.5,3200.0
P7714,78.41,7333.333333333333,20.0,6.0,462.5,3400.0
P7715,49.89,7333.333333333333,16.0,2.5,508.3333333333334,2800.0
P7716,63.86,7333.333333333333,16.0,3.2,508.3333333333334,3200.0
P7717,77.83,7333.333333333333,16.0,3.9,508.3333333333334,3400.0
P7718,91.79,7333.333333333333,16.0,4.6,508.3333333333334,3800.0
P7719,105.76,7333.333333333333,16.0,5.3,508.3333333333334,4000.0
P7720,119.73,7333.333333333333,16.0,6.0,508.3333333333334,4400.0
P7721,47.5,7333.333333333333,16.8,2.5,508.3333333333334,2800.0
P7722,60.8,7333.333333333333,16.8,3.2,508.3333333333334,3000.0
P7723,74.1,7333.333333333333,16.8,3.9,508.3333333333334,3400.0
P7724,87.4,7333.333333333333,16.8,4.6,508.3333333333334,3800.0
P7725,100.7,7333.333333333333,16.8,5.3,508.3333333333334,4000.0
P7726,114.0,7333.333333333333,16.8,6.0,508.3333333333334,4200.0
P7727,45.34,7333.333333333333,17.6,2.5,508.3333333333334,2800.0
P7728,58.03,7333.333333333333,17.6,3.2,508.3333333333334,3000.0
P7729,70.73,7333.333333333333,17.6,3.9,508.3333333333334,3400.0
P7730,83.42,7333.333333333333,17.6,4.6,508.3333333333334,3600.0
P7731,96.12,7333.333333333333,17.6,5.3,508.3333333333334,4000.0
P7732,108.81,7333.333333333333,17.6,6.0,508.3333333333334,4200.0
P7733,43.35,7333.333333333333,18.4,2.5,508.3333333333334,2800.0
P7734,55.49,7333.333333333333,18.4,3.2,508.3333333333334,3000.0
P7735,67.63,7333.333333333333,18.4,3.9,508.3333333333334,3200.0
P7736,79.77,7333.333333333333,18.4,4.6,508.3333333333334,3600.0
P7737,91.91,7333.333333333333,18.4,5.3,508.3333333333334,4000.0
P7738,104.05,7333.333333333333,18.4,6.0,508.3333333333334,4200.0
P7739,41.47,7333.333333333333,19.2,2.5,508.3333333333334,2800.0
P7740,53.08,7333.333333333333,19.2,3.2,508.3333333333334,3000.0
P7741,64.69,7333.333333333333,19.2,3.9,508.3333333333334,3200.0
P7742,76.3,7333.333333333333,19.2,4.6,508.3333333333334,3600.0
P7743,87.91,7333.333333333333,19.2,5.3,508.3333333333334,3800.0
P7744,99.53,7333.333333333333,19.2,6.0,508.3333333333334,4200.0
P7745,39.9,7333.333333333333,20.0,2.5,508.3333333333334,2800.0
P7746,51.07,7333.333333333333,20.0,3.2,508.3333333333334,3000.0
P7747,62.24,7333.333333333333,20.0,3.9,508.3333333333334,3200.0
P7748,73.41,7333.333333333333,20.0,4.6,508.3333333333334,3600.0
P7749,84.58,7333.333333333333,20.0,5.3,508.3333333333334,3800.0
P7750,95.76,7333.333333333333,20.0,6.0,508.3333333333334,4000.0
P7751,59.82,7333.333333333333,16.0,2.5,554.1666666666667,3400.0
P7752,76.56,7333.333333333333,16.0,3.2,554.1666666666667,3600.0
P7753,93.31,7333.333333333333,16.0,3.9,554.1666666666667,4000.0
P7754,110.06,7333.333333333333,16.0,4.6,554.1666666666667,4400.0
P7755,126.81,7333.333333333333,16.0,5.3,554.1666666666667,4800.0
P7756,143.56,7333.333333333333,16.0,6.0,554.1666666666667,5000.0
P7757,56.87,7333.333333333333,16.8,2.5,554.1666666666667,3400.0
P7758,72.79,7333.333333333333,16.8,3.2,554.1666666666667,3600.0
P7759,88.72,7333.333333333333,16.8,3.9,554.1666666666667,4000.0
P7760,104.64,7333.333333333333,16.8,4.6,554.1666666666667,4400.0
P7761,120.56,7333.333333333333,16.8,5.3,554.1666666666667,4600.0
P7762,136.49,7333.333333333333,16.8,6.0,554.1666666666667,5000.0
P7763,54.32,7333.333333333333,17.6,2.5,554.1666666666667,3200.0
P7764,69.54,7333.333333333333,17.6,3.2,554.1666666666667,3600.0
P7765,84.75,7333.333333333333,17.6,3.9,554.1666666666667,3800.0
P7766,99.96,7333.333333333333,17.6,4.6,554.1666666666667,4200.0
P7767,115.17,7333.333333333333,17.6,5.3,554.1666666666667,4600.0
P7768,130.38,7333.333333333333,17.6,6.0,554.1666666666667,5000.0
P7769,52.02,7333.333333333333,18.4,2.5,554.1666666666667,3200.0
P7770,66.59,7333.333333333333,18.4,3.2,554.1666666666667,3600.0
P7771,81.16,7333.333333333333,18.4,3.9,554.1666666666667,3800.0
P7772,95.73,7333.333333333333,18.4,4.6,554.1666666666667,4200.0
P7773,110.29,7333.333333333333,18.4,5.3,554.1666666666667,4600.0
P7774,124.86,7333.333333333333,18.4,6.0,554.1666666666667,4800.0
P7775,49.76,7333.333333333333,19.2,2.5,554.1666666666667,3200.0
P7776,63.7,7333.333333333333,19.2,3.2,554.1666666666667,3600.0
P7777,77.63,7333.333333333333,19.2,3.9,554.1666666666667,3800.0
P7778,91.56,7333.333333333333,19.2,4.6,554.1666666666667,4200.0
P7779,105.5,7333.333333333333,19.2,5.3,554.1666666666667,4600.0
P7780,119.43,7333.333333333333,19.2,6.0,554.1666666666667,4800.0
P7781,47.75,7333.333333333333,20.0,2.5,554.1666666666667,3200.0
P7782,61.12,7333.333333333333,20.0,3.2,554.1666666666667,3400.0
P7783,74.49,7333.333333333333,20.0,3.9,554.1666666666667,3800.0
P7784,87.86,7333.333333333333,20.0,4.6,554.1666666666667,4200.0
P7785,101.23,7333.333333333333,20.0,5.3,554.1666666666667,4400.0
P7786,114.61,7333.333333333333,20.0,6.0,554.1666666666667,4800.0
P7787,70.62,7333.333333333333,16.0,2.5,600.0,3800.0
P7788,90.4,7333.333333333333,16.0,3.2,600.0,4200.0
P7789,110.17,7333.333333333333,16.0,3.9,600.0,4600.0
P7790,129.95,7333.333333333333,16.0,4.6,600.0,5000.0
P7791,149.72,7333.333333333333,16.0,5.3,600.0,5400.0
P7792,169.5,7333.333333333333,16.0,6.0,600.0,5800.0
P7793,67.16,7333.333333333333,16.8,2.5,600.0,3800.0
P7794,85.97,7333.333333333333,16.8,3.2,600.0,4200.0
P7795,104.77,7333.333333333333,16.8,3.9,600.0,4400.0
P7796,123.58,7333.333333333333,16.8,4.6,600.0,5000.0
P7797,142.38,7333.333333333333,16.8,5.3,600.0,5400.0
P7798,161.19,7333.333333333333,16.8,6.0,600.0,5600.0
P7799,64.14,7333.333333333333,17.6,2.5,600.0,3800.0
P7800,82.1,7333.333333333333,17.6,3.2,600.0,4000.0
P7801,100.06,7333.333333333333,17.6,3.9,600.0,4400.0
P7802,118.02,7333.333333333333,17.6,4.6,600.0,5000.0
P7803,135.97,7333.333333333333,17.6,5.3,600.0,5200.0
P7804,153.93,7333.333333333333,17.6,6.0,600.0,5600.0
P7805,61.42,7333.333333333333,18.4,2.5,600.0,3800.0
P7806,78.62,7333.333333333333,18.4,3.2,600.0,4000.0
P7807,95.81,7333.333333333333,18.4,3.9,600.0,4400.0
P7808,113.01,7333.333333333333,18.4,4.6,600.0,4800.0
P7809,130.21,7333.333333333333,18.4,5.3,600.0,5200.0
P7810,147.4,7333.333333333333,18.4,6.0,600.0,5600.0
P7811,58.81,7333.333333333333,19.2,2.5,600.0,3800.0
P7812,75.28,7333.333333333333,19.2,3.2,600.0,4200.0
P7813,91.74,7333.333333333333,19.2,3.9,600.0,4400.0
P7814,108.21,7333.333333333333,19.2,4.6,600.0,5000.0
P7815,124.68,7333.333333333333,19.2,5.3,600.0,5200.0
P7816,141.15,7333.333333333333,19.2,6.0,600.0,5600.0
P7817,56.39,7333.333333333333,20.0,2.5,600.0,3800.0
P7818,72.18,7333.333333333333,20.0,3.2,600.0,4200.0
P7819,87.97,7333.333333333333,20.0,3.9,600.0,4400.0
P7820,103.76,7333.333333333333,20.0,4.6,600.0,4800.0
P7821,119.55,7333.333333333333,20.0,5.3,600.0,5200.0
P7822,135.34,7333.333333333333,20.0,6.0,600.0,5600.0
P7823,19.23,8000.0,16.0,2.5,325.0,1500.0
P7824,24.61,8000.0,16.0,3.2,325.0,1620.0
P7825,29.99,8000.0,16.0,3.9,325.0,1740.0
P7826,35.38,8000.0,16.0,4.6,325.0,1940.0
P7827,40.76,8000.0,16.0,5.3,325.0,2000.0
P7828,46.14,8000.0,16.0,6.0,325.0,2200.0
P7829,18.21,8000.0,16.8,2.5,325.0,1480.0
P7830,23.31,8000.0,16.8,3.2,325.0,1600.0
P7831,28.41,8000.0,16.8,3.9,325.0,1720.0
P7832,33.5,8000.0,16.8,4.6,325.0,1920.0
P7833,38.6,8000.0,16.8,5.3,325.0,2000.0
P7834,43.7,8000.0,16.8,6.0,325.0,2200.0
P7835,17.42,8000.0,17.6,2.5,325.0,1480.0
P7836,22.29,8000.0,17.6,3.2,325.0,1600.0
P7837,27.17,8000.0,17.6,3.9,325.0,1700.0
P7838,32.05,8000.0,17.6,4.6,325.0,1900.0
P7839,36.92,8000.0,17.6,5.3,325.0,2000.0
P7840,41.8,8000.0,17.6,6.0,325.0,2200.0
P7841,16.62,8000.0,18.4,2.5,325.0,1460.0
P7842,21.27,8000.0,18.4,3.2,325.0,1580.0
P7843,25.93,8000.0,18.4,3.9,325.0,1700.0
P7844,30.58,8000.0,18.4,4.6,325.0,1900.0
P7845,35.23,8000.0,18.4,5.3,325.0,2000.0
P7846,39.89,8000.0,18.4,6.0,325.0,2200.0
P7847,15.98,8000.0,19.2,2.5,325.0,1460.0
P7848,20.46,8000.0,19.2,3.2,325.0,1580.0
P7849,24.94,8000.0,19.2,3.9,325.0,1680.0
P7850,29.41,8000.0,19.2,4.6,325.0,1880.0
P7851,33.89,8000.0,19.2,5.3,325.0,2000.0
P7852,38.36,8000.0,19.2,6.0,325.0,2200.0
P7853,15.24,8000.0,20.0,2.5,325.0,1460.0
P7854,19.5,8000.0,20.0,3.2,325.0,1560.0
P7855,23.77,8000.0,20.0,3.9,325.0,1680.0
P7856,28.04,8000.0,20.0,4.6,325.0,1860.0
P7857,32.3,8000.0,20.0,5.3,325.0,2000.0
P7858,36.57,8000.0,20.0,6.0,325.0,2000.0
P7859,25.51,8000.0,16.0,2.5,370.8333333333333,1800.0
P7860,32.65,8000.0,16.0,3.2,370.8333333333333,1980.0
P7861,39.8,8000.0,16.0,3.9,370.8333333333333,2200.0
P7862,46.94,8000.0,16.0,4.6,370.8333333333333,2400.0
P7863,54.08,8000.0,16.0,5.3,370.8333333333333,2600.0
P7864,61.22,8000.0,16.0,6.0,370.8333333333333,2600.0
P7865,24.28,8000.0,16.8,2.5,370.8333333333333,1800.0
P7866,31.08,8000.0,16.8,3.2,370.8333333333333,1960.0
P7867,37.87,8000.0,16.8,3.9,370.8333333333333,2200.0
P7868,44.67,8000.0,16.8,4.6,370.8333333333333,2400.0
P7869,51.47,8000.0,16.8,5.3,370.8333333333333,2600.0
P7870,58.27,8000.0,16.8,6.0,370.8333333333333,2600.0
P7871,23.22,8000.0,17.6,2.5,370.8333333333333,1780.0
P7872,29.72,8000.0,17.6,3.2,370.8333333333333,1940.0
P7873,36.23,8000.0,17.6,3.9,370.8333333333333,2200.0
P7874,42.73,8000.0,17.6,4.6,370.8333333333333,2400.0
P7875,49.23,8000.0,17.6,5.3,370.8333333333333,2400.0
P7876,55.73,8000.0,17.6,6.0,370.8333333333333,2600.0
P7877,22.11,8000.0,18.4,2.5,370.8333333333333,1780.0
P7878,28.3,8000.0,18.4,3.2,370.8333333333333,1920.0
P7879,34.49,8000.0,18.4,3.9,370.8333333333333,2000.0
P7880,40.68,8000.0,18.4,4.6,370.8333333333333,2400.0
P7881,46.87,8000.0,18.4,5.3,370.8333333333333,2400.0
P7882,53.07,8000.0,18.4,6.0,370.8333333333333,2600.0
P7883,21.26,8000.0,19.2,2.5,370.8333333333333,1760.0
P7884,27.22,8000.0,19.2,3.2,370.8333333333333,1920.0
P7885,33.17,8000.0,19.2,3.9,370.8333333333333,2000.0
P7886,39.12,8000.0,19.2,4.6,370.8333333333333,2400.0
P7887,45.08,8000.0,19.2,5.3,370.8333333333333,2400.0
P7888,51.03,8000.0,19.2,6.0,370.8333333333333,2600.0
P7889,20.42,8000.0,20.0,2.5,370.8333333333333,1760.0
P7890,26.14,8000.0,20.0,3.2,370.8333333333333,1900.0
P7891,31.86,8000.0,20.0,3.9,370.8333333333333,2000.0
P7892,37.57,8000.0,20.0,4.6,370.8333333333333,2200.0
P7893,43.29,8000.0,20.0,5.3,370.8333333333333,2400.0
P7894,49.01,8000.0,20.0,6.0,370.8333333333333,2600.0
P7895,32.67,8000.0,16.0,2.5,416.6666666666667,2200.0
P7896,41.82,8000.0,16.0,3.2,416.6666666666667,2400.0
P7897,50.97,8000.0,16.0,3.9,416.6666666666667,2600.0
P7898,60.12,8000.0,16.0,4.6,416.6666666666667,2800.0
P7899,69.27,8000.0,16.0,5.3,416.6666666666667,3000.0
P7900,78.41,8000.0,16.0,6.0,416.6666666666667,3200.0
P7901,31.14,8000.0,16.8,2.5,416.6666666666667,2200.0
P7902,39.86,8000.0,16.8,3.2,416.6666666666667,2400.0
P7903,48.58,8000.0,16.8,3.9,416.6666666666667,2600.0
P7904,57.3,8000.0,16.8,4.6,416.6666666666667,2800.0
P7905,66.02,8000.0,16.8,5.3,416.6666666666667,3000.0
P7906,74.73,8000.0,16.8,6.0,416.6666666666667,3200.0
P7907,29.72,8000.0,17.6,2.5,416.6666666666667,2400.0
P7908,38.04,8000.0,17.6,3.2,416.6666666666667,2600.0
P7909,46.36,8000.0,17.6,3.9,416.6666666666667,2600.0
P7910,54.68,8000.0,17.6,4.6,416.6666666666667,3000.0
P7911,63.01,8000.0,17.6,5.3,416.6666666666667,3200.0
P7912,71.33,8000.0,17.6,6.0,416.6666666666667,3400.0
P7913,28.47,8000.0,18.4,2.5,416.6666666666667,2200.0
P7914,36.44,8000.0,18.4,3.2,416.6666666666667,2400.0
P7915,44.41,8000.0,18.4,3.9,416.6666666666667,2600.0
P7916,52.38,8000.0,18.4,4.6,416.6666666666667,3000.0
P7917,60.35,8000.0,18.4,5.3,416.6666666666667,3200.0
P7918,68.33,8000.0,18.4,6.0,416.6666666666667,3400.0
P7919,27.29,8000.0,19.2,2.5,416.6666666666667,2200.0
P7920,34.94,8000.0,19.2,3.2,416.6666666666667,2400.0
P7921,42.58,8000.0,19.2,3.9,416.6666666666667,2600.0
P7922,50.22,8000.0,19.2,4.6,416.6666666666667,3000.0
P7923,57.86,8000.0,19.2,5.3,416.6666666666667,3000.0
P7924,65.51,8000.0,19.2,6.0,416.6666666666667,3200.0
P7925,26.08,8000.0,20.0,2.5,416.6666666666667,2200.0
P7926,33.38,8000.0,20.0,3.2,416.6666666666667,2400.0
P7927,40.68,8000.0,20.0,3.9,416.6666666666667,2600.0
P7928,47.98,8000.0,20.0,4.6,416.6666666666667,2800.0
P7929,55.28,8000.0,20.0,5.3,416.6666666666667,3000.0
P7930,62.58,8000.0,20.0,6.0,416.6666666666667,3200.0
P7931,40.84,8000.0,16.0,2.5,462.5,2800.0
P7932,52.28,8000.0,16.0,3.2,462.5,3000.0
P7933,63.71,8000.0,16.0,3.9,462.5,3200.0
P7934,75.15,8000.0,16.0,4.6,462.5,3400.0
P7935,86.58,8000.0,16.0,5.3,462.5,3800.0
P7936,98.02,8000.0,16.0,6.0,462.5,4000.0
P7937,38.92,8000.0,16.8,2.5,462.5,2800.0
P7938,49.82,8000.0,16.8,3.2,462.5,3000.0
P7939,60.72,8000.0,16.8,3.9,462.5,3200.0
P7940,71.62,8000.0,16.8,4.6,462.5,3400.0
P7941,82.52,8000.0,16.8,5.3,462.5,3800.0
P7942,93.42,8000.0,16.8,6.0,462.5,4000.0
P7943,37.05,8000.0,17.6,2.5,462.5,2600.0
P7944,47.42,8000.0,17.6,3.2,462.5,3000.0
P7945,57.79,8000.0,17.6,3.9,462.5,3200.0
P7946,68.16,8000.0,17.6,4.6,462.5,3400.0
P7947,78.54,8000.0,17.6,5.3,462.5,3600.0
P7948,88.91,8000.0,17.6,6.0,462.5,3800.0
P7949,35.55,8000.0,18.4,2.5,462.5,2600.0
P7950,45.5,8000.0,18.4,3.2,462.5,2800.0
P7951,55.46,8000.0,18.4,3.9,462.5,3200.0
P7952,65.41,8000.0,18.4,4.6,462.5,3400.0
P7953,75.37,8000.0,18.4,5.3,462.5,3600.0
P7954,85.32,8000.0,18.4,6.0,462.5,3800.0
P7955,34.08,8000.0,19.2,2.5,462.5,2600.0
P7956,43.62,8000.0,19.2,3.2,462.5,2800.0
P7957,53.16,8000.0,19.2,3.9,462.5,3000.0
P7958,62.71,8000.0,19.2,4.6,462.5,3400.0
P7959,72.25,8000.0,19.2,5.3,462.5,3600.0
P7960,81.79,8000.0,19.2,6.0,462.5,3800.0
P7961,32.67,8000.0,20.0,2.5,462.5,2600.0
P7962,41.82,8000.0,20.0,3.2,462.5,2800.0
P7963,50.97,8000.0,20.0,3.9,462.5,3000.0
P7964,60.12,8000.0,20.0,4.6,462.5,3400.0
P7965,69.27,8000.0,20.0,5.3,462.5,3600.0
P7966,78.41,8000.0,20.0,6.0,462.5,3800.0
P7967,49.89,8000.0,16.0,2.5,508.3333333333334,3200.0
P7968,63.86,8000.0,16.0,3.2,508.3333333333334,3400.0
P7969,77.83,8000.0,16.0,3.9,508.3333333333334,3800.0
P7970,91.79,8000.0,16.0,4.6,508.3333333333334,4200.0
P7971,105.76,8000.0,16.0,5.3,508.3333333333334,4400.0
P7972,119.73,8000.0,16.0,6.0,508.3333333333334,4600.0
P7973,47.5,8000.0,16.8,2.5,508.3333333333334,3200.0
P7974,60.8,8000.0,16.8,3.2,508.3333333333334,3400.0
P7975,74.1,8000.0,16.8,3.9,508.3333333333334,3600.0
P7976,87.4,8000.0,16.8,4.6,508.3333333333334,4000.0
P7977,100.7,8000.0,16.8,5.3,508.3333333333334,4400.0
P7978,114.0,8000.0,16.8,6.0,508.3333333333334,4600.0
P7979,45.34,8000.0,17.6,2.5,508.3333333333334,3200.0
P7980,58.03,8000.0,17.6,3.2,508.3333333333334,3400.0
P7981,70.73,8000.0,17.6,3.9,508.3333333333334,3600.0
P7982,83.42,8000.0,17.6,4.6,508.3333333333334,4000.0
P7983,96.12,8000.0,17.6,5.3,508.3333333333334,4400.0
P7984,108.81,8000.0,17.6,6.0,508.3333333333334,4600.0
P7985,43.35,8000.0,18.4,2.5,508.3333333333334,3200.0
P7986,55.49,8000.0,18.4,3.2,508.3333333333334,3400.0
P7987,67.63,8000.0,18.4,3.9,508.3333333333334,3600.0
P7988,79.77,8000.0,18.4,4.6,508.3333333333334,4000.0
P7989,91.91,8000.0,18.4,5.3,508.3333333333334,4200.0
P7990,104.05,8000.0,18.4,6.0,508.3333333333334,4600.0
P7991,41.47,8000.0,19.2,2.5,508.3333333333334,3200.0
P7992,53.08,8000.0,19.2,3.2,508.3333333333334,3400.0
P7993,64.69,8000.0,19.2,3.9,508.3333333333334,3600.0
P7994,76.3,8000.0,19.2,4.6,508.3333333333334,4000.0
P7995,87.91,8000.0,19.2,5.3,508.3333333333334,4200.0
P7996,99.53,8000.0,19.2,6.0,508.3333333333334,4400.0
P7997,39.9,8000.0,20.0,2.5,508.3333333333334,3000.0
P7998,51.07,8000.0,20.0,3.2,508.3333333333334,3400.0
P7999,62.24,8000.0,20.0,3.9,508.3333333333334,3600.0
P8000,73.41,8000.0,20.0,4.6,508.3333333333334,4000.0
P8001,84.58,8000.0,20.0,5.3,508.3333333333334,4200.0
P8002,95.76,8000.0,20.0,6.0,508.3333333333334,4400.0
P8003,59.82,8000.0,16.0,2.5,554.1666666666667,3800.0
P8004,76.56,8000.0,16.0,3.2,554.1666666666667,4200.0
P8005,93.31,8000.0,16.0,3.9,554.1666666666667,4400.0
P8006,110.06,8000.0,16.0,4.6,554.1666666666667,4800.0
P8007,126.81,8000.0,16.0,5.3,554.1666666666667,5200.0
P8008,143.56,8000.0,16.0,6.0,554.1666666666667,5600.0
P8009,56.87,8000.0,16.8,2.5,554.1666666666667,3800.0
P8010,72.79,8000.0,16.8,3.2,554.1666666666667,4000.0
P8011,88.72,8000.0,16.8,3.9,554.1666666666667,4400.0
P8012,104.64,8000.0,16.8,4.6,554.1666666666667,4800.0
P8013,120.56,8000.0,16.8,5.3,554.1666666666667,5200.0
P8014,136.49,8000.0,16.8,6.0,554.1666666666667,5400.0
P8015,54.32,8000.0,17.6,2.5,554.1666666666667,3800.0
P8016,69.54,8000.0,17.6,3.2,554.1666666666667,4000.0
P8017,84.75,8000.0,17.6,3.9,554.1666666666667,4400.0
P8018,99.96,8000.0,17.6,4.6,554.1666666666667,4800.0
P8019,115.17,8000.0,17.6,5.3,554.1666666666667,5000.0
P8020,130.38,8000.0,17.6,6.0,554.1666666666667,5400.0
P8021,52.02,8000.0,18.4,2.5,554.1666666666667,3800.0
P8022,66.59,8000.0,18.4,3.2,554.1666666666667,4000.0
P8023,81.16,8000.0,18.4,3.9,554.1666666666667,4200.0
P8024,95.73,8000.0,18.4,4.6,554.1666666666667,4800.0
P8025,110.29,8000.0,18.4,5.3,554.1666666666667,5000.0
P8026,124.86,8000.0,18.4,6.0,554.1666666666667,5400.0
P8027,49.76,8000.0,19.2,2.5,554.1666666666667,3800.0
P8028,63.7,8000.0,19.2,3.2,554.1666666666667,4000.0
P8029,77.63,8000.0,19.2,3.9,554.1666666666667,4200.0
P8030,91.56,8000.0,19.2,4.6,554.1666666666667,4600.0
P8031,105.5,8000.0,19.2,5.3,554.1666666666667,5000.0
P8032,119.43,8000.0,19.2,6.0,554.1666666666667,5200.0
P8033,47.75,8000.0,20.0,2.5,554.1666666666667,3600.0
P8034,61.12,8000.0,20.0,3.2,554.1666666666667,4000.0
P8035,74.49,8000.0,20.0,3.9,554.1666666666667,4200.0
P8036,87.86,8000.0,20.0,4.6,554.1666666666667,4600.0
P8037,101.23,8000.0,20.0,5.3,554.1666666666667,5000.0
P8038,114.61,8000.0,20.0,6.0,554.1666666666667,5200.0
P8039,70.62,8000.0,16.0,2.5,600.0,4400.0
P8040,90.4,8000.0,16.0,3.2,600.0,4800.0
P8041,110.17,8000.0,16.0,3.9,600.0,5200.0
P8042,129.95,8000.0,16.0,4.6,600.0,5600.0
P8043,149.72,8000.0,16.0,5.3,600.0,6000.0
P8044,169.5,8000.0,16.0,6.0,600.0,6400.0
P8045,67.16,8000.0,16.8,2.5,600.0,4400.0
P8046,85.97,8000.0,16.8,3.2,600.0,4600.0
P8047,104.77,8000.0,16.8,3.9,600.0,5000.0
P8048,123.58,8000.0,16.8,4.6,600.0,5600.0
P8049,142.38,8000.0,16.8,5.3,600.0,6000.0
P8050,161.19,8000.0,16.8,6.0,600.0,6200.0
P8051,64.14,8000.0,17.6,2.5,600.0,4400.0
P8052,82.1,8000.0,17.6,3.2,600.0,4600.0
P8053,100.06,8000.0,17.6,3.9,600.0,5000.0
P8054,118.02,8000.0,17.6,4.6,600.0,5400.0
P8055,135.97,8000.0,17.6,5.3,600.0,5800.0
P8056,153.93,8000.0,17.6,6.0,600.0,6200.0
P8057,61.42,8000.0,18.4,2.5,600.0,4200.0
P8058,78.62,8000.0,18.4,3.2,600.0,4600.0
P8059,95.81,8000.0,18.4,3.9,600.0,5000.0
P8060,113.01,8000.0,18.4,4.6,600.0,5400.0
P8061,130.21,8000.0,18.4,5.3,600.0,5800.0
P8062,147.4,8000.0,18.4,6.0,600.0,6200.0
P8063,58.81,8000.0,19.2,2.5,600.0,4400.0
P8064,75.28,8000.0,19.2,3.2,600.0,4800.0
P8065,91.74,8000.0,19.2,3.9,600.0,5200.0
P8066,108.21,8000.0,19.2,4.6,600.0,5600.0
P8067,124.68,8000.0,19.2,5.3,600.0,6000.0
P8068,141.15,8000.0,19.2,6.0,600.0,6200.0
P8069,56.39,8000.0,20.0,2.5,600.0,4400.0
P8070,72.18,8000.0,20.0,3.2,600.0,4800.0
P8071,87.97,8000.0,20.0,3.9,600.0,5000.0
P8072,103.76,8000.0,20.0,4.6,600.0,5600.0
P8073,119.55,8000.0,20.0,5.3,600.0,5800.0
P8074,135.34,8000.0,20.0,6.0,600.0,6200.0
P8075,19.23,8666.666666666666,16.0,2.5,325.0,1500.0
P8076,24.61,8666.666666666666,16.0,3.2,325.0,1640.0
P8077,29.99,8666.666666666666,16.0,3.9,325.0,1760.0
P8078,35.38,8666.666666666666,16.0,4.6,325.0,1940.0
P8079,40.76,8666.666666666666,16.0,5.3,325.0,2000.0
P8080,46.14,8666.666666666666,16.0,6.0,325.0,2200.0
P8081,18.21,8666.666666666666,16.8,2.5,325.0,1480.0
P8082,23.31,8666.666666666666,16.8,3.2,325.0,1620.0
P8083,28.41,8666.666666666666,16.8,3.9,325.0,1740.0
P8084,33.5,8666.666666666666,16.8,4.6,325.0,1920.0
P8085,38.6,8666.666666666666,16.8,5.3,325.0,2000.0
P8086,43.7,8666.666666666666,16.8,6.0,325.0,2200.0
P8087,17.42,8666.666666666666,17.6,2.5,325.0,1480.0
P8088,22.29,8666.666666666666,17.6,3.2,325.0,1620.0
P8089,27.17,8666.666666666666,17.6,3.9,325.0,1720.0
P8090,32.05,8666.666666666666,17.6,4.6,325.0,1900.0
P8091,36.92,8666.666666666666,17.6,5.3,325.0,2000.0
P8092,41.8,8666.666666666666,17.6,6.0,325.0,2200.0
P8093,16.62,8666.666666666666,18.4,2.5,325.0,1460.0
P8094,21.27,8666.666666666666,18.4,3.2,325.0,1600.0
P8095,25.93,8666.666666666666,18.4,3.9,325.0,1720.0
P8096,30.58,8666.666666666666,18.4,4.6,325.0,1900.0
P8097,35.23,8666.666666666666,18.4,5.3,325.0,2000.0
P8098,39.89,8666.666666666666,18.4,6.0,325.0,2200.0
P8099,15.98,8666.666666666666,19.2,2.5,325.0,1460.0
P8100,20.46,8666.666666666666,19.2,3.2,325.0,1600.0
P8101,24.94,8666.666666666666,19.2,3.9,325.0,1700.0
P8102,29.41,8666.666666666666,19.2,4.6,325.0,1880.0
P8103,33.89,8666.666666666666,19.2,5.3,325.0,2000.0
P8104,38.36,8666.666666666666,19.2,6.0,325.0,2200.0
P8105,15.24,8666.666666666666,20.0,2.5,325.0,1460.0
P8106,19.5,8666.666666666666,20.0,3.2,325.0,1580.0
P8107,23.77,8666.666666666666,20.0,3.9,325.0,1700.0
P8108,28.04,8666.666666666666,20.0,4.6,325.0,1860.0
P8109,32.3,8666.666666666666,20.0,5.3,325.0,2000.0
P8110,36.57,8666.666666666666,20.0,6.0,325.0,2200.0
P8111,25.51,8666.666666666666,16.0,2.5,370.8333333333333,1820.0
P8112,32.65,8666.666666666666,16.0,3.2,370.8333333333333,2000.0
P8113,39.8,8666.666666666666,16.0,3.9,370.8333333333333,2200.0
P8114,46.94,8666.666666666666,16.0,4.6,370.8333333333333,2400.0
P8115,54.08,8666.666666666666,16.0,5.3,370.8333333333333,2600.0
P8116,61.22,8666.666666666666,16.0,6.0,370.8333333333333,2800.0
P8117,24.28,8666.666666666666,16.8,2.5,370.8333333333333,1820.0
P8118,31.08,8666.666666666666,16.8,3.2,370.8333333333333,1980.0
P8119,37.87,8666.666666666666,16.8,3.9,370.8333333333333,2200.0
P8120,44.67,8666.666666666666,16.8,4.6,370.8333333333333,2400.0
P8121,51.47,8666.666666666666,16.8,5.3,370.8333333333333,2600.0
P8122,58.27,8666.666666666666,16.8,6.0,370.8333333333333,2600.0
P8123,23.22,8666.666666666666,17.6,2.5,370.8333333333333,1800.0
P8124,29.72,8666.666666666666,17.6,3.2,370.8333333333333,1960.0
P8125,36.23,8666.666666666666,17.6,3.9,370.8333333333333,2200.0
P8126,42.73,8666.666666666666,17.6,4.6,370.8333333333333,2400.0
P8127,49.23,8666.666666666666,17.6,5.3,370.8333333333333,2400.0
P8128,55.73,8666.666666666666,17.6,6.0,370.8333333333333,2600.0
P8129,22.11,8666.666666666666,18.4,2.5,370.8333333333333,1800.0
P8130,28.3,8666.666666666666,18.4,3.2,370.8333333333333,1940.0
P8131,34.49,8666.666666666666,18.4,3.9,370.8333333333333,2000.0
P8132,40.68,8666.666666666666,18.4,4.6,370.8333333333333,2400.0
P8133,46.87,8666.666666666666,18.4,5.3,370.8333333333333,2400.0
P8134,53.07,8666.666666666666,18.4,6.0,370.8333333333333,2600.0
P8135,21.26,8666.666666666666,19.2,2.5,370.8333333333333,1780.0
P8136,27.22,8666.666666666666,19.2,3.2,370.8333333333333,1940.0
P8137,33.17,8666.666666666666,19.2,3.9,370.8333333333333,2000.0
P8138,39.12,8666.666666666666,19.2,4.6,370.8333333333333,2400.0
P8139,45.08,8666.666666666666,19.2,5.3,370.8333333333333,2400.0
P8140,51.03,8666.666666666666,19.2,6.0,370.8333333333333,2600.0
P8141,20.42,8666.666666666666,20.0,2.5,370.8333333333333,1780.0
P8142,26.14,8666.666666666666,20.0,3.2,370.8333333333333,1920.0
P8143,31.86,8666.666666666666,20.0,3.9,370.8333333333333,2000.0
P8144,37.57,8666.666666666666,20.0,4.6,370.8333333333333,2200.0
P8145,43.29,8666.666666666666,20.0,5.3,370.8333333333333,2400.0
P8146,49.01,8666.666666666666,20.0,6.0,370.8333333333333,2600.0
P8147,32.67,8666.666666666666,16.0,2.5,416.6666666666667,2200.0
P8148,41.82,8666.666666666666,16.0,3.2,416.6666666666667,2400.0
P8149,50.97,8666.666666666666,16.0,3.9,416.6666666666667,2600.0
P8150,60.12,8666.666666666666,16.0,4.6,416.6666666666667,2800.0
P8151,69.27,8666.666666666666,16.0,5.3,416.6666666666667,3000.0
P8152,78.41,8666.666666666666,16.0,6.0,416.6666666666667,3200.0
P8153,31.14,8666.666666666666,16.8,2.5,416.6666666666667,2200.0
P8154,39.86,8666.666666666666,16.8,3.2,416.6666666666667,2400.0
P8155,48.58,8666.666666666666,16.8,3.9,416.6666666666667,2600.0
P8156,57.3,8666.666666666666,16.8,4.6,416.6666666666667,2800.0
P8157,66.02,8666.666666666666,16.8,5.3,416.6666666666667,3000.0
P8158,74.73,8666.666666666666,16.8,6.0,416.6666666666667,3200.0
P8159,29.72,8666.666666666666,17.6,2.5,416.6666666666667,2400.0
P8160,38.04,8666.666666666666,17.6,3.2,416.6666666666667,2600.0
P8161,46.36,8666.666666666666,17.6,3.9,416.6666666666667,2800.0
P8162,54.68,8666.666666666666,17.6,4.6,416.6666666666667,3000.0
P8163,63.01,8666.666666666666,17.6,5.3,416.6666666666667,3200.0
P8164,71.33,8666.666666666666,17.6,6.0,416.6666666666667,3400.0
P8165,28.47,8666.666666666666,18.4,2.5,416.6666666666667,2400.0
P8166,36.44,8666.666666666666,18.4,3.2,416.6666666666667,2600.0
P8167,44.41,8666.666666666666,18.4,3.9,416.6666666666667,2800.0
P8168,52.38,8666.666666666666,18.4,4.6,416.6666666666667,3000.0
P8169,60.35,8666.666666666666,18.4,5.3,416.6666666666667,3200.0
P8170,68.33,8666.666666666666,18.4,6.0,416.6666666666667,3400.0
P8171,27.29,8666.666666666666,19.2,2.5,416.6666666666667,2400.0
P8172,34.94,8666.666666666666,19.2,3.2,416.6666666666667,2600.0
P8173,42.58,8666.666666666666,19.2,3.9,416.6666666666667,2600.0
P8174,50.22,8666.666666666666,19.2,4.6,416.6666666666667,3000.0
P8175,57.86,8666.666666666666,19.2,5.3,416.6666666666667,3200.0
P8176,65.51,8666.666666666666,19.2,6.0,416.6666666666667,3400.0
P8177,26.08,8666.666666666666,20.0,2.5,416.6666666666667,2200.0
P8178,33.38,8666.666666666666,20.0,3.2,416.6666666666667,2400.0
P8179,40.68,8666.666666666666,20.0,3.9,416.6666666666667,2600.0
P8180,47.98,8666.666666666666,20.0,4.6,416.6666666666667,3000.0
P8181,55.28,8666.666666666666,20.0,5.3,416.6666666666667,3000.0
P8182,62.58,8666.666666666666,20.0,6.0,416.6666666666667,3200.0
P8183,40.84,8666.666666666666,16.0,2.5,462.5,2800.0
P8184,52.28,8666.666666666666,16.0,3.2,462.5,3000.0
P8185,63.71,8666.666666666666,16.0,3.9,462.5,3200.0
P8186,75.15,8666.666666666666,16.0,4.6,462.5,3600.0
P8187,86.58,8666.666666666666,16.0,5.3,462.5,3800.0
P8188,98.02,8666.666666666666,16.0,6.0,462.5,4000.0
P8189,38.92,8666.666666666666,16.8,2.5,462.5,2800.0
P8190,49.82,8666.666666666666,16.8,3.2,462.5,3000.0
P8191,60.72,8666.666666666666,16.8,3.9,462.5,3200.0
P8192,71.62,8666.666666666666,16.8,4.6,462.5,3400.0
P8193,82.52,8666.666666666666,16.8,5.3,462.5,3800.0
P8194,93.42,8666.666666666666,16.8,6.0,462.5,4000.0
P8195,37.05,8666.666666666666,17.6,2.5,462.5,2800.0
P8196,47.42,8666.666666666666,17.6,3.2,462.5,3000.0
P8197,57.79,8666.666666666666,17.6,3.9,462.5,3200.0
P8198,68.16,8666.666666666666,17.6,4.6,462.5,3400.0
P8199,78.54,8666.666666666666,17.6,5.3,462.5,3600.0
P8200,88.91,8666.666666666666,17.6,6.0,462.5,3800.0
P8201,35.55,8666.666666666666,18.4,2.5,462.5,2600.0
P8202,45.5,8666.666666666666,18.4,3.2,462.5,3000.0
P8203,55.46,8666.666666666666,18.4,3.9,462.5,3200.0
P8204,65.41,8666.666666666666,18.4,4.6,462.5,3400.0
P8205,75.37,8666.666666666666,18.4,5.3,462.5,3600.0
P8206,85.32,8666.666666666666,18.4,6.0,462.5,3800.0
P8207,34.08,8666.666666666666,19.2,2.5,462.5,2600.0
P8208,43.62,8666.666666666666,19.2,3.2,462.5,2800.0
P8209,53.16,8666.666666666666,19.2,3.9,462.5,3200.0
P8210,62.71,8666.666666666666,19.2,4.6,462.5,3400.0
P8211,72.25,8666.666666666666,19.2,5.3,462.5,3600.0
P8212,81.79,8666.666666666666,19.2,6.0,462.5,3800.0
P8213,32.67,8666.666666666666,20.0,2.5,462.5,2600.0
P8214,41.82,8666.666666666666,20.0,3.2,462.5,2800.0
P8215,50.97,8666.666666666666,20.0,3.9,462.5,3000.0
P8216,60.12,8666.666666666666,20.0,4.6,462.5,3400.0
P8217,69.27,8666.666666666666,20.0,5.3,462.5,3600.0
P8218,78.41,8666.666666666666,20.0,6.0,462.5,3800.0
P8219,49.89,8666.666666666666,16.0,2.5,508.3333333333334,3200.0
P8220,63.86,8666.666666666666,16.0,3.2,508.3333333333334,3600.0
P8221,77.83,8666.666666666666,16.0,3.9,508.3333333333334,3800.0
P8222,91.79,8666.666666666666,16.0,4.6,508.3333333333334,4200.0
P8223,105.76,8666.666666666666,16.0,5.3,508.3333333333334,4400.0
P8224,119.73,8666.666666666666,16.0,6.0,508.3333333333334,4800.0
P8225,47.5,8666.666666666666,16.8,2.5,508.3333333333334,3200.0
P8226,60.8,8666.666666666666,16.8,3.2,508.3333333333334,3400.0
P8227,74.1,8666.666666666666,16.8,3.9,508.3333333333334,3800.0
P8228,87.4,8666.666666666666,16.8,4.6,508.3333333333334,4200.0
P8229,100.7,8666.666666666666,16.8,5.3,508.3333333333334,4400.0
P8230,114.0,8666.666666666666,16.8,6.0,508.3333333333334,4600.0
P8231,45.34,8666.666666666666,17.6,2.5,508.3333333333334,3200.0
P8232,58.03,8666.666666666666,17.6,3.2,508.3333333333334,3400.0
P8233,70.73,8666.666666666666,17.6,3.9,508.3333333333334,3800.0
P8234,83.42,8666.666666666666,17.6,4.6,508.3333333333334,4000.0
P8235,96.12,8666.666666666666,17.6,5.3,508.3333333333334,4400.0
P8236,108.81,8666.666666666666,17.6,6.0,508.3333333333334,4600.0
P8237,43.35,8666.666666666666,18.4,2.5,508.3333333333334,3200.0
P8238,55.49,8666.666666666666,18.4,3.2,508.3333333333334,3400.0
P8239,67.63,8666.666666666666,18.4,3.9,508.3333333333334,3600.0
P8240,79.77,8666.666666666666,18.4,4.6,508.3333333333334,4000.0
P8241,91.91,8666.666666666666,18.4,5.3,508.3333333333334,4400.0
P8242,104.05,8666.666666666666,18.4,6.0,508.3333333333334,4600.0
P8243,41.47,8666.666666666666,19.2,2.5,508.3333333333334,3200.0
P8244,53.08,8666.666666666666,19.2,3.2,508.3333333333334,3400.0
P8245,64.69,8666.666666666666,19.2,3.9,508.3333333333334,3600.0
P8246,76.3,8666.666666666666,19.2,4.6,508.3333333333334,4000.0
P8247,87.91,8666.666666666666,19.2,5.3,508.3333333333334,4200.0
P8248,99.53,8666.666666666666,19.2,6.0,508.3333333333334,4600.0
P8249,39.9,8666.666666666666,20.0,2.5,508.3333333333334,3200.0
P8250,51.07,8666.666666666666,20.0,3.2,508.3333333333334,3400.0
P8251,62.24,8666.666666666666,20.0,3.9,508.3333333333334,3600.0
P8252,73.41,8666.666666666666,20.0,4.6,508.3333333333334,4000.0
P8253,84.58,8666.666666666666,20.0,5.3,508.3333333333334,4200.0
P8254,95.76,8666.666666666666,20.0,6.0,508.3333333333334,4400.0
P8255,59.82,8666.666666666666,16.0,2.5,554.1666666666667,3800.0
P8256,76.56,8666.666666666666,16.0,3.2,554.1666666666667,4200.0
P8257,93.31,8666.666666666666,16.0,3.9,554.1666666666667,4400.0
P8258,110.06,8666.666666666666,16.0,4.6,554.1666666666667,4800.0
P8259,126.81,8666.666666666666,16.0,5.3,554.1666666666667,5200.0
P8260,143.56,8666.666666666666,16.0,6.0,554.1666666666667,5600.0
P8261,56.87,8666.666666666666,16.8,2.5,554.1666666666667,3800.0
P8262,72.79,8666.666666666666,16.8,3.2,554.1666666666667,4200.0
P8263,88.72,8666.666666666666,16.8,3.9,554.1666666666667,4400.0
P8264,104.64,8666.666666666666,16.8,4.6,554.1666666666667,4800.0
P8265,120.56,8666.666666666666,16.8,5.3,554.1666666666667,5200.0
P8266,136.49,8666.666666666666,16.8,6.0,554.1666666666667,5400.0
P8267,54.32,8666.666666666666,17.6,2.5,554.1666666666667,3800.0
P8268,69.54,8666.666666666666,17.6,3.2,554.1666666666667,4000.0
P8269,84.75,8666.666666666666,17.6,3.9,554.1666666666667,4400.0
P8270,99.96,8666.666666666666,17.6,4.6,554.1666666666667,4800.0
P8271,115.17,8666.666666666666,17.6,5.3,554.1666666666667,5200.0
P8272,130.38,8666.666666666666,17.6,6.0,554.1666666666667,5400.0
P8273,52.02,8666.666666666666,18.4,2.5,554.1666666666667,3800.0
P8274,66.59,8666.666666666666,18.4,3.2,554.1666666666667,4000.0
P8275,81.16,8666.666666666666,18.4,3.9,554.1666666666667,4400.0
P8276,95.73,8666.666666666666,18.4,4.6,554.1666666666667,4800.0
P8277,110.29,8666.666666666666,18.4,5.3,554.1666666666667,5000.0
P8278,124.86,8666.666666666666,18.4,6.0,554.1666666666667,5400.0
P8279,49.76,8666.666666666666,19.2,2.5,554.1666666666667,3800.0
P8280,63.7,8666.666666666666,19.2,3.2,554.1666666666667,4000.0
P8281,77.63,8666.666666666666,19.2,3.9,554.1666666666667,4400.0
P8282,91.56,8666.666666666666,19.2,4.6,554.1666666666667,4800.0
P8283,105.5,8666.666666666666,19.2,5.3,554.1666666666667,5000.0
P8284,119.43,8666.666666666666,19.2,6.0,554.1666666666667,5400.0
P8285,47.75,8666.666666666666,20.0,2.5,554.1666666666667,3800.0
P8286,61.12,8666.666666666666,20.0,3.2,554.1666666666667,4000.0
P8287,74.49,8666.666666666666,20.0,3.9,554.1666666666667,4200.0
P8288,87.86,8666.666666666666,20.0,4.6,554.1666666666667,4600.0
P8289,101.23,8666.666666666666,20.0,5.3,554.1666666666667,5000.0
P8290,114.61,8666.666666666666,20.0,6.0,554.1666666666667,5200.0
P8291,70.62,8666.666666666666,16.0,2.5,600.0,4400.0
P8292,90.4,8666.666666666666,16.0,3.2,600.0,4800.0
P8293,110.17,8666.666666666666,16.0,3.9,600.0,5200.0
P8294,129.95,8666.666666666666,16.0,4.6,600.0,5600.0
P8295,149.72,8666.666666666666,16.0,5.3,600.0,6000.0
P8296,169.5,8666.666666666666,16.0,6.0,600.0,6400.0
P8297,67.16,8666.666666666666,16.8,2.5,600.0,4400.0
P8298,85.97,8666.666666666666,16.8,3.2,600.0,4800.0
P8299,104.77,8666.666666666666,16.8,3.9,600.0,5200.0
P8300,123.58,8666.666666666666,16.8,4.6,600.0,5600.0
P8301,142.38,8666.666666666666,16.8,5.3,600.0,6000.0
P8302,161.19,8666.666666666666,16.8,6.0,600.0,6400.0
P8303,64.14,8666.666666666666,17.6,2.5,600.0,4400.0
P8304,82.1,8666.666666666666,17.6,3.2,600.0,4800.0
P8305,100.06,8666.666666666666,17.6,3.9,600.0,5000.0
P8306,118.02,8666.666666666666,17.6,4.6,600.0,5600.0
P8307,135.97,8666.666666666666,17.6,5.3,600.0,6000.0
P8308,153.93,8666.666666666666,17.6,6.0,600.0,6200.0
P8309,61.42,8666.666666666666,18.4,2.5,600.0,4400.0
P8310,78.62,8666.666666666666,18.4,3.2,600.0,4600.0
P8311,95.81,8666.666666666666,18.4,3.9,600.0,5000.0
P8312,113.01,8666.666666666666,18.4,4.6,600.0,5600.0
P8313,130.21,8666.666666666666,18.4,5.3,600.0,5800.0
P8314,147.4,8666.666666666666,18.4,6.0,600.0,6200.0
P8315,58.81,8666.666666666666,19.2,2.5,600.0,4600.0
P8316,75.28,8666.666666666666,19.2,3.2,600.0,4800.0
P8317,91.74,8666.666666666666,19.2,3.9,600.0,5200.0
P8318,108.21,8666.666666666666,19.2,4.6,600.0,5600.0
P8319,124.68,8666.666666666666,19.2,5.3,600.0,6000.0
P8320,141.15,8666.666666666666,19.2,6.0,600.0,6400.0
P8321,56.39,8666.666666666666,20.0,2.5,600.0,4600.0
P8322,72.18,8666.666666666666,20.0,3.2,600.0,4800.0
P8323,87.97,8666.666666666666,20.0,3.9,600.0,5200.0
P8324,103.76,8666.666666666666,20.0,4.6,600.0,5600.0
P8325,119.55,8666.666666666666,20.0,5.3,600.0,6000.0
P8326,135.34,8666.666666666666,20.0,6.0,600.0,6200.0
P8327,19.23,9333.333333333332,16.0,2.5,325.0,1520.0
P8328,24.61,9333.333333333332,16.0,3.2,325.0,1640.0
P8329,29.99,9333.333333333332,16.0,3.9,325.0,1760.0
P8330,35.38,9333.333333333332,16.0,4.6,325.0,1940.0
P8331,40.76,9333.333333333332,16.0,5.3,325.0,2000.0
P8332,46.14,9333.333333333332,16.0,6.0,325.0,2200.0
P8333,18.21,9333.333333333332,16.8,2.5,325.0,1500.0
P8334,23.31,9333.333333333332,16.8,3.2,325.0,1620.0
P8335,28.41,9333.333333333332,16.8,3.9,325.0,1740.0
P8336,33.5,9333.333333333332,16.8,4.6,325.0,1920.0
P8337,38.6,9333.333333333332,16.8,5.3,325.0,2000.0
P8338,43.7,9333.333333333332,16.8,6.0,325.0,2200.0
P8339,17.42,9333.333333333332,17.6,2.5,325.0,1500.0
P8340,22.29,9333.333333333332,17.6,3.2,325.0,1620.0
P8341,27.17,9333.333333333332,17.6,3.9,325.0,1720.0
P8342,32.05,9333.333333333332,17.6,4.6,325.0,1900.0
P8343,36.92,9333.333333333332,17.6,5.3,325.0,2000.0
P8344,41.8,9333.333333333332,17.6,6.0,325.0,2200.0
P8345,16.62,9333.333333333332,18.4,2.5,325.0,1480.0
P8346,21.27,9333.333333333332,18.4,3.2,325.0,1600.0
P8347,25.93,9333.333333333332,18.4,3.9,325.0,1720.0
P8348,30.58,9333.333333333332,18.4,4.6,325.0,1900.0
P8349,35.23,9333.333333333332,18.4,5.3,325.0,2000.0
P8350,39.89,9333.333333333332,18.4,6.0,325.0,2200.0
P8351,15.98,9333.333333333332,19.2,2.5,325.0,1480.0
P8352,20.46,9333.333333333332,19.2,3.2,325.0,1600.0
P8353,24.94,9333.333333333332,19.2,3.9,325.0,1700.0
P8354,29.41,9333.333333333332,19.2,4.6,325.0,1880.0
P8355,33.89,9333.333333333332,19.2,5.3,325.0,2000.0
P8356,38.36,9333.333333333332,19.2,6.0,325.0,2200.0
P8357,15.24,9333.333333333332,20.0,2.5,325.0,1480.0
P8358,19.5,9333.333333333332,20.0,3.2,325.0,1580.0
P8359,23.77,9333.333333333332,20.0,3.9,325.0,1700.0
P8360,28.04,9333.333333333332,20.0,4.6,325.0,1860.0
P8361,32.3,9333.333333333332,20.0,5.3,325.0,2000.0
P8362,36.57,9333.333333333332,20.0,6.0,325.0,2200.0
P8363,25.51,9333.333333333332,16.0,2.5,370.8333333333333,1840.0
P8364,32.65,9333.333333333332,16.0,3.2,370.8333333333333,2000.0
P8365,39.8,9333.333333333332,16.0,3.9,370.8333333333333,2200.0
P8366,46.94,9333.333333333332,16.0,4.6,370.8333333333333,2400.0
P8367,54.08,9333.333333333332,16.0,5.3,370.8333333333333,2600.0
P8368,61.22,9333.333333333332,16.0,6.0,370.8333333333333,2800.0
P8369,24.28,9333.333333333332,16.8,2.5,370.8333333333333,1840.0
P8370,31.08,9333.333333333332,16.8,3.2,370.8333333333333,2000.0
P8371,37.87,9333.333333333332,16.8,3.9,370.8333333333333,2200.0
P8372,44.67,9333.333333333332,16.8,4.6,370.8333333333333,2400.0
P8373,51.47,9333.333333333332,16.8,5.3,370.8333333333333,2600.0
P8374,58.27,9333.333333333332,16.8,6.0,370.8333333333333,2800.0
P8375,23.22,9333.333333333332,17.6,2.5,370.8333333333333,1820.0
P8376,29.72,9333.333333333332,17.6,3.2,370.8333333333333,1980.0
P8377,36.23,9333.333333333332,17.6,3.9,370.8333333333333,2200.0
P8378,42.73,9333.333333333332,17.6,4.6,370.8333333333333,2400.0
P8379,49.23,9333.333333333332,17.6,5.3,370.8333333333333,2600.0
P8380,55.73,9333.333333333332,17.6,6.0,370.8333333333333,2600.0
P8381,22.11,9333.333333333332,18.4,2.5,370.8333333333333,1820.0
P8382,28.3,9333.333333333332,18.4,3.2,370.8333333333333,1960.0
P8383,34.49,9333.333333333332,18.4,3.9,370.8333333333333,2200.0
P8384,40.68,9333.333333333332,18.4,4.6,370.8333333333333,2400.0
P8385,46.87,9333.333333333332,18.4,5.3,370.8333333333333,2400.0
P8386,53.07,9333.333333333332,18.4,6.0,370.8333333333333,2600.0
P8387,21.26,9333.333333333332,19.2,2.5,370.8333333333333,1800.0
P8388,27.22,9333.333333333332,19.2,3.2,370.8333333333333,1960.0
P8389,33.17,9333.333333333332,19.2,3.9,370.8333333333333,2000.0
P8390,39.12,9333.333333333332,19.2,4.6,370.8333333333333,2400.0
P8391,45.08,9333.333333333332,19.2,5.3,370.8333333333333,2400.0
P8392,51.03,9333.333333333332,19.2,6.0,370.8333333333333,2600.0
P8393,20.42,9333.333333333332,20.0,2.5,370.8333333333333,1800.0
P8394,26.14,9333.333333333332,20.0,3.2,370.8333333333333,1940.0
P8395,31.86,9333.333333333332,20.0,3.9,370.8333333333333,2000.0
P8396,37.57,9333.333333333332,20.0,4.6,370.8333333333333,2400.0
P8397,43.29,9333.333333333332,20.0,5.3,370.8333333333333,2400.0
P8398,49.01,9333.333333333332,20.0,6.0,370.8333333333333,2600.0
P8399,32.67,9333.333333333332,16.0,2.5,416.6666666666667,2200.0
P8400,41.82,9333.333333333332,16.0,3.2,416.6666666666667,2400.0
P8401,50.97,9333.333333333332,16.0,3.9,416.6666666666667,2600.0
P8402,60.12,9333.333333333332,16.0,4.6,416.6666666666667,2800.0
P8403,69.27,9333.333333333332,16.0,5.3,416.6666666666667,3200.0
P8404,78.41,9333.333333333332,16.0,6.0,416.6666666666667,3200.0
P8405,31.14,9333.333333333332,16.8,2.5,416.6666666666667,2200.0
P8406,39.86,9333.333333333332,16.8,3.2,416.6666666666667,2400.0
P8407,48.58,9333.333333333332,16.8,3.9,416.6666666666667,2600.0
P8408,57.3,9333.333333333332,16.8,4.6,416.6666666666667,2800.0
P8409,66.02,9333.333333333332,16.8,5.3,416.6666666666667,3000.0
P8410,74.73,9333.333333333332,16.8,6.0,416.6666666666667,3200.0
P8411,29.72,9333.333333333332,17.6,2.5,416.6666666666667,2400.0
P8412,38.04,9333.333333333332,17.6,3.2,416.6666666666667,2600.0
P8413,46.36,9333.333333333332,17.6,3.9,416.6666666666667,2800.0
P8414,54.68,9333.333333333332,17.6,4.6,416.6666666666667,3000.0
P8415,63.01,9333.333333333332,17.6,5.3,416.6666666666667,3200.0
P8416,71.33,9333.333333333332,17.6,6.0,416.6666666666667,3400.0
P8417,28.47,9333.333333333332,18.4,2.5,416.6666666666667,2400.0
P8418,36.44,9333.333333333332,18.4,3.2,416.6666666666667,2600.0
P8419,44.41,9333.333333333332,18.4,3.9,416.6666666666667,2800.0
P8420,52.38,9333.333333333332,18.4,4.6,416.6666666666667,3000.0
P8421,60.35,9333.333333333332,18.4,5.3,416.6666666666667,3200.0
P8422,68.33,9333.333333333332,18.4,6.0,416.6666666666667,3400.0
P8423,27.29,9333.333333333332,19.2,2.5,416.6666666666667,2400.0
P8424,34.94,9333.333333333332,19.2,3.2,416.6666666666667,2600.0
P8425,42.58,9333.333333333332,19.2,3.9,416.6666666666667,2800.0
P8426,50.22,9333.333333333332,19.2,4.6,416.6666666666667,3000.0
P8427,57.86,9333.333333333332,19.2,5.3,416.6666666666667,3200.0
P8428,65.51,9333.333333333332,19.2,6.0,416.6666666666667,3400.0
P8429,26.08,9333.333333333332,20.0,2.5,416.6666666666667,2400.0
P8430,33.38,9333.333333333332,20.0,3.2,416.6666666666667,2400.0
P8431,40.68,9333.333333333332,20.0,3.9,416.6666666666667,2600.0
P8432,47.98,9333.333333333332,20.0,4.6,416.6666666666667,3000.0
P8433,55.28,9333.333333333332,20.0,5.3,416.6666666666667,3200.0
P8434,62.58,9333.333333333332,20.0,6.0,416.6666666666667,3200.0
P8435,40.84,9333.333333333332,16.0,2.5,462.5,2800.0
P8436,52.28,9333.333333333332,16.0,3.2,462.5,3000.0
P8437,63.71,9333.333333333332,16.0,3.9,462.5,3200.0
P8438,75.15,9333.333333333332,16.0,4.6,462.5,3600.0
P8439,86.58,9333.333333333332,16.0,5.3,462.5,3800.0
P8440,98.02,9333.333333333332,16.0,6.0,462.5,4000.0
P8441,38.92,9333.333333333332,16.8,2.5,462.5,2800.0
P8442,49.82,9333.333333333332,16.8,3.2,462.5,3000.0
P8443,60.72,9333.333333333332,16.8,3.9,462.5,3200.0
P8444,71.62,9333.333333333332,16.8,4.6,462.5,3600.0
P8445,82.52,9333.333333333332,16.8,5.3,462.5,3800.0
P8446,93.42,9333.333333333332,16.8,6.0,462.5,4000.0
P8447,37.05,9333.333333333332,17.6,2.5,462.5,2800.0
P8448,47.42,9333.333333333332,17.6,3.2,462.5,3000.0
P8449,57.79,9333.333333333332,17.6,3.9,462.5,3200.0
P8450,68.16,9333.333333333332,17.6,4.6,462.5,3400.0
P8451,78.54,9333.333333333332,17.6,5.3,462.5,3800.0
P8452,88.91,9333.333333333332,17.6,6.0,462.5,4000.0
P8453,35.55,9333.333333333332,18.4,2.5,462.5,2800.0
P8454,45.5,9333.333333333332,18.4,3.2,462.5,3000.0
P8455,55.46,9333.333333333332,18.4,3.9,462.5,3200.0
P8456,65.41,9333.333333333332,18.4,4.6,462.5,3400.0
P8457,75.37,9333.333333333332,18.4,5.3,462.5,3600.0
P8458,85.32,9333.333333333332,18.4,6.0,462.5,3800.0
P8459,34.08,9333.333333333332,19.2,2.5,462.5,2800.0
P8460,43.62,9333.333333333332,19.2,3.2,462.5,3000.0
P8461,53.16,9333.333333333332,19.2,3.9,462.5,3200.0
P8462,62.71,9333.333333333332,19.2,4.6,462.5,3400.0
P8463,72.25,9333.333333333332,19.2,5.3,462.5,3600.0
P8464,81.79,9333.333333333332,19.2,6.0,462.5,3800.0
P8465,32.67,9333.333333333332,20.0,2.5,462.5,2800.0
P8466,41.82,9333.333333333332,20.0,3.2,462.5,3000.0
P8467,50.97,9333.333333333332,20.0,3.9,462.5,3200.0
P8468,60.12,9333.333333333332,20.0,4.6,462.5,3400.0
P8469,69.27,9333.333333333332,20.0,5.3,462.5,3600.0
P8470,78.41,9333.333333333332,20.0,6.0,462.5,3800.0
P8471,49.89,9333.333333333332,16.0,2.5,508.3333333333334,3400.0
P8472,63.86,9333.333333333332,16.0,3.2,508.3333333333334,3600.0
P8473,77.83,9333.333333333332,16.0,3.9,508.3333333333334,3800.0
P8474,91.79,9333.333333333332,16.0,4.6,508.3333333333334,4200.0
P8475,105.76,9333.333333333332,16.0,5.3,508.3333333333334,4600.0
P8476,119.73,9333.333333333332,16.0,6.0,508.3333333333334,4800.0
P8477,47.5,9333.333333333332,16.8,2.5,508.3333333333334,3200.0
P8478,60.8,9333.333333333332,16.8,3.2,508.3333333333334,3600.0
P8479,74.1,9333.333333333332,16.8,3.9,508.3333333333334,3800.0
P8480,87.4,9333.333333333332,16.8,4.6,508.3333333333334,4200.0
P8481,100.7,9333.333333333332,16.8,5.3,508.3333333333334,4400.0
P8482,114.0,9333.333333333332,16.8,6.0,508.3333333333334,4800.0
P8483,45.34,9333.333333333332,17.6,2.5,508.3333333333334,3200.0
P8484,58.03,9333.333333333332,17.6,3.2,508.3333333333334,3600.0
P8485,70.73,9333.333333333332,17.6,3.9,508.3333333333334,3800.0
P8486,83.42,9333.333333333332,17.6,4.6,508.3333333333334,4200.0
P8487,96.12,9333.333333333332,17.6,5.3,508.3333333333334,4400.0
P8488,108.81,9333.333333333332,17.6,6.0,508.3333333333334,4600.0
P8489,43.35,9333.333333333332,18.4,2.5,508.3333333333334,3200.0
P8490,55.49,9333.333333333332,18.4,3.2,508.3333333333334,3400.0
P8491,67.63,9333.333333333332,18.4,3.9,508.3333333333334,3800.0
P8492,79.77,9333.333333333332,18.4,4.6,508.3333333333334,4000.0
P8493,91.91,9333.333333333332,18.4,5.3,508.3333333333334,4400.0
P8494,104.05,9333.333333333332,18.4,6.0,508.3333333333334,4600.0
P8495,41.47,9333.333333333332,19.2,2.5,508.3333333333334,3200.0
P8496,53.08,9333.333333333332,19.2,3.2,508.3333333333334,3400.0
P8497,64.69,9333.333333333332,19.2,3.9,508.3333333333334,3600.0
P8498,76.3,9333.333333333332,19.2,4.6,508.3333333333334,4000.0
P8499,87.91,9333.333333333332,19.2,5.3,508.3333333333334,4400.0
P8500,99.53,9333.333333333332,19.2,6.0,508.3333333333334,4600.0
P8501,39.9,9333.333333333332,20.0,2.5,508.3333333333334,3200.0
P8502,51.07,9333.333333333332,20.0,3.2,508.3333333333334,3400.0
P8503,62.24,9333.333333333332,20.0,3.9,508.3333333333334,3600.0
P8504,73.41,9333.333333333332,20.0,4.6,508.3333333333334,4000.0
P8505,84.58,9333.333333333332,20.0,5.3,508.3333333333334,4200.0
P8506,95.76,9333.333333333332,20.0,6.0,508.3333333333334,4600.0
P8507,59.82,9333.333333333332,16.0,2.5,554.1666666666667,3800.0
P8508,76.56,9333.333333333332,16.0,3.2,554.1666666666667,4200.0
P8509,93.31,9333.333333333332,16.0,3.9,554.1666666666667,4600.0
P8510,110.06,9333.333333333332,16.0,4.6,554.1666666666667,5000.0
P8511,126.81,9333.333333333332,16.0,5.3,554.1666666666667,5200.0
P8512,143.56,9333.333333333332,16.0,6.0,554.1666666666667,5600.0
P8513,56.87,9333.333333333332,16.8,2.5,554.1666666666667,3800.0
P8514,72.79,9333.333333333332,16.8,3.2,554.1666666666667,4200.0
P8515,88.72,9333.333333333332,16.8,3.9,554.1666666666667,4400.0
P8516,104.64,9333.333333333332,16.8,4.6,554.1666666666667,5000.0
P8517,120.56,9333.333333333332,16.8,5.3,554.1666666666667,5200.0
P8518,136.49,9333.333333333332,16.8,6.0,554.1666666666667,5600.0
P8519,54.32,9333.333333333332,17.6,2.5,554.1666666666667,3800.0
P8520,69.54,9333.333333333332,17.6,3.2,554.1666666666667,4200.0
P8521,84.75,9333.333333333332,17.6,3.9,554.1666666666667,4400.0
P8522,99.96,9333.333333333332,17.6,4.6,554.1666666666667,4800.0
P8523,115.17,9333.333333333332,17.6,5.3,554.1666666666667,5200.0
P8524,130.38,9333.333333333332,17.6,6.0,554.1666666666667,5400.0
P8525,52.02,9333.333333333332,18.4,2.5,554.1666666666667,3800.0
P8526,66.59,9333.333333333332,18.4,3.2,554.1666666666667,4200.0
P8527,81.16,9333.333333333332,18.4,3.9,554.1666666666667,4400.0
P8528,95.73,9333.333333333332,18.4,4.6,554.1666666666667,4800.0
P8529,110.29,9333.333333333332,18.4,5.3,554.1666666666667,5200.0
P8530,124.86,9333.333333333332,18.4,6.0,554.1666666666667,5400.0
P8531,49.76,9333.333333333332,19.2,2.5,554.1666666666667,3800.0
P8532,63.7,9333.333333333332,19.2,3.2,554.1666666666667,4000.0
P8533,77.63,9333.333333333332,19.2,3.9,554.1666666666667,4400.0
P8534,91.56,9333.333333333332,19.2,4.6,554.1666666666667,4800.0
P8535,105.5,9333.333333333332,19.2,5.3,554.1666666666667,5000.0
P8536,119.43,9333.333333333332,19.2,6.0,554.1666666666667,5400.0
P8537,47.75,9333.333333333332,20.0,2.5,554.1666666666667,3800.0
P8538,61.12,9333.333333333332,20.0,3.2,554.1666666666667,4000.0
P8539,74.49,9333.333333333332,20.0,3.9,554.1666666666667,4400.0
P8540,87.86,9333.333333333332,20.0,4.6,554.1666666666667,4800.0
P8541,101.23,9333.333333333332,20.0,5.3,554.1666666666667,5000.0
P8542,114.61,9333.333333333332,20.0,6.0,554.1666666666667,5400.0
P8543,70.62,9333.333333333332,16.0,2.5,600.0,4600.0
P8544,90.4,9333.333333333332,16.0,3.2,600.0,4800.0
P8545,110.17,9333.333333333332,16.0,3.9,600.0,5200.0
P8546,129.95,9333.333333333332,16.0,4.6,600.0,5800.0
P8547,149.72,9333.333333333332,16.0,5.3,600.0,6200.0
P8548,169.5,9333.333333333332,16.0,6.0,600.0,6400.0
P8549,67.16,9333.333333333332,16.8,2.5,600.0,4400.0
P8550,85.97,9333.333333333332,16.8,3.2,600.0,4800.0
P8551,104.77,9333.333333333332,16.8,3.9,600.0,5200.0
P8552,123.58,9333.333333333332,16.8,4.6,600.0,5600.0
P8553,142.38,9333.333333333332,16.8,5.3,600.0,6000.0
P8554,161.19,9333.333333333332,16.8,6.0,600.0,6400.0
P8555,64.14,9333.333333333332,17.6,2.5,600.0,4400.0
P8556,82.1,9333.333333333332,17.6,3.2,600.0,4800.0
P8557,100.06,9333.333333333332,17.6,3.9,600.0,5200.0
P8558,118.02,9333.333333333332,17.6,4.6,600.0,5600.0
P8559,135.97,9333.333333333332,17.6,5.3,600.0,6000.0
P8560,153.93,9333.333333333332,17.6,6.0,600.0,6400.0
P8561,61.42,9333.333333333332,18.4,2.5,600.0,4400.0
P8562,78.62,9333.333333333332,18.4,3.2,600.0,4800.0
P8563,95.81,9333.333333333332,18.4,3.9,600.0,5000.0
P8564,113.01,9333.333333333332,18.4,4.6,600.0,5600.0
P8565,130.21,9333.333333333332,18.4,5.3,600.0,6000.0
P8566,147.4,9333.333333333332,18.4,6.0,600.0,6200.0
P8567,58.81,9333.333333333332,19.2,2.5,600.0,4600.0
P8568,75.28,9333.333333333332,19.2,3.2,600.0,5000.0
P8569,91.74,9333.333333333332,19.2,3.9,600.0,5200.0
P8570,108.21,9333.333333333332,19.2,4.6,600.0,5800.0
P8571,124.68,9333.333333333332,19.2,5.3,600.0,6000.0
P8572,141.15,9333.333333333332,19.2,6.0,600.0,6400.0
P8573,56.39,9333.333333333332,20.0,2.5,600.0,4600.0
P8574,72.18,9333.333333333332,20.0,3.2,600.0,5000.0
P8575,87.97,9333.333333333332,20.0,3.9,600.0,5200.0
P8576,103.76,9333.333333333332,20.0,4.6,600.0,5600.0
P8577,119.55,9333.333333333332,20.0,5.3,600.0,6000.0
P8578,135.34,9333.333333333332,20.0,6.0,600.0,6400.0
P8579,19.23,10000.0,16.0,2.5,325.0,1520.0
P8580,24.61,10000.0,16.0,3.2,325.0,1660.0
P8581,29.99,10000.0,16.0,3.9,325.0,1780.0
P8582,35.38,10000.0,16.0,4.6,325.0,1960.0
P8583,40.76,10000.0,16.0,5.3,325.0,2200.0
P8584,46.14,10000.0,16.0,6.0,325.0,2200.0
P8585,18.21,10000.0,16.8,2.5,325.0,1500.0
P8586,23.31,10000.0,16.8,3.2,325.0,1640.0
P8587,28.41,10000.0,16.8,3.9,325.0,1760.0
P8588,33.5,10000.0,16.8,4.6,325.0,1940.0
P8589,38.6,10000.0,16.8,5.3,325.0,2000.0
P8590,43.7,10000.0,16.8,6.0,325.0,2200.0
P8591,17.42,10000.0,17.6,2.5,325.0,1500.0
P8592,22.29,10000.0,17.6,3.2,325.0,1640.0
P8593,27.17,10000.0,17.6,3.9,325.0,1740.0
P8594,32.05,10000.0,17.6,4.6,325.0,1920.0
P8595,36.92,10000.0,17.6,5.3,325.0,2000.0
P8596,41.8,10000.0,17.6,6.0,325.0,2200.0
P8597,16.62,10000.0,18.4,2.5,325.0,1480.0
P8598,21.27,10000.0,18.4,3.2,325.0,1620.0
P8599,25.93,10000.0,18.4,3.9,325.0,1740.0
P8600,30.58,10000.0,18.4,4.6,325.0,1920.0
P8601,35.23,10000.0,18.4,5.3,325.0,2000.0
P8602,39.89,10000.0,18.4,6.0,325.0,2200.0
P8603,15.98,10000.0,19.2,2.5,325.0,1480.0
P8604,20.46,10000.0,19.2,3.2,325.0,1620.0
P8605,24.94,10000.0,19.2,3.9,325.0,1720.0
P8606,29.41,10000.0,19.2,4.6,325.0,1900.0
P8607,33.89,10000.0,19.2,5.3,325.0,2000.0
P8608,38.36,10000.0,19.2,6.0,325.0,2200.0
P8609,15.24,10000.0,20.0,2.5,325.0,1480.0
P8610,19.5,10000.0,20.0,3.2,325.0,1600.0
P8611,23.77,10000.0,20.0,3.9,325.0,1720.0
P8612,28.04,10000.0,20.0,4.6,325.0,1880.0
P8613,32.3,10000.0,20.0,5.3,325.0,2000.0
P8614,36.57,10000.0,20.0,6.0,325.0,2200.0
P8615,25.51,10000.0,16.0,2.5,370.8333333333333,1860.0
P8616,32.65,10000.0,16.0,3.2,370.8333333333333,2000.0
P8617,39.8,10000.0,16.0,3.9,370.8333333333333,2200.0
P8618,46.94,10000.0,16.0,4.6,370.8333333333333,2400.0
P8619,54.08,10000.0,16.0,5.3,370.8333333333333,2600.0
P8620,61.22,10000.0,16.0,6.0,370.8333333333333,2800.0
P8621,24.28,10000.0,16.8,2.5,370.8333333333333,1860.0
P8622,31.08,10000.0,16.8,3.2,370.8333333333333,2000.0
P8623,37.87,10000.0,16.8,3.9,370.8333333333333,2200.0
P8624,44.67,10000.0,16.8,4.6,370.8333333333333,2400.0
P8625,51.47,10000.0,16.8,5.3,370.8333333333333,2600.0
P8626,58.27,10000.0,16.8,6.0,370.8333333333333,2800.0
P8627,23.22,10000.0,17.6,2.5,370.8333333333333,1840.0
P8628,29.72,10000.0,17.6,3.2,370.8333333333333,2000.0
P8629,36.23,10000.0,17.6,3.9,370.8333333333333,2200.0
P8630,42.73,10000.0,17.6,4.6,370.8333333333333,2400.0
P8631,49.23,10000.0,17.6,5.3,370.8333333333333,2600.0
P8632,55.73,10000.0,17.6,6.0,370.8333333333333,2600.0
P8633,22.11,10000.0,18.4,2.5,370.8333333333333,1840.0
P8634,28.3,10000.0,18.4,3.2,370.8333333333333,1980.0
P8635,34.49,10000.0,18.4,3.9,370.8333333333333,2200.0
P8636,40.68,10000.0,18.4,4.6,370.8333333333333,2400.0
P8637,46.87,10000.0,18.4,5.3,370.8333333333333,2600.0
P8638,53.07,10000.0,18.4,6.0,370.8333333333333,2600.0
P8639,21.26,10000.0,19.2,2.5,370.8333333333333,1820.0
P8640,27.22,10000.0,19.2,3.2,370.8333333333333,1980.0
P8641,33.17,10000.0,19.2,3.9,370.8333333333333,2200.0
P8642,39.12,10000.0,19.2,4.6,370.8333333333333,2400.0
P8643,45.08,10000.0,19.2,5.3,370.8333333333333,2400.0
P8644,51.03,10000.0,19.2,6.0,370.8333333333333,2600.0
P8645,20.42,10000.0,20.0,2.5,370.8333333333333,1820.0
P8646,26.14,10000.0,20.0,3.2,370.8333333333333,1960.0
P8647,31.86,10000.0,20.0,3.9,370.8333333333333,2000.0
P8648,37.57,10000.0,20.0,4.6,370.8333333333333,2400.0
P8649,43.29,10000.0,20.0,5.3,370.8333333333333,2400.0
P8650,49.01,10000.0,20.0,6.0,370.8333333333333,2600.0
P8651,32.67,10000.0,16.0,2.5,416.6666666666667,2200.0
P8652,41.82,10000.0,16.0,3.2,416.6666666666667,2400.0
P8653,50.97,10000.0,16.0,3.9,416.6666666666667,2600.0
P8654,60.12,10000.0,16.0,4.6,416.6666666666667,3000.0
P8655,69.27,10000.0,16.0,5.3,416.6666666666667,3200.0
P8656,78.41,10000.0,16.0,6.0,416.6666666666667,3400.0
P8657,31.14,10000.0,16.8,2.5,416.6666666666667,2200.0
P8658,39.86,10000.0,16.8,3.2,416.6666666666667,2400.0
P8659,48.58,10000.0,16.8,3.9,416.6666666666667,2600.0
P8660,57.3,10000.0,16.8,4.6,416.6666666666667,3000.0
P8661,66.02,10000.0,16.8,5.3,416.6666666666667,3200.0
P8662,74.73,10000.0,16.8,6.0,416.6666666666667,3400.0
P8663,29.72,10000.0,17.6,2.5,416.6666666666667,2400.0
P8664,38.04,10000.0,17.6,3.2,416.6666666666667,2600.0
P8665,46.36,10000.0,17.6,3.9,416.6666666666667,2800.0
P8666,54.68,10000.0,17.6,4.6,416.6666666666667,3000.0
P8667,63.01,10000.0,17.6,5.3,416.6666666666667,3200.0
P8668,71.33,10000.0,17.6,6.0,416.6666666666667,3400.0
P8669,28.47,10000.0,18.4,2.5,416.6666666666667,2400.0
P8670,36.44,10000.0,18.4,3.2,416.6666666666667,2600.0
P8671,44.41,10000.0,18.4,3.9,416.6666666666667,2800.0
P8672,52.38,10000.0,18.4,4.6,416.6666666666667,3000.0
P8673,60.35,10000.0,18.4,5.3,416.6666666666667,3200.0
P8674,68.33,10000.0,18.4,6.0,416.6666666666667,3400.0
P8675,27.29,10000.0,19.2,2.5,416.6666666666667,2400.0
P8676,34.94,10000.0,19.2,3.2,416.6666666666667,2600.0
P8677,42.58,10000.0,19.2,3.9,416.6666666666667,2800.0
P8678,50.22,10000.0,19.2,4.6,416.6666666666667,3000.0
P8679,57.86,10000.0,19.2,5.3,416.6666666666667,3200.0
P8680,65.51,10000.0,19.2,6.0,416.6666666666667,3400.0
P8681,26.08,10000.0,20.0,2.5,416.6666666666667,2400.0
P8682,33.38,10000.0,20.0,3.2,416.6666666666667,2600.0
P8683,40.68,10000.0,20.0,3.9,416.6666666666667,2800.0
P8684,47.98,10000.0,20.0,4.6,416.6666666666667,3000.0
P8685,55.28,10000.0,20.0,5.3,416.6666666666667,3200.0
P8686,62.58,10000.0,20.0,6.0,416.6666666666667,3400.0
P8687,40.84,10000.0,16.0,2.5,462.5,2800.0
P8688,52.28,10000.0,16.0,3.2,462.5,3000.0
P8689,63.71,10000.0,16.0,3.9,462.5,3200.0
P8690,75.15,10000.0,16.0,4.6,462.5,3600.0
P8691,86.58,10000.0,16.0,5.3,462.5,3800.0
P8692,98.02,10000.0,16.0,6.0,462.5,4000.0
P8693,38.92,10000.0,16.8,2.5,462.5,2800.0
P8694,49.82,10000.0,16.8,3.2,462.5,3000.0
P8695,60.72,10000.0,16.8,3.9,462.5,3200.0
P8696,71.62,10000.0,16.8,4.6,462.5,3600.0
P8697,82.52,10000.0,16.8,5.3,462.5,3800.0
P8698,93.42,10000.0,16.8,6.0,462.5,4000.0
P8699,37.05,10000.0,17.6,2.5,462.5,2800.0
P8700,47.42,10000.0,17.6,3.2,462.5,3000.0
P8701,57.79,10000.0,17.6,3.9,462.5,3200.0
P8702,68.16,10000.0,17.6,4.6,462.5,3600.0
P8703,78.54,10000.0,17.6,5.3,462.5,3800.0
P8704,88.91,10000.0,17.6,6.0,462.5,4000.0
P8705,35.55,10000.0,18.4,2.5,462.5,2800.0
P8706,45.5,10000.0,18.4,3.2,462.5,3000.0
P8707,55.46,10000.0,18.4,3.9,462.5,3200.0
P8708,65.41,10000.0,18.4,4.6,462.5,3400.0
P8709,75.37,10000.0,18.4,5.3,462.5,3800.0
P8710,85.32,10000.0,18.4,6.0,462.5,4000.0
P8711,34.08,10000.0,19.2,2.5,462.5,2800.0
P8712,43.62,10000.0,19.2,3.2,462.5,3000.0
P8713,53.16,10000.0,19.2,3.9,462.5,3200.0
P8714,62.71,10000.0,19.2,4.6,462.5,3400.0
P8715,72.25,10000.0,19.2,5.3,462.5,3600.0
P8716,81.79,10000.0,19.2,6.0,462.5,3800.0
P8717,32.67,10000.0,20.0,2.5,462.5,2800.0
P8718,41.82,10000.0,20.0,3.2,462.5,3000.0
P8719,50.97,10000.0,20.0,3.9,462.5,3200.0
P8720,60.12,10000.0,20.0,4.6,462.5,3400.0
P8721,69.27,10000.0,20.0,5.3,462.5,3600.0
P8722,78.41,10000.0,20.0,6.0,462.5,3800.0
P8723,49.89,10000.0,16.0,2.5,508.3333333333334,3400.0
P8724,63.86,10000.0,16.0,3.2,508.3333333333334,3600.0
P8725,77.83,10000.0,16.0,3.9,508.3333333333334,3800.0
P8726,91.79,10000.0,16.0,4.6,508.3333333333334,4200.0
P8727,105.76,10000.0,16.0,5.3,508.3333333333334,4600.0
P8728,119.73,10000.0,16.0,6.0,508.3333333333334,4800.0
P8729,47.5,10000.0,16.8,2.5,508.3333333333334,3400.0
P8730,60.8,10000.0,16.8,3.2,508.3333333333334,3600.0
P8731,74.1,10000.0,16.8,3.9,508.3333333333334,3800.0
P8732,87.4,10000.0,16.8,4.6,508.3333333333334,4200.0
P8733,100.7,10000.0,16.8,5.3,508.3333333333334,4400.0
P8734,114.0,10000.0,16.8,6.0,508.3333333333334,4800.0
P8735,45.34,10000.0,17.6,2.5,508.3333333333334,3200.0
P8736,58.03,10000.0,17.6,3.2,508.3333333333334,3600.0
P8737,70.73,10000.0,17.6,3.9,508.3333333333334,3800.0
P8738,83.42,10000.0,17.6,4.6,508.3333333333334,4200.0
P8739,96.12,10000.0,17.6,5.3,508.3333333333334,4400.0
P8740,108.81,10000.0,17.6,6.0,508.3333333333334,4600.0
P8741,43.35,10000.0,18.4,2.5,508.3333333333334,3200.0
P8742,55.49,10000.0,18.4,3.2,508.3333333333334,3600.0
P8743,67.63,10000.0,18.4,3.9,508.3333333333334,3800.0
P8744,79.77,10000.0,18.4,4.6,508.3333333333334,4200.0
P8745,91.91,10000.0,18.4,5.3,508.3333333333334,4400.0
P8746,104.05,10000.0,18.4,6.0,508.3333333333334,4600.0
P8747,41.47,10000.0,19.2,2.5,508.3333333333334,3200.0
P8748,53.08,10000.0,19.2,3.2,508.3333333333334,3400.0
P8749,64.69,10000.0,19.2,3.9,508.3333333333334,3800.0
P8750,76.3,10000.0,19.2,4.6,508.3333333333334,4000.0
P8751,87.91,10000.0,19.2,5.3,508.3333333333334,4400.0
P8752,99.53,10000.0,19.2,6.0,508.3333333333334,4600.0
P8753,39.9,10000.0,20.0,2.5,508.3333333333334,3200.0
P8754,51.07,10000.0,20.0,3.2,508.3333333333334,3400.0
P8755,62.24,10000.0,20.0,3.9,508.3333333333334,3800.0
P8756,73.41,10000.0,20.0,4.6,508.3333333333334,4000.0
P8757,84.58,10000.0,20.0,5.3,508.3333333333334,4400.0
P8758,95.76,10000.0,20.0,6.0,508.3333333333334,4600.0
P8759,59.82,10000.0,16.0,2.5,554.1666666666667,4000.0
P8760,76.56,10000.0,16.0,3.2,554.1666666666667,4200.0
P8761,93.31,10000.0,16.0,3.9,554.1666666666667,4600.0
P8762,110.06,10000.0,16.0,4.6,554.1666666666667,5000.0
P8763,126.81,10000.0,16.0,5.3,554.1666666666667,5400.0
P8764,143.56,10000.0,16.0,6.0,554.1666666666667,5600.0
P8765,56.87,10000.0,16.8,2.5,554.1666666666667,4000.0
P8766,72.79,10000.0,16.8,3.2,554.1666666666667,4200.0
P8767,88.72,10000.0,16.8,3.9,554.1666666666667,4600.0
P8768,104.64,10000.0,16.8,4.6,554.1666666666667,5000.0
P8769,120.56,10000.0,16.8,5.3,554.1666666666667,5200.0
P8770,136.49,10000.0,16.8,6.0,554.1666666666667,5600.0
P8771,54.32,10000.0,17.6,2.5,554.1666666666667,3800.0
P8772,69.54,10000.0,17.6,3.2,554.1666666666667,4200.0
P8773,84.75,10000.0,17.6,3.9,554.1666666666667,4400.0
P8774,99.96,10000.0,17.6,4.6,554.1666666666667,4800.0
P8775,115.17,10000.0,17.6,5.3,554.1666666666667,5200.0
P8776,130.38,10000.0,17.6,6.0,554.1666666666667,5600.0
P8777,52.02,10000.0,18.4,2.5,554.1666666666667,3800.0
P8778,66.59,10000.0,18.4,3.2,554.1666666666667,4200.0
P8779,81.16,10000.0,18.4,3.9,554.1666666666667,4400.0
P8780,95.73,10000.0,18.4,4.6,554.1666666666667,4800.0
P8781,110.29,10000.0,18.4,5.3,554.1666666666667,5200.0
P8782,124.86,10000.0,18.4,6.0,554.1666666666667,5400.0
P8783,49.76,10000.0,19.2,2.5,554.1666666666667,3800.0
P8784,63.7,10000.0,19.2,3.2,554.1666666666667,4200.0
P8785,77.63,10000.0,19.2,3.9,554.1666666666667,4400.0
P8786,91.56,10000.0,19.2,4.6,554.1666666666667,4800.0
P8787,105.5,10000.0,19.2,5.3,554.1666666666667,5200.0
P8788,119.43,10000.0,19.2,6.0,554.1666666666667,5400.0
P8789,47.75,10000.0,20.0,2.5,554.1666666666667,3800.0
P8790,61.12,10000.0,20.0,3.2,554.1666666666667,4000.0
P8791,74.49,10000.0,20.0,3.9,554.1666666666667,4400.0
P8792,87.86,10000.0,20.0,4.6,554.1666666666667,4800.0
P8793,101.23,10000.0,20.0,5.3,554.1666666666667,5000.0
P8794,114.61,10000.0,20.0,6.0,554.1666666666667,5400.0
P8795,70.62,10000.0,16.0,2.5,600.0,4600.0
P8796,90.4,10000.0,16.0,3.2,600.0,5000.0
P8797,110.17,10000.0,16.0,3.9,600.0,5200.0
P8798,129.95,10000.0,16.0,4.6,600.0,5800.0
P8799,149.72,10000.0,16.0,5.3,600.0,6200.0
P8800,169.5,10000.0,16.0,6.0,600.0,6600.0
P8801,67.16,10000.0,16.8,2.5,600.0,4600.0
P8802,85.97,10000.0,16.8,3.2,600.0,4800.0
P8803,104.77,10000.0,16.8,3.9,600.0,5200.0
P8804,123.58,10000.0,16.8,4.6,600.0,5800.0
P8805,142.38,10000.0,16.8,5.3,600.0,6000.0
P8806,161.19,10000.0,16.8,6.0,600.0,6400.0
P8807,64.14,10000.0,17.6,2.5,600.0,4400.0
P8808,82.1,10000.0,17.6,3.2,600.0,4800.0
P8809,100.06,10000.0,17.6,3.9,600.0,5200.0
P8810,118.02,10000.0,17.6,4.6,600.0,5600.0
P8811,135.97,10000.0,17.6,5.3,600.0,6000.0
P8812,153.93,10000.0,17.6,6.0,600.0,6400.0
P8813,61.42,10000.0,18.4,2.5,600.0,4400.0
P8814,78.62,10000.0,18.4,3.2,600.0,4800.0
P8815,95.81,10000.0,18.4,3.9,600.0,5200.0
P8816,113.01,10000.0,18.4,4.6,600.0,5600.0
P8817,130.21,10000.0,18.4,5.3,600.0,6000.0
P8818,147.4,10000.0,18.4,6.0,600.0,6200.0
P8819,58.81,10000.0,19.2,2.5,600.0,4600.0
P8820,75.28,10000.0,19.2,3.2,600.0,5000.0
P8821,91.74,10000.0,19.2,3.9,600.0,5400.0
P8822,108.21,10000.0,19.2,4.6,600.0,5800.0
P8823,124.68,10000.0,19.2,5.3,600.0,6200.0
P8824,141.15,10000.0,19.2,6.0,600.0,6400.0
P8825,56.39,10000.0,20.0,2.5,600.0,4600.0
P8826,72.18,10000.0,20.0,3.2,600.0,5000.0
P8827,87.97,10000.0,20.0,3.9,600.0,5200.0
P8828,103.76,10000.0,20.0,4.6,600.0,5800.0
P8829,119.55,10000.0,20.0,5.3,600.0,6000.0
P8830,135.34,10000.0,20.0,6.0,600.0,6400.0
